(397, 'FC Midtjylland', 2021): 0.594	0.275	0.414	0.728	0.637	0.341	0.366	0.807	0.723	0.330	0.408	0.892	0.670	0.370	0.388	0.909	0.602	0.349	0.296	0.758	0.598	0.376	0.327	0.768	0.646	0.061	0.610	0.667	
(405, 'Odense', 2021): 0.578	0.232	0.387	0.736	0.582	0.318	0.361	0.744	0.672	0.359	0.419	0.916	0.647	0.404	0.293	0.935	0.555	0.372	0.176	0.799	0.568	0.304	0.313	0.714	0.631	0.055	0.606	0.653	
(395, 'Vejle', 2021): 0.536	0.293	0.337	0.686	0.578	0.299	0.362	0.707	0.646	0.351	0.373	0.878	0.629	0.396	0.206	0.874	0.547	0.405	0.207	0.798	0.566	0.319	0.315	0.675	0.662	0.073	0.624	0.688	
(401, 'Randers FC', 2021): 0.561	0.251	0.363	0.705	0.586	0.293	0.330	0.725	0.658	0.395	0.337	0.873	0.640	0.382	0.314	0.907	0.576	0.310	0.225	0.766	0.583	0.268	0.376	0.680	0.700	0.039	0.687	0.723	
(398, 'FC Nordsjaelland', 2021): 0.530	0.285	0.294	0.735	0.581	0.320	0.341	0.732	0.695	0.284	0.455	0.883	0.598	0.371	0.256	0.846	0.548	0.364	0.201	0.749	0.573	0.299	0.339	0.699	0.615	0.024	0.606	0.626	
(2070, 'Viborg', 2021): 0.557	0.256	0.338	0.698	0.580	0.241	0.412	0.713	0.613	0.376	0.347	0.864	0.640	0.388	0.265	0.877	0.552	0.337	0.247	0.743	0.600	0.171	0.451	0.676	0.637	0.053	0.612	0.659	
(400, 'FC Copenhagen', 2021): 0.625	0.275	0.382	0.769	0.643	0.288	0.425	0.780	0.702	0.276	0.465	0.892	0.675	0.361	0.333	0.892	0.603	0.385	0.215	0.785	0.602	0.389	0.301	0.737	0.698	0.096	0.649	0.737	
(402, 'Aalborg', 2021): 0.559	0.322	0.350	0.721	0.594	0.337	0.328	0.736	0.647	0.258	0.406	0.781	0.647	0.373	0.236	0.921	0.569	0.386	0.202	0.791	0.575	0.515	0.174	0.711	0.739	0.050	0.719	0.762	
(406, 'Aarhus', 2021): 0.571	0.336	0.327	0.754	0.601	0.329	0.323	0.744	0.681	0.331	0.386	0.887	0.634	0.471	0.234	0.906	0.579	0.432	0.230	0.857	0.630	0.191	0.472	0.724	0.744	0.049	0.724	0.772	
(407, 'Brondby', 2021): 0.561	0.288	0.339	0.722	0.596	0.347	0.301	0.734	0.686	0.343	0.446	0.907	0.656	0.352	0.312	0.862	0.577	0.391	0.187	0.808	0.628	0.213	0.504	0.768	0.668	0.055	0.643	0.697	
(2073, 'Silkeborg', 2021): 0.548	0.305	0.316	0.696	0.584	0.241	0.393	0.686	0.658	0.283	0.384	0.837	0.622	0.394	0.312	0.848	0.552	0.331	0.258	0.707	0.562	0.276	0.371	0.674	0.679	0.041	0.662	0.699	
(396, 'Sonderjyske', 2021): 0.554	0.289	0.325	0.710	0.582	0.283	0.356	0.706	0.655	0.284	0.445	0.874	0.636	0.382	0.328	0.865	0.559	0.334	0.263	0.803	0.573	0.265	0.359	0.684	0.683	0.000	0.683	0.683	
(3487, 'Nieciecza', 2021): 0.544	0.291	0.301	0.675	0.556	0.294	0.337	0.663	0.672	0.267	0.479	0.840	0.615	0.399	0.302	0.828	0.550	0.311	0.272	0.775	0.522	0.406	0.221	0.665	0.622	0.084	0.593	0.667	
(3493, 'Stal Mielec', 2021): 0.545	0.290	0.317	0.681	0.555	0.250	0.317	0.660	0.652	0.400	0.305	0.892	0.605	0.461	0.214	0.913	0.538	0.387	0.207	0.775	0.536	0.439	0.191	0.681	0.632	0.085	0.591	0.666	
(174, 'FC Schalke 04', 2021): 0.619	0.349	0.365	0.817	0.618	0.355	0.328	0.780	0.680	0.265	0.476	0.835	0.672	0.402	0.274	0.906	0.610	0.392	0.225	0.840	0.634	0.330	0.366	0.790	0.702	0.137	0.616	0.737	
(175, 'Hamburger SV', 2021): 0.591	0.356	0.318	0.754	0.595	0.427	0.283	0.766	0.684	0.318	0.414	0.894	0.658	0.401	0.284	0.858	0.578	0.425	0.212	0.778	0.614	0.490	0.221	0.790	0.708	0.085	0.674	0.752	
(347, 'Lech Poznan', 2021): 0.610	0.241	0.458	0.741	0.615	0.329	0.327	0.740	0.689	0.401	0.342	0.927	0.652	0.397	0.271	0.884	0.585	0.379	0.241	0.822	0.582	0.472	0.231	0.739	0.672	0.064	0.645	0.705	
(4248, 'Radomiak Radom', 2021): 0.558	0.323	0.298	0.702	0.592	0.277	0.370	0.728	0.662	0.304	0.460	0.889	0.613	0.427	0.223	0.896	0.533	0.415	0.224	0.749	0.533	0.464	0.242	0.724	0.616	0.002	0.615	0.617	
(637, 'Sturm Graz', 2021): 0.591	0.331	0.349	0.736	0.603	0.359	0.300	0.741	0.686	0.334	0.353	0.908	0.654	0.376	0.333	0.884	0.588	0.377	0.211	0.766	0.606	0.430	0.229	0.757	0.723	0.083	0.687	0.758	
(571, 'Red Bull Salzburg', 2021): 0.611	0.308	0.333	0.771	0.654	0.304	0.350	0.788	0.737	0.291	0.436	0.926	0.699	0.327	0.334	0.923	0.621	0.380	0.212	0.809	0.650	0.331	0.361	0.773	0.677	0.084	0.643	0.713	
(733, 'Standard Liege', 2021): 0.650	0.241	0.432	0.761	0.659	0.323	0.382	0.785	0.687	0.312	0.374	0.848	0.673	0.396	0.227	0.876	0.600	0.441	0.165	0.806	0.615	0.298	0.395	0.756	0.713	0.070	0.674	0.743	
(742, 'Genk', 2021): 0.654	0.355	0.368	0.836	0.671	0.361	0.314	0.814	0.722	0.317	0.360	0.921	0.677	0.432	0.250	0.925	0.631	0.442	0.247	0.850	0.668	0.332	0.381	0.786	0.693	0.116	0.640	0.738	
(180, '1. FC Heidenheim', 2021): 0.612	0.309	0.354	0.760	0.605	0.311	0.346	0.736	0.659	0.340	0.347	0.858	0.678	0.396	0.256	0.909	0.575	0.389	0.257	0.794	0.627	0.430	0.248	0.764	0.708	0.099	0.654	0.748	
(185, 'SC Paderborn 07', 2021): 0.572	0.341	0.347	0.745	0.607	0.355	0.345	0.759	0.681	0.331	0.364	0.894	0.634	0.415	0.295	0.881	0.574	0.389	0.245	0.782	0.587	0.408	0.307	0.744	0.712	0.101	0.667	0.754	
(181, 'SV Darmstadt 98', 2021): 0.576	0.423	0.245	0.808	0.570	0.416	0.258	0.816	0.633	0.430	0.333	0.894	0.652	0.458	0.228	0.918	0.567	0.429	0.218	0.924	0.596	0.392	0.321	0.747	0.708	0.079	0.676	0.746	
(177, 'SSV Jahn Regensburg', 2021): 0.565	0.338	0.290	0.702	0.568	0.367	0.262	0.720	0.679	0.246	0.471	0.829	0.629	0.395	0.249	0.852	0.558	0.366	0.228	0.755	0.596	0.328	0.338	0.721	0.697	0.040	0.677	0.715	
(183, 'Dynamo Dresden', 2021): 0.574	0.356	0.265	0.723	0.575	0.370	0.250	0.723	0.661	0.340	0.365	0.908	0.633	0.431	0.253	0.842	0.558	0.434	0.183	0.794	0.591	0.423	0.214	0.724	0.655	0.257	0.491	0.730	
(184, 'FC Ingolstadt 04', 2021): 0.564	0.379	0.283	0.744	0.543	0.391	0.282	0.758	0.655	0.275	0.409	0.871	0.631	0.449	0.300	0.897	0.533	0.405	0.186	0.779	0.531	0.491	0.186	0.698	0.635	0.059	0.609	0.663	
(1321, 'Hansa Rostock', 2021): 0.585	0.348	0.323	0.769	0.605	0.297	0.366	0.747	0.655	0.336	0.370	0.897	0.656	0.445	0.287	0.908	0.576	0.392	0.218	0.787	0.596	0.361	0.280	0.713	0.691	0.131	0.619	0.747	
(785, 'Karlsruher SC', 2021): 0.586	0.400	0.276	0.797	0.599	0.427	0.279	0.785	0.658	0.392	0.344	0.882	0.654	0.426	0.247	0.928	0.579	0.403	0.226	0.794	0.608	0.337	0.328	0.733	0.687	0.136	0.605	0.732	
(1305, 'Bastia', 2021): 0.570	0.276	0.341	0.713	0.594	0.283	0.384	0.715	0.654	0.300	0.389	0.881	0.601	0.440	0.278	0.876	0.555	0.344	0.161	0.730	0.567	0.294	0.315	0.689	0.640	0.065	0.608	0.670	
(92, 'Nimes', 2021): 0.593	0.335	0.319	0.776	0.638	0.345	0.351	0.782	0.715	0.294	0.478	0.907	0.624	0.363	0.242	0.822	0.574	0.379	0.270	0.764	0.587	0.406	0.307	0.752	0.676	0.067	0.644	0.710	
(6941, 'Górnik Łęczna', 2021): 0.548	0.275	0.320	0.658	0.573	0.251	0.313	0.670	0.681	0.382	0.392	0.913	0.609	0.417	0.220	0.873	0.533	0.369	0.173	0.761	0.489	0.440	0.186	0.650	0.631	0.119	0.571	0.681	
(350, 'Cracovia Krakow', 2021): 0.571	0.292	0.353	0.719	0.586	0.309	0.330	0.734	0.657	0.339	0.375	0.886	0.615	0.431	0.242	0.828	0.565	0.352	0.243	0.736	0.560	0.354	0.282	0.684	0.642	0.048	0.618	0.662	
(260, 'OH Leuven', 2021): 0.606	0.411	0.266	0.806	0.647	0.345	0.375	0.825	0.658	0.368	0.351	0.893	0.647	0.421	0.218	0.898	0.603	0.407	0.226	0.840	0.595	0.374	0.244	0.734	0.688	0.088	0.643	0.725	
(600, 'Zulte Waregem', 2021): 0.629	0.321	0.385	0.784	0.609	0.339	0.358	0.752	0.612	0.377	0.320	0.857	0.662	0.406	0.275	0.908	0.612	0.423	0.268	0.845	0.586	0.395	0.304	0.750	0.688	0.101	0.630	0.728	
(618, 'SCR Altach', 2021): 0.535	0.364	0.248	0.751	0.545	0.341	0.263	0.718	0.622	0.393	0.352	0.895	0.608	0.413	0.227	0.900	0.541	0.390	0.155	0.733	0.557	0.375	0.231	0.674	0.645	0.089	0.598	0.682	
(1026, 'Lask Linz', 2021): 0.606	0.302	0.343	0.778	0.623	0.334	0.353	0.787	0.699	0.330	0.404	0.945	0.660	0.370	0.248	0.892	0.590	0.380	0.242	0.795	0.588	0.374	0.278	0.732	0.724	0.111	0.667	0.772	
(781, 'Rapid Vienna', 2021): 0.596	0.332	0.315	0.771	0.613	0.339	0.278	0.755	0.689	0.305	0.398	0.898	0.652	0.414	0.239	0.902	0.582	0.411	0.188	0.752	0.542	0.510	0.201	0.747	0.621	0.073	0.588	0.652	
(1072, 'TSV Hartberg', 2021): 0.570	0.318	0.276	0.739	0.602	0.284	0.336	0.715	0.679	0.318	0.450	0.916	0.632	0.402	0.286	0.851	0.557	0.384	0.185	0.730	0.566	0.458	0.218	0.687	0.610	0.014	0.604	0.616	
(1398, 'WSG Wattens', 2021): 0.553	0.282	0.346	0.723	0.581	0.304	0.340	0.722	0.683	0.285	0.446	0.859	0.615	0.412	0.256	0.856	0.550	0.369	0.203	0.721	0.562	0.357	0.278	0.691	0.650	0.079	0.613	0.685	
(1023, 'Admira Wacker', 2021): 0.552	0.326	0.307	0.693	0.551	0.311	0.294	0.700	0.654	0.209	0.452	0.785	0.628	0.354	0.196	0.825	0.539	0.413	0.167	0.746	0.550	0.472	0.205	0.700	0.663	0.084	0.614	0.687	
(336, 'Jagiellonia', 2021): 0.558	0.347	0.275	0.747	0.573	0.323	0.321	0.709	0.678	0.314	0.427	0.864	0.648	0.413	0.264	0.908	0.558	0.433	0.168	0.833	0.528	0.547	0.147	0.728	0.647	0.066	0.613	0.673	
(343, 'Lechia Gdansk', 2021): 0.570	0.299	0.313	0.722	0.589	0.301	0.327	0.727	0.673	0.331	0.345	0.837	0.633	0.387	0.276	0.925	0.569	0.368	0.185	0.770	0.531	0.452	0.180	0.684	0.679	0.129	0.619	0.729	
(644, 'FC Luzern', 2021): 0.614	0.291	0.376	0.765	0.641	0.237	0.394	0.763	0.655	0.363	0.339	0.885	0.670	0.343	0.327	0.892	0.588	0.372	0.229	0.769	0.603	0.374	0.274	0.733	0.707	0.076	0.671	0.736	
(565, 'BSC Young Boys', 2021): 0.613	0.347	0.318	0.785	0.620	0.351	0.336	0.777	0.683	0.330	0.410	0.922	0.666	0.439	0.219	0.896	0.579	0.382	0.260	0.785	0.575	0.520	0.240	0.765	0.709	0.056	0.683	0.733	
(734, 'Kortrijk', 2021): 0.588	0.339	0.292	0.770	0.601	0.351	0.269	0.746	0.660	0.380	0.340	0.925	0.659	0.402	0.295	0.907	0.592	0.413	0.203	0.776	0.604	0.457	0.244	0.775	0.656	0.133	0.597	0.715	
(10244, 'Seraing United', 2021): 0.555	0.375	0.254	0.742	0.613	0.297	0.328	0.750	0.695	0.298	0.491	0.902	0.620	0.418	0.203	0.831	0.552	0.439	0.195	0.774	0.545	0.501	0.211	0.708	0.647	0.092	0.617	0.691	
(87, 'Amiens', 2021): 0.567	0.395	0.274	0.739	0.596	0.362	0.329	0.771	0.640	0.403	0.339	0.885	0.631	0.446	0.218	0.897	0.545	0.424	0.152	0.796	0.577	0.341	0.326	0.718	0.718	0.049	0.698	0.739	
(108, 'Auxerre', 2021): 0.608	0.382	0.317	0.788	0.661	0.261	0.459	0.795	0.656	0.382	0.303	0.910	0.652	0.431	0.245	0.926	0.593	0.364	0.250	0.788	0.556	0.499	0.155	0.730	0.674	0.070	0.646	0.717	
(88, 'Caen', 2021): 0.573	0.392	0.278	0.759	0.592	0.352	0.329	0.748	0.662	0.282	0.395	0.845	0.643	0.466	0.263	0.905	0.574	0.350	0.241	0.754	0.596	0.277	0.362	0.701	0.679	0.059	0.652	0.707	
(1301, 'Rodez', 2021): 0.583	0.290	0.346	0.726	0.575	0.383	0.286	0.740	0.634	0.332	0.364	0.848	0.604	0.454	0.191	0.871	0.536	0.411	0.166	0.711	0.595	0.287	0.346	0.703	0.668	0.058	0.645	0.696	
(96, 'Toulouse', 2021): 0.591	0.335	0.350	0.759	0.629	0.339	0.387	0.783	0.677	0.284	0.463	0.880	0.656	0.382	0.266	0.880	0.567	0.417	0.155	0.769	0.602	0.294	0.353	0.712	0.706	0.135	0.633	0.758	
(98, 'Ajaccio', 2021): 0.606	0.252	0.392	0.737	0.618	0.267	0.383	0.745	0.677	0.302	0.412	0.867	0.650	0.430	0.245	0.911	0.556	0.404	0.148	0.758	0.576	0.422	0.220	0.701	0.695	0.022	0.687	0.704	
(101, 'Grenoble', 2021): 0.573	0.318	0.330	0.734	0.606	0.316	0.355	0.737	0.695	0.328	0.423	0.906	0.645	0.417	0.310	0.910	0.561	0.349	0.228	0.774	0.549	0.431	0.239	0.729	0.682	0.076	0.635	0.709	
(114, 'Paris FC', 2021): 0.569	0.288	0.340	0.720	0.590	0.299	0.364	0.719	0.662	0.326	0.397	0.873	0.617	0.382	0.323	0.864	0.567	0.395	0.170	0.736	0.575	0.363	0.289	0.698	0.692	0.056	0.669	0.722	
(105, 'Valenciennes', 2021): 0.557	0.358	0.310	0.782	0.579	0.348	0.330	0.735	0.667	0.301	0.404	0.850	0.625	0.450	0.203	0.875	0.561	0.397	0.205	0.805	0.609	0.328	0.300	0.755	0.638	0.048	0.614	0.660	
(113, 'Niort', 2021): 0.585	0.269	0.376	0.721	0.612	0.302	0.350	0.768	0.651	0.410	0.356	0.929	0.606	0.410	0.325	0.892	0.534	0.413	0.157	0.735	0.515	0.512	0.120	0.691	0.670	0.066	0.636	0.699	
(111, 'LE Havre', 2021): 0.583	0.318	0.295	0.724	0.608	0.331	0.339	0.762	0.663	0.298	0.413	0.884	0.631	0.403	0.268	0.905	0.560	0.381	0.166	0.729	0.564	0.384	0.248	0.703	0.631	0.069	0.601	0.666	
(90, 'Guingamp', 2021): 0.553	0.335	0.309	0.731	0.602	0.359	0.320	0.748	0.663	0.361	0.385	0.892	0.616	0.438	0.229	0.907	0.563	0.385	0.208	0.763	0.602	0.281	0.344	0.708	0.628	0.092	0.588	0.667	
(1297, 'PAU', 2021): 0.577	0.297	0.311	0.718	0.588	0.338	0.329	0.746	0.659	0.299	0.415	0.887	0.649	0.356	0.287	0.911	0.561	0.368	0.206	0.783	0.524	0.464	0.183	0.694	0.655	0.076	0.614	0.685	
(102, 'Nancy', 2021): 0.563	0.299	0.320	0.738	0.585	0.300	0.361	0.742	0.676	0.304	0.392	0.863	0.612	0.419	0.233	0.837	0.553	0.379	0.173	0.802	0.552	0.431	0.185	0.689	0.644	0.060	0.615	0.672	
(1304, 'Dunkerque', 2021): 0.554	0.307	0.335	0.730	0.551	0.330	0.299	0.688	0.619	0.330	0.373	0.844	0.594	0.491	0.203	0.904	0.524	0.405	0.159	0.768	0.549	0.410	0.263	0.707	0.661	0.066	0.635	0.687	
(431, 'Quevilly', 2021): 0.527	0.358	0.298	0.687	0.554	0.339	0.318	0.721	0.629	0.357	0.332	0.879	0.579	0.430	0.280	0.865	0.516	0.392	0.160	0.779	0.537	0.556	0.145	0.697	0.653	0.063	0.619	0.674	
(339, 'Legia Warszawa', 2021): 0.581	0.328	0.286	0.771	0.564	0.374	0.271	0.739	0.671	0.325	0.381	0.884	0.634	0.434	0.204	0.917	0.563	0.428	0.175	0.792	0.555	0.479	0.196	0.700	0.653	0.089	0.612	0.691	
(341, 'Wisla Plock', 2021): 0.568	0.284	0.339	0.719	0.572	0.339	0.276	0.707	0.675	0.231	0.504	0.884	0.639	0.352	0.340	0.863	0.558	0.364	0.182	0.802	0.513	0.449	0.217	0.663	0.651	0.040	0.632	0.670	
(162, 'Werder Bremen', 2021): 0.614	0.411	0.287	0.801	0.631	0.414	0.277	0.819	0.683	0.275	0.490	0.888	0.669	0.383	0.275	0.850	0.615	0.399	0.252	0.807	0.670	0.331	0.384	0.817	0.728	0.203	0.620	0.810	
(166, 'Hannover 96', 2021): 0.611	0.323	0.355	0.816	0.629	0.366	0.352	0.815	0.695	0.354	0.376	0.922	0.662	0.387	0.316	0.913	0.573	0.433	0.193	0.782	0.541	0.536	0.195	0.723	0.704	0.051	0.684	0.728	
(1014, 'Lausanne', 2021): 0.568	0.305	0.321	0.751	0.604	0.264	0.406	0.747	0.641	0.288	0.426	0.852	0.622	0.425	0.243	0.896	0.545	0.399	0.180	0.756	0.538	0.394	0.245	0.712	0.675	0.056	0.654	0.704	
(1011, 'FC ST. Gallen', 2021): 0.562	0.328	0.305	0.758	0.574	0.371	0.318	0.769	0.669	0.314	0.408	0.898	0.617	0.444	0.249	0.908	0.542	0.392	0.178	0.769	0.518	0.432	0.200	0.699	0.679	0.115	0.638	0.727	
(624, 'Oostende', 2021): 0.590	0.336	0.305	0.761	0.614	0.337	0.328	0.748	0.668	0.387	0.333	0.898	0.628	0.457	0.217	0.914	0.567	0.425	0.210	0.810	0.584	0.394	0.241	0.730	0.677	0.073	0.647	0.709	
(736, 'Charleroi', 2021): 0.630	0.275	0.375	0.766	0.660	0.291	0.415	0.785	0.666	0.314	0.415	0.873	0.680	0.398	0.273	0.862	0.598	0.460	0.198	0.813	0.619	0.359	0.320	0.743	0.721	0.091	0.683	0.760	
(266, 'KV Mechelen', 2021): 0.600	0.391	0.232	0.759	0.628	0.267	0.416	0.746	0.671	0.286	0.407	0.889	0.643	0.415	0.257	0.820	0.592	0.453	0.161	0.801	0.592	0.348	0.262	0.712	0.694	0.006	0.692	0.697	
(740, 'Antwerp', 2021): 0.638	0.340	0.389	0.851	0.640	0.380	0.263	0.787	0.698	0.377	0.367	0.916	0.699	0.411	0.346	0.939	0.631	0.482	0.233	0.871	0.641	0.499	0.241	0.824	0.735	0.041	0.713	0.753	
(171, '1. FC Nürnberg', 2021): 0.584	0.375	0.208	0.797	0.631	0.357	0.370	0.870	0.693	0.325	0.403	0.911	0.640	0.390	0.244	0.897	0.583	0.384	0.246	0.761	0.595	0.448	0.254	0.766	0.707	0.146	0.631	0.764	
(190, 'Erzgebirge Aue', 2021): 0.553	0.340	0.227	0.716	0.583	0.351	0.310	0.748	0.683	0.264	0.481	0.854	0.612	0.442	0.255	0.909	0.550	0.397	0.183	0.820	0.534	0.435	0.215	0.718	0.703	0.154	0.606	0.748	
(186, 'FC St. Pauli', 2021): 0.612	0.312	0.372	0.779	0.599	0.376	0.279	0.786	0.679	0.323	0.441	0.886	0.660	0.425	0.230	0.937	0.581	0.393	0.225	0.848	0.557	0.515	0.173	0.713	0.670	0.078	0.639	0.702	
(191, 'Holstein Kiel', 2021): 0.615	0.314	0.349	0.756	0.639	0.327	0.357	0.792	0.673	0.315	0.423	0.868	0.641	0.397	0.296	0.868	0.586	0.397	0.179	0.837	0.587	0.377	0.259	0.731	0.688	0.148	0.617	0.744	
(189, 'SV Sandhausen', 2021): 0.595	0.323	0.348	0.773	0.609	0.332	0.305	0.771	0.650	0.389	0.340	0.862	0.630	0.475	0.244	0.889	0.572	0.410	0.233	0.781	0.602	0.346	0.312	0.736	0.669	0.098	0.618	0.712	
(158, 'Fortuna Düsseldorf', 2021): 0.621	0.298	0.360	0.780	0.639	0.270	0.411	0.763	0.675	0.325	0.376	0.899	0.682	0.332	0.311	0.845	0.601	0.380	0.256	0.793	0.605	0.450	0.239	0.748	0.697	0.066	0.670	0.724	
(606, 'FC Lugano', 2021): 0.569	0.328	0.328	0.737	0.585	0.395	0.250	0.735	0.673	0.380	0.384	0.902	0.661	0.340	0.316	0.893	0.596	0.341	0.247	0.775	0.613	0.279	0.384	0.723	0.582	0.133	0.525	0.650	
(783, 'FC Zurich', 2021): 0.569	0.348	0.289	0.753	0.594	0.361	0.286	0.765	0.670	0.374	0.366	0.927	0.624	0.465	0.216	0.899	0.555	0.411	0.166	0.790	0.568	0.358	0.280	0.712	0.690	0.098	0.650	0.739	
(349, 'Piast Gliwice', 2021): 0.575	0.352	0.273	0.742	0.594	0.390	0.273	0.809	0.665	0.284	0.394	0.835	0.627	0.463	0.215	0.873	0.549	0.424	0.180	0.774	0.561	0.423	0.227	0.704	0.687	0.052	0.660	0.710	
(3491, 'Raków Częstochowa', 2021): 0.588	0.273	0.332	0.720	0.612	0.311	0.314	0.761	0.714	0.341	0.496	0.936	0.663	0.394	0.280	0.935	0.574	0.376	0.216	0.758	0.541	0.388	0.239	0.690	0.684	0.096	0.638	0.718	
(569, 'Club Brugge KV', 2021): 0.694	0.348	0.385	0.864	0.696	0.362	0.332	0.839	0.696	0.347	0.372	0.889	0.703	0.408	0.261	0.939	0.662	0.428	0.278	0.880	0.648	0.383	0.363	0.820	0.796	0.104	0.744	0.839	
(739, 'AS Eupen', 2021): 0.574	0.438	0.271	0.808	0.604	0.369	0.316	0.806	0.658	0.247	0.511	0.851	0.648	0.406	0.206	0.834	0.593	0.436	0.180	0.815	0.623	0.242	0.426	0.726	0.648	0.149	0.584	0.714	
(630, 'FC Sion', 2021): 0.597	0.338	0.329	0.776	0.597	0.354	0.304	0.754	0.637	0.286	0.415	0.830	0.644	0.427	0.242	0.902	0.581	0.355	0.237	0.777	0.601	0.328	0.290	0.703	0.663	0.077	0.626	0.697	
(2184, 'Servette FC', 2021): 0.610	0.319	0.368	0.778	0.628	0.320	0.356	0.762	0.664	0.362	0.349	0.903	0.654	0.437	0.203	0.891	0.575	0.410	0.212	0.773	0.581	0.426	0.209	0.744	0.679	0.039	0.662	0.697	
(1013, 'Grasshoppers', 2021): 0.560	0.320	0.317	0.718	0.599	0.297	0.332	0.715	0.661	0.288	0.423	0.859	0.627	0.408	0.247	0.830	0.552	0.385	0.182	0.816	0.580	0.340	0.303	0.723	0.667	0.049	0.636	0.683	
(551, 'FC Basel 1893', 2021): 0.641	0.296	0.374	0.784	0.649	0.326	0.337	0.768	0.695	0.250	0.464	0.852	0.668	0.339	0.283	0.883	0.603	0.415	0.186	0.857	0.566	0.529	0.187	0.740	0.739	0.128	0.670	0.788	
(1028, 'Ried', 2021): 0.561	0.276	0.346	0.717	0.596	0.289	0.326	0.740	0.636	0.392	0.269	0.838	0.621	0.395	0.271	0.918	0.547	0.387	0.215	0.769	0.532	0.393	0.227	0.681	0.655	0.117	0.596	0.702	
(601, 'Austria Vienna', 2021): 0.568	0.352	0.291	0.791	0.614	0.305	0.339	0.771	0.662	0.337	0.372	0.860	0.632	0.364	0.282	0.890	0.553	0.390	0.192	0.743	0.553	0.464	0.212	0.722	0.718	0.072	0.683	0.747	
(1405, 'Austria Klagenfurt', 2021): 0.552	0.303	0.316	0.693	0.580	0.280	0.286	0.687	0.633	0.333	0.370	0.874	0.621	0.414	0.274	0.867	0.545	0.337	0.257	0.757	0.542	0.384	0.198	0.669	0.654	0.074	0.615	0.684	
(1025, 'Wolfsberger AC', 2021): 0.596	0.361	0.307	0.803	0.614	0.376	0.308	0.811	0.657	0.337	0.340	0.912	0.645	0.355	0.251	0.866	0.576	0.418	0.139	0.806	0.587	0.328	0.313	0.721	0.669	0.073	0.629	0.701	
(337, 'Slask Wroclaw', 2021): 0.565	0.323	0.287	0.698	0.594	0.289	0.289	0.712	0.670	0.265	0.463	0.854	0.633	0.407	0.265	0.900	0.554	0.378	0.196	0.739	0.569	0.338	0.280	0.686	0.663	0.081	0.632	0.709	
(3496, 'Warta Poznań', 2021): 0.549	0.312	0.298	0.689	0.550	0.317	0.297	0.707	0.654	0.303	0.400	0.847	0.629	0.383	0.275	0.873	0.542	0.377	0.211	0.786	0.554	0.346	0.265	0.687	0.618	0.079	0.581	0.654	
(554, 'Anderlecht', 2021): 0.629	0.358	0.318	0.788	0.686	0.306	0.345	0.818	0.713	0.330	0.353	0.919	0.672	0.361	0.300	0.909	0.618	0.437	0.161	0.807	0.572	0.565	0.129	0.779	0.767	0.064	0.733	0.796	
(1393, 'Union St. Gilloise', 2021): 0.630	0.310	0.353	0.782	0.653	0.275	0.395	0.768	0.674	0.319	0.408	0.872	0.662	0.436	0.216	0.880	0.601	0.458	0.184	0.799	0.621	0.302	0.331	0.720	0.703	0.090	0.656	0.739	
(348, 'Pogon Szczecin', 2021): 0.599	0.256	0.388	0.720	0.619	0.269	0.362	0.742	0.696	0.340	0.387	0.933	0.615	0.481	0.240	0.861	0.568	0.406	0.196	0.864	0.560	0.403	0.231	0.738	0.720	0.110	0.658	0.764	
(340, 'Gornik Zabrze', 2021): 0.594	0.336	0.321	0.810	0.609	0.348	0.308	0.753	0.655	0.295	0.431	0.917	0.638	0.438	0.246	0.909	0.561	0.393	0.176	0.803	0.545	0.379	0.293	0.701	0.626	0.073	0.595	0.667	
(735, 'St. Truiden', 2021): 0.593	0.339	0.269	0.753	0.598	0.387	0.252	0.742	0.629	0.322	0.344	0.843	0.648	0.402	0.277	0.897	0.588	0.419	0.183	0.826	0.600	0.365	0.284	0.740	0.692	0.061	0.666	0.717	
(631, 'Gent', 2021): 0.668	0.263	0.407	0.795	0.674	0.320	0.344	0.807	0.660	0.332	0.336	0.846	0.679	0.387	0.306	0.928	0.635	0.401	0.207	0.824	0.666	0.223	0.450	0.752	0.722	0.064	0.685	0.747	
(338, 'Wisla Krakow', 2021): 0.566	0.291	0.344	0.726	0.589	0.302	0.343	0.734	0.685	0.283	0.510	0.887	0.625	0.406	0.251	0.858	0.552	0.363	0.209	0.763	0.527	0.458	0.164	0.691	0.638	0.106	0.591	0.687	
(345, 'Zaglebie Lubin', 2021): 0.547	0.347	0.313	0.721	0.572	0.314	0.354	0.716	0.658	0.344	0.376	0.871	0.600	0.452	0.247	0.861	0.528	0.396	0.141	0.744	0.534	0.377	0.278	0.671	0.638	0.051	0.614	0.662	
(89, 'Dijon', 2021): 0.589	0.325	0.335	0.735	0.606	0.298	0.344	0.744	0.644	0.418	0.324	0.852	0.634	0.401	0.255	0.877	0.584	0.363	0.232	0.801	0.590	0.383	0.345	0.755	0.727	0.050	0.703	0.752	
(115, 'Sochaux', 2021): 0.595	0.254	0.390	0.752	0.603	0.367	0.321	0.779	0.700	0.343	0.480	0.932	0.620	0.392	0.244	0.862	0.537	0.421	0.157	0.776	0.490	0.523	0.148	0.699	0.675	0.035	0.659	0.688	
(263, 'Beerschot Wilrijk', 2021): 0.586	0.438	0.250	0.807	0.607	0.412	0.258	0.839	0.650	0.303	0.392	0.821	0.628	0.447	0.250	0.859	0.572	0.477	0.159	0.822	0.603	0.334	0.337	0.729	0.688	0.103	0.650	0.745	
(741, 'Cercle Brugge', 2021): 0.591	0.337	0.311	0.746	0.637	0.318	0.373	0.771	0.685	0.356	0.452	0.931	0.635	0.378	0.246	0.838	0.573	0.383	0.264	0.777	0.566	0.365	0.320	0.691	0.708	0.084	0.669	0.738	
(257, 'Rangers', 2021): 0.656	0.277	0.439	0.811	0.695	0.279	0.464	0.827	0.728	0.317	0.446	0.905	0.708	0.343	0.337	0.889	0.674	0.371	0.265	0.878	0.691	0.243	0.499	0.763	0.733	0.070	0.693	0.756	
(255, 'Livingston', 2021): 0.563	0.268	0.360	0.706	0.590	0.287	0.351	0.715	0.708	0.297	0.509	0.915	0.622	0.413	0.263	0.879	0.558	0.341	0.194	0.831	0.602	0.150	0.481	0.667	0.644	0.044	0.627	0.665	
(253, 'Dundee', 2021): 0.569	0.297	0.355	0.729	0.586	0.321	0.348	0.750	0.677	0.381	0.381	0.915	0.610	0.475	0.239	0.865	0.556	0.373	0.200	0.818	0.555	0.393	0.229	0.673	0.591	0.013	0.586	0.596	
(251, 'ST Mirren', 2021): 0.567	0.250	0.375	0.699	0.600	0.255	0.413	0.716	0.676	0.303	0.429	0.877	0.636	0.467	0.257	0.894	0.562	0.381	0.194	0.828	0.602	0.186	0.457	0.678	0.656	0.034	0.639	0.673	
(902, 'Ross County', 2021): 0.546	0.283	0.346	0.672	0.563	0.276	0.364	0.672	0.631	0.289	0.379	0.823	0.612	0.411	0.305	0.827	0.546	0.329	0.232	0.795	0.582	0.242	0.358	0.652	0.585	0.060	0.553	0.608	
(258, 'ST Johnstone', 2021): 0.572	0.263	0.327	0.695	0.612	0.225	0.400	0.703	0.653	0.279	0.465	0.867	0.646	0.454	0.258	0.899	0.540	0.462	0.135	0.850	0.614	0.179	0.458	0.703	0.682	0.074	0.642	0.711	
(254, 'Heart Of Midlothian', 2021): 0.568	0.308	0.332	0.717	0.606	0.243	0.390	0.704	0.705	0.289	0.540	0.923	0.636	0.404	0.305	0.907	0.586	0.350	0.250	0.819	0.616	0.314	0.373	0.723	0.683	0.000	0.683	0.683	
(247, 'Celtic', 2021): 0.649	0.294	0.402	0.799	0.678	0.294	0.400	0.803	0.732	0.277	0.560	0.919	0.673	0.437	0.166	0.921	0.621	0.440	0.213	0.818	0.657	0.216	0.464	0.747	0.701	0.004	0.699	0.703	
(252, 'Aberdeen', 2021): 0.582	0.313	0.298	0.723	0.594	0.332	0.310	0.733	0.675	0.337	0.386	0.880	0.657	0.445	0.204	0.917	0.583	0.437	0.179	0.860	0.567	0.447	0.203	0.709	0.668	0.049	0.642	0.687	
(1386, 'Dundee Utd', 2021): 0.570	0.257	0.372	0.711	0.602	0.238	0.373	0.699	0.653	0.326	0.376	0.843	0.637	0.397	0.244	0.869	0.573	0.341	0.252	0.804	0.602	0.255	0.398	0.703	0.666	0.003	0.665	0.668	
(256, 'Motherwell', 2021): 0.570	0.259	0.364	0.692	0.613	0.195	0.444	0.700	0.640	0.293	0.404	0.850	0.643	0.451	0.271	0.935	0.546	0.354	0.168	0.722	0.583	0.278	0.332	0.671	0.713	0.042	0.687	0.728	
(249, 'Hibernian', 2021): 0.594	0.259	0.398	0.732	0.615	0.239	0.420	0.716	0.678	0.266	0.451	0.879	0.658	0.385	0.239	0.893	0.582	0.349	0.204	0.769	0.599	0.210	0.422	0.683	0.648	0.041	0.626	0.666	
(35, 'Bournemouth', 2021): 0.640	0.281	0.419	0.780	0.667	0.312	0.398	0.793	0.682	0.303	0.400	0.848	0.667	0.389	0.247	0.868	0.619	0.411	0.214	0.877	0.678	0.264	0.467	0.773	0.692	0.052	0.665	0.713	
(60, 'West Brom', 2021): 0.647	0.278	0.432	0.808	0.658	0.311	0.439	0.787	0.649	0.349	0.343	0.838	0.659	0.509	0.214	0.917	0.610	0.426	0.256	0.841	0.619	0.421	0.306	0.743	0.742	0.093	0.693	0.775	
(91, 'Monaco', 2021): 0.686	0.368	0.392	0.878	0.732	0.325	0.421	0.873	0.728	0.446	0.328	0.938	0.706	0.426	0.210	0.928	0.681	0.433	0.247	0.893	0.691	0.328	0.410	0.817	0.754	0.183	0.673	0.855	
(83, 'Nantes', 2021): 0.650	0.317	0.387	0.794	0.667	0.328	0.426	0.838	0.704	0.373	0.351	0.917	0.689	0.367	0.286	0.918	0.627	0.426	0.229	0.885	0.635	0.481	0.273	0.799	0.779	0.164	0.694	0.849	
(228, 'Sporting CP', 2021): 0.673	0.326	0.452	0.837	0.722	0.323	0.441	0.845	0.695	0.384	0.320	0.873	0.689	0.458	0.286	0.943	0.698	0.373	0.376	0.889	0.758	0.328	0.479	0.878	0.807	0.057	0.783	0.835	
(810, 'Vizela', 2021): 0.632	0.254	0.450	0.784	0.655	0.293	0.411	0.789	0.668	0.335	0.350	0.877	0.618	0.422	0.250	0.869	0.576	0.452	0.180	0.811	0.603	0.385	0.292	0.733	0.652	0.135	0.595	0.711	
(240, 'Arouca', 2021): 0.593	0.291	0.399	0.743	0.615	0.374	0.381	0.778	0.678	0.320	0.389	0.856	0.607	0.345	0.323	0.838	0.565	0.406	0.203	0.761	0.570	0.498	0.272	0.756	0.663	0.066	0.634	0.694	
(230, 'Estoril', 2021): 0.604	0.268	0.402	0.752	0.640	0.289	0.407	0.769	0.672	0.244	0.477	0.843	0.630	0.386	0.206	0.887	0.570	0.437	0.168	0.772	0.586	0.448	0.303	0.742	0.684	0.030	0.670	0.698	
(43, 'Cardiff', 2021): 0.601	0.290	0.413	0.775	0.603	0.308	0.375	0.738	0.633	0.372	0.299	0.854	0.652	0.498	0.228	0.930	0.563	0.406	0.238	0.848	0.635	0.230	0.446	0.723	0.705	0.070	0.667	0.731	
(747, 'Barnsley', 2021): 0.580	0.327	0.357	0.735	0.595	0.335	0.326	0.730	0.678	0.272	0.444	0.842	0.623	0.415	0.274	0.903	0.551	0.392	0.231	0.797	0.630	0.223	0.476	0.729	0.673	0.050	0.647	0.691	
(56, 'Bristol City', 2021): 0.605	0.351	0.338	0.747	0.626	0.294	0.347	0.731	0.657	0.425	0.332	0.881	0.650	0.366	0.312	0.856	0.617	0.328	0.310	0.802	0.618	0.372	0.337	0.742	0.711	0.116	0.661	0.768	
(1356, 'Blackpool', 2021): 0.566	0.296	0.324	0.701	0.565	0.312	0.344	0.726	0.679	0.302	0.446	0.885	0.633	0.402	0.170	0.868	0.562	0.357	0.188	0.761	0.603	0.326	0.313	0.701	0.646	0.044	0.626	0.663	
(59, 'Preston', 2021): 0.616	0.279	0.399	0.744	0.617	0.311	0.393	0.748	0.671	0.371	0.332	0.886	0.662	0.433	0.230	0.927	0.614	0.385	0.235	0.850	0.637	0.300	0.367	0.756	0.711	0.056	0.686	0.733	
(64, 'Hull City', 2021): 0.589	0.266	0.386	0.727	0.597	0.292	0.363	0.727	0.671	0.305	0.450	0.859	0.641	0.420	0.235	0.908	0.578	0.338	0.248	0.762	0.571	0.463	0.222	0.699	0.679	0.077	0.650	0.716	
(67, 'Blackburn', 2021): 0.606	0.278	0.391	0.751	0.614	0.345	0.344	0.778	0.697	0.286	0.493	0.885	0.643	0.426	0.298	0.866	0.592	0.360	0.321	0.837	0.656	0.245	0.444	0.746	0.718	0.091	0.674	0.755	
(76, 'Swansea', 2021): 0.610	0.319	0.342	0.798	0.654	0.291	0.397	0.773	0.686	0.293	0.407	0.875	0.658	0.389	0.236	0.909	0.592	0.446	0.179	0.786	0.629	0.371	0.306	0.751	0.660	0.060	0.627	0.681	
(69, 'Derby', 2021): 0.587	0.338	0.299	0.742	0.627	0.334	0.373	0.755	0.666	0.366	0.356	0.899	0.628	0.390	0.303	0.876	0.579	0.395	0.242	0.817	0.616	0.336	0.366	0.743	0.687	0.066	0.653	0.711	
(37, 'Huddersfield', 2021): 0.600	0.266	0.380	0.721	0.604	0.312	0.368	0.740	0.676	0.270	0.452	0.892	0.639	0.435	0.323	0.916	0.579	0.359	0.241	0.817	0.628	0.296	0.378	0.736	0.664	0.052	0.639	0.688	
(72, 'QPR', 2021): 0.608	0.326	0.337	0.781	0.622	0.359	0.301	0.762	0.674	0.292	0.457	0.860	0.657	0.359	0.289	0.858	0.594	0.446	0.199	0.823	0.600	0.502	0.192	0.749	0.697	0.065	0.670	0.735	
(58, 'Millwall', 2021): 0.628	0.239	0.456	0.754	0.605	0.241	0.443	0.715	0.656	0.350	0.408	0.852	0.655	0.487	0.223	0.879	0.576	0.417	0.226	0.787	0.657	0.266	0.454	0.764	0.709	0.094	0.674	0.758	
(75, 'Stoke City', 2021): 0.630	0.295	0.346	0.783	0.644	0.317	0.389	0.778	0.657	0.353	0.327	0.903	0.650	0.421	0.247	0.874	0.597	0.408	0.237	0.788	0.627	0.337	0.334	0.739	0.668	0.040	0.648	0.685	
(53, 'Reading', 2021): 0.621	0.274	0.383	0.786	0.657	0.332	0.380	0.809	0.679	0.357	0.404	0.876	0.650	0.466	0.236	0.915	0.616	0.398	0.236	0.839	0.641	0.339	0.346	0.758	0.675	0.092	0.630	0.708	
(1359, 'Luton', 2021): 0.595	0.303	0.367	0.705	0.608	0.300	0.387	0.725	0.682	0.217	0.518	0.839	0.656	0.402	0.289	0.825	0.585	0.344	0.302	0.783	0.635	0.219	0.483	0.713	0.671	0.061	0.635	0.690	
(1350, 'Peterborough', 2021): 0.577	0.295	0.368	0.726	0.602	0.280	0.373	0.736	0.712	0.318	0.480	0.907	0.658	0.462	0.202	0.907	0.588	0.369	0.261	0.795	0.605	0.292	0.331	0.702	0.642	0.038	0.623	0.658	
(57, 'Ipswich', 2021): 0.591	0.256	0.404	0.715	0.614	0.282	0.389	0.736	0.695	0.324	0.450	0.910	0.636	0.401	0.256	0.865	0.564	0.335	0.230	0.742	0.556	0.363	0.248	0.669	0.676	0.069	0.644	0.703	
(1375, 'Morecambe', 2021): 0.551	0.254	0.374	0.681	0.568	0.247	0.368	0.664	0.672	0.253	0.483	0.852	0.633	0.421	0.224	0.854	0.544	0.313	0.226	0.719	0.595	0.105	0.514	0.634	0.637	0.015	0.629	0.644	
(68, 'Bolton', 2021): 0.596	0.186	0.461	0.695	0.592	0.262	0.368	0.715	0.701	0.303	0.446	0.875	0.633	0.388	0.246	0.864	0.557	0.344	0.237	0.758	0.558	0.274	0.315	0.660	0.610	0.039	0.594	0.628	
(1348, 'Milton Keynes Dons', 2021): 0.550	0.293	0.359	0.700	0.593	0.276	0.338	0.706	0.669	0.313	0.359	0.864	0.614	0.374	0.312	0.821	0.561	0.325	0.193	0.723	0.601	0.155	0.495	0.680	0.654	0.037	0.639	0.670	
(73, 'Rotherham', 2021): 0.602	0.279	0.373	0.766	0.595	0.381	0.297	0.736	0.655	0.409	0.319	0.904	0.659	0.403	0.260	0.870	0.584	0.339	0.262	0.787	0.634	0.226	0.477	0.756	0.655	0.045	0.634	0.672	
(1357, 'Plymouth', 2021): 0.572	0.221	0.401	0.679	0.581	0.300	0.295	0.690	0.685	0.294	0.495	0.879	0.648	0.410	0.299	0.880	0.558	0.348	0.203	0.726	0.601	0.213	0.404	0.685	0.653	0.040	0.635	0.672	
(746, 'Sunderland', 2021): 0.587	0.223	0.430	0.701	0.626	0.217	0.454	0.746	0.683	0.289	0.484	0.864	0.617	0.441	0.244	0.903	0.572	0.351	0.228	0.785	0.542	0.407	0.233	0.690	0.633	0.061	0.609	0.664	
(61, 'Wigan', 2021): 0.610	0.220	0.418	0.721	0.598	0.280	0.341	0.716	0.678	0.248	0.509	0.903	0.687	0.333	0.372	0.900	0.602	0.330	0.285	0.857	0.570	0.405	0.261	0.687	0.673	0.037	0.657	0.689	
(1336, 'Fleetwood Town', 2021): 0.546	0.279	0.372	0.692	0.563	0.301	0.373	0.700	0.666	0.220	0.482	0.805	0.639	0.406	0.285	0.908	0.566	0.318	0.297	0.871	0.595	0.184	0.442	0.671	0.624	0.073	0.585	0.649	
(1355, 'Portsmouth', 2021): 0.578	0.275	0.343	0.730	0.591	0.288	0.360	0.706	0.686	0.273	0.500	0.891	0.648	0.410	0.275	0.883	0.571	0.375	0.201	0.842	0.553	0.415	0.267	0.681	0.669	0.044	0.648	0.689	
(1347, 'Gillingham', 2021): 0.545	0.294	0.314	0.690	0.567	0.280	0.358	0.699	0.666	0.292	0.432	0.856	0.662	0.384	0.332	0.932	0.559	0.322	0.257	0.785	0.576	0.267	0.350	0.658	0.626	0.067	0.597	0.657	
(1379, 'Lincoln', 2021): 0.568	0.269	0.360	0.681	0.591	0.278	0.354	0.710	0.675	0.295	0.455	0.883	0.615	0.461	0.247	0.893	0.552	0.371	0.220	0.812	0.587	0.252	0.379	0.677	0.617	0.052	0.593	0.644	
(1352, 'Shrewsbury', 2021): 0.574	0.246	0.326	0.701	0.567	0.274	0.380	0.671	0.681	0.268	0.489	0.851	0.667	0.405	0.244	0.903	0.561	0.372	0.235	0.846	0.628	0.141	0.521	0.696	0.669	0.052	0.643	0.690	
(748, 'Burton Albion', 2021): 0.540	0.318	0.282	0.672	0.554	0.325	0.282	0.686	0.646	0.263	0.443	0.810	0.630	0.436	0.248	0.877	0.551	0.323	0.225	0.742	0.596	0.176	0.454	0.661	0.618	0.006	0.616	0.621	
(1354, 'Doncaster', 2021): 0.551	0.276	0.335	0.678	0.552	0.277	0.343	0.670	0.663	0.347	0.368	0.857	0.604	0.401	0.230	0.876	0.528	0.379	0.191	0.733	0.539	0.349	0.275	0.665	0.626	0.044	0.604	0.646	
(1333, 'AFC Wimbledon', 2021): 0.536	0.260	0.347	0.670	0.545	0.285	0.334	0.651	0.656	0.372	0.379	0.898	0.604	0.440	0.232	0.870	0.528	0.366	0.188	0.742	0.571	0.280	0.345	0.664	0.624	0.054	0.594	0.647	
(1358, 'Wycombe', 2021): 0.594	0.243	0.393	0.760	0.610	0.256	0.410	0.740	0.663	0.332	0.373	0.869	0.674	0.435	0.206	0.913	0.584	0.395	0.193	0.796	0.612	0.311	0.317	0.712	0.683	0.050	0.660	0.706	
(1360, 'Accrington ST', 2021): 0.564	0.263	0.359	0.682	0.573	0.264	0.382	0.680	0.609	0.297	0.352	0.793	0.622	0.431	0.215	0.847	0.558	0.338	0.255	0.776	0.597	0.142	0.496	0.659	0.630	0.034	0.614	0.645	
(1363, 'Crewe', 2021): 0.535	0.280	0.341	0.678	0.560	0.298	0.317	0.680	0.657	0.284	0.442	0.885	0.597	0.444	0.218	0.834	0.536	0.341	0.257	0.728	0.583	0.138	0.499	0.650	0.617	0.046	0.598	0.640	
(1372, 'Cheltenham', 2021): 0.549	0.244	0.368	0.678	0.570	0.279	0.339	0.684	0.643	0.244	0.409	0.777	0.613	0.474	0.167	0.864	0.536	0.384	0.197	0.761	0.587	0.158	0.480	0.659	0.615	0.053	0.585	0.635	
(1370, 'Cambridge United', 2021): 0.544	0.257	0.361	0.680	0.549	0.256	0.379	0.666	0.647	0.327	0.379	0.845	0.624	0.451	0.250	0.926	0.546	0.304	0.206	0.714	0.570	0.221	0.393	0.655	0.628	0.044	0.610	0.649	
(1338, 'Oxford United', 2021): 0.582	0.247	0.370	0.720	0.616	0.230	0.394	0.733	0.701	0.273	0.452	0.874	0.625	0.340	0.270	0.859	0.567	0.367	0.224	0.756	0.583	0.218	0.399	0.664	0.638	0.038	0.623	0.655	
(1337, 'Northampton', 2021): 0.543	0.268	0.353	0.681	0.566	0.273	0.344	0.691	0.662	0.366	0.444	0.927	0.630	0.443	0.191	0.884	0.552	0.281	0.298	0.739	0.570	0.233	0.383	0.662	0.622	0.067	0.595	0.653	
(1351, 'Port Vale', 2021): 0.572	0.181	0.432	0.657	0.564	0.252	0.365	0.649	0.655	0.314	0.470	0.899	0.635	0.502	0.194	0.904	0.529	0.394	0.193	0.740	0.598	0.118	0.504	0.643	0.606	0.047	0.583	0.623	
(1340, 'Scunthorpe', 2021): 0.506	0.252	0.307	0.645	0.507	0.286	0.312	0.633	0.633	0.320	0.417	0.831	0.584	0.438	0.228	0.832	0.504	0.317	0.199	0.686	0.535	0.306	0.294	0.641	0.593	0.075	0.567	0.634	
(1353, 'Swindon Town', 2021): 0.534	0.280	0.319	0.676	0.570	0.291	0.336	0.691	0.684	0.361	0.464	0.922	0.593	0.451	0.241	0.834	0.513	0.388	0.156	0.722	0.577	0.196	0.415	0.659	0.624	0.049	0.604	0.648	
(1349, 'Oldham', 2021): 0.544	0.227	0.364	0.676	0.558	0.257	0.368	0.694	0.644	0.291	0.375	0.828	0.596	0.422	0.236	0.889	0.531	0.313	0.231	0.738	0.534	0.374	0.245	0.658	0.622	0.031	0.608	0.636	
(1367, 'Newport County', 2021): 0.543	0.256	0.308	0.671	0.554	0.286	0.289	0.661	0.646	0.310	0.403	0.835	0.628	0.322	0.329	0.854	0.554	0.303	0.174	0.708	0.576	0.153	0.454	0.637	0.628	0.099	0.574	0.663	
(1364, 'Exeter City', 2021): 0.553	0.233	0.371	0.653	0.572	0.240	0.347	0.656	0.695	0.307	0.500	0.923	0.629	0.481	0.222	0.886	0.529	0.350	0.186	0.695	0.548	0.317	0.277	0.639	0.645	0.047	0.624	0.666	
(1343, 'Bradford', 2021): 0.542	0.236	0.379	0.654	0.556	0.245	0.386	0.666	0.661	0.298	0.437	0.875	0.634	0.491	0.149	0.890	0.542	0.397	0.227	0.844	0.546	0.308	0.303	0.647	0.633	0.038	0.615	0.649	
(1366, 'Hartlepool', 2021): 0.529	0.232	0.339	0.644	0.556	0.250	0.334	0.641	0.658	0.294	0.460	0.832	0.603	0.417	0.232	0.856	0.534	0.314	0.220	0.743	0.556	0.219	0.352	0.620	0.615	0.041	0.594	0.631	
(1362, 'Crawley Town', 2021): 0.550	0.225	0.345	0.664	0.570	0.242	0.394	0.659	0.656	0.328	0.409	0.849	0.623	0.419	0.267	0.898	0.537	0.360	0.166	0.702	0.562	0.237	0.365	0.639	0.634	0.036	0.619	0.650	
(1368, 'Stevenage', 2021): 0.553	0.200	0.383	0.650	0.578	0.199	0.415	0.659	0.633	0.415	0.333	0.921	0.642	0.434	0.239	0.895	0.530	0.367	0.152	0.739	0.570	0.205	0.364	0.634	0.643	0.019	0.638	0.653	
(1819, 'Barrow', 2021): 0.539	0.254	0.336	0.656	0.553	0.272	0.366	0.664	0.638	0.286	0.420	0.812	0.626	0.478	0.180	0.864	0.543	0.328	0.255	0.827	0.581	0.101	0.502	0.629	0.629	0.078	0.594	0.664	
(1371, 'Carlisle', 2021): 0.547	0.231	0.375	0.648	0.565	0.253	0.358	0.662	0.623	0.319	0.379	0.836	0.604	0.485	0.218	0.879	0.527	0.341	0.194	0.690	0.589	0.123	0.484	0.634	0.610	0.036	0.593	0.628	
(1361, 'Colchester', 2021): 0.570	0.201	0.412	0.672	0.595	0.175	0.444	0.674	0.646	0.390	0.363	0.898	0.612	0.397	0.247	0.876	0.561	0.344	0.212	0.735	0.579	0.214	0.380	0.655	0.613	0.067	0.585	0.641	
(1374, 'Mansfield Town', 2021): 0.573	0.210	0.355	0.683	0.557	0.308	0.328	0.677	0.660	0.290	0.469	0.881	0.661	0.309	0.352	0.880	0.581	0.262	0.249	0.807	0.582	0.120	0.475	0.638	0.630	0.063	0.592	0.650	
(1334, 'Bristol Rovers', 2021): 0.570	0.189	0.379	0.667	0.584	0.218	0.370	0.679	0.668	0.364	0.373	0.913	0.616	0.381	0.251	0.866	0.553	0.352	0.222	0.783	0.558	0.258	0.337	0.648	0.631	0.063	0.595	0.648	
(1378, 'Forest Green', 2021): 0.557	0.230	0.379	0.679	0.568	0.250	0.350	0.657	0.678	0.290	0.496	0.881	0.652	0.396	0.311	0.926	0.556	0.349	0.121	0.800	0.564	0.329	0.260	0.661	0.626	0.048	0.606	0.649	
(1835, 'Sutton Utd', 2021): 0.529	0.218	0.343	0.631	0.536	0.266	0.337	0.645	0.673	0.378	0.417	0.926	0.628	0.405	0.247	0.831	0.529	0.313	0.201	0.684	0.507	0.357	0.228	0.616	0.626	0.042	0.605	0.648	
(1381, 'Tranmere', 2021): 0.545	0.233	0.363	0.651	0.574	0.216	0.401	0.673	0.638	0.370	0.293	0.844	0.611	0.400	0.249	0.849	0.548	0.350	0.238	0.779	0.573	0.259	0.357	0.667	0.617	0.036	0.601	0.631	
(1342, 'Walsall', 2021): 0.551	0.189	0.381	0.653	0.573	0.187	0.404	0.640	0.672	0.328	0.386	0.890	0.645	0.421	0.252	0.921	0.557	0.348	0.222	0.896	0.548	0.378	0.224	0.669	0.607	0.004	0.605	0.608	
(1842, 'Harrogate Town', 2021): 0.531	0.261	0.304	0.653	0.548	0.266	0.338	0.652	0.680	0.309	0.417	0.869	0.622	0.433	0.194	0.877	0.532	0.327	0.163	0.688	0.551	0.310	0.258	0.631	0.609	0.023	0.601	0.622	
(1339, 'Rochdale', 2021): 0.530	0.272	0.342	0.674	0.556	0.306	0.336	0.686	0.663	0.320	0.376	0.891	0.611	0.317	0.323	0.818	0.547	0.317	0.225	0.820	0.581	0.171	0.457	0.649	0.615	0.077	0.584	0.650	
(1844, 'Salford City', 2021): 0.568	0.244	0.406	0.748	0.575	0.234	0.387	0.703	0.658	0.357	0.339	0.880	0.640	0.454	0.231	0.912	0.551	0.340	0.194	0.737	0.571	0.252	0.341	0.652	0.630	0.057	0.600	0.651	
(1373, 'Leyton Orient', 2021): 0.535	0.280	0.309	0.665	0.544	0.288	0.296	0.644	0.645	0.327	0.379	0.856	0.630	0.405	0.266	0.887	0.530	0.371	0.168	0.780	0.564	0.309	0.337	0.672	0.629	0.030	0.613	0.640	
(80, 'Lyon', 2021): 0.694	0.311	0.442	0.849	0.749	0.276	0.493	0.879	0.745	0.254	0.490	0.891	0.702	0.348	0.331	0.880	0.689	0.429	0.222	0.861	0.679	0.409	0.317	0.826	0.798	0.154	0.709	0.855	
(106, 'Stade Brestois 29', 2021): 0.637	0.348	0.382	0.820	0.657	0.344	0.378	0.809	0.674	0.228	0.474	0.833	0.674	0.396	0.296	0.911	0.622	0.374	0.253	0.792	0.633	0.410	0.314	0.765	0.754	0.114	0.691	0.804	
(1335, 'Charlton', 2021): 0.586	0.250	0.343	0.711	0.584	0.315	0.275	0.691	0.659	0.318	0.343	0.830	0.663	0.379	0.273	0.878	0.578	0.341	0.232	0.777	0.587	0.281	0.357	0.679	0.667	0.055	0.645	0.695	
(74, 'Sheffield Wednesday', 2021): 0.597	0.308	0.395	0.766	0.614	0.324	0.344	0.797	0.685	0.296	0.450	0.925	0.652	0.405	0.236	0.901	0.600	0.375	0.226	0.873	0.599	0.323	0.320	0.713	0.691	0.100	0.634	0.725	
(215, 'Moreirense', 2021): 0.607	0.319	0.370	0.756	0.631	0.286	0.399	0.759	0.655	0.323	0.369	0.837	0.639	0.413	0.264	0.897	0.581	0.444	0.191	0.791	0.615	0.364	0.345	0.768	0.717	0.023	0.703	0.725	
(211, 'Benfica', 2021): 0.683	0.308	0.418	0.852	0.717	0.345	0.435	0.869	0.732	0.314	0.520	0.921	0.722	0.326	0.370	0.903	0.689	0.402	0.296	0.899	0.727	0.357	0.427	0.856	0.788	0.184	0.679	0.848	
(62, 'Sheffield Utd', 2021): 0.673	0.283	0.454	0.797	0.696	0.258	0.485	0.816	0.693	0.242	0.509	0.843	0.664	0.396	0.340	0.859	0.627	0.417	0.262	0.838	0.697	0.187	0.548	0.780	0.727	0.041	0.706	0.745	
(54, 'Birmingham', 2021): 0.625	0.270	0.406	0.790	0.631	0.332	0.327	0.757	0.677	0.348	0.424	0.894	0.662	0.496	0.211	0.917	0.589	0.460	0.202	0.853	0.607	0.450	0.235	0.745	0.656	0.095	0.612	0.688	
(110, 'Estac Troyes', 2021): 0.639	0.298	0.383	0.784	0.653	0.302	0.394	0.759	0.672	0.331	0.423	0.914	0.677	0.451	0.190	0.922	0.606	0.410	0.246	0.792	0.656	0.230	0.451	0.751	0.723	0.057	0.696	0.747	
(85, 'Paris Saint Germain', 2021): 0.749	0.394	0.419	0.942	0.802	0.355	0.493	0.960	0.806	0.316	0.564	0.975	0.747	0.368	0.344	0.941	0.743	0.453	0.334	0.959	0.765	0.390	0.430	0.901	0.858	0.150	0.772	0.906	
(214, 'Maritimo', 2021): 0.598	0.346	0.358	0.775	0.628	0.348	0.375	0.780	0.704	0.235	0.512	0.920	0.651	0.357	0.275	0.929	0.577	0.423	0.195	0.871	0.583	0.542	0.193	0.786	0.741	0.129	0.694	0.813	
(217, 'SC Braga', 2021): 0.613	0.392	0.302	0.824	0.660	0.392	0.361	0.836	0.675	0.400	0.375	0.907	0.656	0.463	0.265	0.905	0.608	0.460	0.237	0.832	0.657	0.425	0.324	0.801	0.667	0.005	0.665	0.669	
(94, 'Rennes', 2021): 0.690	0.324	0.439	0.843	0.722	0.296	0.447	0.852	0.722	0.296	0.473	0.900	0.706	0.366	0.302	0.907	0.659	0.415	0.256	0.823	0.642	0.463	0.251	0.795	0.737	0.060	0.702	0.759	
(116, 'Lens', 2021): 0.650	0.300	0.385	0.809	0.669	0.351	0.408	0.824	0.743	0.270	0.474	0.925	0.679	0.480	0.256	0.923	0.641	0.422	0.250	0.832	0.673	0.369	0.313	0.788	0.747	0.067	0.715	0.775	
(36, 'Fulham', 2021): 0.647	0.402	0.296	0.818	0.691	0.328	0.433	0.861	0.725	0.264	0.512	0.883	0.656	0.416	0.292	0.916	0.632	0.448	0.148	0.895	0.621	0.429	0.265	0.776	0.755	0.078	0.726	0.792	
(70, 'Middlesbrough', 2021): 0.615	0.274	0.398	0.751	0.613	0.308	0.388	0.752	0.679	0.327	0.348	0.845	0.631	0.465	0.213	0.893	0.577	0.474	0.143	0.798	0.586	0.507	0.225	0.758	0.677	0.071	0.646	0.713	
(78, 'Bordeaux', 2021): 0.641	0.334	0.354	0.812	0.670	0.346	0.391	0.837	0.685	0.308	0.411	0.889	0.658	0.377	0.345	0.878	0.636	0.390	0.272	0.838	0.622	0.429	0.253	0.789	0.745	0.037	0.731	0.766	
(99, 'Clermont Foot', 2021): 0.608	0.322	0.385	0.778	0.625	0.365	0.347	0.776	0.689	0.383	0.347	0.909	0.635	0.455	0.286	0.921	0.581	0.430	0.223	0.821	0.595	0.459	0.268	0.756	0.661	0.057	0.633	0.682	
(84, 'Nice', 2021): 0.691	0.284	0.464	0.831	0.707	0.264	0.468	0.825	0.721	0.345	0.348	0.898	0.704	0.312	0.404	0.887	0.658	0.412	0.234	0.826	0.660	0.477	0.293	0.810	0.796	0.094	0.741	0.835	
(93, 'Reims', 2021): 0.585	0.351	0.337	0.753	0.618	0.354	0.370	0.774	0.667	0.404	0.329	0.916	0.652	0.428	0.237	0.894	0.592	0.452	0.152	0.841	0.666	0.395	0.343	0.799	0.782	0.073	0.747	0.818	
(95, 'Strasbourg', 2021): 0.669	0.332	0.445	0.834	0.685	0.337	0.402	0.805	0.668	0.356	0.326	0.848	0.697	0.397	0.245	0.917	0.651	0.416	0.220	0.835	0.690	0.263	0.455	0.779	0.770	0.031	0.757	0.783	
(77, 'Angers', 2021): 0.627	0.380	0.322	0.808	0.657	0.399	0.362	0.860	0.666	0.427	0.349	0.917	0.664	0.393	0.310	0.932	0.606	0.451	0.213	0.823	0.629	0.470	0.212	0.791	0.707	0.096	0.671	0.754	
(1063, 'Saint Etienne', 2021): 0.650	0.315	0.440	0.792	0.699	0.299	0.438	0.800	0.675	0.308	0.363	0.852	0.652	0.414	0.243	0.913	0.635	0.401	0.285	0.854	0.589	0.516	0.204	0.759	0.711	0.069	0.679	0.744	
(97, 'Lorient', 2021): 0.595	0.380	0.354	0.782	0.641	0.387	0.346	0.826	0.675	0.318	0.419	0.902	0.651	0.473	0.266	0.900	0.576	0.439	0.157	0.831	0.655	0.316	0.316	0.767	0.721	0.101	0.680	0.767	
(218, 'Tondela', 2021): 0.575	0.351	0.305	0.737	0.618	0.346	0.358	0.749	0.683	0.326	0.445	0.912	0.620	0.434	0.256	0.867	0.572	0.418	0.197	0.777	0.606	0.413	0.258	0.754	0.700	0.097	0.655	0.747	
(227, 'Santa Clara', 2021): 0.605	0.374	0.287	0.764	0.665	0.356	0.387	0.798	0.699	0.260	0.471	0.860	0.649	0.331	0.297	0.877	0.592	0.448	0.234	0.790	0.595	0.484	0.260	0.761	0.684	0.124	0.631	0.751	
(224, 'Guimaraes', 2021): 0.609	0.330	0.387	0.818	0.669	0.302	0.451	0.833	0.694	0.361	0.346	0.895	0.648	0.407	0.269	0.903	0.598	0.437	0.205	0.822	0.656	0.223	0.458	0.742	0.701	0.148	0.617	0.761	
(216, 'Portimonense', 2021): 0.590	0.357	0.326	0.764	0.649	0.371	0.315	0.812	0.676	0.372	0.366	0.914	0.648	0.432	0.226	0.879	0.578	0.445	0.204	0.810	0.615	0.350	0.327	0.744	0.718	0.113	0.670	0.764	
(112, 'Metz', 2021): 0.605	0.370	0.348	0.772	0.631	0.378	0.329	0.783	0.681	0.276	0.436	0.873	0.672	0.369	0.326	0.901	0.612	0.421	0.191	0.817	0.647	0.397	0.292	0.760	0.728	0.121	0.665	0.777	
(79, 'Lille', 2021): 0.690	0.277	0.439	0.833	0.708	0.305	0.432	0.838	0.717	0.431	0.323	0.908	0.722	0.371	0.362	0.931	0.675	0.469	0.220	0.878	0.666	0.516	0.293	0.839	0.724	0.068	0.695	0.755	
(1346, 'Coventry', 2021): 0.615	0.293	0.356	0.752	0.657	0.237	0.486	0.777	0.683	0.318	0.455	0.878	0.649	0.410	0.256	0.899	0.611	0.392	0.240	0.867	0.628	0.335	0.323	0.737	0.687	0.055	0.658	0.711	
(65, 'Nottingham Forest', 2021): 0.586	0.347	0.281	0.747	0.598	0.387	0.290	0.760	0.675	0.355	0.345	0.910	0.631	0.474	0.220	0.912	0.579	0.478	0.162	0.879	0.624	0.350	0.291	0.745	0.729	0.116	0.668	0.770	
(212, 'FC Porto', 2021): 0.674	0.335	0.371	0.821	0.708	0.337	0.404	0.871	0.745	0.269	0.518	0.935	0.701	0.388	0.310	0.932	0.655	0.499	0.176	0.904	0.648	0.487	0.288	0.854	0.736	0.122	0.668	0.788	
(221, 'Belenenses', 2021): 0.556	0.404	0.296	0.736	0.588	0.372	0.347	0.771	0.649	0.294	0.422	0.825	0.644	0.372	0.280	0.837	0.575	0.401	0.193	0.783	0.617	0.396	0.280	0.744	0.668	0.053	0.644	0.691	
(82, 'Montpellier', 2021): 0.670	0.340	0.402	0.832	0.717	0.284	0.469	0.832	0.714	0.318	0.415	0.907	0.682	0.388	0.278	0.897	0.651	0.416	0.252	0.875	0.607	0.530	0.194	0.761	0.752	0.070	0.718	0.786	
(81, 'Marseille', 2021): 0.663	0.392	0.306	0.864	0.719	0.344	0.377	0.851	0.725	0.256	0.489	0.891	0.685	0.444	0.229	0.881	0.666	0.460	0.236	0.868	0.690	0.487	0.314	0.832	0.800	0.076	0.755	0.829	
(234, 'Pacos Ferreira', 2021): 0.599	0.346	0.290	0.767	0.614	0.389	0.318	0.783	0.689	0.276	0.450	0.854	0.650	0.388	0.225	0.878	0.585	0.463	0.181	0.804	0.650	0.357	0.327	0.765	0.646	0.002	0.646	0.647	
(242, 'Famalicao', 2021): 0.615	0.317	0.354	0.741	0.637	0.363	0.329	0.768	0.676	0.281	0.408	0.852	0.662	0.416	0.213	0.890	0.585	0.470	0.159	0.793	0.560	0.441	0.318	0.752	0.652	0.101	0.588	0.691	
(762, 'GIL Vicente', 2021): 0.608	0.262	0.354	0.729	0.612	0.356	0.338	0.773	0.692	0.269	0.532	0.889	0.619	0.384	0.273	0.821	0.582	0.399	0.224	0.739	0.548	0.505	0.267	0.737	0.692	0.092	0.652	0.735	
(222, 'Boavista', 2021): 0.611	0.318	0.357	0.765	0.642	0.306	0.407	0.784	0.672	0.303	0.420	0.874	0.651	0.416	0.285	0.896	0.591	0.369	0.272	0.789	0.642	0.186	0.481	0.732	0.691	0.141	0.608	0.733	
(2944, 'Al-Fayha', 2021): 0.566	0.354	0.267	0.776	0.611	0.279	0.392	0.778	0.645	0.376	0.384	0.890	0.609	0.464	0.232	0.847	0.543	0.376	0.176	0.773	0.537	0.419	0.240	0.698	0.692	0.073	0.669	0.735	
(2938, 'Al-Ittihad FC', 2021): 0.628	0.296	0.425	0.791	0.676	0.340	0.398	0.827	0.716	0.380	0.437	0.917	0.678	0.368	0.325	0.896	0.597	0.400	0.245	0.821	0.550	0.442	0.228	0.750	0.732	0.122	0.655	0.769	
(2951, 'Abha', 2021): 0.577	0.338	0.314	0.782	0.606	0.330	0.305	0.759	0.657	0.365	0.348	0.846	0.639	0.385	0.311	0.863	0.551	0.391	0.208	0.779	0.481	0.451	0.192	0.689	0.636	0.055	0.606	0.659	
(2940, 'Al Shabab', 2021): 0.597	0.401	0.325	0.838	0.638	0.428	0.304	0.866	0.707	0.286	0.538	0.863	0.637	0.498	0.231	0.864	0.589	0.452	0.280	0.850	0.608	0.344	0.414	0.791	0.580	0.006	0.578	0.583	
(2935, 'Al-Raed', 2021): 0.546	0.361	0.306	0.738	0.573	0.405	0.275	0.752	0.674	0.308	0.412	0.895	0.649	0.438	0.273	0.907	0.563	0.437	0.229	0.828	0.596	0.306	0.353	0.734	0.658	0.096	0.613	0.709	
(2931, 'Al-Fateh', 2021): 0.572	0.364	0.331	0.768	0.597	0.403	0.313	0.777	0.680	0.312	0.443	0.870	0.643	0.378	0.385	0.887	0.574	0.382	0.182	0.774	0.504	0.318	0.303	0.627	0.640	0.061	0.614	0.668	
(2945, 'Al-Hazm', 2021): 0.563	0.347	0.287	0.737	0.610	0.349	0.345	0.772	0.672	0.260	0.463	0.845	0.622	0.330	0.387	0.848	0.550	0.391	0.212	0.790	0.514	0.357	0.303	0.689	0.609	0.106	0.561	0.651	
(2936, 'Al Taawon', 2021): 0.597	0.352	0.337	0.782	0.611	0.364	0.357	0.780	0.666	0.335	0.362	0.865	0.653	0.472	0.263	0.923	0.566	0.461	0.169	0.794	0.565	0.444	0.230	0.750	0.523	0.006	0.520	0.526	
(2939, 'Al-Nassr', 2021): 0.592	0.358	0.352	0.777	0.638	0.371	0.372	0.812	0.699	0.296	0.491	0.898	0.639	0.420	0.228	0.900	0.594	0.404	0.226	0.839	0.581	0.392	0.277	0.748	0.619	0.073	0.592	0.662	
(2956, 'Damac', 2021): 0.577	0.429	0.244	0.812	0.570	0.396	0.313	0.755	0.649	0.367	0.356	0.852	0.649	0.431	0.270	0.889	0.569	0.411	0.232	0.847	0.584	0.319	0.350	0.725	0.700	0.092	0.647	0.740	
(549, 'Besiktas', 2021): 0.674	0.306	0.418	0.845	0.678	0.435	0.295	0.876	0.724	0.248	0.522	0.890	0.671	0.397	0.237	0.874	0.624	0.462	0.216	0.847	0.600	0.562	0.236	0.814	0.717	0.078	0.675	0.747	
(1007, 'Rizespor', 2021): 0.621	0.298	0.391	0.769	0.634	0.331	0.397	0.773	0.692	0.276	0.512	0.873	0.684	0.374	0.314	0.896	0.596	0.456	0.157	0.805	0.613	0.441	0.272	0.754	0.697	0.120	0.660	0.768	
(2929, 'Al-Ahli Jeddah', 2021): 0.599	0.339	0.346	0.753	0.626	0.297	0.378	0.766	0.703	0.327	0.486	0.876	0.674	0.421	0.282	0.926	0.580	0.419	0.243	0.824	0.539	0.410	0.269	0.695	0.614	0.126	0.542	0.661	
(2930, 'Al-Faisaly FC', 2021): 0.591	0.416	0.278	0.819	0.633	0.366	0.350	0.823	0.637	0.454	0.334	0.921	0.652	0.516	0.219	0.895	0.582	0.453	0.207	0.878	0.567	0.401	0.280	0.734	0.615	0.061	0.582	0.644	
(410, 'GO Ahead Eagles', 2021): 0.571	0.325	0.316	0.754	0.586	0.362	0.335	0.783	0.661	0.257	0.464	0.858	0.614	0.352	0.314	0.834	0.555	0.394	0.220	0.752	0.587	0.460	0.192	0.726	0.667	0.082	0.645	0.707	
(210, 'Heerenveen', 2021): 0.598	0.304	0.391	0.801	0.638	0.328	0.427	0.814	0.652	0.327	0.443	0.890	0.645	0.380	0.306	0.872	0.568	0.427	0.143	0.799	0.618	0.234	0.450	0.737	0.679	0.063	0.647	0.706	
(726, 'Huesca', 2021): 0.601	0.313	0.344	0.748	0.640	0.343	0.351	0.804	0.655	0.357	0.323	0.870	0.647	0.365	0.245	0.845	0.603	0.424	0.194	0.823	0.605	0.478	0.210	0.754	0.683	0.000	0.683	0.683	
(545, 'Eibar', 2021): 0.624	0.359	0.375	0.813	0.679	0.302	0.423	0.843	0.699	0.305	0.466	0.887	0.678	0.369	0.273	0.903	0.639	0.399	0.220	0.832	0.629	0.405	0.297	0.775	0.727	0.035	0.707	0.742	
(163, 'Borussia Mönchengladbach', 2021): 0.692	0.365	0.374	0.857	0.716	0.355	0.404	0.864	0.720	0.276	0.487	0.868	0.695	0.408	0.295	0.908	0.676	0.396	0.352	0.886	0.680	0.409	0.345	0.880	0.834	0.084	0.795	0.869	
(157, 'Bayern München', 2021): 0.778	0.358	0.434	0.960	0.777	0.338	0.421	0.903	0.778	0.348	0.442	0.961	0.750	0.386	0.353	0.946	0.709	0.507	0.263	0.969	0.662	0.603	0.268	0.890	0.867	0.061	0.843	0.898	
(55, 'Brentford', 2021): 0.658	0.295	0.467	0.827	0.675	0.274	0.444	0.808	0.709	0.371	0.294	0.919	0.677	0.438	0.263	0.926	0.643	0.415	0.275	0.832	0.683	0.311	0.398	0.778	0.735	0.072	0.707	0.768	
(42, 'Arsenal', 2021): 0.687	0.389	0.363	0.873	0.746	0.331	0.417	0.864	0.734	0.346	0.377	0.897	0.684	0.463	0.256	0.899	0.679	0.450	0.232	0.913	0.683	0.441	0.346	0.844	0.792	0.082	0.756	0.820	
(532, 'Valencia', 2021): 0.679	0.358	0.375	0.864	0.695	0.395	0.327	0.842	0.725	0.269	0.513	0.903	0.699	0.371	0.331	0.877	0.654	0.427	0.220	0.873	0.640	0.551	0.245	0.836	0.783	0.052	0.753	0.802	
(546, 'Getafe', 2021): 0.645	0.374	0.354	0.812	0.689	0.303	0.398	0.824	0.665	0.342	0.361	0.829	0.694	0.392	0.280	0.859	0.651	0.472	0.216	0.897	0.711	0.362	0.396	0.845	0.802	0.115	0.727	0.835	
(732, 'Zaragoza', 2021): 0.614	0.311	0.343	0.773	0.612	0.357	0.310	0.766	0.667	0.283	0.384	0.841	0.645	0.400	0.260	0.903	0.584	0.375	0.267	0.776	0.613	0.333	0.362	0.756	0.683	0.000	0.683	0.683	
(9390, 'Ibiza', 2021): 0.578	0.358	0.328	0.757	0.607	0.298	0.370	0.740	0.648	0.266	0.427	0.805	0.648	0.368	0.331	0.855	0.589	0.384	0.240	0.798	0.587	0.388	0.285	0.723	0.664	0.048	0.644	0.687	
(33, 'Manchester United', 2021): 0.759	0.338	0.452	0.944	0.788	0.278	0.526	0.920	0.751	0.391	0.379	0.947	0.760	0.363	0.455	0.953	0.731	0.445	0.301	0.949	0.690	0.536	0.309	0.897	0.836	0.146	0.768	0.899	
(63, 'Leeds', 2021): 0.643	0.409	0.281	0.809	0.671	0.362	0.334	0.830	0.724	0.287	0.505	0.943	0.698	0.374	0.332	0.919	0.661	0.400	0.319	0.856	0.640	0.468	0.319	0.816	0.764	0.111	0.718	0.816	
(161, 'VfL Wolfsburg', 2021): 0.695	0.328	0.437	0.885	0.709	0.347	0.413	0.843	0.731	0.319	0.478	0.929	0.718	0.399	0.276	0.919	0.672	0.461	0.303	0.887	0.699	0.417	0.325	0.833	0.825	0.069	0.787	0.856	
(176, 'VfL Bochum', 2021): 0.612	0.325	0.328	0.768	0.600	0.394	0.299	0.755	0.710	0.348	0.468	0.947	0.680	0.389	0.234	0.921	0.592	0.432	0.246	0.835	0.608	0.484	0.227	0.777	0.752	0.099	0.709	0.807	
(170, 'FC Augsburg', 2021): 0.638	0.421	0.240	0.834	0.643	0.382	0.345	0.811	0.717	0.271	0.498	0.907	0.690	0.382	0.339	0.888	0.632	0.398	0.272	0.856	0.668	0.313	0.419	0.801	0.760	0.191	0.646	0.828	
(167, '1899 Hoffenheim', 2021): 0.660	0.403	0.315	0.870	0.690	0.359	0.360	0.873	0.728	0.327	0.437	0.914	0.670	0.390	0.245	0.894	0.635	0.490	0.172	0.913	0.614	0.550	0.209	0.810	0.811	0.046	0.794	0.833	
(172, 'VfB Stuttgart', 2021): 0.589	0.455	0.266	0.860	0.624	0.423	0.325	0.831	0.698	0.338	0.375	0.892	0.661	0.365	0.310	0.917	0.613	0.424	0.274	0.822	0.656	0.438	0.303	0.802	0.751	0.088	0.722	0.803	
(178, 'SpVgg Greuther Fürth', 2021): 0.605	0.351	0.329	0.791	0.616	0.382	0.355	0.783	0.692	0.239	0.488	0.878	0.663	0.377	0.273	0.880	0.580	0.416	0.167	0.831	0.619	0.445	0.275	0.759	0.695	0.074	0.660	0.722	
(182, 'Union Berlin', 2021): 0.626	0.419	0.267	0.859	0.623	0.402	0.322	0.811	0.669	0.352	0.388	0.911	0.685	0.386	0.294	0.872	0.617	0.449	0.284	0.863	0.657	0.481	0.250	0.829	0.730	0.175	0.629	0.782	
(168, 'Bayer Leverkusen', 2021): 0.693	0.371	0.291	0.846	0.740	0.344	0.421	0.881	0.744	0.364	0.400	0.968	0.678	0.453	0.241	0.925	0.651	0.460	0.252	0.851	0.660	0.451	0.330	0.845	0.806	0.191	0.693	0.873	
(188, 'Arminia Bielefeld', 2021): 0.609	0.366	0.340	0.787	0.611	0.378	0.317	0.798	0.688	0.337	0.386	0.882	0.649	0.462	0.234	0.928	0.591	0.447	0.180	0.789	0.605	0.538	0.198	0.802	0.784	0.172	0.723	0.861	
(160, 'SC Freiburg', 2021): 0.631	0.388	0.380	0.888	0.637	0.437	0.307	0.862	0.703	0.252	0.532	0.896	0.656	0.428	0.273	0.919	0.617	0.431	0.255	0.848	0.638	0.537	0.284	0.819	0.768	0.068	0.728	0.793	
(38, 'Watford', 2021): 0.670	0.257	0.443	0.785	0.689	0.302	0.385	0.815	0.700	0.395	0.355	0.936	0.690	0.403	0.279	0.941	0.639	0.482	0.134	0.865	0.637	0.531	0.218	0.797	0.774	0.047	0.744	0.786	
(66, 'Aston Villa', 2021): 0.702	0.283	0.481	0.845	0.732	0.297	0.506	0.873	0.752	0.255	0.469	0.914	0.719	0.374	0.343	0.932	0.670	0.399	0.315	0.868	0.720	0.282	0.447	0.814	0.839	0.030	0.826	0.851	
(44, 'Burnley', 2021): 0.686	0.343	0.369	0.888	0.707	0.281	0.434	0.829	0.691	0.297	0.410	0.892	0.721	0.356	0.287	0.907	0.675	0.388	0.311	0.864	0.698	0.313	0.432	0.831	0.809	0.102	0.745	0.841	
(51, 'Brighton', 2021): 0.690	0.303	0.424	0.834	0.725	0.299	0.390	0.845	0.706	0.396	0.341	0.940	0.698	0.369	0.333	0.893	0.664	0.467	0.194	0.835	0.667	0.468	0.220	0.837	0.753	0.083	0.707	0.789	
(45, 'Everton', 2021): 0.685	0.359	0.349	0.863	0.693	0.392	0.394	0.858	0.747	0.251	0.507	0.903	0.718	0.342	0.417	0.927	0.668	0.455	0.257	0.882	0.655	0.572	0.301	0.851	0.822	0.117	0.770	0.871	
(41, 'Southampton', 2021): 0.644	0.425	0.262	0.893	0.692	0.384	0.404	0.931	0.710	0.351	0.379	0.897	0.674	0.469	0.242	0.918	0.634	0.481	0.221	0.893	0.667	0.417	0.371	0.830	0.736	0.170	0.636	0.806	
(46, 'Leicester', 2021): 0.686	0.388	0.370	0.904	0.721	0.363	0.360	0.874	0.739	0.301	0.479	0.924	0.701	0.370	0.334	0.899	0.686	0.434	0.264	0.914	0.691	0.427	0.353	0.873	0.831	0.116	0.785	0.898	
(39, 'Wolves', 2021): 0.722	0.326	0.438	0.886	0.746	0.369	0.417	0.892	0.704	0.386	0.426	0.944	0.707	0.358	0.333	0.885	0.690	0.428	0.244	0.923	0.715	0.363	0.419	0.823	0.779	0.157	0.687	0.835	
(49, 'Chelsea', 2021): 0.722	0.369	0.444	0.917	0.762	0.343	0.484	0.901	0.740	0.333	0.498	0.928	0.727	0.370	0.314	0.953	0.714	0.442	0.314	0.930	0.724	0.478	0.381	0.909	0.832	0.073	0.795	0.866	
(52, 'Crystal Palace', 2021): 0.675	0.311	0.424	0.816	0.689	0.359	0.381	0.902	0.706	0.324	0.444	0.908	0.682	0.393	0.266	0.888	0.660	0.427	0.280	0.872	0.700	0.351	0.390	0.795	0.781	0.070	0.754	0.811	
(417, 'Waalwijk', 2021): 0.585	0.319	0.372	0.763	0.597	0.352	0.331	0.743	0.667	0.270	0.406	0.849	0.639	0.339	0.273	0.816	0.579	0.367	0.206	0.760	0.627	0.204	0.423	0.706	0.643	0.075	0.611	0.676	
(201, 'AZ Alkmaar', 2021): 0.653	0.346	0.339	0.832	0.679	0.282	0.449	0.817	0.730	0.309	0.457	0.929	0.704	0.344	0.406	0.903	0.642	0.421	0.238	0.842	0.671	0.232	0.445	0.764	0.696	0.052	0.680	0.725	
(9585, 'Real Sociedad II', 2021): 0.555	0.383	0.246	0.744	0.587	0.336	0.327	0.745	0.663	0.259	0.448	0.816	0.587	0.364	0.235	0.792	0.538	0.400	0.184	0.751	0.521	0.518	0.171	0.717	0.650	0.067	0.618	0.681	
(537, 'Leganes', 2021): 0.621	0.330	0.334	0.792	0.651	0.301	0.366	0.799	0.668	0.313	0.344	0.848	0.650	0.347	0.312	0.861	0.607	0.417	0.220	0.850	0.584	0.516	0.208	0.763	0.686	0.054	0.657	0.711	
(2934, 'Al-Ettifaq', 2021): 0.572	0.383	0.307	0.764	0.603	0.373	0.318	0.794	0.664	0.341	0.368	0.903	0.633	0.448	0.226	0.885	0.559	0.416	0.184	0.836	0.553	0.382	0.289	0.713	0.579	0.013	0.574	0.586	
(2926, 'Al Baten', 2021): 0.561	0.358	0.357	0.774	0.577	0.381	0.334	0.778	0.649	0.347	0.365	0.869	0.665	0.401	0.344	0.895	0.553	0.435	0.144	0.781	0.551	0.465	0.230	0.734	0.728	0.075	0.695	0.761	
(3589, 'Fatih Karagümrük', 2021): 0.636	0.371	0.275	0.850	0.680	0.308	0.411	0.842	0.671	0.409	0.357	0.927	0.661	0.389	0.250	0.873	0.614	0.447	0.244	0.857	0.582	0.578	0.234	0.796	0.725	0.057	0.701	0.756	
(3573, 'Gazişehir Gaziantep', 2021): 0.620	0.293	0.402	0.752	0.664	0.278	0.441	0.806	0.674	0.252	0.472	0.891	0.653	0.359	0.252	0.858	0.585	0.406	0.169	0.817	0.572	0.532	0.189	0.776	0.558	0.010	0.552	0.560	
(71, 'Norwich', 2021): 0.651	0.297	0.437	0.809	0.684	0.308	0.405	0.827	0.715	0.290	0.479	0.915	0.658	0.454	0.263	0.874	0.637	0.431	0.266	0.846	0.671	0.317	0.393	0.781	0.751	0.080	0.707	0.781	
(40, 'Liverpool', 2021): 0.750	0.340	0.432	0.919	0.782	0.300	0.519	0.919	0.782	0.369	0.444	0.942	0.757	0.318	0.404	0.951	0.751	0.415	0.317	0.919	0.782	0.358	0.490	0.927	0.867	0.067	0.837	0.898	
(165, 'Borussia Dortmund', 2021): 0.728	0.370	0.424	0.927	0.758	0.318	0.447	0.887	0.764	0.330	0.424	0.929	0.745	0.350	0.338	0.934	0.709	0.441	0.306	0.904	0.705	0.431	0.395	0.877	0.793	0.099	0.739	0.837	
(169, 'Eintracht Frankfurt', 2021): 0.666	0.343	0.384	0.905	0.697	0.344	0.379	0.860	0.738	0.274	0.515	0.892	0.724	0.294	0.488	0.907	0.686	0.396	0.330	0.873	0.673	0.416	0.364	0.842	0.816	0.074	0.783	0.851	
(206, 'Heracles', 2021): 0.571	0.364	0.345	0.749	0.601	0.375	0.332	0.761	0.671	0.354	0.411	0.901	0.605	0.444	0.243	0.879	0.550	0.402	0.221	0.751	0.574	0.394	0.261	0.713	0.681	0.094	0.639	0.730	
(197, 'PSV Eindhoven', 2021): 0.689	0.398	0.311	0.858	0.741	0.287	0.402	0.882	0.752	0.244	0.529	0.929	0.717	0.337	0.346	0.907	0.675	0.392	0.308	0.876	0.625	0.464	0.299	0.805	0.759	0.056	0.734	0.780	
(724, 'Cadiz', 2021): 0.650	0.361	0.360	0.830	0.681	0.299	0.403	0.812	0.709	0.254	0.497	0.863	0.696	0.404	0.254	0.913	0.625	0.434	0.213	0.847	0.612	0.473	0.272	0.766	0.741	0.149	0.661	0.805	
(539, 'Levante', 2021): 0.694	0.341	0.447	0.847	0.694	0.387	0.420	0.888	0.729	0.256	0.529	0.886	0.698	0.334	0.387	0.872	0.670	0.400	0.327	0.863	0.662	0.374	0.345	0.796	0.755	0.147	0.683	0.818	
(798, 'Mallorca', 2021): 0.647	0.354	0.376	0.818	0.667	0.363	0.357	0.842	0.705	0.324	0.360	0.909	0.680	0.380	0.305	0.922	0.623	0.431	0.216	0.853	0.640	0.469	0.270	0.811	0.736	0.084	0.701	0.776	
(543, 'Real Betis', 2021): 0.678	0.396	0.399	0.849	0.695	0.438	0.349	0.886	0.704	0.414	0.355	0.916	0.698	0.395	0.380	0.910	0.682	0.458	0.241	0.897	0.663	0.535	0.268	0.825	0.802	0.097	0.765	0.847	
(547, 'Girona', 2021): 0.632	0.335	0.382	0.819	0.672	0.244	0.453	0.793	0.667	0.417	0.296	0.888	0.650	0.388	0.292	0.891	0.608	0.413	0.254	0.873	0.592	0.413	0.248	0.746	0.733	0.023	0.722	0.743	
(9380, 'Amorebieta', 2021): 0.592	0.331	0.327	0.750	0.583	0.330	0.328	0.721	0.620	0.277	0.426	0.809	0.627	0.359	0.268	0.817	0.557	0.393	0.190	0.758	0.605	0.263	0.401	0.720	0.655	0.110	0.603	0.705	
(2932, 'Al-Hilal Saudi FC', 2021): 0.652	0.418	0.337	0.826	0.652	0.374	0.365	0.838	0.691	0.340	0.406	0.897	0.674	0.463	0.213	0.918	0.620	0.457	0.246	0.881	0.600	0.415	0.299	0.794	0.706	0.170	0.605	0.771	
(2942, 'Al Taee', 2021): 0.564	0.351	0.347	0.749	0.585	0.287	0.394	0.721	0.642	0.383	0.343	0.822	0.624	0.489	0.249	0.882	0.552	0.407	0.239	0.791	0.596	0.285	0.401	0.721	0.642	0.055	0.609	0.664	
(205, 'Fortuna Sittard', 2021): 0.607	0.283	0.276	0.733	0.638	0.269	0.395	0.751	0.674	0.310	0.405	0.891	0.670	0.315	0.343	0.856	0.600	0.405	0.161	0.805	0.548	0.492	0.166	0.736	0.695	0.064	0.666	0.725	
(415, 'Twente', 2021): 0.626	0.261	0.422	0.756	0.658	0.226	0.464	0.759	0.682	0.327	0.434	0.881	0.649	0.326	0.291	0.823	0.591	0.376	0.233	0.803	0.588	0.392	0.270	0.732	0.743	0.058	0.707	0.763	
(3566, 'Altay', 2021): 0.594	0.312	0.349	0.748	0.608	0.332	0.336	0.743	0.673	0.353	0.389	0.884	0.658	0.385	0.290	0.842	0.575	0.385	0.208	0.770	0.571	0.374	0.304	0.718	0.665	0.110	0.612	0.715	
(1001, 'Kayserispor', 2021): 0.608	0.426	0.232	0.778	0.610	0.344	0.354	0.767	0.671	0.293	0.390	0.853	0.643	0.409	0.302	0.858	0.590	0.412	0.186	0.763	0.547	0.614	0.145	0.746	0.701	0.093	0.649	0.729	
(3575, 'Hatayspor', 2021): 0.630	0.305	0.351	0.792	0.643	0.339	0.365	0.816	0.689	0.347	0.373	0.885	0.669	0.388	0.256	0.902	0.598	0.417	0.221	0.828	0.566	0.452	0.227	0.714	0.710	0.072	0.673	0.743	
(1004, 'Kasimpasa', 2021): 0.601	0.354	0.314	0.804	0.635	0.325	0.377	0.796	0.682	0.336	0.386	0.899	0.640	0.402	0.259	0.901	0.593	0.408	0.166	0.782	0.582	0.400	0.251	0.742	0.633	0.026	0.625	0.647	
(194, 'Ajax', 2021): 0.728	0.360	0.429	0.879	0.721	0.414	0.392	0.879	0.732	0.296	0.440	0.875	0.743	0.314	0.421	0.919	0.718	0.417	0.363	0.892	0.698	0.457	0.316	0.840	0.736	0.152	0.663	0.833	
(413, 'NEC Nijmegen', 2021): 0.595	0.389	0.296	0.844	0.654	0.374	0.345	0.867	0.681	0.359	0.346	0.873	0.614	0.391	0.233	0.837	0.572	0.422	0.196	0.783	0.607	0.245	0.388	0.688	0.670	0.087	0.635	0.713	
(542, 'Alaves', 2021): 0.628	0.435	0.301	0.818	0.660	0.310	0.417	0.785	0.650	0.363	0.363	0.859	0.668	0.380	0.317	0.864	0.622	0.468	0.225	0.894	0.649	0.526	0.245	0.826	0.780	0.125	0.704	0.821	
(541, 'Real Madrid', 2021): 0.747	0.337	0.507	0.932	0.802	0.248	0.605	0.934	0.792	0.283	0.550	0.952	0.751	0.391	0.309	0.913	0.735	0.437	0.246	0.927	0.787	0.215	0.609	0.884	0.845	0.158	0.745	0.892	
(727, 'Osasuna', 2021): 0.650	0.361	0.396	0.832	0.651	0.409	0.344	0.806	0.680	0.349	0.322	0.875	0.665	0.369	0.257	0.873	0.631	0.400	0.285	0.859	0.620	0.492	0.294	0.806	0.666	0.006	0.663	0.669	
(540, 'Espanyol', 2021): 0.697	0.295	0.463	0.835	0.723	0.306	0.422	0.826	0.739	0.274	0.488	0.901	0.716	0.331	0.388	0.878	0.676	0.390	0.314	0.846	0.687	0.360	0.390	0.797	0.759	0.100	0.705	0.800	
(4907, 'Ponferradina', 2021): 0.590	0.375	0.306	0.779	0.621	0.327	0.337	0.779	0.666	0.274	0.417	0.822	0.659	0.375	0.260	0.858	0.577	0.390	0.196	0.785	0.571	0.488	0.221	0.726	0.714	0.053	0.686	0.732	
(711, 'Alcorcon', 2021): 0.576	0.315	0.367	0.740	0.606	0.272	0.388	0.754	0.618	0.284	0.401	0.816	0.646	0.345	0.301	0.887	0.570	0.381	0.204	0.786	0.561	0.364	0.291	0.699	0.673	0.061	0.646	0.702	
(420, 'Cambuur', 2021): 0.586	0.275	0.404	0.742	0.620	0.322	0.311	0.749	0.659	0.323	0.393	0.891	0.621	0.414	0.224	0.879	0.564	0.389	0.216	0.763	0.610	0.277	0.389	0.706	0.652	0.092	0.594	0.679	
(202, 'Groningen', 2021): 0.587	0.322	0.358	0.805	0.611	0.346	0.345	0.768	0.669	0.286	0.457	0.855	0.637	0.364	0.298	0.841	0.586	0.358	0.250	0.761	0.561	0.435	0.235	0.736	0.679	0.089	0.646	0.727	
(193, 'PEC Zwolle', 2021): 0.557	0.333	0.319	0.717	0.589	0.297	0.395	0.723	0.670	0.292	0.422	0.869	0.625	0.358	0.278	0.878	0.570	0.356	0.209	0.766	0.614	0.212	0.434	0.692	0.703	0.145	0.641	0.766	
(200, 'Vitesse', 2021): 0.642	0.229	0.482	0.786	0.644	0.313	0.351	0.794	0.705	0.297	0.456	0.941	0.699	0.373	0.283	0.923	0.609	0.461	0.164	0.816	0.663	0.285	0.423	0.753	0.658	0.094	0.619	0.701	
(207, 'Utrecht', 2021): 0.648	0.299	0.346	0.793	0.696	0.297	0.443	0.808	0.690	0.375	0.327	0.878	0.668	0.381	0.307	0.873	0.627	0.355	0.255	0.830	0.630	0.307	0.367	0.752	0.670	0.069	0.635	0.698	
(426, 'Sparta Rotterdam', 2021): 0.591	0.326	0.267	0.726	0.621	0.291	0.317	0.749	0.620	0.407	0.325	0.864	0.662	0.387	0.275	0.848	0.601	0.394	0.283	0.858	0.578	0.351	0.291	0.689	0.695	0.093	0.661	0.743	
(34, 'Newcastle', 2021): 0.665	0.356	0.351	0.848	0.704	0.342	0.390	0.904	0.702	0.377	0.407	0.952	0.697	0.352	0.285	0.871	0.665	0.421	0.206	0.837	0.625	0.496	0.228	0.790	0.777	0.053	0.751	0.797	
(48, 'West Ham', 2021): 0.701	0.339	0.425	0.847	0.732	0.245	0.517	0.837	0.719	0.313	0.477	0.892	0.715	0.406	0.322	0.934	0.687	0.386	0.323	0.865	0.680	0.533	0.257	0.840	0.806	0.137	0.716	0.836	
(164, 'FSV Mainz 05', 2021): 0.629	0.349	0.353	0.794	0.659	0.339	0.373	0.815	0.690	0.389	0.355	0.899	0.677	0.424	0.294	0.905	0.624	0.396	0.304	0.851	0.641	0.404	0.331	0.787	0.723	0.189	0.614	0.802	
(173, 'RB Leipzig', 2021): 0.701	0.423	0.347	0.870	0.752	0.379	0.339	0.883	0.748	0.315	0.494	0.911	0.709	0.431	0.294	0.914	0.695	0.401	0.319	0.873	0.672	0.517	0.254	0.865	0.835	0.085	0.782	0.861	
(195, 'Willem II', 2021): 0.571	0.270	0.356	0.738	0.606	0.273	0.358	0.729	0.720	0.314	0.455	0.923	0.647	0.348	0.328	0.862	0.559	0.373	0.225	0.846	0.614	0.340	0.348	0.756	0.695	0.087	0.656	0.734	
(209, 'Feyenoord', 2021): 0.689	0.289	0.407	0.833	0.702	0.273	0.428	0.847	0.748	0.267	0.533	0.940	0.715	0.374	0.409	0.917	0.658	0.356	0.285	0.849	0.691	0.275	0.499	0.828	0.746	0.097	0.698	0.787	
(731, 'Sporting Gijon', 2021): 0.609	0.391	0.318	0.791	0.670	0.315	0.395	0.820	0.697	0.352	0.363	0.903	0.663	0.435	0.315	0.903	0.597	0.382	0.272	0.832	0.582	0.396	0.316	0.739	0.734	0.101	0.685	0.780	
(9580, 'Burgos', 2021): 0.551	0.390	0.258	0.706	0.572	0.340	0.307	0.714	0.634	0.367	0.333	0.866	0.613	0.447	0.233	0.862	0.548	0.417	0.214	0.772	0.600	0.317	0.331	0.690	0.665	0.086	0.625	0.712	
(47, 'Tottenham', 2021): 0.723	0.378	0.459	0.947	0.758	0.287	0.440	0.884	0.736	0.355	0.381	0.939	0.742	0.367	0.338	0.933	0.714	0.433	0.361	0.946	0.710	0.461	0.320	0.848	0.826	0.263	0.657	0.894	
(50, 'Manchester City', 2021): 0.739	0.393	0.406	0.928	0.803	0.291	0.553	0.935	0.789	0.331	0.553	0.956	0.741	0.410	0.271	0.937	0.731	0.450	0.318	0.942	0.722	0.482	0.357	0.898	0.881	0.107	0.826	0.937	
(192, '1.FC Köln', 2021): 0.677	0.292	0.426	0.856	0.693	0.286	0.441	0.813	0.690	0.273	0.475	0.870	0.695	0.337	0.321	0.891	0.636	0.451	0.168	0.835	0.639	0.476	0.258	0.792	0.738	0.132	0.665	0.781	
(159, 'Hertha BSC', 2021): 0.644	0.358	0.359	0.807	0.652	0.423	0.332	0.835	0.706	0.230	0.522	0.884	0.695	0.406	0.249	0.937	0.630	0.475	0.179	0.899	0.678	0.465	0.289	0.812	0.713	0.123	0.643	0.765	
(538, 'Celta Vigo', 2021): 0.706	0.320	0.455	0.896	0.743	0.289	0.495	0.876	0.731	0.285	0.437	0.917	0.672	0.401	0.198	0.913	0.644	0.469	0.203	0.887	0.635	0.459	0.284	0.825	0.766	0.067	0.738	0.795	
(530, 'Atletico Madrid', 2021): 0.756	0.302	0.505	0.901	0.795	0.240	0.583	0.893	0.771	0.306	0.478	0.923	0.751	0.404	0.344	0.925	0.721	0.488	0.250	0.911	0.723	0.468	0.363	0.894	0.878	0.144	0.788	0.923	
(564, 'Istanbul Basaksehir', 2021): 0.651	0.298	0.429	0.813	0.700	0.261	0.445	0.827	0.690	0.326	0.414	0.875	0.710	0.349	0.293	0.928	0.646	0.377	0.220	0.811	0.625	0.361	0.338	0.765	0.704	0.094	0.661	0.751	
(996, 'Alanyaspor', 2021): 0.611	0.374	0.338	0.795	0.641	0.388	0.320	0.812	0.667	0.366	0.364	0.932	0.639	0.426	0.266	0.881	0.594	0.428	0.230	0.830	0.557	0.421	0.296	0.755	0.701	0.083	0.657	0.737	
(718, 'Oviedo', 2021): 0.595	0.401	0.251	0.795	0.606	0.388	0.311	0.759	0.674	0.366	0.349	0.881	0.649	0.380	0.323	0.899	0.600	0.372	0.233	0.790	0.572	0.470	0.196	0.740	0.643	0.217	0.515	0.727	
(716, 'Lugo', 2021): 0.597	0.322	0.237	0.734	0.605	0.329	0.312	0.781	0.638	0.342	0.309	0.893	0.626	0.409	0.240	0.865	0.560	0.412	0.204	0.794	0.557	0.462	0.195	0.713	0.678	0.080	0.641	0.713	
(529, 'Barcelona', 2021): 0.706	0.388	0.424	0.931	0.744	0.318	0.442	0.895	0.726	0.421	0.371	0.934	0.689	0.378	0.359	0.893	0.695	0.451	0.278	0.914	0.721	0.378	0.423	0.860	0.876	0.052	0.853	0.903	
(548, 'Real Sociedad', 2021): 0.709	0.364	0.422	0.885	0.729	0.332	0.422	0.889	0.726	0.301	0.404	0.896	0.692	0.417	0.221	0.880	0.651	0.530	0.207	0.898	0.699	0.457	0.290	0.846	0.810	0.108	0.746	0.843	
(1005, 'Antalyaspor', 2021): 0.625	0.309	0.362	0.799	0.654	0.352	0.381	0.818	0.711	0.284	0.421	0.861	0.662	0.356	0.358	0.873	0.600	0.428	0.175	0.808	0.578	0.502	0.270	0.773	0.709	0.067	0.675	0.733	
(994, 'Goztepe', 2021): 0.609	0.322	0.321	0.767	0.642	0.350	0.326	0.800	0.670	0.367	0.363	0.895	0.649	0.403	0.254	0.901	0.596	0.403	0.207	0.780	0.633	0.311	0.341	0.738	0.702	0.076	0.671	0.740	
(3563, 'Adana Demirspor', 2021): 0.656	0.217	0.505	0.786	0.677	0.284	0.416	0.801	0.670	0.370	0.396	0.927	0.676	0.400	0.286	0.923	0.613	0.448	0.292	0.888	0.620	0.432	0.248	0.771	0.700	0.089	0.659	0.743	
(611, 'Fenerbahce', 2021): 0.655	0.316	0.415	0.829	0.703	0.309	0.388	0.840	0.726	0.265	0.493	0.923	0.677	0.413	0.300	0.899	0.629	0.452	0.215	0.853	0.612	0.468	0.295	0.789	0.730	0.124	0.673	0.791	
(534, 'Las Palmas', 2021): 0.593	0.316	0.359	0.752	0.636	0.306	0.385	0.787	0.686	0.311	0.403	0.844	0.624	0.423	0.234	0.872	0.585	0.367	0.282	0.768	0.579	0.414	0.280	0.742	0.688	0.097	0.628	0.721	
(720, 'Valladolid', 2021): 0.650	0.385	0.336	0.818	0.682	0.300	0.451	0.818	0.730	0.317	0.347	0.884	0.682	0.366	0.343	0.874	0.646	0.397	0.262	0.829	0.644	0.353	0.379	0.774	0.735	0.076	0.694	0.764	
(4906, 'Fuenlabrada', 2021): 0.584	0.426	0.253	0.880	0.605	0.459	0.244	0.865	0.672	0.276	0.444	0.902	0.627	0.438	0.253	0.863	0.566	0.439	0.217	0.812	0.551	0.448	0.224	0.709	0.633	0.037	0.617	0.652	
(719, 'Tenerife', 2021): 0.613	0.319	0.380	0.782	0.642	0.294	0.369	0.788	0.695	0.261	0.485	0.868	0.672	0.350	0.317	0.897	0.592	0.379	0.209	0.778	0.546	0.456	0.199	0.706	0.699	0.104	0.655	0.741	
(536, 'Sevilla', 2021): 0.728	0.335	0.426	0.882	0.773	0.297	0.497	0.887	0.751	0.291	0.519	0.922	0.733	0.394	0.344	0.923	0.724	0.400	0.309	0.885	0.724	0.444	0.329	0.860	0.801	0.071	0.763	0.833	
(728, 'Rayo Vallecano', 2021): 0.621	0.400	0.292	0.803	0.647	0.376	0.347	0.806	0.737	0.339	0.495	0.937	0.690	0.394	0.312	0.926	0.629	0.407	0.231	0.806	0.624	0.455	0.239	0.770	0.740	0.058	0.709	0.761	
(999, 'Yeni Malatyaspor', 2021): 0.597	0.343	0.333	0.747	0.632	0.307	0.329	0.749	0.672	0.349	0.359	0.865	0.627	0.439	0.209	0.921	0.563	0.459	0.175	0.773	0.566	0.527	0.217	0.736	0.670	0.087	0.622	0.701	
(998, 'Trabzonspor', 2021): 0.678	0.303	0.397	0.834	0.702	0.289	0.461	0.843	0.724	0.307	0.428	0.923	0.717	0.358	0.254	0.913	0.644	0.444	0.242	0.841	0.627	0.446	0.312	0.795	0.777	0.105	0.725	0.822	
(1002, 'Sivasspor', 2021): 0.637	0.276	0.403	0.786	0.662	0.295	0.416	0.810	0.676	0.317	0.451	0.864	0.674	0.365	0.271	0.867	0.604	0.425	0.212	0.810	0.595	0.454	0.259	0.744	0.673	0.114	0.610	0.723	
(607, 'Konyaspor', 2021): 0.595	0.328	0.316	0.744	0.633	0.287	0.351	0.758	0.675	0.356	0.362	0.900	0.638	0.402	0.258	0.897	0.575	0.400	0.231	0.777	0.550	0.504	0.205	0.752	0.705	0.092	0.663	0.750	
(533, 'Villarreal', 2021): 0.719	0.333	0.436	0.922	0.747	0.323	0.459	0.902	0.707	0.345	0.375	0.892	0.707	0.367	0.394	0.885	0.683	0.452	0.262	0.895	0.695	0.503	0.321	0.885	0.807	0.031	0.793	0.820	
(715, 'Granada CF', 2021): 0.671	0.334	0.455	0.846	0.684	0.269	0.476	0.824	0.680	0.462	0.346	0.903	0.679	0.412	0.253	0.877	0.663	0.411	0.306	0.848	0.614	0.667	0.178	0.830	0.756	0.126	0.679	0.801	
(535, 'Malaga', 2021): 0.593	0.365	0.307	0.780	0.606	0.336	0.344	0.778	0.677	0.374	0.351	0.889	0.640	0.386	0.269	0.867	0.586	0.378	0.203	0.775	0.545	0.578	0.175	0.732	0.701	0.061	0.674	0.736	
(799, 'Mirandes', 2021): 0.568	0.339	0.333	0.733	0.594	0.334	0.352	0.738	0.678	0.253	0.452	0.872	0.577	0.404	0.235	0.852	0.543	0.367	0.194	0.730	0.567	0.367	0.256	0.724	0.673	0.065	0.633	0.693	
(3574, 'Giresunspor', 2021): 0.575	0.365	0.294	0.761	0.593	0.356	0.314	0.745	0.680	0.329	0.457	0.884	0.635	0.377	0.285	0.849	0.562	0.419	0.197	0.801	0.584	0.478	0.246	0.716	0.673	0.104	0.619	0.716	
(645, 'Galatasaray', 2021): 0.630	0.313	0.419	0.813	0.664	0.304	0.415	0.798	0.733	0.287	0.491	0.905	0.691	0.379	0.384	0.916	0.627	0.376	0.231	0.800	0.609	0.446	0.275	0.779	0.744	0.113	0.686	0.794	
(797, 'Elche', 2021): 0.655	0.313	0.410	0.827	0.698	0.244	0.424	0.819	0.677	0.380	0.342	0.901	0.697	0.329	0.359	0.873	0.647	0.337	0.330	0.814	0.614	0.421	0.323	0.770	0.759	0.061	0.739	0.793	
(531, 'Athletic Club', 2021): 0.669	0.365	0.410	0.890	0.716	0.329	0.414	0.877	0.727	0.382	0.395	0.944	0.714	0.355	0.290	0.922	0.663	0.466	0.191	0.866	0.658	0.531	0.228	0.848	0.797	0.109	0.746	0.838	
(5262, 'FC Cartagena', 2021): 0.632	0.268	0.341	0.764	0.681	0.220	0.448	0.788	0.668	0.411	0.332	0.917	0.661	0.431	0.224	0.918	0.622	0.417	0.234	0.796	0.612	0.409	0.248	0.738	0.678	0.003	0.677	0.680	
(723, 'Almeria', 2021): 0.624	0.330	0.341	0.802	0.641	0.384	0.330	0.821	0.700	0.360	0.379	0.901	0.664	0.376	0.372	0.892	0.594	0.414	0.198	0.806	0.609	0.414	0.304	0.759	0.722	0.065	0.687	0.746	
(512, 'Frosinone', 2021): 0.603	0.326	0.398	0.753	0.641	0.275	0.444	0.736	0.734	0.263	0.562	0.882	0.624	0.319	0.415	0.822	0.614	0.309	0.362	0.737	0.545	0.326	0.361	0.692	0.566	0.092	0.522	0.596	
(523, 'Parma', 2021): 0.602	0.406	0.277	0.817	0.613	0.386	0.297	0.824	0.660	0.348	0.319	0.899	0.643	0.337	0.387	0.829	0.584	0.398	0.211	0.805	0.606	0.224	0.438	0.716	0.765	0.149	0.712	0.856	
(504, 'Verona', 2021): 0.679	0.320	0.384	0.837	0.722	0.282	0.439	0.843	0.715	0.279	0.487	0.917	0.678	0.396	0.307	0.863	0.632	0.451	0.191	0.814	0.701	0.198	0.567	0.792	0.725	0.073	0.696	0.764	
(488, 'Sassuolo', 2021): 0.688	0.340	0.300	0.847	0.724	0.271	0.472	0.875	0.723	0.328	0.446	0.935	0.671	0.391	0.195	0.858	0.613	0.514	0.186	0.854	0.630	0.403	0.304	0.775	0.791	0.115	0.717	0.821	
(505, 'Inter', 2021): 0.743	0.315	0.443	0.883	0.761	0.338	0.368	0.889	0.747	0.321	0.481	0.904	0.736	0.424	0.274	0.953	0.718	0.441	0.304	0.899	0.757	0.349	0.494	0.917	0.821	0.242	0.672	0.904	
(495, 'Genoa', 2021): 0.629	0.343	0.368	0.804	0.667	0.301	0.396	0.808	0.668	0.280	0.427	0.866	0.647	0.448	0.229	0.893	0.623	0.437	0.184	0.854	0.660	0.435	0.275	0.798	0.798	0.090	0.757	0.843	
(510, 'Cittadella', 2021): 0.586	0.264	0.399	0.700	0.618	0.268	0.450	0.726	0.689	0.307	0.523	0.845	0.627	0.264	0.461	0.768	0.558	0.372	0.271	0.706	0.517	0.425	0.245	0.643	0.647	0.020	0.635	0.654	
(503, 'Torino', 2021): 0.660	0.341	0.385	0.842	0.698	0.306	0.397	0.848	0.710	0.215	0.530	0.869	0.677	0.337	0.272	0.834	0.632	0.440	0.225	0.834	0.704	0.267	0.453	0.822	0.718	0.098	0.680	0.774	
(499, 'Atalanta', 2021): 0.713	0.301	0.418	0.872	0.715	0.385	0.299	0.878	0.704	0.328	0.426	0.908	0.711	0.441	0.292	0.937	0.688	0.494	0.191	0.881	0.738	0.307	0.442	0.846	0.804	0.122	0.739	0.858	
(511, 'Empoli', 2021): 0.615	0.334	0.363	0.783	0.647	0.311	0.367	0.794	0.695	0.253	0.431	0.860	0.666	0.347	0.287	0.893	0.603	0.416	0.156	0.837	0.673	0.181	0.543	0.770	0.730	0.103	0.672	0.765	
(487, 'Lazio', 2021): 0.712	0.377	0.331	0.922	0.752	0.336	0.470	0.903	0.744	0.360	0.360	0.919	0.709	0.414	0.281	0.910	0.695	0.432	0.224	0.922	0.730	0.325	0.481	0.867	0.790	0.048	0.765	0.807	
(518, 'Brescia', 2021): 0.614	0.253	0.390	0.749	0.622	0.234	0.397	0.741	0.678	0.217	0.512	0.868	0.654	0.275	0.384	0.843	0.602	0.293	0.288	0.747	0.632	0.237	0.394	0.741	0.712	0.043	0.688	0.729	
(1579, 'Monza', 2021): 0.592	0.371	0.317	0.772	0.632	0.332	0.343	0.776	0.670	0.296	0.392	0.860	0.628	0.358	0.332	0.838	0.600	0.413	0.177	0.869	0.603	0.398	0.275	0.741	0.714	0.085	0.665	0.744	
(494, 'Udinese', 2021): 0.656	0.312	0.383	0.809	0.678	0.359	0.334	0.848	0.655	0.409	0.334	0.895	0.653	0.400	0.220	0.860	0.619	0.488	0.175	0.801	0.664	0.407	0.285	0.791	0.771	0.209	0.636	0.823	
(496, 'Juventus', 2021): 0.738	0.307	0.477	0.884	0.755	0.364	0.432	0.927	0.754	0.297	0.541	0.936	0.761	0.296	0.478	0.928	0.702	0.449	0.243	0.906	0.772	0.278	0.547	0.901	0.831	0.157	0.735	0.877	
(500, 'Bologna', 2021): 0.673	0.359	0.322	0.816	0.695	0.343	0.365	0.832	0.705	0.304	0.462	0.918	0.699	0.356	0.352	0.908	0.636	0.465	0.221	0.868	0.637	0.487	0.192	0.781	0.725	0.277	0.551	0.816	
(514, 'Salernitana', 2021): 0.588	0.375	0.335	0.816	0.629	0.353	0.347	0.834	0.634	0.380	0.320	0.857	0.634	0.414	0.271	0.914	0.578	0.463	0.198	0.800	0.631	0.401	0.341	0.782	0.722	0.083	0.677	0.755	
(501, 'Crotone', 2021): 0.563	0.361	0.265	0.746	0.575	0.404	0.262	0.755	0.650	0.365	0.377	0.902	0.610	0.401	0.300	0.852	0.541	0.404	0.150	0.739	0.604	0.266	0.412	0.716	0.616	0.095	0.567	0.659	
(895, 'Como', 2021): 0.620	0.255	0.421	0.749	0.600	0.314	0.373	0.741	0.653	0.244	0.454	0.788	0.637	0.381	0.319	0.894	0.544	0.459	0.165	0.742	0.647	0.213	0.525	0.726	0.650	0.021	0.642	0.658	
(506, 'Benevento', 2021): 0.616	0.338	0.344	0.763	0.638	0.337	0.315	0.758	0.691	0.328	0.401	0.920	0.632	0.396	0.250	0.842	0.584	0.441	0.192	0.836	0.614	0.409	0.262	0.754	0.698	0.052	0.674	0.716	
(520, 'Cremonese', 2021): 0.602	0.269	0.420	0.744	0.645	0.286	0.405	0.749	0.636	0.249	0.502	0.800	0.604	0.388	0.278	0.809	0.541	0.446	0.192	0.731	0.478	0.459	0.224	0.678	0.657	0.112	0.590	0.705	
(867, 'Lecce', 2021): 0.555	0.373	0.266	0.765	0.599	0.357	0.291	0.747	0.664	0.297	0.421	0.895	0.601	0.418	0.259	0.917	0.563	0.399	0.214	0.775	0.578	0.406	0.294	0.741	0.699	0.060	0.670	0.723	
(801, 'Pisa', 2021): 0.580	0.304	0.389	0.734	0.628	0.259	0.420	0.740	0.675	0.202	0.528	0.826	0.627	0.423	0.241	0.837	0.591	0.393	0.248	0.760	0.620	0.321	0.396	0.760	0.619	0.005	0.616	0.621	
(493, 'Spal', 2021): 0.579	0.313	0.337	0.763	0.632	0.335	0.374	0.789	0.636	0.267	0.390	0.789	0.601	0.426	0.212	0.828	0.555	0.471	0.186	0.772	0.625	0.401	0.317	0.776	0.613	0.088	0.571	0.653	
(492, 'Napoli', 2021): 0.706	0.354	0.399	0.868	0.761	0.339	0.482	0.923	0.769	0.361	0.402	0.941	0.708	0.450	0.208	0.939	0.681	0.451	0.270	0.882	0.698	0.495	0.285	0.893	0.787	0.123	0.724	0.840	
(517, 'Venezia', 2021): 0.598	0.376	0.309	0.799	0.630	0.382	0.304	0.806	0.696	0.303	0.444	0.906	0.633	0.441	0.209	0.902	0.592	0.431	0.208	0.810	0.634	0.309	0.405	0.796	0.723	0.078	0.683	0.758	
(497, 'AS Roma', 2021): 0.698	0.369	0.353	0.869	0.690	0.424	0.348	0.857	0.720	0.363	0.355	0.895	0.710	0.409	0.263	0.880	0.676	0.471	0.214	0.875	0.717	0.300	0.474	0.819	0.813	0.064	0.778	0.838	
(502, 'Fiorentina', 2021): 0.675	0.353	0.368	0.839	0.700	0.356	0.350	0.845	0.725	0.258	0.419	0.899	0.689	0.372	0.334	0.865	0.653	0.455	0.224	0.863	0.689	0.381	0.361	0.806	0.717	0.118	0.658	0.767	
(490, 'Cagliari', 2021): 0.642	0.333	0.365	0.850	0.662	0.340	0.352	0.807	0.646	0.326	0.353	0.862	0.648	0.449	0.249	0.897	0.613	0.440	0.188	0.825	0.662	0.307	0.368	0.789	0.796	0.118	0.730	0.845	
(515, 'Spezia', 2021): 0.603	0.305	0.376	0.758	0.625	0.372	0.376	0.792	0.668	0.341	0.406	0.897	0.640	0.392	0.223	0.861	0.580	0.430	0.151	0.754	0.656	0.223	0.485	0.742	0.737	0.077	0.693	0.765	
(498, 'Sampdoria', 2021): 0.692	0.326	0.463	0.863	0.718	0.286	0.465	0.854	0.702	0.290	0.438	0.874	0.680	0.418	0.301	0.918	0.640	0.493	0.154	0.863	0.686	0.209	0.506	0.791	0.747	0.097	0.714	0.795	
(489, 'AC Milan', 2021): 0.697	0.340	0.360	0.893	0.739	0.275	0.483	0.870	0.757	0.320	0.446	0.939	0.714	0.359	0.408	0.924	0.675	0.498	0.231	0.905	0.662	0.624	0.217	0.875	0.835	0.057	0.809	0.862	
(1584, 'Vicenza Virtus', 2021): 0.595	0.312	0.405	0.742	0.617	0.283	0.414	0.721	0.677	0.223	0.558	0.818	0.644	0.309	0.403	0.835	0.570	0.394	0.236	0.762	0.573	0.279	0.393	0.682	0.633	0.031	0.614	0.644	
(862, 'Pordenone', 2021): 0.583	0.309	0.399	0.709	0.573	0.328	0.393	0.701	0.647	0.277	0.457	0.810	0.594	0.342	0.357	0.749	0.527	0.420	0.237	0.719	0.581	0.279	0.423	0.676	0.598	0.014	0.593	0.606	
(1692, 'Reggina', 2021): 0.630	0.276	0.442	0.734	0.653	0.279	0.465	0.756	0.661	0.319	0.478	0.791	0.674	0.392	0.434	0.895	0.635	0.391	0.296	0.805	0.677	0.164	0.575	0.735	0.549	0.087	0.512	0.587	
(516, 'Ternana', 2021): 0.608	0.313	0.375	0.734	0.642	0.195	0.513	0.710	0.649	0.374	0.366	0.824	0.674	0.379	0.356	0.865	0.573	0.461	0.217	0.756	0.665	0.112	0.591	0.713	0.652	0.012	0.646	0.657	
(524, 'Perugia', 2021): 0.613	0.271	0.376	0.747	0.601	0.339	0.405	0.763	0.635	0.265	0.454	0.785	0.637	0.280	0.410	0.823	0.575	0.354	0.250	0.714	0.653	0.134	0.580	0.707	0.703	0.049	0.677	0.727	
(10137, 'Cosenza', 2021): 0.567	0.313	0.374	0.771	0.628	0.312	0.428	0.758	0.653	0.287	0.483	0.843	0.595	0.371	0.341	0.801	0.550	0.406	0.211	0.736	0.631	0.253	0.446	0.727	0.663	0.056	0.632	0.686	
(507, 'Ascoli', 2021): 0.579	0.293	0.426	0.723	0.633	0.241	0.466	0.731	0.582	0.417	0.343	0.768	0.643	0.351	0.388	0.878	0.582	0.432	0.245	0.856	0.663	0.253	0.506	0.771	0.689	0.034	0.671	0.701	
(878, 'Alessandria', 2021): 0.590	0.236	0.484	0.725	0.626	0.268	0.488	0.731	0.673	0.232	0.552	0.804	0.537	0.512	0.214	0.727	0.522	0.413	0.256	0.706	0.450	0.228	0.342	0.537	0.606	0.001	0.606	0.607	
(945, 'Melbourne City', 2021): 0.600	0.267	0.384	0.782	0.618	0.238	0.430	0.723	0.698	0.272	0.483	0.855	0.684	0.381	0.337	0.901	0.601	0.317	0.304	0.823	0.585	0.281	0.373	0.752	0.633	0.094	0.581	0.674	
(947, 'Brisbane Roar', 2021): 0.521	0.321	0.303	0.709	0.553	0.333	0.326	0.697	0.677	0.301	0.469	0.885	0.612	0.468	0.188	0.891	0.529	0.346	0.210	0.779	0.527	0.411	0.190	0.671	0.567	0.061	0.532	0.590	
(15516, 'ATK Mohun Bagan', 2021): 0.527	0.339	0.219	0.717	0.519	0.340	0.313	0.693	0.668	0.341	0.462	0.890	0.669	0.463	0.294	0.902	0.558	0.426	0.216	0.809	0.503	0.394	0.293	0.662	0.683	0.000	0.683	0.683	
(3477, 'Kerala Blasters', 2021): 0.507	0.333	0.336	0.705	0.536	0.287	0.365	0.736	0.665	0.383	0.401	0.917	0.582	0.413	0.296	0.841	0.486	0.353	0.245	0.697	0.472	0.273	0.255	0.611	0.523	0.100	0.468	0.576	
(939, 'Western Sydney Wanderers', 2021): 0.562	0.347	0.334	0.728	0.606	0.322	0.329	0.732	0.673	0.317	0.386	0.845	0.624	0.504	0.190	0.890	0.562	0.368	0.240	0.814	0.570	0.290	0.348	0.733	0.640	0.027	0.629	0.654	
(943, 'Sydney', 2021): 0.589	0.279	0.395	0.755	0.591	0.335	0.331	0.758	0.658	0.398	0.325	0.901	0.647	0.492	0.211	0.921	0.569	0.405	0.231	0.835	0.562	0.398	0.232	0.745	0.634	0.066	0.598	0.653	
(7573, 'Western United', 2021): 0.550	0.371	0.281	0.752	0.597	0.288	0.385	0.756	0.649	0.477	0.332	0.924	0.646	0.484	0.228	0.925	0.575	0.368	0.252	0.857	0.569	0.400	0.247	0.724	0.665	0.073	0.636	0.707	
(944, 'Melbourne Victory', 2021): 0.552	0.329	0.293	0.732	0.590	0.304	0.329	0.731	0.646	0.406	0.320	0.884	0.618	0.461	0.251	0.900	0.545	0.394	0.114	0.775	0.523	0.474	0.199	0.710	0.659	0.092	0.605	0.694	
(940, 'Perth Glory', 2021): 0.525	0.295	0.341	0.714	0.570	0.268	0.376	0.724	0.665	0.278	0.438	0.840	0.625	0.444	0.205	0.911	0.534	0.354	0.210	0.780	0.525	0.328	0.268	0.659	0.608	0.046	0.587	0.630	
(948, 'Adelaide United', 2021): 0.556	0.272	0.358	0.734	0.574	0.285	0.363	0.724	0.652	0.390	0.358	0.879	0.617	0.445	0.224	0.900	0.551	0.399	0.195	0.845	0.542	0.365	0.258	0.750	0.609	0.081	0.573	0.643	
(3472, 'Bengaluru', 2021): 0.517	0.406	0.269	0.734	0.539	0.366	0.286	0.684	0.645	0.366	0.399	0.852	0.626	0.474	0.239	0.888	0.535	0.435	0.163	0.747	0.470	0.537	0.174	0.697	0.683	0.000	0.683	0.683	
(3479, 'NorthEast United', 2021): 0.517	0.320	0.313	0.684	0.541	0.339	0.309	0.703	0.642	0.346	0.403	0.862	0.614	0.408	0.301	0.892	0.513	0.387	0.167	0.794	0.447	0.509	0.146	0.686	0.520	0.094	0.470	0.564	
(946, 'Newcastle Jets', 2021): 0.550	0.272	0.355	0.729	0.562	0.323	0.310	0.714	0.664	0.381	0.341	0.883	0.607	0.423	0.192	0.838	0.523	0.379	0.194	0.777	0.531	0.271	0.346	0.646	0.599	0.038	0.585	0.617	
(941, 'Central Coast Mariners', 2021): 0.521	0.340	0.254	0.678	0.547	0.337	0.267	0.716	0.669	0.296	0.431	0.909	0.572	0.497	0.185	0.849	0.507	0.373	0.248	0.749	0.523	0.334	0.283	0.714	0.673	0.077	0.632	0.703	
(15550, 'Macarthur', 2021): 0.543	0.290	0.347	0.729	0.564	0.292	0.354	0.711	0.647	0.289	0.434	0.853	0.630	0.383	0.267	0.865	0.552	0.317	0.249	0.753	0.543	0.297	0.354	0.718	0.647	0.113	0.583	0.688	
(942, 'Wellington Phoenix', 2021): 0.553	0.307	0.303	0.703	0.588	0.293	0.303	0.754	0.669	0.308	0.489	0.898	0.629	0.374	0.222	0.873	0.568	0.293	0.281	0.831	0.554	0.244	0.342	0.672	0.554	0.015	0.548	0.562	
(3463, 'East Bengal', 2021): 0.482	0.334	0.213	0.684	0.480	0.309	0.307	0.680	0.608	0.307	0.395	0.803	0.589	0.465	0.250	0.876	0.477	0.396	0.134	0.762	0.473	0.464	0.152	0.655	0.538	0.022	0.528	0.548	
(3476, 'Jamshedpur', 2021): 0.472	0.395	0.223	0.707	0.477	0.342	0.266	0.685	0.640	0.476	0.323	0.877	0.573	0.572	0.204	0.896	0.481	0.493	0.129	0.929	0.459	0.477	0.185	0.677	0.558	0.085	0.527	0.610	
(3478, 'Mumbai City', 2021): 0.552	0.348	0.367	0.755	0.584	0.308	0.366	0.735	0.648	0.355	0.391	0.842	0.619	0.593	0.222	0.918	0.519	0.385	0.259	0.806	0.560	0.300	0.359	0.705	0.554	0.057	0.535	0.585	
(3475, 'Goa', 2021): 0.522	0.340	0.331	0.722	0.575	0.348	0.333	0.723	0.663	0.325	0.430	0.865	0.597	0.474	0.203	0.861	0.509	0.415	0.224	0.806	0.477	0.421	0.141	0.673	0.568	0.072	0.545	0.615	
(7763, 'Hyderabad', 2021): 0.510	0.330	0.293	0.729	0.508	0.360	0.212	0.675	0.668	0.270	0.472	0.834	0.611	0.368	0.361	0.832	0.493	0.388	0.210	0.758	0.405	0.311	0.244	0.548	0.553	0.061	0.519	0.585	
(3473, 'Chennaiyin', 2021): 0.552	0.295	0.347	0.730	0.569	0.244	0.374	0.702	0.678	0.283	0.452	0.890	0.599	0.519	0.214	0.877	0.523	0.357	0.213	0.785	0.510	0.386	0.229	0.683	0.557	0.102	0.519	0.617	
(7177, 'Odisha', 2021): 0.485	0.343	0.224	0.693	0.525	0.334	0.293	0.747	0.667	0.388	0.422	0.922	0.565	0.456	0.227	0.844	0.487	0.363	0.206	0.745	0.412	0.456	0.170	0.669	0.531	0.095	0.485	0.576	
(3491, 'Raków Częstochowa', 2022): 0.601	0.282	0.338	0.751	0.630	0.286	0.384	0.773	0.721	0.307	0.512	0.938	0.673	0.421	0.296	0.913	0.581	0.415	0.236	0.780	0.555	0.419	0.286	0.720	0.695	0.098	0.648	0.729	
(3496, 'Warta Poznań', 2022): 0.542	0.345	0.213	0.694	0.545	0.320	0.247	0.692	0.661	0.307	0.386	0.837	0.615	0.450	0.219	0.908	0.536	0.376	0.249	0.742	0.563	0.303	0.318	0.690	0.635	0.056	0.609	0.661	
(397, 'FC Midtjylland', 2022): 0.583	0.304	0.375	0.778	0.639	0.341	0.338	0.777	0.725	0.276	0.515	0.915	0.667	0.405	0.292	0.896	0.609	0.342	0.300	0.763	0.656	0.214	0.489	0.748	0.703	0.074	0.660	0.727	
(401, 'Randers FC', 2022): 0.558	0.239	0.378	0.689	0.586	0.258	0.388	0.692	0.660	0.354	0.354	0.851	0.622	0.443	0.220	0.851	0.552	0.350	0.269	0.744	0.591	0.275	0.396	0.699	0.692	0.046	0.674	0.718	
(745, '1. FC Kaiserslautern', 2022): 0.586	0.347	0.300	0.769	0.589	0.396	0.305	0.791	0.678	0.376	0.400	0.910	0.669	0.380	0.293	0.906	0.568	0.384	0.224	0.790	0.574	0.415	0.247	0.710	0.713	0.165	0.615	0.766	
(166, 'Hannover 96', 2022): 0.603	0.361	0.325	0.752	0.589	0.386	0.328	0.758	0.701	0.340	0.403	0.920	0.654	0.418	0.272	0.898	0.566	0.373	0.222	0.764	0.557	0.502	0.200	0.748	0.727	0.064	0.702	0.758	
(345, 'Zaglebie Lubin', 2022): 0.552	0.362	0.287	0.721	0.586	0.323	0.317	0.729	0.658	0.352	0.348	0.874	0.616	0.444	0.224	0.869	0.548	0.382	0.179	0.750	0.546	0.376	0.253	0.667	0.656	0.064	0.627	0.685	
(337, 'Slask Wroclaw', 2022): 0.571	0.304	0.278	0.689	0.596	0.299	0.340	0.716	0.696	0.292	0.501	0.891	0.635	0.424	0.239	0.889	0.541	0.385	0.170	0.731	0.521	0.486	0.186	0.680	0.638	0.076	0.614	0.684	
(177, 'SSV Jahn Regensburg', 2022): 0.569	0.347	0.286	0.704	0.553	0.406	0.295	0.726	0.680	0.282	0.459	0.856	0.627	0.418	0.244	0.898	0.547	0.397	0.170	0.780	0.532	0.611	0.127	0.732	0.642	0.099	0.595	0.688	
(181, 'SV Darmstadt 98', 2022): 0.571	0.438	0.263	0.802	0.608	0.392	0.313	0.811	0.661	0.393	0.318	0.905	0.652	0.464	0.222	0.882	0.578	0.432	0.225	0.868	0.642	0.291	0.413	0.760	0.725	0.078	0.695	0.759	
(178, 'SpVgg Greuther Fürth', 2022): 0.582	0.346	0.358	0.775	0.604	0.374	0.324	0.776	0.693	0.253	0.518	0.875	0.638	0.384	0.321	0.896	0.561	0.412	0.172	0.807	0.551	0.548	0.136	0.723	0.697	0.121	0.641	0.742	
(191, 'Holstein Kiel', 2022): 0.608	0.332	0.265	0.767	0.618	0.361	0.289	0.770	0.661	0.355	0.348	0.893	0.660	0.406	0.268	0.866	0.593	0.385	0.229	0.781	0.579	0.408	0.242	0.730	0.667	0.123	0.613	0.719	
(186, 'FC St. Pauli', 2022): 0.594	0.290	0.385	0.770	0.606	0.353	0.290	0.768	0.683	0.254	0.474	0.848	0.671	0.356	0.372	0.929	0.598	0.334	0.309	0.769	0.577	0.448	0.260	0.725	0.682	0.079	0.643	0.712	
(171, '1. FC Nürnberg', 2022): 0.584	0.342	0.246	0.783	0.619	0.367	0.333	0.846	0.691	0.347	0.406	0.928	0.632	0.429	0.250	0.898	0.585	0.382	0.240	0.753	0.621	0.341	0.319	0.753	0.701	0.152	0.613	0.753	
(189, 'SV Sandhausen', 2022): 0.593	0.315	0.354	0.753	0.583	0.380	0.304	0.722	0.647	0.409	0.343	0.883	0.654	0.438	0.244	0.898	0.593	0.389	0.255	0.795	0.640	0.209	0.453	0.727	0.699	0.100	0.645	0.740	
(188, 'Arminia Bielefeld', 2022): 0.601	0.341	0.346	0.760	0.600	0.350	0.346	0.785	0.675	0.404	0.361	0.914	0.637	0.450	0.255	0.914	0.590	0.430	0.203	0.793	0.585	0.495	0.214	0.781	0.712	0.080	0.667	0.743	
(347, 'Lech Poznan', 2022): 0.581	0.283	0.372	0.740	0.603	0.317	0.362	0.745	0.688	0.334	0.403	0.876	0.652	0.396	0.300	0.905	0.591	0.358	0.242	0.827	0.593	0.393	0.287	0.745	0.668	0.070	0.641	0.702	
(3493, 'Stal Mielec', 2022): 0.549	0.304	0.326	0.686	0.558	0.285	0.346	0.682	0.636	0.374	0.307	0.867	0.624	0.423	0.237	0.921	0.557	0.368	0.193	0.788	0.556	0.365	0.256	0.672	0.630	0.082	0.587	0.661	
(336, 'Jagiellonia', 2022): 0.562	0.353	0.263	0.754	0.560	0.364	0.283	0.726	0.675	0.330	0.436	0.859	0.652	0.395	0.284	0.882	0.551	0.429	0.177	0.771	0.531	0.468	0.184	0.698	0.656	0.070	0.620	0.680	
(349, 'Piast Gliwice', 2022): 0.581	0.299	0.335	0.706	0.600	0.283	0.357	0.734	0.669	0.334	0.393	0.885	0.633	0.456	0.222	0.929	0.563	0.403	0.215	0.777	0.563	0.412	0.245	0.696	0.683	0.039	0.663	0.699	
(565, 'BSC Young Boys', 2022): 0.624	0.375	0.344	0.787	0.640	0.336	0.356	0.769	0.664	0.366	0.343	0.855	0.685	0.463	0.186	0.912	0.588	0.419	0.207	0.780	0.585	0.452	0.258	0.744	0.709	0.071	0.680	0.744	
(783, 'FC Zurich', 2022): 0.604	0.320	0.310	0.780	0.617	0.311	0.317	0.756	0.659	0.379	0.341	0.909	0.654	0.443	0.226	0.912	0.585	0.389	0.233	0.813	0.597	0.386	0.248	0.708	0.720	0.070	0.682	0.752	
(346, 'Korona Kielce', 2022): 0.537	0.339	0.294	0.682	0.537	0.300	0.314	0.667	0.650	0.289	0.431	0.879	0.623	0.401	0.256	0.852	0.540	0.357	0.224	0.779	0.570	0.383	0.242	0.689	0.622	0.056	0.597	0.650	
(339, 'Legia Warszawa', 2022): 0.593	0.244	0.355	0.727	0.591	0.308	0.323	0.723	0.694	0.282	0.474	0.861	0.655	0.324	0.347	0.908	0.571	0.406	0.173	0.801	0.482	0.634	0.112	0.719	0.642	0.092	0.602	0.683	
(179, '1. FC Magdeburg', 2022): 0.577	0.349	0.277	0.725	0.621	0.338	0.293	0.766	0.722	0.327	0.455	0.932	0.634	0.364	0.272	0.887	0.578	0.360	0.229	0.758	0.590	0.375	0.283	0.727	0.688	0.074	0.653	0.726	
(158, 'Fortuna Düsseldorf', 2022): 0.625	0.258	0.380	0.755	0.621	0.326	0.380	0.757	0.681	0.298	0.384	0.892	0.660	0.353	0.303	0.861	0.599	0.385	0.295	0.777	0.562	0.581	0.193	0.755	0.681	0.062	0.646	0.707	
(2180, 'FC Winterthur', 2022): 0.568	0.296	0.314	0.673	0.572	0.288	0.368	0.721	0.650	0.342	0.380	0.878	0.604	0.453	0.241	0.845	0.534	0.368	0.174	0.754	0.512	0.472	0.135	0.648	0.633	0.054	0.610	0.655	
(551, 'FC Basel 1893', 2022): 0.596	0.315	0.311	0.742	0.624	0.313	0.360	0.752	0.676	0.265	0.404	0.844	0.667	0.338	0.295	0.892	0.577	0.395	0.173	0.808	0.572	0.457	0.237	0.748	0.768	0.080	0.722	0.799	
(4248, 'Radomiak Radom', 2022): 0.578	0.308	0.294	0.708	0.607	0.313	0.351	0.742	0.684	0.328	0.414	0.903	0.634	0.432	0.226	0.879	0.543	0.442	0.170	0.743	0.489	0.536	0.182	0.700	0.620	0.064	0.595	0.647	
(335, 'Miedz Legnica', 2022): 0.562	0.295	0.355	0.724	0.572	0.287	0.356	0.714	0.663	0.321	0.361	0.902	0.604	0.431	0.214	0.881	0.541	0.369	0.175	0.764	0.572	0.355	0.268	0.693	0.618	0.067	0.589	0.653	
(185, 'SC Paderborn 07', 2022): 0.579	0.323	0.311	0.745	0.595	0.368	0.307	0.771	0.708	0.354	0.432	0.944	0.631	0.419	0.275	0.897	0.564	0.366	0.233	0.755	0.547	0.491	0.218	0.742	0.713	0.100	0.667	0.754	
(785, 'Karlsruher SC', 2022): 0.600	0.309	0.346	0.776	0.619	0.379	0.342	0.788	0.674	0.361	0.374	0.910	0.654	0.419	0.248	0.909	0.572	0.452	0.195	0.805	0.601	0.428	0.257	0.740	0.678	0.166	0.575	0.726	
(744, 'Eintracht Braunschweig', 2022): 0.563	0.338	0.327	0.768	0.580	0.280	0.362	0.725	0.673	0.340	0.399	0.911	0.656	0.463	0.289	0.921	0.554	0.399	0.220	0.831	0.589	0.366	0.277	0.720	0.664	0.172	0.564	0.726	
(175, 'Hamburger SV', 2022): 0.600	0.398	0.316	0.792	0.612	0.420	0.308	0.777	0.673	0.292	0.417	0.897	0.673	0.404	0.309	0.862	0.593	0.398	0.223	0.778	0.618	0.455	0.247	0.768	0.744	0.085	0.703	0.774	
(1321, 'Hansa Rostock', 2022): 0.599	0.285	0.376	0.761	0.594	0.281	0.398	0.726	0.650	0.305	0.382	0.848	0.662	0.465	0.247	0.883	0.580	0.389	0.234	0.794	0.602	0.363	0.291	0.710	0.703	0.129	0.626	0.749	
(180, '1. FC Heidenheim', 2022): 0.598	0.337	0.348	0.760	0.603	0.264	0.415	0.742	0.670	0.312	0.456	0.900	0.674	0.404	0.374	0.906	0.569	0.388	0.261	0.778	0.606	0.433	0.255	0.749	0.699	0.098	0.646	0.737	
(625, 'Lyngby', 2022): 0.546	0.306	0.306	0.732	0.569	0.265	0.356	0.705	0.646	0.369	0.355	0.869	0.612	0.323	0.361	0.873	0.553	0.370	0.202	0.813	0.559	0.256	0.351	0.659	0.626	0.064	0.596	0.655	
(2073, 'Silkeborg', 2022): 0.564	0.286	0.350	0.723	0.596	0.280	0.376	0.711	0.667	0.262	0.431	0.823	0.628	0.379	0.297	0.872	0.550	0.384	0.209	0.721	0.549	0.438	0.207	0.698	0.705	0.054	0.675	0.727	
(2070, 'Viborg', 2022): 0.557	0.320	0.299	0.751	0.584	0.316	0.375	0.780	0.621	0.380	0.356	0.884	0.616	0.475	0.214	0.904	0.540	0.396	0.197	0.749	0.605	0.214	0.454	0.699	0.663	0.053	0.635	0.685	
(402, 'Aalborg', 2022): 0.582	0.314	0.346	0.728	0.608	0.339	0.322	0.745	0.637	0.289	0.378	0.796	0.638	0.421	0.247	0.919	0.565	0.427	0.190	0.785	0.645	0.136	0.552	0.709	0.651	0.080	0.617	0.687	
(341, 'Wisla Plock', 2022): 0.582	0.295	0.336	0.727	0.593	0.326	0.315	0.732	0.665	0.286	0.369	0.873	0.631	0.431	0.180	0.873	0.559	0.416	0.184	0.861	0.542	0.438	0.182	0.665	0.643	0.063	0.611	0.666	
(343, 'Lechia Gdansk', 2022): 0.576	0.300	0.332	0.718	0.593	0.294	0.334	0.711	0.664	0.329	0.353	0.838	0.643	0.395	0.285	0.927	0.570	0.386	0.213	0.779	0.545	0.438	0.190	0.674	0.667	0.122	0.597	0.704	
(400, 'FC Copenhagen', 2022): 0.624	0.285	0.400	0.788	0.659	0.259	0.471	0.789	0.719	0.296	0.516	0.896	0.685	0.331	0.399	0.898	0.627	0.354	0.223	0.823	0.628	0.278	0.405	0.740	0.745	0.064	0.711	0.774	
(404, 'AC Horsens', 2022): 0.550	0.279	0.315	0.697	0.565	0.273	0.278	0.683	0.666	0.346	0.408	0.872	0.623	0.398	0.230	0.884	0.541	0.351	0.249	0.752	0.551	0.242	0.365	0.644	0.636	0.058	0.610	0.663	
(606, 'FC Lugano', 2022): 0.587	0.312	0.362	0.751	0.598	0.323	0.357	0.765	0.707	0.368	0.458	0.919	0.652	0.429	0.245	0.888	0.574	0.378	0.238	0.765	0.580	0.311	0.364	0.732	0.640	0.085	0.602	0.675	
(630, 'FC Sion', 2022): 0.616	0.297	0.359	0.778	0.656	0.247	0.428	0.785	0.658	0.311	0.457	0.891	0.650	0.440	0.219	0.920	0.583	0.392	0.247	0.816	0.589	0.284	0.346	0.705	0.715	0.116	0.657	0.762	
(2184, 'Servette FC', 2022): 0.596	0.347	0.319	0.776	0.633	0.307	0.374	0.759	0.700	0.338	0.453	0.916	0.648	0.453	0.182	0.906	0.562	0.423	0.215	0.788	0.558	0.500	0.159	0.763	0.687	0.044	0.672	0.710	
(1011, 'FC ST. Gallen', 2022): 0.593	0.284	0.376	0.777	0.610	0.347	0.358	0.794	0.675	0.348	0.359	0.858	0.630	0.443	0.244	0.916	0.565	0.396	0.191	0.810	0.565	0.360	0.263	0.722	0.702	0.134	0.641	0.758	
(348, 'Pogon Szczecin', 2022): 0.607	0.257	0.385	0.734	0.637	0.238	0.406	0.747	0.720	0.325	0.413	0.929	0.633	0.436	0.242	0.857	0.584	0.399	0.220	0.841	0.557	0.445	0.202	0.752	0.717	0.094	0.656	0.742	
(6962, 'Widzew Łódź', 2022): 0.550	0.299	0.318	0.692	0.555	0.311	0.312	0.706	0.682	0.331	0.409	0.894	0.611	0.436	0.221	0.867	0.536	0.398	0.157	0.778	0.554	0.443	0.206	0.704	0.637	0.065	0.605	0.667	
(407, 'Brondby', 2022): 0.617	0.270	0.410	0.784	0.641	0.286	0.427	0.804	0.705	0.299	0.476	0.891	0.677	0.370	0.317	0.898	0.602	0.374	0.292	0.826	0.612	0.308	0.391	0.745	0.703	0.060	0.684	0.738	
(406, 'Aarhus', 2022): 0.602	0.294	0.350	0.748	0.604	0.341	0.337	0.725	0.678	0.356	0.332	0.889	0.667	0.455	0.265	0.910	0.578	0.412	0.261	0.815	0.622	0.166	0.497	0.730	0.718	0.038	0.703	0.735	
(405, 'Odense', 2022): 0.559	0.296	0.345	0.705	0.589	0.325	0.332	0.727	0.657	0.347	0.422	0.884	0.626	0.435	0.264	0.903	0.549	0.367	0.236	0.780	0.578	0.252	0.394	0.715	0.658	0.041	0.641	0.679	
(398, 'FC Nordsjaelland', 2022): 0.567	0.278	0.378	0.731	0.614	0.280	0.405	0.743	0.703	0.272	0.518	0.890	0.627	0.374	0.265	0.810	0.576	0.348	0.241	0.720	0.619	0.257	0.408	0.722	0.636	0.001	0.636	0.637	
(340, 'Gornik Zabrze', 2022): 0.566	0.334	0.334	0.808	0.591	0.319	0.348	0.744	0.638	0.305	0.417	0.872	0.622	0.395	0.250	0.889	0.562	0.388	0.162	0.796	0.568	0.354	0.288	0.695	0.640	0.172	0.534	0.698	
(350, 'Cracovia Krakow', 2022): 0.550	0.317	0.326	0.712	0.589	0.297	0.318	0.738	0.652	0.313	0.428	0.884	0.624	0.398	0.278	0.855	0.552	0.373	0.149	0.744	0.577	0.338	0.288	0.698	0.653	0.050	0.622	0.670	
(571, 'Red Bull Salzburg', 2022): 0.639	0.265	0.408	0.759	0.659	0.288	0.419	0.781	0.727	0.345	0.379	0.928	0.697	0.350	0.358	0.910	0.617	0.395	0.225	0.783	0.615	0.396	0.314	0.766	0.699	0.102	0.659	0.743	
(601, 'Austria Vienna', 2022): 0.598	0.283	0.343	0.726	0.629	0.267	0.366	0.727	0.685	0.334	0.390	0.880	0.644	0.371	0.298	0.907	0.564	0.403	0.187	0.740	0.524	0.445	0.207	0.721	0.675	0.048	0.657	0.697	
(733, 'Standard Liege', 2022): 0.600	0.286	0.392	0.753	0.643	0.305	0.380	0.772	0.706	0.361	0.364	0.883	0.650	0.386	0.229	0.856	0.602	0.374	0.219	0.785	0.528	0.521	0.213	0.751	0.717	0.044	0.699	0.739	
(631, 'Gent', 2022): 0.663	0.281	0.407	0.789	0.673	0.284	0.391	0.800	0.692	0.313	0.399	0.884	0.685	0.385	0.273	0.892	0.642	0.396	0.167	0.826	0.673	0.235	0.494	0.764	0.722	0.087	0.683	0.760	
(736, 'Charleroi', 2022): 0.629	0.265	0.412	0.757	0.649	0.317	0.355	0.772	0.668	0.281	0.415	0.864	0.675	0.436	0.262	0.897	0.591	0.471	0.201	0.816	0.617	0.384	0.282	0.735	0.705	0.099	0.668	0.750	
(739, 'AS Eupen', 2022): 0.580	0.416	0.249	0.819	0.607	0.399	0.317	0.809	0.666	0.336	0.444	0.909	0.622	0.407	0.304	0.829	0.569	0.406	0.180	0.818	0.590	0.199	0.433	0.681	0.652	0.142	0.585	0.711	
(1026, 'Lask Linz', 2022): 0.630	0.294	0.393	0.783	0.654	0.301	0.400	0.792	0.698	0.345	0.340	0.934	0.665	0.421	0.196	0.895	0.600	0.430	0.223	0.785	0.544	0.496	0.215	0.747	0.696	0.085	0.653	0.730	
(1405, 'Austria Klagenfurt', 2022): 0.560	0.308	0.306	0.718	0.578	0.318	0.304	0.706	0.619	0.365	0.344	0.852	0.625	0.449	0.263	0.885	0.568	0.340	0.234	0.739	0.594	0.270	0.354	0.689	0.664	0.051	0.641	0.686	
(644, 'FC Luzern', 2022): 0.589	0.307	0.283	0.761	0.617	0.337	0.305	0.775	0.669	0.316	0.409	0.883	0.647	0.364	0.295	0.858	0.579	0.363	0.231	0.760	0.603	0.253	0.391	0.696	0.675	0.075	0.644	0.705	
(600, 'Zulte Waregem', 2022): 0.603	0.382	0.289	0.803	0.625	0.352	0.318	0.785	0.641	0.330	0.354	0.846	0.646	0.366	0.293	0.865	0.588	0.395	0.267	0.803	0.595	0.287	0.353	0.743	0.682	0.102	0.626	0.723	
(10244, 'Seraing United', 2022): 0.550	0.308	0.318	0.718	0.582	0.303	0.318	0.731	0.655	0.373	0.340	0.874	0.628	0.389	0.233	0.842	0.558	0.397	0.212	0.793	0.606	0.230	0.385	0.690	0.646	0.087	0.618	0.689	
(734, 'Kortrijk', 2022): 0.572	0.430	0.233	0.771	0.620	0.370	0.227	0.770	0.677	0.364	0.378	0.945	0.639	0.410	0.263	0.865	0.576	0.413	0.213	0.785	0.564	0.430	0.250	0.710	0.670	0.137	0.595	0.729	
(260, 'OH Leuven', 2022): 0.605	0.333	0.319	0.777	0.637	0.315	0.405	0.794	0.702	0.343	0.367	0.914	0.652	0.365	0.266	0.845	0.601	0.406	0.183	0.812	0.593	0.418	0.231	0.734	0.673	0.042	0.656	0.697	
(1025, 'Wolfsberger AC', 2022): 0.552	0.363	0.265	0.723	0.583	0.288	0.348	0.728	0.637	0.371	0.348	0.888	0.632	0.406	0.271	0.910	0.559	0.406	0.125	0.756	0.578	0.393	0.237	0.713	0.649	0.049	0.623	0.668	
(637, 'Sturm Graz', 2022): 0.610	0.298	0.386	0.733	0.632	0.315	0.300	0.746	0.678	0.320	0.369	0.857	0.661	0.419	0.312	0.898	0.610	0.353	0.259	0.767	0.626	0.349	0.344	0.774	0.687	0.061	0.661	0.716	
(735, 'St. Truiden', 2022): 0.599	0.357	0.274	0.751	0.608	0.323	0.298	0.753	0.634	0.327	0.348	0.823	0.660	0.376	0.285	0.914	0.601	0.391	0.182	0.842	0.605	0.279	0.374	0.723	0.661	0.160	0.566	0.732	
(1393, 'Union St. Gilloise', 2022): 0.624	0.336	0.338	0.776	0.658	0.294	0.400	0.803	0.665	0.379	0.362	0.907	0.678	0.435	0.214	0.880	0.615	0.468	0.233	0.812	0.669	0.284	0.437	0.801	0.749	0.086	0.716	0.798	
(569, 'Club Brugge KV', 2022): 0.671	0.336	0.364	0.848	0.687	0.332	0.344	0.842	0.707	0.349	0.367	0.916	0.700	0.415	0.240	0.919	0.643	0.464	0.222	0.869	0.652	0.369	0.368	0.821	0.803	0.124	0.747	0.856	
(742, 'Genk', 2022): 0.635	0.409	0.275	0.820	0.676	0.321	0.353	0.801	0.741	0.294	0.446	0.929	0.662	0.428	0.287	0.924	0.609	0.484	0.204	0.849	0.587	0.571	0.249	0.771	0.717	0.094	0.674	0.753	
(266, 'KV Mechelen', 2022): 0.596	0.405	0.257	0.764	0.645	0.311	0.350	0.753	0.674	0.281	0.442	0.842	0.634	0.438	0.272	0.853	0.593	0.461	0.212	0.835	0.590	0.400	0.249	0.712	0.688	0.008	0.684	0.691	
(740, 'Antwerp', 2022): 0.614	0.394	0.294	0.773	0.652	0.273	0.407	0.761	0.717	0.302	0.485	0.911	0.673	0.408	0.290	0.892	0.618	0.436	0.275	0.867	0.607	0.501	0.234	0.861	0.774	0.041	0.758	0.795	
(1013, 'Grasshoppers', 2022): 0.556	0.330	0.297	0.715	0.592	0.333	0.277	0.729	0.660	0.247	0.421	0.829	0.653	0.371	0.265	0.833	0.552	0.392	0.181	0.833	0.618	0.246	0.433	0.711	0.678	0.035	0.657	0.689	
(781, 'Rapid Vienna', 2022): 0.600	0.324	0.311	0.745	0.609	0.321	0.333	0.767	0.646	0.338	0.361	0.886	0.653	0.396	0.263	0.874	0.568	0.444	0.209	0.825	0.533	0.470	0.207	0.701	0.669	0.108	0.623	0.714	
(1028, 'Ried', 2022): 0.539	0.340	0.255	0.712	0.555	0.313	0.327	0.722	0.640	0.366	0.320	0.827	0.608	0.404	0.271	0.926	0.540	0.390	0.158	0.751	0.529	0.368	0.236	0.676	0.648	0.127	0.573	0.689	
(1072, 'TSV Hartberg', 2022): 0.569	0.291	0.327	0.708	0.617	0.268	0.378	0.753	0.675	0.330	0.394	0.890	0.634	0.397	0.270	0.895	0.551	0.403	0.220	0.728	0.531	0.436	0.229	0.674	0.625	0.051	0.606	0.650	
(618, 'SCR Altach', 2022): 0.532	0.343	0.302	0.777	0.549	0.312	0.351	0.730	0.638	0.397	0.343	0.887	0.609	0.387	0.318	0.905	0.537	0.367	0.188	0.735	0.523	0.498	0.142	0.669	0.649	0.088	0.596	0.677	
(1399, 'Austria Lustenau', 2022): 0.525	0.341	0.265	0.704	0.555	0.349	0.308	0.710	0.617	0.398	0.366	0.896	0.557	0.450	0.185	0.870	0.495	0.380	0.179	0.704	0.529	0.359	0.246	0.661	0.643	0.072	0.598	0.670	
(1398, 'WSG Wattens', 2022): 0.553	0.280	0.339	0.715	0.584	0.296	0.375	0.724	0.689	0.317	0.361	0.891	0.637	0.419	0.259	0.904	0.554	0.359	0.169	0.716	0.542	0.429	0.204	0.694	0.660	0.077	0.620	0.692	
(554, 'Anderlecht', 2022): 0.607	0.397	0.268	0.783	0.660	0.338	0.343	0.804	0.714	0.336	0.428	0.931	0.664	0.373	0.296	0.904	0.613	0.421	0.228	0.826	0.596	0.462	0.281	0.833	0.728	0.095	0.678	0.767	
(624, 'Oostende', 2022): 0.582	0.342	0.318	0.759	0.623	0.304	0.373	0.774	0.689	0.360	0.398	0.900	0.626	0.462	0.185	0.909	0.559	0.418	0.182	0.780	0.564	0.397	0.250	0.735	0.685	0.087	0.646	0.717	
(261, 'KVC Westerlo', 2022): 0.597	0.317	0.382	0.748	0.630	0.317	0.289	0.781	0.679	0.314	0.396	0.884	0.644	0.352	0.290	0.842	0.602	0.336	0.237	0.784	0.590	0.354	0.318	0.752	0.721	0.090	0.684	0.761	
(741, 'Cercle Brugge', 2022): 0.607	0.316	0.369	0.793	0.636	0.288	0.383	0.768	0.682	0.326	0.448	0.886	0.651	0.444	0.244	0.899	0.568	0.400	0.207	0.783	0.558	0.418	0.273	0.717	0.693	0.079	0.651	0.726	
(37, 'Huddersfield', 2022): 0.582	0.288	0.389	0.715	0.587	0.272	0.408	0.703	0.662	0.279	0.467	0.875	0.646	0.445	0.305	0.910	0.577	0.402	0.253	0.839	0.633	0.246	0.440	0.725	0.720	0.073	0.682	0.750	
(44, 'Burnley', 2022): 0.651	0.273	0.458	0.781	0.681	0.254	0.427	0.781	0.709	0.296	0.406	0.896	0.676	0.400	0.273	0.903	0.630	0.403	0.241	0.854	0.622	0.523	0.217	0.778	0.733	0.056	0.708	0.761	
(255, 'Livingston', 2022): 0.563	0.278	0.316	0.693	0.579	0.296	0.326	0.691	0.688	0.277	0.505	0.883	0.626	0.424	0.250	0.893	0.564	0.316	0.187	0.838	0.588	0.219	0.384	0.661	0.630	0.085	0.601	0.665	
(257, 'Rangers', 2022): 0.647	0.267	0.414	0.782	0.653	0.317	0.405	0.791	0.725	0.293	0.510	0.931	0.699	0.382	0.355	0.892	0.648	0.417	0.217	0.850	0.630	0.494	0.229	0.777	0.707	0.060	0.674	0.732	
(89, 'Dijon', 2022): 0.584	0.285	0.342	0.728	0.610	0.294	0.343	0.730	0.649	0.370	0.333	0.855	0.628	0.423	0.199	0.890	0.574	0.363	0.215	0.766	0.564	0.422	0.250	0.736	0.693	0.050	0.674	0.716	
(1063, 'Saint Etienne', 2022): 0.606	0.287	0.383	0.737	0.635	0.298	0.393	0.756	0.670	0.303	0.413	0.861	0.634	0.398	0.282	0.872	0.581	0.396	0.134	0.769	0.612	0.347	0.392	0.757	0.725	0.040	0.708	0.746	
(250, 'Kilmarnock', 2022): 0.559	0.272	0.310	0.703	0.579	0.260	0.350	0.692	0.624	0.400	0.363	0.884	0.611	0.422	0.277	0.886	0.548	0.348	0.217	0.793	0.560	0.283	0.337	0.664	0.634	0.043	0.615	0.655	
(1386, 'Dundee Utd', 2022): 0.590	0.295	0.334	0.785	0.617	0.282	0.337	0.778	0.669	0.362	0.345	0.878	0.650	0.379	0.366	0.887	0.578	0.338	0.243	0.800	0.614	0.167	0.489	0.688	0.659	0.061	0.630	0.687	
(254, 'Heart Of Midlothian', 2022): 0.600	0.345	0.358	0.774	0.634	0.286	0.418	0.777	0.705	0.292	0.508	0.919	0.641	0.454	0.250	0.897	0.589	0.411	0.209	0.831	0.643	0.260	0.434	0.736	0.685	0.049	0.657	0.705	
(902, 'Ross County', 2022): 0.551	0.312	0.320	0.708	0.556	0.305	0.369	0.704	0.617	0.347	0.338	0.831	0.600	0.442	0.297	0.847	0.533	0.362	0.224	0.753	0.569	0.296	0.320	0.652	0.618	0.036	0.603	0.634	
(258, 'ST Johnstone', 2022): 0.590	0.216	0.417	0.696	0.606	0.254	0.405	0.738	0.654	0.304	0.371	0.833	0.647	0.405	0.276	0.862	0.565	0.416	0.213	0.837	0.587	0.298	0.312	0.692	0.638	0.035	0.623	0.657	
(249, 'Hibernian', 2022): 0.594	0.257	0.360	0.737	0.608	0.272	0.346	0.736	0.662	0.288	0.463	0.886	0.640	0.399	0.236	0.873	0.585	0.351	0.219	0.787	0.592	0.277	0.337	0.679	0.685	0.044	0.670	0.711	
(43, 'Cardiff', 2022): 0.602	0.237	0.408	0.743	0.616	0.299	0.354	0.755	0.691	0.321	0.392	0.843	0.635	0.425	0.293	0.927	0.563	0.419	0.213	0.813	0.564	0.416	0.286	0.718	0.681	0.041	0.668	0.705	
(71, 'Norwich', 2022): 0.637	0.274	0.424	0.783	0.657	0.275	0.430	0.773	0.700	0.297	0.456	0.866	0.661	0.488	0.186	0.881	0.618	0.464	0.217	0.832	0.597	0.462	0.257	0.777	0.737	0.078	0.703	0.779	
(58, 'Millwall', 2022): 0.648	0.266	0.411	0.750	0.638	0.341	0.382	0.752	0.692	0.339	0.427	0.866	0.678	0.507	0.222	0.898	0.597	0.440	0.211	0.806	0.627	0.363	0.320	0.761	0.691	0.047	0.672	0.715	
(75, 'Stoke City', 2022): 0.625	0.248	0.411	0.744	0.642	0.281	0.416	0.758	0.673	0.349	0.327	0.860	0.665	0.352	0.308	0.894	0.596	0.377	0.244	0.831	0.620	0.351	0.311	0.728	0.673	0.038	0.653	0.690	
(61, 'Wigan', 2022): 0.624	0.244	0.392	0.738	0.618	0.262	0.391	0.717	0.677	0.267	0.454	0.893	0.683	0.396	0.296	0.935	0.605	0.375	0.265	0.886	0.573	0.378	0.288	0.698	0.640	0.108	0.598	0.692	
(59, 'Preston', 2022): 0.624	0.260	0.413	0.749	0.640	0.259	0.433	0.749	0.680	0.297	0.393	0.847	0.664	0.419	0.202	0.913	0.618	0.388	0.235	0.858	0.629	0.295	0.363	0.728	0.739	0.070	0.709	0.767	
(64, 'Hull City', 2022): 0.599	0.346	0.360	0.810	0.632	0.337	0.362	0.782	0.687	0.300	0.474	0.873	0.664	0.422	0.222	0.875	0.602	0.393	0.221	0.839	0.645	0.219	0.463	0.734	0.705	0.077	0.670	0.738	
(56, 'Bristol City', 2022): 0.602	0.358	0.297	0.747	0.616	0.344	0.229	0.736	0.687	0.317	0.418	0.879	0.643	0.389	0.309	0.869	0.609	0.309	0.291	0.797	0.606	0.367	0.328	0.719	0.699	0.100	0.661	0.744	
(67, 'Blackburn', 2022): 0.616	0.293	0.409	0.756	0.627	0.299	0.414	0.757	0.701	0.297	0.503	0.906	0.653	0.381	0.290	0.880	0.597	0.358	0.300	0.827	0.624	0.333	0.369	0.736	0.695	0.094	0.657	0.739	
(72, 'QPR', 2022): 0.610	0.314	0.357	0.780	0.627	0.309	0.390	0.761	0.682	0.325	0.443	0.908	0.654	0.390	0.265	0.857	0.586	0.442	0.195	0.818	0.597	0.459	0.234	0.757	0.710	0.074	0.684	0.755	
(73, 'Rotherham', 2022): 0.598	0.254	0.386	0.733	0.609	0.282	0.391	0.734	0.665	0.383	0.360	0.919	0.645	0.434	0.271	0.889	0.588	0.339	0.289	0.846	0.642	0.197	0.480	0.753	0.684	0.035	0.669	0.699	
(76, 'Swansea', 2022): 0.609	0.326	0.389	0.794	0.644	0.265	0.462	0.771	0.689	0.274	0.455	0.888	0.638	0.461	0.206	0.914	0.577	0.444	0.191	0.769	0.644	0.225	0.469	0.738	0.650	0.067	0.615	0.679	
(1356, 'Blackpool', 2022): 0.575	0.321	0.330	0.735	0.590	0.288	0.395	0.754	0.674	0.276	0.471	0.878	0.634	0.402	0.258	0.889	0.570	0.367	0.220	0.772	0.607	0.300	0.365	0.717	0.671	0.061	0.644	0.698	
(53, 'Reading', 2022): 0.635	0.335	0.349	0.842	0.634	0.337	0.317	0.757	0.640	0.396	0.355	0.850	0.668	0.485	0.208	0.931	0.623	0.385	0.280	0.876	0.617	0.302	0.409	0.734	0.684	0.096	0.643	0.728	
(1359, 'Luton', 2022): 0.592	0.345	0.324	0.729	0.605	0.371	0.319	0.742	0.698	0.229	0.500	0.864	0.644	0.435	0.237	0.830	0.579	0.327	0.322	0.796	0.629	0.246	0.454	0.742	0.686	0.224	0.591	0.782	
(54, 'Birmingham', 2022): 0.594	0.337	0.341	0.800	0.615	0.290	0.354	0.737	0.662	0.320	0.440	0.845	0.629	0.471	0.236	0.912	0.579	0.432	0.242	0.812	0.628	0.295	0.423	0.723	0.707	0.057	0.674	0.726	
(57, 'Ipswich', 2022): 0.596	0.235	0.377	0.690	0.594	0.274	0.385	0.700	0.702	0.411	0.399	0.926	0.642	0.454	0.237	0.886	0.568	0.339	0.230	0.730	0.572	0.362	0.311	0.684	0.682	0.063	0.650	0.704	
(68, 'Bolton', 2022): 0.583	0.196	0.430	0.684	0.597	0.235	0.422	0.702	0.689	0.315	0.408	0.886	0.648	0.422	0.248	0.924	0.573	0.343	0.184	0.786	0.592	0.174	0.430	0.662	0.656	0.027	0.643	0.669	
(69, 'Derby', 2022): 0.609	0.246	0.422	0.734	0.621	0.277	0.401	0.742	0.670	0.302	0.453	0.897	0.661	0.312	0.403	0.880	0.596	0.349	0.228	0.754	0.562	0.424	0.247	0.703	0.664	0.027	0.648	0.671	
(1338, 'Oxford United', 2022): 0.558	0.302	0.321	0.712	0.601	0.301	0.369	0.711	0.659	0.380	0.350	0.839	0.608	0.434	0.256	0.910	0.553	0.385	0.199	0.753	0.568	0.347	0.274	0.691	0.624	0.025	0.610	0.635	
(74, 'Sheffield Wednesday', 2022): 0.606	0.291	0.395	0.761	0.609	0.330	0.381	0.780	0.658	0.416	0.323	0.922	0.672	0.432	0.263	0.906	0.602	0.362	0.226	0.812	0.599	0.313	0.334	0.691	0.665	0.037	0.648	0.680	
(1355, 'Portsmouth', 2022): 0.581	0.269	0.372	0.707	0.607	0.232	0.442	0.715	0.682	0.301	0.479	0.903	0.656	0.422	0.323	0.901	0.582	0.331	0.241	0.771	0.563	0.400	0.249	0.691	0.651	0.053	0.628	0.678	
(1334, 'Bristol Rovers', 2022): 0.577	0.247	0.362	0.691	0.593	0.230	0.411	0.706	0.670	0.309	0.452	0.898	0.615	0.430	0.227	0.844	0.562	0.364	0.225	0.838	0.558	0.267	0.336	0.669	0.639	0.056	0.616	0.665	
(1378, 'Forest Green', 2022): 0.552	0.283	0.317	0.695	0.579	0.271	0.336	0.685	0.652	0.337	0.411	0.850	0.616	0.420	0.256	0.899	0.545	0.325	0.198	0.732	0.567	0.256	0.347	0.658	0.626	0.045	0.607	0.646	
(1351, 'Port Vale', 2022): 0.581	0.189	0.435	0.681	0.577	0.265	0.404	0.682	0.673	0.291	0.482	0.850	0.643	0.523	0.192	0.906	0.537	0.373	0.244	0.760	0.577	0.193	0.429	0.646	0.632	0.044	0.613	0.649	
(1336, 'Fleetwood Town', 2022): 0.553	0.253	0.338	0.676	0.571	0.228	0.399	0.669	0.672	0.295	0.412	0.855	0.659	0.419	0.276	0.925	0.574	0.348	0.258	0.905	0.580	0.275	0.352	0.679	0.627	0.075	0.593	0.659	
(1357, 'Plymouth', 2022): 0.579	0.208	0.396	0.684	0.598	0.245	0.359	0.687	0.668	0.322	0.453	0.890	0.649	0.413	0.277	0.909	0.569	0.352	0.199	0.758	0.617	0.208	0.428	0.689	0.659	0.054	0.637	0.686	
(747, 'Barnsley', 2022): 0.571	0.242	0.372	0.703	0.601	0.228	0.404	0.679	0.682	0.333	0.427	0.902	0.628	0.371	0.273	0.895	0.559	0.394	0.222	0.808	0.587	0.284	0.370	0.700	0.655	0.044	0.634	0.674	
(1358, 'Wycombe', 2022): 0.590	0.220	0.399	0.711	0.598	0.238	0.403	0.717	0.660	0.337	0.383	0.839	0.672	0.410	0.256	0.917	0.583	0.364	0.203	0.790	0.606	0.257	0.392	0.710	0.658	0.056	0.626	0.678	
(748, 'Burton Albion', 2022): 0.540	0.262	0.330	0.664	0.549	0.285	0.332	0.662	0.648	0.268	0.452	0.810	0.621	0.427	0.268	0.908	0.542	0.339	0.171	0.701	0.570	0.340	0.293	0.666	0.620	0.027	0.608	0.630	
(1360, 'Accrington ST', 2022): 0.556	0.238	0.360	0.688	0.567	0.274	0.350	0.705	0.641	0.304	0.380	0.837	0.607	0.376	0.258	0.851	0.559	0.321	0.215	0.805	0.582	0.158	0.460	0.653	0.612	0.013	0.606	0.616	
(1335, 'Charlton', 2022): 0.545	0.298	0.313	0.707	0.588	0.273	0.359	0.696	0.641	0.400	0.319	0.867	0.615	0.419	0.293	0.888	0.560	0.381	0.207	0.815	0.604	0.228	0.432	0.698	0.640	0.029	0.629	0.654	
(1370, 'Cambridge United', 2022): 0.561	0.249	0.372	0.678	0.559	0.242	0.402	0.659	0.639	0.387	0.340	0.871	0.636	0.468	0.239	0.901	0.551	0.348	0.214	0.763	0.545	0.391	0.234	0.685	0.620	0.037	0.604	0.636	
(1348, 'Milton Keynes Dons', 2022): 0.554	0.267	0.342	0.719	0.586	0.286	0.325	0.702	0.682	0.338	0.401	0.888	0.593	0.372	0.302	0.812	0.564	0.328	0.195	0.806	0.584	0.242	0.378	0.669	0.669	0.023	0.662	0.682	
(1372, 'Cheltenham', 2022): 0.548	0.255	0.359	0.681	0.576	0.261	0.346	0.664	0.661	0.314	0.392	0.866	0.624	0.409	0.251	0.855	0.536	0.341	0.221	0.755	0.569	0.196	0.412	0.667	0.675	0.120	0.606	0.713	
(1350, 'Peterborough', 2022): 0.572	0.284	0.372	0.727	0.594	0.290	0.378	0.696	0.706	0.274	0.519	0.870	0.664	0.478	0.173	0.922	0.590	0.380	0.249	0.810	0.605	0.321	0.355	0.705	0.612	0.062	0.582	0.636	
(1375, 'Morecambe', 2022): 0.549	0.278	0.339	0.686	0.570	0.284	0.336	0.692	0.640	0.292	0.368	0.816	0.607	0.492	0.205	0.884	0.538	0.298	0.267	0.713	0.577	0.238	0.317	0.644	0.645	0.060	0.616	0.677	
(1352, 'Shrewsbury', 2022): 0.569	0.313	0.307	0.687	0.574	0.342	0.299	0.687	0.646	0.255	0.449	0.801	0.652	0.430	0.251	0.901	0.573	0.350	0.215	0.835	0.609	0.179	0.439	0.677	0.666	0.068	0.624	0.687	
(1379, 'Lincoln', 2022): 0.540	0.270	0.315	0.678	0.570	0.270	0.387	0.688	0.653	0.302	0.457	0.885	0.599	0.477	0.183	0.918	0.531	0.363	0.226	0.749	0.579	0.282	0.337	0.659	0.645	0.039	0.628	0.664	
(1364, 'Exeter City', 2022): 0.556	0.216	0.414	0.676	0.572	0.256	0.350	0.664	0.703	0.292	0.514	0.905	0.646	0.453	0.272	0.910	0.549	0.320	0.172	0.722	0.585	0.179	0.445	0.661	0.657	0.067	0.627	0.688	
(1333, 'AFC Wimbledon', 2022): 0.560	0.165	0.451	0.637	0.585	0.177	0.477	0.662	0.650	0.383	0.415	0.890	0.594	0.475	0.247	0.847	0.521	0.363	0.227	0.710	0.560	0.284	0.366	0.661	0.628	0.051	0.597	0.644	
(1347, 'Gillingham', 2022): 0.552	0.276	0.305	0.672	0.566	0.235	0.383	0.689	0.627	0.380	0.343	0.876	0.634	0.413	0.220	0.872	0.554	0.326	0.188	0.756	0.571	0.253	0.347	0.662	0.624	0.044	0.602	0.640	
(1337, 'Northampton', 2022): 0.538	0.238	0.361	0.667	0.561	0.245	0.381	0.684	0.658	0.342	0.396	0.915	0.627	0.448	0.232	0.881	0.542	0.304	0.284	0.775	0.563	0.243	0.359	0.655	0.636	0.057	0.608	0.658	
(1361, 'Colchester', 2022): 0.546	0.209	0.396	0.649	0.560	0.226	0.371	0.656	0.634	0.437	0.361	0.872	0.607	0.453	0.225	0.897	0.537	0.353	0.216	0.755	0.548	0.262	0.325	0.639	0.594	0.056	0.568	0.621	
(1339, 'Rochdale', 2022): 0.538	0.209	0.379	0.640	0.548	0.210	0.410	0.660	0.655	0.373	0.412	0.912	0.612	0.384	0.290	0.885	0.528	0.321	0.213	0.707	0.553	0.205	0.389	0.638	0.608	0.039	0.589	0.623	
(1363, 'Crewe', 2022): 0.522	0.217	0.348	0.630	0.532	0.251	0.321	0.636	0.637	0.282	0.399	0.821	0.598	0.438	0.254	0.842	0.521	0.325	0.222	0.710	0.523	0.326	0.271	0.643	0.604	0.069	0.571	0.634	
(1342, 'Walsall', 2022): 0.543	0.226	0.344	0.650	0.563	0.208	0.380	0.644	0.654	0.388	0.314	0.882	0.636	0.429	0.206	0.928	0.545	0.367	0.188	0.875	0.565	0.261	0.339	0.664	0.626	0.046	0.612	0.652	
(1366, 'Hartlepool', 2022): 0.508	0.304	0.296	0.652	0.534	0.296	0.320	0.648	0.653	0.333	0.429	0.874	0.601	0.434	0.253	0.890	0.533	0.341	0.223	0.762	0.554	0.201	0.388	0.637	0.607	0.072	0.570	0.637	
(1343, 'Bradford', 2022): 0.564	0.210	0.401	0.671	0.580	0.210	0.396	0.680	0.659	0.322	0.436	0.884	0.623	0.438	0.240	0.913	0.546	0.366	0.227	0.841	0.521	0.402	0.262	0.677	0.636	0.036	0.621	0.648	
(1354, 'Doncaster', 2022): 0.540	0.256	0.359	0.678	0.570	0.242	0.373	0.661	0.665	0.363	0.379	0.859	0.589	0.441	0.245	0.860	0.527	0.346	0.215	0.716	0.537	0.332	0.292	0.647	0.617	0.040	0.595	0.634	
(1371, 'Carlisle', 2022): 0.540	0.250	0.356	0.656	0.556	0.244	0.326	0.652	0.605	0.369	0.280	0.818	0.619	0.497	0.213	0.917	0.543	0.344	0.224	0.791	0.598	0.115	0.527	0.677	0.618	0.070	0.584	0.648	
(1362, 'Crawley Town', 2022): 0.543	0.248	0.339	0.658	0.562	0.271	0.347	0.653	0.669	0.374	0.388	0.884	0.619	0.451	0.219	0.877	0.530	0.369	0.166	0.690	0.545	0.234	0.369	0.635	0.561	0.054	0.538	0.585	
(1373, 'Leyton Orient', 2022): 0.552	0.226	0.352	0.674	0.580	0.232	0.366	0.690	0.664	0.380	0.366	0.897	0.632	0.405	0.281	0.883	0.532	0.348	0.175	0.725	0.532	0.365	0.222	0.657	0.642	0.028	0.631	0.653	
(1365, 'Grimsby', 2022): 0.526	0.224	0.390	0.636	0.543	0.244	0.332	0.623	0.671	0.348	0.390	0.874	0.618	0.377	0.331	0.877	0.532	0.300	0.260	0.693	0.539	0.238	0.335	0.615	0.611	0.047	0.592	0.632	
(1381, 'Tranmere', 2022): 0.529	0.236	0.332	0.642	0.568	0.222	0.356	0.649	0.659	0.302	0.482	0.895	0.615	0.450	0.239	0.907	0.529	0.348	0.185	0.776	0.551	0.264	0.326	0.646	0.607	0.057	0.581	0.630	
(1368, 'Stevenage', 2022): 0.556	0.225	0.370	0.652	0.573	0.208	0.401	0.658	0.647	0.355	0.335	0.859	0.652	0.462	0.249	0.929	0.553	0.315	0.240	0.758	0.590	0.147	0.446	0.652	0.574	0.059	0.547	0.601	
(1835, 'Sutton Utd', 2022): 0.547	0.179	0.422	0.636	0.558	0.235	0.359	0.643	0.673	0.290	0.489	0.870	0.656	0.350	0.340	0.837	0.538	0.306	0.192	0.655	0.533	0.313	0.287	0.633	0.604	0.036	0.585	0.618	
(1367, 'Newport County', 2022): 0.507	0.300	0.278	0.645	0.522	0.267	0.320	0.634	0.624	0.331	0.381	0.811	0.599	0.461	0.228	0.911	0.530	0.273	0.285	0.685	0.560	0.170	0.427	0.635	0.605	0.058	0.577	0.629	
(1842, 'Harrogate Town', 2022): 0.530	0.250	0.303	0.652	0.542	0.255	0.353	0.643	0.671	0.326	0.391	0.852	0.613	0.451	0.291	0.907	0.527	0.335	0.171	0.700	0.543	0.301	0.290	0.649	0.589	0.032	0.579	0.606	
(1353, 'Swindon Town', 2022): 0.549	0.295	0.318	0.691	0.572	0.229	0.382	0.670	0.655	0.351	0.444	0.895	0.583	0.425	0.243	0.821	0.541	0.340	0.226	0.744	0.562	0.229	0.386	0.645	0.582	0.083	0.543	0.615	
(1844, 'Salford City', 2022): 0.554	0.235	0.339	0.702	0.574	0.223	0.385	0.675	0.668	0.354	0.381	0.870	0.653	0.412	0.260	0.901	0.560	0.318	0.199	0.713	0.570	0.260	0.337	0.650	0.629	0.038	0.609	0.644	
(1374, 'Mansfield Town', 2022): 0.567	0.195	0.362	0.670	0.563	0.263	0.347	0.671	0.643	0.318	0.375	0.882	0.664	0.357	0.304	0.872	0.567	0.293	0.235	0.779	0.563	0.189	0.400	0.626	0.623	0.031	0.611	0.635	
(4686, 'Stockport County', 2022): 0.543	0.256	0.320	0.652	0.551	0.268	0.339	0.660	0.660	0.273	0.475	0.859	0.645	0.409	0.265	0.867	0.552	0.301	0.224	0.689	0.585	0.096	0.513	0.634	0.657	0.005	0.654	0.659	
(1819, 'Barrow', 2022): 0.525	0.244	0.330	0.644	0.556	0.203	0.387	0.645	0.640	0.407	0.365	0.914	0.592	0.510	0.121	0.880	0.521	0.375	0.148	0.810	0.553	0.239	0.344	0.630	0.621	0.046	0.601	0.644	
(70, 'Middlesbrough', 2022): 0.616	0.305	0.396	0.778	0.635	0.279	0.426	0.752	0.707	0.292	0.432	0.906	0.674	0.383	0.296	0.872	0.615	0.354	0.250	0.823	0.650	0.285	0.414	0.759	0.754	0.077	0.720	0.791	
(60, 'West Brom', 2022): 0.620	0.348	0.360	0.788	0.658	0.328	0.415	0.785	0.676	0.281	0.467	0.887	0.643	0.462	0.235	0.889	0.622	0.384	0.235	0.835	0.638	0.347	0.367	0.751	0.670	0.047	0.652	0.692	
(78, 'Bordeaux', 2022): 0.596	0.390	0.311	0.776	0.621	0.355	0.353	0.792	0.668	0.320	0.349	0.875	0.625	0.460	0.252	0.902	0.582	0.506	0.143	0.839	0.631	0.446	0.290	0.747	0.675	0.048	0.646	0.693	
(105, 'Valenciennes', 2022): 0.548	0.364	0.290	0.742	0.588	0.355	0.360	0.762	0.672	0.305	0.426	0.895	0.603	0.478	0.250	0.883	0.554	0.402	0.187	0.776	0.551	0.462	0.174	0.735	0.670	0.045	0.649	0.692	
(90, 'Guingamp', 2022): 0.576	0.319	0.333	0.733	0.588	0.314	0.325	0.726	0.653	0.354	0.389	0.919	0.623	0.418	0.230	0.844	0.572	0.374	0.168	0.760	0.594	0.339	0.304	0.715	0.656	0.060	0.633	0.684	
(1297, 'PAU', 2022): 0.571	0.310	0.306	0.738	0.576	0.355	0.320	0.737	0.681	0.290	0.459	0.904	0.629	0.367	0.322	0.892	0.575	0.361	0.176	0.815	0.543	0.455	0.185	0.706	0.672	0.077	0.634	0.709	
(92, 'Nimes', 2022): 0.585	0.311	0.375	0.762	0.579	0.313	0.359	0.724	0.663	0.317	0.383	0.872	0.624	0.436	0.238	0.907	0.546	0.405	0.164	0.749	0.588	0.370	0.303	0.712	0.664	0.079	0.628	0.695	
(88, 'Caen', 2022): 0.565	0.385	0.299	0.740	0.593	0.304	0.365	0.726	0.647	0.390	0.327	0.885	0.638	0.481	0.234	0.910	0.559	0.397	0.199	0.788	0.602	0.380	0.275	0.771	0.685	0.134	0.628	0.742	
(111, 'LE Havre', 2022): 0.551	0.302	0.274	0.712	0.579	0.313	0.354	0.742	0.660	0.329	0.432	0.879	0.635	0.378	0.306	0.924	0.563	0.382	0.184	0.725	0.606	0.324	0.355	0.741	0.693	0.047	0.665	0.712	
(101, 'Grenoble', 2022): 0.583	0.321	0.302	0.730	0.572	0.368	0.336	0.737	0.667	0.336	0.446	0.906	0.638	0.449	0.299	0.885	0.545	0.386	0.157	0.755	0.544	0.430	0.231	0.703	0.681	0.047	0.658	0.699	
(112, 'Metz', 2022): 0.597	0.339	0.319	0.745	0.643	0.250	0.417	0.752	0.706	0.320	0.371	0.909	0.645	0.379	0.300	0.895	0.572	0.427	0.153	0.796	0.537	0.595	0.146	0.746	0.709	0.055	0.684	0.732	
(87, 'Amiens', 2022): 0.580	0.453	0.263	0.746	0.606	0.395	0.320	0.780	0.650	0.345	0.406	0.902	0.604	0.522	0.218	0.878	0.540	0.447	0.177	0.793	0.605	0.347	0.308	0.725	0.685	0.032	0.668	0.699	
(431, 'Quevilly', 2022): 0.535	0.350	0.317	0.703	0.550	0.317	0.336	0.694	0.606	0.398	0.289	0.832	0.592	0.456	0.249	0.895	0.524	0.417	0.152	0.786	0.567	0.510	0.141	0.717	0.650	0.069	0.612	0.673	
(1301, 'Rodez', 2022): 0.562	0.317	0.368	0.725	0.589	0.349	0.320	0.743	0.637	0.399	0.337	0.893	0.612	0.489	0.260	0.904	0.526	0.376	0.182	0.710	0.628	0.164	0.498	0.722	0.646	0.071	0.620	0.681	
(1305, 'Bastia', 2022): 0.575	0.279	0.331	0.730	0.595	0.269	0.389	0.710	0.670	0.262	0.457	0.896	0.610	0.397	0.238	0.878	0.544	0.356	0.157	0.721	0.584	0.267	0.355	0.684	0.644	0.054	0.618	0.671	
(433, 'Laval', 2022): 0.584	0.297	0.339	0.723	0.605	0.315	0.341	0.737	0.624	0.283	0.384	0.798	0.638	0.406	0.232	0.839	0.544	0.444	0.167	0.744	0.632	0.174	0.480	0.716	0.660	0.070	0.633	0.693	
(3012, 'Annecy', 2022): 0.556	0.362	0.318	0.742	0.594	0.265	0.379	0.721	0.612	0.320	0.392	0.799	0.593	0.413	0.258	0.863	0.536	0.421	0.155	0.738	0.545	0.486	0.187	0.699	0.657	0.058	0.631	0.684	
(113, 'Niort', 2022): 0.588	0.292	0.325	0.726	0.609	0.312	0.356	0.765	0.666	0.411	0.355	0.927	0.622	0.446	0.309	0.911	0.536	0.394	0.162	0.753	0.496	0.546	0.119	0.713	0.682	0.083	0.642	0.721	
(746, 'Sunderland', 2022): 0.592	0.238	0.419	0.719	0.633	0.238	0.452	0.776	0.682	0.466	0.295	0.910	0.601	0.460	0.198	0.916	0.571	0.420	0.211	0.809	0.533	0.497	0.191	0.710	0.655	0.067	0.627	0.689	
(1346, 'Coventry', 2022): 0.628	0.288	0.387	0.756	0.656	0.237	0.470	0.775	0.679	0.290	0.440	0.872	0.661	0.405	0.247	0.866	0.621	0.376	0.238	0.868	0.662	0.167	0.516	0.727	0.669	0.065	0.640	0.697	
(251, 'ST Mirren', 2022): 0.555	0.300	0.324	0.698	0.569	0.271	0.397	0.686	0.686	0.257	0.439	0.833	0.657	0.447	0.239	0.898	0.562	0.366	0.187	0.834	0.623	0.157	0.519	0.735	0.648	0.021	0.636	0.655	
(256, 'Motherwell', 2022): 0.569	0.279	0.376	0.720	0.614	0.225	0.413	0.722	0.652	0.250	0.486	0.841	0.641	0.359	0.341	0.871	0.560	0.326	0.211	0.755	0.546	0.350	0.253	0.678	0.708	0.042	0.688	0.729	
(247, 'Celtic', 2022): 0.666	0.286	0.419	0.819	0.677	0.265	0.436	0.804	0.753	0.273	0.566	0.932	0.693	0.422	0.207	0.926	0.644	0.435	0.246	0.847	0.690	0.159	0.573	0.761	0.627	0.003	0.626	0.629	
(252, 'Aberdeen', 2022): 0.550	0.342	0.303	0.724	0.588	0.307	0.331	0.696	0.673	0.297	0.477	0.882	0.628	0.476	0.179	0.892	0.558	0.385	0.217	0.824	0.605	0.261	0.366	0.692	0.696	0.101	0.642	0.725	
(115, 'Sochaux', 2022): 0.587	0.353	0.344	0.756	0.636	0.289	0.402	0.777	0.682	0.388	0.355	0.927	0.654	0.331	0.360	0.826	0.565	0.411	0.168	0.754	0.552	0.453	0.229	0.728	0.696	0.018	0.687	0.705	
(114, 'Paris FC', 2022): 0.608	0.292	0.359	0.753	0.623	0.274	0.395	0.764	0.666	0.337	0.386	0.903	0.626	0.421	0.265	0.872	0.589	0.414	0.142	0.749	0.571	0.511	0.173	0.722	0.684	0.037	0.665	0.698	
(38, 'Watford', 2022): 0.616	0.342	0.368	0.770	0.653	0.325	0.400	0.816	0.685	0.373	0.344	0.933	0.662	0.387	0.279	0.910	0.603	0.476	0.152	0.870	0.600	0.577	0.172	0.791	0.617	0.001	0.616	0.617	
(62, 'Sheffield Utd', 2022): 0.640	0.332	0.417	0.783	0.667	0.328	0.414	0.818	0.692	0.288	0.468	0.841	0.653	0.388	0.334	0.838	0.617	0.409	0.269	0.821	0.651	0.417	0.241	0.756	0.731	0.052	0.708	0.756	
(210, 'Heerenveen', 2022): 0.593	0.315	0.349	0.766	0.644	0.351	0.373	0.820	0.667	0.451	0.329	0.939	0.638	0.435	0.264	0.866	0.576	0.417	0.178	0.755	0.583	0.361	0.307	0.730	0.662	0.089	0.609	0.701	
(426, 'Sparta Rotterdam', 2022): 0.590	0.313	0.329	0.773	0.619	0.340	0.335	0.766	0.670	0.372	0.337	0.865	0.655	0.427	0.250	0.852	0.589	0.363	0.240	0.823	0.560	0.385	0.216	0.682	0.678	0.092	0.629	0.714	
(3578, 'İstanbulspor', 2022): 0.560	0.364	0.274	0.697	0.575	0.404	0.270	0.731	0.636	0.285	0.372	0.834	0.584	0.395	0.253	0.818	0.508	0.383	0.182	0.720	0.583	0.292	0.351	0.707	0.668	0.104	0.628	0.730	
(998, 'Trabzonspor', 2022): 0.672	0.369	0.363	0.863	0.714	0.265	0.492	0.845	0.730	0.259	0.524	0.917	0.705	0.383	0.296	0.919	0.653	0.430	0.217	0.838	0.645	0.392	0.341	0.812	0.768	0.101	0.713	0.804	
(169, 'Eintracht Frankfurt', 2022): 0.661	0.382	0.377	0.866	0.705	0.352	0.411	0.887	0.765	0.303	0.499	0.933	0.703	0.297	0.467	0.919	0.689	0.410	0.312	0.878	0.633	0.466	0.316	0.835	0.838	0.089	0.793	0.881	
(157, 'Bayern München', 2022): 0.771	0.297	0.464	0.917	0.780	0.320	0.455	0.917	0.794	0.301	0.557	0.963	0.761	0.329	0.421	0.949	0.710	0.485	0.289	0.939	0.657	0.623	0.243	0.881	0.850	0.101	0.807	0.903	
(52, 'Crystal Palace', 2022): 0.666	0.326	0.377	0.811	0.717	0.315	0.454	0.873	0.731	0.310	0.449	0.917	0.675	0.367	0.259	0.868	0.669	0.391	0.330	0.835	0.677	0.419	0.373	0.815	0.768	0.065	0.738	0.795	
(42, 'Arsenal', 2022): 0.718	0.355	0.428	0.893	0.767	0.338	0.455	0.890	0.733	0.395	0.374	0.919	0.690	0.484	0.238	0.907	0.700	0.471	0.218	0.918	0.714	0.411	0.408	0.861	0.827	0.099	0.785	0.864	
(80, 'Lyon', 2022): 0.669	0.374	0.344	0.839	0.726	0.275	0.469	0.857	0.742	0.273	0.472	0.890	0.681	0.407	0.340	0.906	0.663	0.455	0.209	0.849	0.654	0.573	0.204	0.821	0.786	0.141	0.708	0.842	
(98, 'Ajaccio', 2022): 0.634	0.265	0.418	0.774	0.645	0.308	0.395	0.796	0.671	0.305	0.404	0.863	0.654	0.342	0.308	0.871	0.582	0.417	0.224	0.794	0.543	0.538	0.195	0.712	0.718	0.022	0.708	0.729	
(211, 'Benfica', 2022): 0.682	0.374	0.395	0.858	0.724	0.351	0.386	0.868	0.770	0.304	0.512	0.943	0.724	0.370	0.302	0.916	0.695	0.439	0.265	0.906	0.683	0.426	0.339	0.844	0.788	0.192	0.673	0.848	
(240, 'Arouca', 2022): 0.620	0.301	0.395	0.783	0.645	0.324	0.404	0.785	0.658	0.262	0.445	0.853	0.641	0.368	0.327	0.886	0.588	0.408	0.206	0.774	0.595	0.428	0.313	0.771	0.685	0.164	0.632	0.786	
(36, 'Fulham', 2022): 0.668	0.383	0.313	0.817	0.717	0.285	0.455	0.846	0.720	0.301	0.466	0.899	0.684	0.441	0.295	0.916	0.668	0.431	0.211	0.899	0.681	0.371	0.367	0.851	0.795	0.094	0.743	0.835	
(40, 'Liverpool', 2022): 0.732	0.354	0.433	0.934	0.766	0.300	0.526	0.912	0.771	0.338	0.496	0.936	0.744	0.380	0.317	0.953	0.737	0.441	0.308	0.925	0.757	0.425	0.414	0.912	0.875	0.064	0.854	0.905	
(161, 'VfL Wolfsburg', 2022): 0.654	0.364	0.349	0.847	0.698	0.348	0.433	0.839	0.743	0.312	0.495	0.917	0.702	0.348	0.330	0.912	0.651	0.406	0.315	0.820	0.652	0.453	0.314	0.800	0.838	0.072	0.798	0.869	
(162, 'Werder Bremen', 2022): 0.660	0.339	0.359	0.824	0.666	0.349	0.352	0.822	0.685	0.299	0.437	0.898	0.683	0.372	0.261	0.873	0.636	0.398	0.255	0.818	0.697	0.282	0.446	0.801	0.740	0.239	0.614	0.838	
(163, 'Borussia Mönchengladbach', 2022): 0.689	0.361	0.400	0.856	0.717	0.348	0.434	0.851	0.716	0.298	0.386	0.898	0.699	0.369	0.359	0.881	0.683	0.389	0.317	0.847	0.681	0.407	0.354	0.829	0.777	0.098	0.735	0.824	
(167, '1899 Hoffenheim', 2022): 0.664	0.396	0.308	0.832	0.700	0.314	0.446	0.847	0.712	0.301	0.454	0.878	0.675	0.402	0.263	0.903	0.645	0.476	0.186	0.895	0.627	0.509	0.222	0.791	0.816	0.055	0.794	0.838	
(170, 'FC Augsburg', 2022): 0.627	0.370	0.337	0.811	0.631	0.408	0.328	0.795	0.706	0.257	0.453	0.890	0.687	0.362	0.261	0.888	0.628	0.427	0.226	0.841	0.664	0.379	0.328	0.793	0.734	0.167	0.640	0.795	
(160, 'SC Freiburg', 2022): 0.648	0.412	0.367	0.887	0.678	0.376	0.338	0.867	0.704	0.305	0.495	0.930	0.670	0.474	0.286	0.900	0.637	0.418	0.305	0.877	0.643	0.565	0.269	0.870	0.805	0.076	0.759	0.834	
(176, 'VfL Bochum', 2022): 0.617	0.408	0.255	0.814	0.617	0.415	0.281	0.799	0.692	0.423	0.368	0.928	0.674	0.373	0.306	0.936	0.600	0.469	0.233	0.828	0.600	0.560	0.211	0.802	0.794	0.118	0.738	0.849	
(164, 'FSV Mainz 05', 2022): 0.654	0.320	0.422	0.819	0.674	0.313	0.465	0.820	0.692	0.365	0.354	0.903	0.705	0.406	0.311	0.911	0.653	0.404	0.304	0.895	0.706	0.258	0.481	0.810	0.729	0.200	0.616	0.810	
(182, 'Union Berlin', 2022): 0.624	0.427	0.282	0.859	0.628	0.386	0.345	0.794	0.675	0.341	0.393	0.947	0.692	0.382	0.321	0.900	0.631	0.439	0.263	0.834	0.677	0.451	0.223	0.827	0.740	0.116	0.675	0.783	
(159, 'Hertha BSC', 2022): 0.658	0.288	0.422	0.781	0.663	0.393	0.359	0.846	0.705	0.237	0.509	0.885	0.706	0.350	0.313	0.915	0.622	0.463	0.210	0.855	0.618	0.571	0.211	0.785	0.722	0.115	0.676	0.774	
(34, 'Newcastle', 2022): 0.687	0.334	0.420	0.870	0.728	0.349	0.401	0.892	0.704	0.422	0.306	0.912	0.715	0.370	0.298	0.903	0.707	0.380	0.298	0.863	0.718	0.390	0.402	0.841	0.813	0.094	0.756	0.848	
(65, 'Nottingham Forest', 2022): 0.658	0.315	0.424	0.815	0.676	0.367	0.365	0.836	0.706	0.354	0.411	0.896	0.683	0.438	0.257	0.915	0.647	0.455	0.189	0.876	0.713	0.233	0.526	0.809	0.813	0.105	0.754	0.850	
(35, 'Bournemouth', 2022): 0.669	0.251	0.502	0.801	0.689	0.252	0.460	0.796	0.689	0.272	0.445	0.857	0.692	0.378	0.325	0.888	0.644	0.389	0.222	0.888	0.686	0.336	0.385	0.790	0.769	0.055	0.749	0.798	
(66, 'Aston Villa', 2022): 0.710	0.311	0.409	0.835	0.748	0.286	0.515	0.883	0.756	0.278	0.474	0.929	0.736	0.353	0.323	0.929	0.687	0.407	0.267	0.869	0.714	0.426	0.298	0.838	0.839	0.035	0.824	0.855	
(47, 'Tottenham', 2022): 0.751	0.357	0.462	0.940	0.774	0.256	0.507	0.877	0.726	0.318	0.399	0.929	0.752	0.358	0.374	0.929	0.726	0.424	0.381	0.949	0.744	0.403	0.379	0.863	0.805	0.172	0.700	0.862	
(41, 'Southampton', 2022): 0.643	0.393	0.360	0.907	0.702	0.351	0.432	0.949	0.718	0.309	0.442	0.900	0.666	0.479	0.217	0.922	0.634	0.459	0.249	0.853	0.639	0.447	0.289	0.799	0.709	0.096	0.662	0.751	
(63, 'Leeds', 2022): 0.630	0.467	0.272	0.840	0.667	0.415	0.290	0.852	0.726	0.307	0.510	0.910	0.701	0.361	0.332	0.933	0.664	0.388	0.266	0.836	0.650	0.483	0.284	0.797	0.762	0.108	0.717	0.809	
(39, 'Wolves', 2022): 0.701	0.327	0.446	0.882	0.748	0.332	0.459	0.898	0.730	0.370	0.407	0.930	0.693	0.414	0.247	0.888	0.685	0.435	0.242	0.915	0.695	0.448	0.319	0.808	0.792	0.112	0.731	0.834	
(205, 'Fortuna Sittard', 2022): 0.630	0.272	0.428	0.781	0.672	0.243	0.463	0.792	0.685	0.304	0.370	0.882	0.664	0.329	0.359	0.877	0.603	0.389	0.219	0.823	0.587	0.453	0.204	0.741	0.703	0.139	0.630	0.774	
(194, 'Ajax', 2022): 0.726	0.331	0.457	0.888	0.728	0.373	0.417	0.872	0.748	0.297	0.443	0.921	0.711	0.384	0.368	0.890	0.700	0.417	0.333	0.889	0.650	0.497	0.280	0.843	0.801	0.063	0.774	0.835	
(226, 'Rio Ave', 2022): 0.631	0.265	0.455	0.749	0.612	0.329	0.402	0.742	0.633	0.405	0.318	0.905	0.657	0.437	0.260	0.926	0.572	0.474	0.193	0.815	0.659	0.316	0.405	0.776	0.711	0.058	0.681	0.735	
(810, 'Vizela', 2022): 0.631	0.269	0.420	0.756	0.656	0.283	0.441	0.801	0.668	0.362	0.318	0.847	0.628	0.402	0.244	0.869	0.590	0.418	0.227	0.786	0.604	0.384	0.299	0.762	0.687	0.002	0.686	0.687	
(95, 'Strasbourg', 2022): 0.666	0.337	0.422	0.828	0.685	0.310	0.441	0.801	0.675	0.320	0.363	0.849	0.681	0.404	0.221	0.897	0.640	0.427	0.202	0.820	0.713	0.163	0.561	0.784	0.788	0.057	0.758	0.808	
(91, 'Monaco', 2022): 0.673	0.345	0.397	0.859	0.721	0.290	0.447	0.874	0.726	0.472	0.308	0.920	0.697	0.403	0.232	0.930	0.675	0.422	0.250	0.881	0.686	0.395	0.344	0.811	0.760	0.150	0.707	0.848	
(1002, 'Sivasspor', 2022): 0.622	0.327	0.312	0.773	0.638	0.322	0.364	0.794	0.660	0.319	0.441	0.865	0.673	0.341	0.298	0.850	0.595	0.409	0.219	0.801	0.576	0.477	0.237	0.728	0.676	0.114	0.611	0.723	
(3573, 'Gazişehir Gaziantep', 2022): 0.620	0.334	0.356	0.766	0.662	0.301	0.430	0.815	0.662	0.358	0.338	0.904	0.664	0.340	0.298	0.879	0.585	0.419	0.157	0.857	0.540	0.561	0.165	0.738	0.683	0.000	0.683	0.683	
(45, 'Everton', 2022): 0.651	0.363	0.332	0.836	0.696	0.346	0.404	0.841	0.696	0.324	0.418	0.883	0.696	0.350	0.376	0.896	0.653	0.418	0.267	0.865	0.690	0.425	0.371	0.862	0.832	0.119	0.774	0.875	
(49, 'Chelsea', 2022): 0.704	0.372	0.408	0.904	0.759	0.323	0.475	0.893	0.747	0.350	0.388	0.928	0.720	0.344	0.378	0.931	0.711	0.413	0.315	0.904	0.703	0.461	0.372	0.894	0.824	0.085	0.793	0.865	
(165, 'Borussia Dortmund', 2022): 0.727	0.335	0.432	0.888	0.742	0.363	0.426	0.887	0.761	0.353	0.380	0.938	0.747	0.303	0.493	0.936	0.700	0.478	0.239	0.917	0.675	0.605	0.251	0.896	0.807	0.122	0.736	0.856	
(168, 'Bayer Leverkusen', 2022): 0.693	0.384	0.285	0.846	0.741	0.343	0.427	0.888	0.757	0.364	0.431	0.966	0.699	0.457	0.253	0.922	0.672	0.461	0.260	0.882	0.670	0.536	0.290	0.863	0.794	0.207	0.672	0.873	
(420, 'Cambuur', 2022): 0.592	0.264	0.380	0.737	0.628	0.246	0.407	0.737	0.661	0.323	0.349	0.925	0.622	0.451	0.227	0.912	0.571	0.390	0.230	0.755	0.586	0.309	0.346	0.690	0.653	0.067	0.619	0.681	
(196, 'Excelsior', 2022): 0.562	0.273	0.365	0.707	0.598	0.312	0.390	0.743	0.684	0.344	0.477	0.928	0.602	0.409	0.253	0.843	0.545	0.382	0.180	0.715	0.535	0.484	0.207	0.682	0.683	0.000	0.683	0.683	
(230, 'Estoril', 2022): 0.598	0.342	0.287	0.757	0.612	0.368	0.369	0.768	0.695	0.270	0.501	0.883	0.620	0.408	0.260	0.917	0.565	0.451	0.165	0.750	0.592	0.474	0.251	0.757	0.711	0.072	0.681	0.749	
(242, 'Famalicao', 2022): 0.613	0.280	0.370	0.755	0.651	0.321	0.371	0.781	0.666	0.268	0.434	0.844	0.656	0.368	0.266	0.902	0.591	0.419	0.234	0.771	0.604	0.407	0.306	0.751	0.713	0.065	0.671	0.732	
(197, 'PSV Eindhoven', 2022): 0.687	0.315	0.464	0.905	0.721	0.232	0.538	0.849	0.721	0.312	0.433	0.889	0.714	0.382	0.310	0.916	0.652	0.441	0.215	0.848	0.679	0.309	0.436	0.825	0.790	0.104	0.726	0.830	
(208, 'Emmen', 2022): 0.582	0.286	0.380	0.738	0.606	0.308	0.402	0.752	0.649	0.338	0.355	0.905	0.646	0.378	0.283	0.872	0.560	0.434	0.168	0.781	0.562	0.447	0.194	0.703	0.672	0.084	0.633	0.708	
(549, 'Besiktas', 2022): 0.681	0.326	0.371	0.855	0.701	0.283	0.455	0.825	0.716	0.316	0.458	0.894	0.698	0.343	0.352	0.899	0.653	0.448	0.252	0.865	0.647	0.416	0.317	0.780	0.732	0.070	0.699	0.766	
(1001, 'Kayserispor', 2022): 0.617	0.333	0.316	0.767	0.636	0.315	0.395	0.799	0.695	0.262	0.522	0.892	0.644	0.407	0.268	0.875	0.592	0.419	0.191	0.785	0.535	0.537	0.195	0.728	0.637	0.151	0.545	0.687	
(417, 'Waalwijk', 2022): 0.601	0.289	0.393	0.768	0.624	0.274	0.397	0.751	0.669	0.302	0.393	0.892	0.619	0.409	0.200	0.818	0.560	0.377	0.220	0.758	0.603	0.221	0.407	0.677	0.667	0.064	0.629	0.686	
(207, 'Utrecht', 2022): 0.648	0.344	0.318	0.839	0.653	0.295	0.414	0.769	0.665	0.381	0.338	0.891	0.671	0.411	0.307	0.876	0.616	0.382	0.259	0.835	0.629	0.360	0.340	0.764	0.649	0.004	0.646	0.651	
(99, 'Clermont Foot', 2022): 0.588	0.363	0.300	0.779	0.621	0.358	0.320	0.755	0.659	0.320	0.355	0.866	0.633	0.466	0.196	0.904	0.589	0.461	0.187	0.817	0.581	0.549	0.234	0.783	0.707	0.065	0.682	0.740	
(85, 'Paris Saint Germain', 2022): 0.743	0.387	0.426	0.935	0.803	0.361	0.539	0.959	0.780	0.381	0.478	0.976	0.731	0.372	0.395	0.929	0.746	0.435	0.314	0.966	0.772	0.250	0.590	0.898	0.860	0.123	0.798	0.909	
(212, 'FC Porto', 2022): 0.686	0.322	0.424	0.839	0.722	0.304	0.462	0.865	0.732	0.338	0.440	0.939	0.721	0.350	0.319	0.934	0.670	0.486	0.200	0.928	0.671	0.483	0.334	0.843	0.798	0.091	0.759	0.851	
(214, 'Maritimo', 2022): 0.594	0.344	0.352	0.751	0.619	0.364	0.355	0.784	0.690	0.294	0.431	0.900	0.659	0.365	0.313	0.898	0.591	0.378	0.230	0.812	0.553	0.529	0.186	0.759	0.693	0.126	0.626	0.743	
(202, 'Groningen', 2022): 0.576	0.340	0.326	0.741	0.616	0.300	0.406	0.755	0.678	0.321	0.409	0.912	0.625	0.401	0.274	0.862	0.555	0.425	0.200	0.753	0.533	0.479	0.210	0.722	0.677	0.072	0.640	0.704	
(416, 'FC Volendam', 2022): 0.546	0.415	0.240	0.785	0.614	0.352	0.315	0.799	0.649	0.389	0.351	0.899	0.586	0.500	0.206	0.856	0.520	0.400	0.216	0.758	0.577	0.289	0.342	0.697	0.669	0.048	0.652	0.693	
(96, 'Toulouse', 2022): 0.626	0.355	0.351	0.801	0.653	0.321	0.388	0.818	0.682	0.288	0.417	0.874	0.677	0.391	0.243	0.872	0.619	0.405	0.216	0.794	0.675	0.172	0.555	0.756	0.739	0.067	0.704	0.764	
(84, 'Nice', 2022): 0.695	0.313	0.433	0.843	0.722	0.267	0.484	0.843	0.706	0.358	0.329	0.894	0.699	0.338	0.390	0.886	0.660	0.400	0.233	0.841	0.681	0.413	0.323	0.818	0.809	0.072	0.783	0.851	
(200, 'Vitesse', 2022): 0.622	0.289	0.360	0.782	0.635	0.323	0.359	0.787	0.697	0.266	0.452	0.856	0.684	0.329	0.348	0.913	0.622	0.382	0.196	0.806	0.644	0.288	0.404	0.742	0.622	0.017	0.613	0.630	
(209, 'Feyenoord', 2022): 0.647	0.385	0.318	0.832	0.684	0.353	0.335	0.837	0.741	0.252	0.536	0.901	0.677	0.431	0.335	0.905	0.644	0.416	0.223	0.856	0.650	0.441	0.289	0.822	0.760	0.075	0.728	0.795	
(413, 'NEC Nijmegen', 2022): 0.611	0.393	0.277	0.839	0.666	0.385	0.318	0.853	0.693	0.352	0.357	0.879	0.638	0.393	0.295	0.865	0.595	0.416	0.207	0.794	0.583	0.401	0.304	0.739	0.788	0.045	0.763	0.803	
(415, 'Twente', 2022): 0.625	0.287	0.392	0.784	0.670	0.250	0.453	0.777	0.705	0.319	0.461	0.903	0.658	0.370	0.275	0.846	0.615	0.350	0.248	0.818	0.617	0.428	0.274	0.751	0.767	0.191	0.643	0.818	
(33, 'Manchester United', 2022): 0.743	0.334	0.423	0.901	0.772	0.330	0.458	0.905	0.761	0.320	0.411	0.924	0.747	0.371	0.460	0.942	0.718	0.462	0.306	0.922	0.662	0.631	0.242	0.891	0.842	0.162	0.757	0.899	
(51, 'Brighton', 2022): 0.673	0.338	0.438	0.848	0.719	0.301	0.453	0.862	0.698	0.350	0.357	0.911	0.681	0.365	0.344	0.861	0.657	0.464	0.185	0.835	0.666	0.426	0.309	0.837	0.738	0.073	0.703	0.772	
(46, 'Leicester', 2022): 0.700	0.370	0.383	0.888	0.750	0.280	0.505	0.884	0.720	0.316	0.415	0.881	0.698	0.397	0.284	0.892	0.682	0.431	0.276	0.886	0.687	0.376	0.389	0.850	0.738	0.070	0.700	0.764	
(55, 'Brentford', 2022): 0.673	0.284	0.496	0.819	0.685	0.274	0.447	0.795	0.736	0.319	0.466	0.924	0.692	0.417	0.281	0.929	0.665	0.405	0.285	0.905	0.705	0.238	0.502	0.788	0.779	0.051	0.759	0.806	
(77, 'Angers', 2022): 0.621	0.347	0.352	0.779	0.638	0.342	0.373	0.822	0.653	0.368	0.323	0.895	0.659	0.378	0.296	0.884	0.606	0.418	0.176	0.820	0.636	0.386	0.306	0.769	0.733	0.071	0.706	0.771	
(83, 'Nantes', 2022): 0.658	0.304	0.451	0.815	0.688	0.302	0.469	0.851	0.696	0.345	0.379	0.910	0.707	0.370	0.295	0.915	0.637	0.418	0.211	0.876	0.673	0.395	0.345	0.799	0.788	0.181	0.689	0.864	
(79, 'Lille', 2022): 0.687	0.272	0.447	0.835	0.706	0.284	0.468	0.817	0.714	0.429	0.339	0.885	0.699	0.386	0.301	0.930	0.652	0.460	0.191	0.876	0.599	0.569	0.261	0.821	0.734	0.084	0.686	0.767	
(108, 'Auxerre', 2022): 0.614	0.349	0.331	0.791	0.647	0.288	0.430	0.778	0.684	0.384	0.320	0.896	0.674	0.396	0.250	0.913	0.596	0.382	0.196	0.777	0.574	0.526	0.190	0.745	0.735	0.066	0.708	0.763	
(82, 'Montpellier', 2022): 0.672	0.324	0.424	0.842	0.716	0.280	0.503	0.837	0.711	0.378	0.343	0.931	0.669	0.428	0.281	0.908	0.640	0.450	0.270	0.869	0.601	0.542	0.218	0.770	0.752	0.057	0.728	0.780	
(110, 'Estac Troyes', 2022): 0.650	0.325	0.386	0.776	0.662	0.323	0.411	0.785	0.673	0.405	0.344	0.919	0.670	0.472	0.187	0.906	0.596	0.444	0.247	0.805	0.603	0.409	0.291	0.752	0.739	0.065	0.707	0.766	
(116, 'Lens', 2022): 0.659	0.336	0.386	0.823	0.673	0.366	0.358	0.825	0.731	0.317	0.460	0.946	0.690	0.496	0.253	0.927	0.655	0.416	0.201	0.831	0.691	0.292	0.453	0.811	0.766	0.055	0.740	0.789	
(106, 'Stade Brestois 29', 2022): 0.655	0.323	0.398	0.819	0.682	0.267	0.447	0.793	0.671	0.272	0.477	0.863	0.680	0.401	0.282	0.897	0.643	0.352	0.276	0.811	0.665	0.301	0.406	0.759	0.749	0.100	0.694	0.795	
(172, 'VfB Stuttgart', 2022): 0.604	0.461	0.263	0.865	0.630	0.419	0.325	0.822	0.696	0.365	0.379	0.887	0.682	0.396	0.297	0.926	0.622	0.431	0.282	0.831	0.703	0.324	0.434	0.848	0.721	0.094	0.686	0.772	
(173, 'RB Leipzig', 2022): 0.714	0.377	0.392	0.878	0.759	0.326	0.422	0.906	0.753	0.305	0.487	0.929	0.720	0.419	0.285	0.919	0.698	0.416	0.319	0.880	0.675	0.544	0.251	0.865	0.751	0.082	0.709	0.787	
(227, 'Santa Clara', 2022): 0.586	0.284	0.361	0.717	0.619	0.298	0.374	0.776	0.679	0.268	0.456	0.864	0.607	0.364	0.313	0.824	0.554	0.430	0.148	0.752	0.559	0.427	0.285	0.727	0.684	0.094	0.646	0.738	
(4716, 'Casa Pia', 2022): 0.593	0.311	0.352	0.759	0.627	0.282	0.441	0.788	0.688	0.317	0.457	0.911	0.654	0.343	0.394	0.884	0.590	0.358	0.218	0.761	0.653	0.262	0.395	0.778	0.708	0.079	0.668	0.745	
(201, 'AZ Alkmaar', 2022): 0.646	0.372	0.327	0.817	0.685	0.309	0.454	0.843	0.728	0.274	0.522	0.905	0.703	0.373	0.353	0.915	0.623	0.422	0.246	0.849	0.648	0.358	0.295	0.755	0.744	0.067	0.717	0.776	
(410, 'GO Ahead Eagles', 2022): 0.559	0.315	0.303	0.741	0.572	0.332	0.329	0.739	0.663	0.287	0.489	0.894	0.630	0.398	0.323	0.902	0.552	0.338	0.199	0.771	0.586	0.364	0.285	0.722	0.653	0.058	0.625	0.677	
(94, 'Rennes', 2022): 0.703	0.321	0.428	0.847	0.736	0.302	0.459	0.854	0.730	0.303	0.459	0.903	0.704	0.332	0.311	0.897	0.649	0.474	0.210	0.827	0.624	0.512	0.238	0.793	0.776	0.068	0.741	0.810	
(97, 'Lorient', 2022): 0.581	0.412	0.304	0.833	0.632	0.408	0.339	0.827	0.699	0.314	0.404	0.911	0.640	0.457	0.252	0.895	0.585	0.446	0.189	0.844	0.657	0.313	0.371	0.785	0.728	0.058	0.703	0.754	
(48, 'West Ham', 2022): 0.712	0.311	0.440	0.844	0.738	0.245	0.536	0.869	0.712	0.297	0.470	0.858	0.733	0.361	0.363	0.925	0.699	0.378	0.339	0.881	0.713	0.439	0.355	0.847	0.797	0.133	0.710	0.829	
(50, 'Manchester City', 2022): 0.750	0.416	0.429	0.947	0.806	0.289	0.542	0.934	0.774	0.313	0.550	0.950	0.748	0.430	0.304	0.944	0.732	0.446	0.383	0.943	0.720	0.479	0.322	0.893	0.874	0.104	0.821	0.928	
(192, '1.FC Köln', 2022): 0.642	0.340	0.365	0.796	0.648	0.374	0.352	0.793	0.680	0.385	0.355	0.911	0.678	0.390	0.261	0.919	0.620	0.469	0.218	0.858	0.645	0.522	0.254	0.807	0.775	0.075	0.739	0.809	
(174, 'FC Schalke 04', 2022): 0.657	0.273	0.435	0.815	0.639	0.354	0.362	0.785	0.688	0.277	0.474	0.869	0.689	0.390	0.312	0.896	0.631	0.390	0.246	0.860	0.654	0.309	0.398	0.777	0.702	0.211	0.568	0.768	
(3574, 'Giresunspor', 2022): 0.566	0.393	0.286	0.727	0.592	0.350	0.324	0.730	0.652	0.318	0.374	0.863	0.604	0.403	0.264	0.808	0.540	0.443	0.182	0.754	0.578	0.355	0.283	0.732	0.638	0.056	0.610	0.660	
(3563, 'Adana Demirspor', 2022): 0.660	0.266	0.411	0.807	0.664	0.367	0.337	0.786	0.705	0.397	0.370	0.937	0.687	0.383	0.313	0.915	0.616	0.462	0.199	0.829	0.611	0.450	0.267	0.788	0.698	0.083	0.654	0.728	
(3589, 'Fatih Karagümrük', 2022): 0.636	0.305	0.370	0.845	0.677	0.259	0.441	0.799	0.659	0.337	0.396	0.865	0.659	0.389	0.265	0.886	0.606	0.464	0.195	0.814	0.641	0.315	0.407	0.770	0.682	0.064	0.650	0.711	
(996, 'Alanyaspor', 2022): 0.597	0.371	0.330	0.782	0.631	0.357	0.314	0.766	0.669	0.337	0.381	0.927	0.639	0.420	0.248	0.855	0.594	0.401	0.244	0.824	0.585	0.428	0.262	0.748	0.703	0.045	0.687	0.725	
(217, 'SC Braga', 2022): 0.681	0.331	0.401	0.830	0.705	0.341	0.424	0.829	0.707	0.362	0.396	0.912	0.694	0.417	0.294	0.883	0.640	0.443	0.207	0.844	0.638	0.530	0.274	0.813	0.707	0.003	0.705	0.708	
(228, 'Sporting CP', 2022): 0.647	0.390	0.340	0.829	0.712	0.355	0.454	0.856	0.729	0.348	0.334	0.920	0.667	0.457	0.271	0.933	0.675	0.428	0.277	0.848	0.713	0.437	0.389	0.856	0.771	0.126	0.719	0.828	
(81, 'Marseille', 2022): 0.700	0.310	0.448	0.852	0.761	0.225	0.543	0.859	0.748	0.251	0.549	0.907	0.714	0.423	0.303	0.911	0.685	0.435	0.287	0.880	0.718	0.347	0.401	0.831	0.804	0.050	0.780	0.827	
(93, 'Reims', 2022): 0.597	0.382	0.291	0.772	0.620	0.364	0.357	0.789	0.669	0.398	0.319	0.912	0.669	0.377	0.239	0.896	0.614	0.404	0.189	0.841	0.660	0.326	0.402	0.787	0.725	0.053	0.699	0.749	
(1005, 'Antalyaspor', 2022): 0.622	0.319	0.349	0.807	0.675	0.337	0.408	0.844	0.707	0.274	0.448	0.879	0.675	0.369	0.298	0.908	0.606	0.413	0.145	0.810	0.588	0.495	0.248	0.795	0.727	0.054	0.700	0.751	
(645, 'Galatasaray', 2022): 0.687	0.339	0.416	0.848	0.733	0.278	0.489	0.879	0.740	0.332	0.482	0.923	0.685	0.450	0.264	0.911	0.661	0.446	0.258	0.872	0.623	0.523	0.253	0.817	0.756	0.172	0.663	0.832	
(216, 'Portimonense', 2022): 0.581	0.361	0.312	0.773	0.601	0.329	0.351	0.762	0.648	0.366	0.363	0.879	0.647	0.414	0.235	0.883	0.573	0.453	0.175	0.828	0.649	0.267	0.402	0.755	0.723	0.104	0.667	0.760	
(222, 'Boavista', 2022): 0.583	0.375	0.291	0.756	0.635	0.273	0.405	0.756	0.675	0.337	0.408	0.893	0.648	0.400	0.245	0.889	0.588	0.372	0.247	0.792	0.665	0.239	0.460	0.760	0.692	0.110	0.621	0.716	
(223, 'Chaves', 2022): 0.580	0.294	0.342	0.735	0.613	0.311	0.374	0.762	0.683	0.399	0.322	0.878	0.634	0.387	0.310	0.919	0.582	0.406	0.217	0.803	0.605	0.311	0.338	0.728	0.700	0.054	0.668	0.721	
(224, 'Guimaraes', 2022): 0.604	0.305	0.355	0.764	0.637	0.306	0.401	0.761	0.684	0.282	0.444	0.864	0.638	0.379	0.302	0.900	0.577	0.432	0.203	0.809	0.664	0.129	0.585	0.747	0.703	0.129	0.634	0.761	
(564, 'Istanbul Basaksehir', 2022): 0.642	0.289	0.432	0.811	0.695	0.281	0.424	0.833	0.696	0.312	0.392	0.871	0.698	0.315	0.299	0.912	0.632	0.385	0.192	0.811	0.598	0.450	0.268	0.777	0.693	0.092	0.655	0.744	
(1004, 'Kasimpasa', 2022): 0.622	0.286	0.395	0.793	0.655	0.312	0.410	0.797	0.679	0.355	0.350	0.920	0.664	0.404	0.250	0.905	0.606	0.417	0.214	0.802	0.569	0.452	0.206	0.732	0.539	0.030	0.530	0.555	
(611, 'Fenerbahce', 2022): 0.663	0.305	0.376	0.801	0.705	0.297	0.415	0.847	0.736	0.310	0.459	0.923	0.704	0.414	0.251	0.926	0.652	0.407	0.263	0.855	0.644	0.404	0.319	0.792	0.756	0.097	0.715	0.807	
(3577, 'Ümraniyespor', 2022): 0.587	0.302	0.346	0.767	0.586	0.331	0.331	0.720	0.627	0.401	0.348	0.863	0.661	0.340	0.353	0.894	0.564	0.386	0.173	0.795	0.594	0.311	0.353	0.728	0.655	0.092	0.608	0.710	
(1010, 'Ankaragucu', 2022): 0.616	0.286	0.379	0.760	0.637	0.284	0.399	0.758	0.665	0.332	0.374	0.866	0.646	0.426	0.253	0.879	0.578	0.458	0.184	0.766	0.594	0.398	0.288	0.721	0.684	0.083	0.653	0.728	
(607, 'Konyaspor', 2022): 0.610	0.341	0.324	0.794	0.637	0.361	0.329	0.794	0.696	0.303	0.399	0.896	0.674	0.400	0.261	0.913	0.605	0.413	0.213	0.838	0.616	0.365	0.277	0.736	0.706	0.095	0.657	0.750	
(762, 'GIL Vicente', 2022): 0.607	0.308	0.384	0.781	0.638	0.334	0.341	0.787	0.682	0.252	0.511	0.876	0.663	0.388	0.252	0.839	0.599	0.410	0.223	0.790	0.577	0.511	0.208	0.759	0.773	0.020	0.761	0.780	
(234, 'Pacos Ferreira', 2022): 0.601	0.307	0.351	0.771	0.626	0.339	0.353	0.805	0.678	0.256	0.453	0.844	0.627	0.387	0.242	0.877	0.577	0.428	0.168	0.794	0.574	0.476	0.218	0.742	0.658	0.080	0.624	0.694	
(3575, 'Hatayspor', 2022): 0.621	0.289	0.372	0.765	0.656	0.303	0.381	0.812	0.701	0.307	0.475	0.889	0.673	0.331	0.314	0.883	0.602	0.403	0.206	0.873	0.560	0.498	0.222	0.728	0.681	0.113	0.626	0.727	
(523, 'Parma', 2022): 0.603	0.420	0.272	0.818	0.630	0.371	0.306	0.826	0.662	0.360	0.357	0.904	0.660	0.364	0.323	0.836	0.589	0.378	0.199	0.805	0.589	0.301	0.357	0.726	0.706	0.122	0.656	0.775	
(508, 'Bari', 2022): 0.602	0.286	0.392	0.761	0.642	0.258	0.431	0.780	0.651	0.402	0.317	0.849	0.639	0.414	0.201	0.895	0.579	0.437	0.198	0.797	0.600	0.325	0.361	0.762	0.693	0.064	0.662	0.720	
(727, 'Osasuna', 2022): 0.652	0.387	0.366	0.837	0.655	0.380	0.375	0.825	0.677	0.335	0.360	0.859	0.662	0.412	0.268	0.910	0.624	0.438	0.228	0.869	0.626	0.519	0.298	0.824	0.753	0.076	0.708	0.781	
(536, 'Sevilla', 2022): 0.712	0.361	0.396	0.878	0.761	0.319	0.423	0.888	0.711	0.343	0.440	0.912	0.715	0.443	0.281	0.929	0.710	0.430	0.280	0.890	0.710	0.365	0.417	0.842	0.814	0.069	0.774	0.840	
(539, 'Levante', 2022): 0.637	0.306	0.416	0.795	0.670	0.350	0.419	0.828	0.695	0.291	0.495	0.862	0.673	0.350	0.382	0.892	0.642	0.354	0.325	0.827	0.619	0.387	0.311	0.751	0.718	0.131	0.663	0.783	
(726, 'Huesca', 2022): 0.582	0.305	0.324	0.745	0.608	0.358	0.340	0.810	0.655	0.350	0.356	0.909	0.657	0.386	0.283	0.870	0.582	0.403	0.206	0.818	0.600	0.396	0.274	0.752	0.683	0.000	0.683	0.683	
(538, 'Celta Vigo', 2022): 0.675	0.362	0.422	0.893	0.712	0.329	0.472	0.876	0.725	0.303	0.363	0.906	0.671	0.461	0.176	0.918	0.627	0.515	0.233	0.886	0.686	0.437	0.371	0.843	0.751	0.037	0.732	0.763	
(540, 'Espanyol', 2022): 0.686	0.371	0.362	0.886	0.710	0.329	0.427	0.857	0.712	0.345	0.343	0.859	0.714	0.387	0.358	0.919	0.664	0.428	0.274	0.874	0.658	0.486	0.289	0.799	0.746	0.079	0.707	0.781	
(545, 'Eibar', 2022): 0.596	0.326	0.318	0.755	0.644	0.301	0.391	0.784	0.687	0.307	0.468	0.898	0.662	0.400	0.291	0.915	0.592	0.424	0.183	0.826	0.558	0.495	0.230	0.763	0.680	0.062	0.650	0.704	
(719, 'Tenerife', 2022): 0.603	0.339	0.369	0.774	0.615	0.327	0.370	0.765	0.692	0.303	0.471	0.878	0.668	0.412	0.306	0.912	0.597	0.385	0.211	0.764	0.602	0.346	0.336	0.721	0.691	0.096	0.651	0.730	
(489, 'AC Milan', 2022): 0.723	0.311	0.371	0.897	0.755	0.250	0.572	0.889	0.776	0.315	0.470	0.945	0.726	0.324	0.428	0.903	0.685	0.470	0.247	0.894	0.682	0.578	0.246	0.889	0.819	0.064	0.790	0.851	
(494, 'Udinese', 2022): 0.660	0.340	0.378	0.829	0.684	0.316	0.427	0.843	0.686	0.348	0.455	0.917	0.680	0.413	0.183	0.902	0.636	0.441	0.213	0.814	0.693	0.239	0.499	0.802	0.770	0.250	0.608	0.838	
(498, 'Sampdoria', 2022): 0.640	0.337	0.393	0.825	0.684	0.308	0.415	0.818	0.681	0.289	0.383	0.838	0.661	0.407	0.235	0.917	0.617	0.453	0.173	0.849	0.662	0.291	0.398	0.792	0.730	0.104	0.687	0.780	
(499, 'Atalanta', 2022): 0.689	0.301	0.408	0.855	0.688	0.366	0.373	0.867	0.705	0.328	0.405	0.894	0.716	0.385	0.284	0.921	0.672	0.492	0.222	0.878	0.717	0.384	0.399	0.857	0.782	0.111	0.719	0.825	
(720, 'Valladolid', 2022): 0.642	0.354	0.345	0.799	0.674	0.330	0.414	0.826	0.728	0.347	0.361	0.911	0.702	0.350	0.369	0.901	0.644	0.377	0.257	0.815	0.626	0.395	0.316	0.777	0.756	0.057	0.726	0.782	
(533, 'Villarreal', 2022): 0.710	0.352	0.430	0.927	0.742	0.325	0.480	0.908	0.718	0.346	0.396	0.915	0.695	0.380	0.352	0.887	0.679	0.445	0.286	0.907	0.670	0.517	0.314	0.872	0.788	0.046	0.768	0.807	
(799, 'Mirandes', 2022): 0.564	0.387	0.249	0.767	0.613	0.342	0.336	0.762	0.625	0.293	0.335	0.801	0.592	0.353	0.317	0.792	0.586	0.375	0.247	0.818	0.587	0.387	0.183	0.776	0.659	0.098	0.609	0.709	
(731, 'Sporting Gijon', 2022): 0.578	0.356	0.338	0.727	0.610	0.337	0.373	0.791	0.646	0.407	0.345	0.853	0.623	0.490	0.260	0.863	0.564	0.449	0.221	0.794	0.594	0.425	0.295	0.777	0.698	0.050	0.671	0.718	
(867, 'Lecce', 2022): 0.607	0.354	0.330	0.781	0.651	0.293	0.421	0.805	0.698	0.324	0.395	0.899	0.656	0.399	0.271	0.878	0.609	0.407	0.176	0.807	0.650	0.319	0.369	0.789	0.733	0.117	0.677	0.791	
(505, 'Inter', 2022): 0.742	0.327	0.418	0.899	0.755	0.338	0.354	0.886	0.746	0.365	0.394	0.908	0.743	0.388	0.336	0.952	0.721	0.466	0.231	0.903	0.781	0.281	0.557	0.903	0.821	0.135	0.753	0.884	
(1579, 'Monza', 2022): 0.676	0.302	0.446	0.864	0.721	0.291	0.464	0.867	0.704	0.336	0.371	0.906	0.678	0.351	0.378	0.903	0.633	0.477	0.178	0.851	0.703	0.243	0.484	0.788	0.759	0.078	0.717	0.788	
(503, 'Torino', 2022): 0.663	0.308	0.397	0.812	0.705	0.276	0.423	0.825	0.709	0.282	0.403	0.888	0.689	0.290	0.330	0.844	0.637	0.439	0.210	0.808	0.661	0.456	0.260	0.800	0.750	0.069	0.717	0.788	
(510, 'Cittadella', 2022): 0.578	0.287	0.349	0.734	0.592	0.307	0.355	0.732	0.664	0.283	0.436	0.834	0.631	0.335	0.311	0.852	0.542	0.375	0.201	0.730	0.546	0.405	0.242	0.698	0.655	0.104	0.591	0.686	
(801, 'Pisa', 2022): 0.608	0.276	0.409	0.759	0.638	0.239	0.428	0.751	0.678	0.253	0.464	0.869	0.644	0.429	0.275	0.881	0.585	0.423	0.217	0.782	0.639	0.339	0.369	0.819	0.685	0.084	0.638	0.715	
(522, 'Palermo', 2022): 0.604	0.251	0.409	0.743	0.619	0.273	0.426	0.752	0.675	0.238	0.410	0.826	0.619	0.362	0.231	0.835	0.574	0.397	0.166	0.755	0.608	0.322	0.347	0.717	0.737	0.154	0.700	0.838	
(524, 'Perugia', 2022): 0.606	0.281	0.343	0.743	0.615	0.290	0.383	0.749	0.639	0.321	0.353	0.851	0.643	0.385	0.258	0.873	0.580	0.382	0.185	0.785	0.627	0.228	0.427	0.741	0.654	0.101	0.615	0.695	
(895, 'Como', 2022): 0.615	0.332	0.350	0.795	0.610	0.348	0.372	0.773	0.633	0.326	0.354	0.811	0.634	0.456	0.239	0.922	0.564	0.447	0.136	0.792	0.607	0.369	0.292	0.734	0.635	0.071	0.604	0.663	
(490, 'Cagliari', 2022): 0.605	0.370	0.296	0.810	0.637	0.348	0.325	0.778	0.663	0.350	0.382	0.864	0.634	0.413	0.259	0.891	0.579	0.474	0.162	0.849	0.614	0.375	0.292	0.755	0.694	0.075	0.652	0.726	
(529, 'Barcelona', 2022): 0.728	0.399	0.430	0.945	0.787	0.298	0.498	0.899	0.767	0.372	0.431	0.942	0.704	0.433	0.280	0.919	0.726	0.465	0.289	0.945	0.782	0.211	0.607	0.860	0.875	0.056	0.859	0.909	
(728, 'Rayo Vallecano', 2022): 0.642	0.434	0.295	0.821	0.677	0.386	0.350	0.840	0.738	0.354	0.491	0.937	0.694	0.390	0.309	0.924	0.637	0.439	0.230	0.824	0.645	0.490	0.280	0.798	0.795	0.057	0.767	0.824	
(537, 'Leganes', 2022): 0.620	0.258	0.400	0.741	0.646	0.267	0.397	0.782	0.667	0.320	0.338	0.851	0.649	0.408	0.300	0.901	0.603	0.401	0.210	0.841	0.566	0.507	0.202	0.740	0.655	0.059	0.625	0.682	
(542, 'Alaves', 2022): 0.588	0.434	0.276	0.797	0.620	0.463	0.275	0.823	0.652	0.343	0.350	0.851	0.620	0.435	0.269	0.864	0.595	0.459	0.185	0.825	0.593	0.555	0.201	0.786	0.687	0.122	0.628	0.749	
(534, 'Las Palmas', 2022): 0.591	0.350	0.356	0.772	0.637	0.338	0.357	0.797	0.713	0.298	0.474	0.885	0.638	0.426	0.259	0.875	0.598	0.373	0.275	0.826	0.586	0.481	0.263	0.768	0.695	0.060	0.661	0.722	
(732, 'Zaragoza', 2022): 0.613	0.282	0.370	0.747	0.639	0.286	0.406	0.767	0.694	0.265	0.476	0.875	0.664	0.402	0.276	0.921	0.601	0.368	0.265	0.770	0.565	0.498	0.198	0.743	0.720	0.057	0.694	0.743	
(724, 'Cadiz', 2022): 0.666	0.320	0.391	0.832	0.696	0.266	0.498	0.819	0.700	0.307	0.435	0.886	0.708	0.335	0.356	0.907	0.650	0.417	0.240	0.874	0.613	0.542	0.228	0.796	0.783	0.114	0.721	0.827	
(548, 'Real Sociedad', 2022): 0.708	0.337	0.433	0.886	0.740	0.308	0.457	0.867	0.711	0.343	0.368	0.895	0.691	0.412	0.203	0.897	0.666	0.525	0.211	0.896	0.676	0.514	0.274	0.855	0.823	0.106	0.766	0.857	
(4665, 'Racing Santander', 2022): 0.569	0.359	0.303	0.744	0.601	0.307	0.378	0.771	0.658	0.338	0.363	0.874	0.624	0.405	0.228	0.834	0.551	0.418	0.215	0.781	0.563	0.460	0.279	0.743	0.667	0.133	0.619	0.720	
(9595, 'Villarreal II', 2022): 0.574	0.322	0.330	0.735	0.584	0.291	0.336	0.741	0.637	0.179	0.504	0.791	0.590	0.304	0.296	0.756	0.538	0.353	0.259	0.733	0.497	0.417	0.267	0.674	0.653	0.037	0.640	0.672	
(487, 'Lazio', 2022): 0.731	0.316	0.437	0.914	0.773	0.281	0.510	0.900	0.763	0.293	0.540	0.920	0.716	0.385	0.370	0.914	0.691	0.409	0.300	0.915	0.746	0.218	0.563	0.859	0.787	0.083	0.755	0.820	
(500, 'Bologna', 2022): 0.667	0.300	0.418	0.810	0.697	0.301	0.428	0.833	0.704	0.299	0.442	0.887	0.684	0.442	0.264	0.908	0.629	0.475	0.222	0.861	0.671	0.373	0.346	0.812	0.736	0.230	0.594	0.816	
(502, 'Fiorentina', 2022): 0.699	0.294	0.432	0.839	0.723	0.304	0.467	0.852	0.734	0.275	0.432	0.917	0.711	0.365	0.343	0.894	0.671	0.431	0.234	0.854	0.702	0.332	0.426	0.820	0.758	0.103	0.715	0.810	
(520, 'Cremonese', 2022): 0.619	0.318	0.355	0.784	0.609	0.420	0.317	0.801	0.673	0.293	0.419	0.873	0.680	0.422	0.255	0.911	0.597	0.472	0.178	0.809	0.675	0.230	0.497	0.762	0.738	0.134	0.660	0.789	
(532, 'Valencia', 2022): 0.653	0.335	0.427	0.847	0.676	0.341	0.398	0.812	0.731	0.294	0.466	0.919	0.682	0.351	0.297	0.875	0.658	0.362	0.322	0.887	0.626	0.561	0.233	0.824	0.789	0.066	0.747	0.809	
(547, 'Girona', 2022): 0.664	0.343	0.446	0.820	0.691	0.278	0.476	0.812	0.676	0.400	0.322	0.851	0.666	0.392	0.316	0.892	0.641	0.408	0.294	0.876	0.646	0.403	0.367	0.798	0.760	0.019	0.753	0.769	
(9390, 'Ibiza', 2022): 0.546	0.416	0.228	0.757	0.559	0.393	0.257	0.735	0.658	0.267	0.386	0.807	0.608	0.392	0.231	0.858	0.577	0.385	0.222	0.773	0.556	0.438	0.241	0.712	0.660	0.052	0.633	0.682	
(715, 'Granada CF', 2022): 0.644	0.420	0.231	0.842	0.675	0.268	0.413	0.814	0.674	0.431	0.309	0.878	0.650	0.387	0.234	0.857	0.619	0.434	0.233	0.836	0.550	0.526	0.208	0.745	0.674	0.108	0.618	0.717	
(514, 'Salernitana', 2022): 0.658	0.328	0.400	0.827	0.671	0.342	0.388	0.830	0.681	0.313	0.356	0.854	0.674	0.396	0.283	0.881	0.626	0.447	0.217	0.808	0.688	0.250	0.458	0.769	0.759	0.120	0.705	0.809	
(497, 'AS Roma', 2022): 0.704	0.347	0.397	0.883	0.716	0.372	0.419	0.909	0.719	0.411	0.344	0.925	0.707	0.447	0.266	0.902	0.687	0.473	0.267	0.940	0.712	0.419	0.362	0.870	0.792	0.048	0.768	0.812	
(515, 'Spezia', 2022): 0.608	0.333	0.331	0.779	0.636	0.359	0.352	0.793	0.680	0.336	0.395	0.906	0.665	0.399	0.249	0.880	0.614	0.402	0.247	0.789	0.650	0.298	0.419	0.766	0.754	0.098	0.710	0.796	
(511, 'Empoli', 2022): 0.663	0.280	0.435	0.808	0.677	0.300	0.421	0.802	0.718	0.224	0.519	0.890	0.682	0.332	0.275	0.873	0.623	0.417	0.169	0.823	0.664	0.324	0.377	0.771	0.763	0.091	0.717	0.803	
(493, 'Spal', 2022): 0.585	0.370	0.308	0.796	0.605	0.350	0.335	0.755	0.641	0.279	0.366	0.831	0.615	0.421	0.222	0.866	0.553	0.421	0.211	0.762	0.625	0.229	0.438	0.734	0.653	0.106	0.597	0.706	
(1692, 'Reggina', 2022): 0.591	0.358	0.257	0.751	0.643	0.286	0.410	0.793	0.658	0.239	0.468	0.818	0.632	0.426	0.242	0.903	0.575	0.451	0.222	0.795	0.620	0.332	0.355	0.753	0.652	0.160	0.550	0.696	
(506, 'Benevento', 2022): 0.589	0.353	0.305	0.761	0.618	0.303	0.357	0.755	0.688	0.336	0.383	0.894	0.631	0.396	0.241	0.863	0.571	0.400	0.233	0.785	0.621	0.286	0.391	0.738	0.709	0.054	0.684	0.730	
(10137, 'Cosenza', 2022): 0.570	0.350	0.324	0.782	0.585	0.343	0.337	0.750	0.646	0.277	0.471	0.887	0.618	0.387	0.307	0.840	0.557	0.389	0.201	0.804	0.596	0.406	0.248	0.731	0.665	0.090	0.629	0.709	
(507, 'Ascoli', 2022): 0.589	0.301	0.360	0.766	0.613	0.292	0.336	0.742	0.642	0.422	0.304	0.896	0.650	0.359	0.270	0.908	0.586	0.404	0.195	0.817	0.656	0.237	0.456	0.781	0.664	0.140	0.589	0.713	
(516, 'Ternana', 2022): 0.562	0.410	0.298	0.754	0.601	0.320	0.345	0.739	0.639	0.355	0.335	0.886	0.645	0.487	0.224	0.912	0.565	0.429	0.128	0.783	0.620	0.246	0.410	0.733	0.675	0.060	0.648	0.701	
(517, 'Venezia', 2022): 0.609	0.336	0.356	0.778	0.641	0.308	0.400	0.769	0.677	0.339	0.377	0.895	0.626	0.474	0.248	0.881	0.564	0.445	0.178	0.766	0.621	0.305	0.380	0.752	0.706	0.039	0.685	0.723	
(495, 'Genoa', 2022): 0.629	0.315	0.355	0.792	0.672	0.285	0.409	0.796	0.680	0.291	0.438	0.863	0.667	0.421	0.194	0.875	0.608	0.464	0.141	0.827	0.635	0.416	0.239	0.777	0.706	0.087	0.659	0.738	
(518, 'Brescia', 2022): 0.607	0.287	0.348	0.742	0.609	0.272	0.393	0.761	0.689	0.224	0.502	0.873	0.661	0.333	0.375	0.852	0.584	0.351	0.164	0.743	0.645	0.215	0.455	0.748	0.660	0.085	0.613	0.694	
(1578, 'Sudtirol', 2022): 0.571	0.311	0.348	0.738	0.601	0.289	0.384	0.738	0.625	0.321	0.334	0.809	0.618	0.445	0.211	0.858	0.528	0.435	0.204	0.764	0.576	0.402	0.258	0.731	0.663	0.071	0.626	0.692	
(899, 'Modena', 2022): 0.569	0.352	0.325	0.749	0.589	0.320	0.356	0.735	0.666	0.249	0.499	0.837	0.620	0.393	0.288	0.811	0.544	0.410	0.189	0.757	0.611	0.275	0.386	0.756	0.668	0.120	0.594	0.711	
(512, 'Frosinone', 2022): 0.605	0.282	0.407	0.780	0.628	0.344	0.337	0.768	0.679	0.320	0.444	0.900	0.628	0.411	0.273	0.932	0.575	0.423	0.163	0.817	0.574	0.429	0.260	0.755	0.671	0.093	0.629	0.706	
(723, 'Almeria', 2022): 0.657	0.338	0.289	0.806	0.667	0.340	0.389	0.826	0.682	0.412	0.317	0.911	0.682	0.427	0.322	0.909	0.612	0.470	0.201	0.841	0.633	0.500	0.229	0.785	0.747	0.050	0.718	0.767	
(541, 'Real Madrid', 2022): 0.742	0.354	0.461	0.931	0.805	0.253	0.561	0.934	0.796	0.297	0.522	0.955	0.752	0.370	0.317	0.912	0.730	0.450	0.232	0.928	0.796	0.191	0.631	0.891	0.840	0.148	0.749	0.882	
(9580, 'Burgos', 2022): 0.579	0.384	0.263	0.745	0.622	0.316	0.325	0.750	0.663	0.300	0.384	0.863	0.619	0.433	0.243	0.830	0.572	0.356	0.290	0.766	0.584	0.333	0.319	0.702	0.687	0.001	0.686	0.688	
(535, 'Malaga', 2022): 0.602	0.321	0.333	0.753	0.639	0.265	0.388	0.770	0.688	0.345	0.415	0.903	0.642	0.465	0.247	0.906	0.605	0.389	0.280	0.785	0.578	0.359	0.243	0.705	0.660	0.056	0.629	0.683	
(531, 'Athletic Club', 2022): 0.707	0.284	0.469	0.850	0.723	0.295	0.518	0.863	0.746	0.382	0.390	0.936	0.727	0.354	0.300	0.908	0.684	0.427	0.285	0.867	0.660	0.540	0.236	0.839	0.804	0.101	0.762	0.836	
(798, 'Mallorca', 2022): 0.655	0.369	0.357	0.825	0.690	0.310	0.432	0.815	0.682	0.380	0.333	0.909	0.667	0.421	0.265	0.912	0.633	0.442	0.203	0.855	0.670	0.482	0.244	0.816	0.779	0.074	0.745	0.816	
(718, 'Oviedo', 2022): 0.621	0.311	0.361	0.773	0.638	0.259	0.421	0.768	0.689	0.340	0.400	0.884	0.658	0.364	0.320	0.874	0.602	0.398	0.238	0.787	0.557	0.388	0.321	0.723	0.679	0.050	0.653	0.701	
(8157, 'FC Andorra', 2022): 0.551	0.375	0.236	0.744	0.559	0.335	0.315	0.728	0.644	0.298	0.382	0.844	0.556	0.406	0.202	0.844	0.525	0.374	0.177	0.727	0.534	0.446	0.244	0.727	0.669	0.041	0.645	0.684	
(504, 'Verona', 2022): 0.674	0.287	0.463	0.848	0.686	0.340	0.423	0.830	0.699	0.354	0.389	0.893	0.675	0.407	0.281	0.906	0.628	0.421	0.207	0.821	0.678	0.338	0.382	0.808	0.751	0.115	0.695	0.812	
(492, 'Napoli', 2022): 0.697	0.347	0.422	0.887	0.736	0.355	0.458	0.880	0.780	0.286	0.465	0.933	0.728	0.362	0.372	0.910	0.688	0.418	0.271	0.868	0.706	0.465	0.331	0.867	0.779	0.117	0.716	0.826	
(546, 'Getafe', 2022): 0.670	0.367	0.374	0.825	0.703	0.250	0.494	0.813	0.665	0.387	0.310	0.845	0.686	0.441	0.246	0.864	0.655	0.474	0.260	0.893	0.729	0.258	0.517	0.818	0.809	0.114	0.737	0.847	
(530, 'Atletico Madrid', 2022): 0.753	0.284	0.537	0.878	0.778	0.297	0.451	0.897	0.762	0.324	0.412	0.908	0.748	0.355	0.379	0.917	0.726	0.448	0.258	0.896	0.742	0.342	0.450	0.891	0.836	0.104	0.771	0.869	
(716, 'Lugo', 2022): 0.587	0.321	0.332	0.751	0.611	0.299	0.352	0.770	0.655	0.249	0.472	0.829	0.610	0.429	0.272	0.877	0.554	0.388	0.214	0.811	0.538	0.484	0.191	0.730	0.698	0.081	0.660	0.739	
(722, 'Albacete', 2022): 0.599	0.293	0.383	0.732	0.589	0.262	0.412	0.712	0.657	0.223	0.470	0.853	0.589	0.469	0.231	0.869	0.521	0.394	0.209	0.760	0.601	0.335	0.316	0.717	0.652	0.061	0.617	0.682	
(496, 'Juventus', 2022): 0.731	0.310	0.481	0.917	0.776	0.262	0.529	0.903	0.743	0.284	0.509	0.911	0.758	0.323	0.348	0.915	0.711	0.405	0.254	0.884	0.769	0.214	0.588	0.870	0.824	0.144	0.732	0.863	
(488, 'Sassuolo', 2022): 0.682	0.318	0.417	0.850	0.726	0.312	0.454	0.876	0.717	0.342	0.423	0.934	0.645	0.460	0.197	0.853	0.615	0.488	0.192	0.842	0.642	0.367	0.328	0.774	0.781	0.107	0.714	0.809	
(543, 'Real Betis', 2022): 0.679	0.383	0.399	0.865	0.695	0.415	0.368	0.870	0.679	0.429	0.346	0.890	0.692	0.412	0.300	0.913	0.678	0.474	0.234	0.915	0.703	0.405	0.392	0.859	0.805	0.086	0.769	0.843	
(797, 'Elche', 2022): 0.660	0.304	0.438	0.834	0.697	0.226	0.498	0.805	0.690	0.313	0.402	0.876	0.696	0.297	0.401	0.872	0.643	0.319	0.333	0.802	0.624	0.391	0.322	0.776	0.786	0.056	0.769	0.820	
(5262, 'FC Cartagena', 2022): 0.605	0.324	0.341	0.754	0.630	0.306	0.365	0.779	0.638	0.487	0.303	0.921	0.641	0.442	0.260	0.912	0.592	0.431	0.226	0.810	0.614	0.367	0.302	0.755	0.703	0.054	0.687	0.731	
(4907, 'Ponferradina', 2022): 0.563	0.358	0.262	0.725	0.590	0.326	0.345	0.747	0.668	0.270	0.438	0.833	0.643	0.410	0.276	0.884	0.565	0.388	0.209	0.746	0.534	0.499	0.214	0.714	0.696	0.072	0.654	0.722	
(2944, 'Al-Fayha', 2022): 0.560	0.325	0.331	0.780	0.615	0.264	0.402	0.743	0.663	0.333	0.386	0.845	0.596	0.493	0.232	0.875	0.537	0.363	0.153	0.763	0.515	0.423	0.219	0.697	0.712	0.128	0.673	0.786	
(2956, 'Damac', 2022): 0.595	0.359	0.329	0.757	0.601	0.427	0.329	0.803	0.658	0.347	0.424	0.855	0.630	0.470	0.253	0.906	0.553	0.419	0.242	0.753	0.656	0.231	0.504	0.737	0.715	0.103	0.656	0.759	
(2928, 'Al Khaleej Saihat', 2022): 0.559	0.413	0.273	0.727	0.564	0.367	0.285	0.768	0.647	0.377	0.366	0.857	0.603	0.506	0.188	0.859	0.516	0.415	0.245	0.786	0.557	0.322	0.343	0.703	0.652	0.147	0.568	0.712	
(2932, 'Al-Hilal Saudi FC', 2022): 0.628	0.408	0.342	0.812	0.634	0.362	0.372	0.842	0.693	0.338	0.376	0.913	0.685	0.432	0.232	0.915	0.613	0.427	0.258	0.887	0.621	0.339	0.350	0.792	0.636	0.036	0.620	0.651	
(2934, 'Al-Ettifaq', 2022): 0.602	0.334	0.339	0.749	0.635	0.333	0.368	0.791	0.709	0.262	0.520	0.923	0.666	0.357	0.301	0.845	0.588	0.380	0.255	0.766	0.542	0.463	0.241	0.733	0.706	0.174	0.625	0.789	
(2942, 'Al Taee', 2022): 0.534	0.360	0.342	0.747	0.613	0.292	0.360	0.725	0.642	0.270	0.442	0.810	0.608	0.463	0.238	0.825	0.554	0.417	0.228	0.795	0.570	0.357	0.305	0.737	0.683	0.056	0.657	0.707	
(2950, 'Al-Adalah', 2022): 0.596	0.294	0.333	0.743	0.614	0.355	0.351	0.798	0.681	0.313	0.409	0.871	0.625	0.457	0.248	0.821	0.553	0.397	0.231	0.745	0.508	0.386	0.288	0.715	0.667	0.061	0.636	0.697	
(2938, 'Al-Ittihad FC', 2022): 0.638	0.337	0.390	0.802	0.697	0.303	0.430	0.828	0.730	0.328	0.485	0.919	0.680	0.391	0.279	0.870	0.615	0.433	0.206	0.892	0.556	0.429	0.270	0.761	0.742	0.123	0.667	0.784	
(2940, 'Al Shabab', 2022): 0.680	0.287	0.458	0.827	0.682	0.357	0.441	0.855	0.678	0.417	0.347	0.924	0.649	0.571	0.175	0.904	0.586	0.505	0.169	0.842	0.662	0.282	0.480	0.782	0.713	0.105	0.657	0.754	
(2926, 'Al Baten', 2022): 0.483	0.339	0.265	0.699	0.516	0.323	0.336	0.737	0.653	0.362	0.364	0.890	0.582	0.453	0.299	0.895	0.493	0.391	0.191	0.753	0.492	0.435	0.244	0.729	0.730	0.021	0.722	0.738	
(2931, 'Al-Fateh', 2022): 0.588	0.341	0.344	0.756	0.608	0.413	0.313	0.796	0.680	0.298	0.482	0.865	0.651	0.425	0.298	0.902	0.571	0.414	0.198	0.774	0.562	0.319	0.364	0.715	0.727	0.057	0.707	0.753	
(2936, 'Al Taawon', 2022): 0.591	0.393	0.334	0.800	0.659	0.353	0.407	0.793	0.683	0.349	0.334	0.871	0.656	0.428	0.326	0.926	0.567	0.454	0.163	0.805	0.562	0.386	0.252	0.677	0.696	0.087	0.655	0.731	
(2939, 'Al-Nassr', 2022): 0.613	0.390	0.362	0.841	0.642	0.345	0.380	0.832	0.700	0.326	0.450	0.888	0.675	0.455	0.208	0.944	0.617	0.462	0.222	0.897	0.624	0.458	0.226	0.780	0.783	0.050	0.758	0.801	
(2937, 'Al Wehda Club', 2022): 0.579	0.384	0.271	0.805	0.621	0.330	0.434	0.820	0.635	0.379	0.359	0.884	0.648	0.406	0.331	0.898	0.575	0.417	0.258	0.809	0.562	0.464	0.256	0.773	0.694	0.089	0.649	0.731	
(2951, 'Abha', 2022): 0.552	0.408	0.253	0.759	0.588	0.386	0.284	0.762	0.661	0.356	0.361	0.857	0.628	0.466	0.255	0.892	0.556	0.422	0.250	0.817	0.525	0.381	0.244	0.668	0.660	0.096	0.610	0.707	
(2935, 'Al-Raed', 2022): 0.572	0.395	0.315	0.819	0.609	0.347	0.331	0.757	0.677	0.396	0.347	0.922	0.642	0.471	0.290	0.877	0.568	0.479	0.220	0.873	0.531	0.457	0.224	0.719	0.709	0.059	0.682	0.732	
(945, 'Melbourne City', 2022): 0.588	0.305	0.338	0.788	0.623	0.267	0.399	0.754	0.722	0.291	0.516	0.876	0.691	0.392	0.358	0.919	0.608	0.356	0.323	0.828	0.570	0.291	0.350	0.724	0.626	0.143	0.545	0.687	
(3477, 'Kerala Blasters', 2022): 0.542	0.308	0.346	0.707	0.544	0.225	0.373	0.651	0.683	0.357	0.421	0.925	0.634	0.413	0.345	0.823	0.505	0.375	0.192	0.771	0.546	0.261	0.336	0.646	0.551	0.105	0.508	0.601	
(3463, 'East Bengal', 2022): 0.490	0.364	0.258	0.697	0.500	0.333	0.339	0.675	0.677	0.285	0.470	0.831	0.612	0.421	0.287	0.842	0.509	0.444	0.152	0.813	0.458	0.453	0.162	0.648	0.539	0.073	0.505	0.576	
(947, 'Brisbane Roar', 2022): 0.531	0.351	0.270	0.733	0.564	0.277	0.361	0.704	0.666	0.310	0.457	0.906	0.635	0.462	0.186	0.916	0.538	0.358	0.232	0.820	0.504	0.414	0.225	0.652	0.592	0.030	0.581	0.608	
(15550, 'Macarthur', 2022): 0.528	0.316	0.283	0.730	0.564	0.298	0.366	0.723	0.683	0.326	0.458	0.878	0.599	0.467	0.243	0.895	0.540	0.334	0.233	0.748	0.557	0.228	0.363	0.655	0.638	0.092	0.583	0.669	
(943, 'Sydney', 2022): 0.609	0.267	0.354	0.723	0.633	0.286	0.371	0.753	0.658	0.314	0.340	0.823	0.665	0.359	0.290	0.855	0.601	0.315	0.280	0.787	0.564	0.342	0.289	0.701	0.648	0.023	0.636	0.657	
(944, 'Melbourne Victory', 2022): 0.604	0.322	0.362	0.775	0.632	0.344	0.357	0.808	0.646	0.434	0.317	0.861	0.663	0.484	0.268	0.934	0.577	0.435	0.206	0.797	0.536	0.514	0.202	0.728	0.574	0.243	0.474	0.681	
(3472, 'Bengaluru', 2022): 0.533	0.398	0.270	0.703	0.562	0.363	0.303	0.705	0.667	0.394	0.396	0.914	0.626	0.531	0.237	0.909	0.542	0.444	0.214	0.848	0.501	0.429	0.185	0.651	0.606	0.001	0.606	0.607	
(3479, 'NorthEast United', 2022): 0.498	0.349	0.265	0.692	0.505	0.317	0.288	0.694	0.619	0.330	0.379	0.852	0.580	0.474	0.170	0.846	0.491	0.353	0.259	0.758	0.484	0.368	0.235	0.654	0.537	0.015	0.530	0.545	
(942, 'Wellington Phoenix', 2022): 0.528	0.352	0.256	0.685	0.549	0.354	0.248	0.714	0.665	0.292	0.486	0.861	0.636	0.422	0.212	0.902	0.563	0.309	0.294	0.776	0.555	0.305	0.267	0.682	0.683	0.000	0.683	0.683	
(948, 'Adelaide United', 2022): 0.561	0.330	0.312	0.774	0.597	0.297	0.350	0.737	0.671	0.398	0.332	0.901	0.618	0.477	0.170	0.906	0.555	0.395	0.173	0.832	0.549	0.338	0.293	0.704	0.661	0.104	0.606	0.707	
(939, 'Western Sydney Wanderers', 2022): 0.569	0.329	0.308	0.758	0.617	0.270	0.394	0.727	0.649	0.363	0.384	0.851	0.629	0.431	0.285	0.883	0.577	0.356	0.236	0.765	0.540	0.462	0.213	0.713	0.633	0.039	0.618	0.653	
(940, 'Perth Glory', 2022): 0.531	0.282	0.295	0.698	0.559	0.249	0.341	0.706	0.660	0.343	0.354	0.835	0.627	0.427	0.225	0.905	0.544	0.373	0.179	0.739	0.515	0.415	0.211	0.685	0.594	0.067	0.570	0.630	
(7763, 'Hyderabad', 2022): 0.522	0.296	0.347	0.742	0.541	0.261	0.325	0.679	0.664	0.291	0.414	0.833	0.615	0.451	0.222	0.877	0.498	0.332	0.250	0.757	0.488	0.411	0.212	0.725	0.567	0.014	0.561	0.575	
(3478, 'Mumbai City', 2022): 0.557	0.342	0.338	0.725	0.581	0.320	0.345	0.746	0.613	0.352	0.360	0.811	0.615	0.577	0.171	0.904	0.510	0.395	0.144	0.812	0.543	0.327	0.216	0.704	0.536	0.098	0.499	0.576	
(15516, 'ATK Mohun Bagan', 2022): 0.515	0.365	0.227	0.681	0.546	0.356	0.311	0.704	0.638	0.306	0.436	0.831	0.640	0.476	0.298	0.879	0.535	0.387	0.215	0.805	0.567	0.207	0.425	0.668	0.567	0.071	0.539	0.606	
(3473, 'Chennaiyin', 2022): 0.523	0.349	0.298	0.709	0.538	0.288	0.357	0.694	0.619	0.361	0.322	0.867	0.589	0.520	0.208	0.895	0.496	0.386	0.163	0.787	0.500	0.372	0.238	0.685	0.515	0.101	0.462	0.561	
(3476, 'Jamshedpur', 2022): 0.508	0.311	0.289	0.710	0.509	0.288	0.333	0.675	0.649	0.407	0.367	0.887	0.593	0.507	0.263	0.910	0.505	0.389	0.186	0.832	0.478	0.349	0.232	0.631	0.544	0.051	0.527	0.575	
(7177, 'Odisha', 2022): 0.479	0.235	0.329	0.625	0.510	0.241	0.336	0.662	0.653	0.351	0.419	0.872	0.568	0.406	0.251	0.807	0.486	0.342	0.212	0.786	0.453	0.376	0.244	0.676	0.596	0.112	0.546	0.635	
(3475, 'Goa', 2022): 0.495	0.353	0.294	0.714	0.520	0.353	0.313	0.710	0.637	0.303	0.436	0.833	0.591	0.481	0.241	0.869	0.489	0.349	0.214	0.766	0.479	0.341	0.205	0.711	0.683	0.000	0.683	0.683	
(7573, 'Western United', 2022): 0.554	0.343	0.298	0.725	0.591	0.254	0.354	0.686	0.635	0.393	0.366	0.883	0.658	0.521	0.225	0.911	0.563	0.364	0.210	0.802	0.565	0.422	0.207	0.743	0.667	0.057	0.643	0.697	
(941, 'Central Coast Mariners', 2022): 0.539	0.317	0.324	0.735	0.587	0.272	0.364	0.726	0.699	0.305	0.496	0.924	0.614	0.464	0.232	0.932	0.538	0.339	0.231	0.777	0.478	0.362	0.245	0.634	0.673	0.068	0.636	0.700	
(946, 'Newcastle Jets', 2022): 0.558	0.266	0.347	0.728	0.573	0.324	0.299	0.725	0.692	0.382	0.363	0.923	0.628	0.415	0.231	0.834	0.540	0.368	0.221	0.786	0.542	0.304	0.325	0.668	0.603	0.027	0.594	0.618	
(3496, 'Warta Poznań', 2023): 0.549	0.337	0.235	0.688	0.565	0.311	0.269	0.706	0.667	0.296	0.412	0.838	0.612	0.430	0.251	0.871	0.544	0.350	0.265	0.723	0.569	0.292	0.324	0.704	0.623	0.048	0.601	0.642	
(348, 'Pogon Szczecin', 2023): 0.628	0.281	0.340	0.737	0.640	0.250	0.437	0.747	0.684	0.306	0.347	0.859	0.663	0.373	0.240	0.837	0.586	0.408	0.141	0.796	0.573	0.431	0.202	0.722	0.684	0.047	0.666	0.711	
(397, 'FC Midtjylland', 2023): 0.593	0.273	0.391	0.765	0.611	0.279	0.393	0.745	0.697	0.289	0.465	0.863	0.674	0.411	0.219	0.900	0.600	0.368	0.239	0.784	0.659	0.188	0.538	0.764	0.722	0.054	0.689	0.741	
(2072, 'Hvidovre', 2023): 0.547	0.295	0.295	0.720	0.523	0.339	0.263	0.667	0.618	0.231	0.417	0.752	0.586	0.493	0.195	0.827	0.494	0.396	0.182	0.785	0.586	0.202	0.401	0.658	0.617	0.123	0.564	0.668	
(339, 'Legia Warszawa', 2023): 0.593	0.280	0.356	0.748	0.595	0.285	0.356	0.734	0.674	0.369	0.375	0.911	0.648	0.431	0.218	0.894	0.568	0.432	0.173	0.802	0.548	0.495	0.158	0.711	0.657	0.096	0.612	0.704	
(3498, 'ŁKS Łódź', 2023): 0.536	0.305	0.314	0.695	0.555	0.290	0.336	0.705	0.647	0.263	0.416	0.806	0.611	0.424	0.216	0.918	0.544	0.350	0.221	0.755	0.545	0.394	0.233	0.693	0.653	0.106	0.600	0.704	
(3493, 'Stal Mielec', 2023): 0.575	0.252	0.387	0.707	0.610	0.174	0.449	0.687	0.635	0.379	0.297	0.892	0.641	0.425	0.219	0.940	0.555	0.365	0.236	0.787	0.546	0.308	0.305	0.666	0.628	0.081	0.584	0.661	
(350, 'Cracovia Krakow', 2023): 0.561	0.320	0.316	0.735	0.600	0.302	0.333	0.748	0.645	0.321	0.387	0.886	0.646	0.413	0.221	0.870	0.555	0.380	0.141	0.756	0.598	0.236	0.390	0.691	0.610	0.096	0.568	0.654	
(625, 'Lyngby', 2023): 0.553	0.321	0.347	0.775	0.567	0.308	0.309	0.731	0.625	0.344	0.333	0.820	0.620	0.346	0.318	0.862	0.563	0.419	0.195	0.838	0.596	0.245	0.402	0.686	0.622	0.053	0.597	0.643	
(400, 'FC Copenhagen', 2023): 0.621	0.318	0.293	0.777	0.657	0.271	0.451	0.802	0.725	0.267	0.488	0.895	0.682	0.349	0.384	0.891	0.626	0.393	0.215	0.852	0.652	0.212	0.493	0.732	0.746	0.050	0.716	0.764	
(3491, 'Raków Częstochowa', 2023): 0.595	0.285	0.344	0.744	0.607	0.338	0.284	0.737	0.702	0.341	0.425	0.911	0.670	0.410	0.294	0.901	0.561	0.448	0.178	0.791	0.535	0.491	0.214	0.737	0.710	0.088	0.666	0.741	
(336, 'Jagiellonia', 2023): 0.581	0.316	0.251	0.743	0.587	0.342	0.299	0.775	0.689	0.331	0.438	0.887	0.652	0.372	0.275	0.906	0.558	0.407	0.179	0.757	0.507	0.511	0.185	0.696	0.682	0.089	0.636	0.715	
(1011, 'FC ST. Gallen', 2023): 0.588	0.328	0.322	0.778	0.620	0.315	0.375	0.780	0.698	0.328	0.453	0.900	0.657	0.385	0.265	0.922	0.593	0.331	0.212	0.790	0.634	0.149	0.516	0.719	0.597	0.002	0.596	0.598	
(551, 'FC Basel 1893', 2023): 0.597	0.338	0.340	0.749	0.614	0.320	0.348	0.746	0.672	0.277	0.471	0.841	0.644	0.377	0.237	0.850	0.558	0.451	0.152	0.799	0.549	0.474	0.205	0.751	0.743	0.071	0.712	0.779	
(1013, 'Grasshoppers', 2023): 0.533	0.369	0.270	0.719	0.550	0.380	0.262	0.723	0.647	0.298	0.449	0.857	0.628	0.405	0.265	0.844	0.549	0.382	0.155	0.812	0.571	0.387	0.219	0.708	0.627	0.003	0.625	0.628	
(2184, 'Servette FC', 2023): 0.598	0.343	0.365	0.771	0.621	0.319	0.377	0.754	0.695	0.319	0.456	0.905	0.638	0.477	0.180	0.919	0.570	0.417	0.211	0.822	0.582	0.369	0.249	0.732	0.672	0.105	0.632	0.723	
(349, 'Piast Gliwice', 2023): 0.579	0.269	0.347	0.695	0.597	0.240	0.383	0.717	0.685	0.325	0.429	0.889	0.618	0.427	0.222	0.893	0.547	0.401	0.216	0.767	0.531	0.486	0.224	0.684	0.664	0.027	0.651	0.677	
(347, 'Lech Poznan', 2023): 0.599	0.277	0.382	0.760	0.629	0.288	0.367	0.745	0.676	0.330	0.383	0.869	0.661	0.384	0.329	0.926	0.603	0.362	0.232	0.840	0.590	0.407	0.285	0.748	0.671	0.076	0.630	0.701	
(2180, 'FC Winterthur', 2023): 0.576	0.299	0.316	0.709	0.599	0.303	0.338	0.762	0.647	0.368	0.381	0.878	0.619	0.365	0.261	0.834	0.545	0.401	0.134	0.740	0.508	0.463	0.187	0.667	0.654	0.007	0.651	0.657	
(644, 'FC Luzern', 2023): 0.594	0.327	0.304	0.770	0.628	0.357	0.322	0.782	0.665	0.356	0.394	0.896	0.646	0.394	0.241	0.889	0.576	0.407	0.187	0.783	0.588	0.328	0.318	0.696	0.616	0.129	0.542	0.667	
(406, 'Aarhus', 2023): 0.619	0.295	0.365	0.762	0.625	0.298	0.360	0.736	0.686	0.366	0.335	0.908	0.678	0.446	0.248	0.908	0.594	0.421	0.254	0.810	0.627	0.155	0.510	0.700	0.700	0.035	0.682	0.716	
(395, 'Vejle', 2023): 0.542	0.256	0.361	0.686	0.575	0.269	0.345	0.712	0.642	0.357	0.346	0.840	0.619	0.381	0.290	0.893	0.549	0.359	0.195	0.816	0.558	0.342	0.274	0.678	0.673	0.048	0.653	0.698	
(340, 'Gornik Zabrze', 2023): 0.562	0.324	0.303	0.786	0.593	0.323	0.335	0.741	0.673	0.333	0.395	0.897	0.618	0.441	0.217	0.894	0.545	0.395	0.200	0.806	0.499	0.482	0.228	0.682	0.632	0.139	0.545	0.677	
(4248, 'Radomiak Radom', 2023): 0.585	0.290	0.322	0.732	0.592	0.320	0.359	0.732	0.675	0.331	0.432	0.896	0.646	0.403	0.280	0.879	0.550	0.417	0.178	0.743	0.496	0.523	0.163	0.678	0.607	0.054	0.585	0.631	
(405, 'Odense', 2023): 0.561	0.279	0.331	0.701	0.592	0.307	0.320	0.719	0.655	0.331	0.368	0.860	0.623	0.422	0.215	0.871	0.543	0.419	0.184	0.800	0.614	0.217	0.427	0.728	0.668	0.063	0.637	0.698	
(401, 'Randers FC', 2023): 0.549	0.274	0.339	0.696	0.589	0.291	0.359	0.708	0.675	0.370	0.349	0.899	0.619	0.389	0.229	0.842	0.560	0.361	0.214	0.733	0.576	0.310	0.341	0.697	0.701	0.048	0.681	0.727	
(565, 'BSC Young Boys', 2023): 0.603	0.343	0.359	0.776	0.610	0.345	0.353	0.758	0.668	0.341	0.362	0.867	0.676	0.463	0.211	0.884	0.578	0.422	0.207	0.781	0.615	0.375	0.319	0.747	0.711	0.066	0.679	0.738	
(1014, 'Lausanne', 2023): 0.574	0.278	0.364	0.718	0.621	0.303	0.361	0.763	0.656	0.430	0.322	0.912	0.617	0.429	0.212	0.890	0.580	0.387	0.208	0.756	0.600	0.397	0.274	0.755	0.659	0.088	0.623	0.690	
(783, 'FC Zurich', 2023): 0.591	0.282	0.339	0.730	0.621	0.288	0.359	0.760	0.702	0.370	0.337	0.901	0.659	0.420	0.184	0.888	0.582	0.380	0.231	0.776	0.590	0.440	0.194	0.728	0.731	0.059	0.697	0.758	
(6653, 'Yverdon Sport', 2023): 0.551	0.312	0.340	0.738	0.591	0.330	0.368	0.755	0.660	0.228	0.491	0.851	0.618	0.416	0.304	0.889	0.551	0.376	0.211	0.736	0.591	0.295	0.337	0.689	0.669	0.074	0.634	0.705	
(345, 'Zaglebie Lubin', 2023): 0.564	0.306	0.326	0.728	0.581	0.339	0.301	0.710	0.693	0.351	0.397	0.898	0.639	0.463	0.215	0.890	0.554	0.390	0.162	0.786	0.549	0.428	0.206	0.696	0.663	0.059	0.641	0.695	
(6953, 'Ruch Chorzów', 2023): 0.535	0.348	0.293	0.724	0.548	0.320	0.266	0.740	0.639	0.298	0.361	0.828	0.600	0.385	0.282	0.824	0.533	0.381	0.206	0.746	0.511	0.402	0.261	0.669	0.653	0.070	0.620	0.687	
(2073, 'Silkeborg', 2023): 0.556	0.264	0.404	0.719	0.601	0.256	0.419	0.721	0.660	0.221	0.476	0.791	0.620	0.390	0.234	0.891	0.558	0.371	0.214	0.724	0.584	0.300	0.295	0.693	0.683	0.000	0.683	0.683	
(407, 'Brondby', 2023): 0.635	0.271	0.429	0.789	0.641	0.308	0.410	0.807	0.704	0.262	0.488	0.851	0.696	0.353	0.369	0.907	0.614	0.390	0.245	0.836	0.612	0.400	0.354	0.747	0.702	0.033	0.687	0.717	
(6962, 'Widzew Łódź', 2023): 0.558	0.288	0.316	0.702	0.567	0.315	0.323	0.734	0.671	0.318	0.428	0.880	0.613	0.390	0.269	0.865	0.539	0.357	0.159	0.753	0.568	0.360	0.263	0.701	0.642	0.174	0.548	0.719	
(3490, 'Puszcza Niepołomice', 2023): 0.519	0.341	0.290	0.691	0.539	0.325	0.319	0.677	0.621	0.292	0.374	0.819	0.601	0.462	0.203	0.835	0.514	0.377	0.195	0.726	0.558	0.339	0.216	0.674	0.603	0.086	0.567	0.648	
(398, 'FC Nordsjaelland', 2023): 0.572	0.372	0.348	0.773	0.615	0.343	0.322	0.784	0.681	0.309	0.471	0.872	0.642	0.388	0.256	0.827	0.581	0.400	0.227	0.801	0.617	0.344	0.354	0.729	0.607	0.003	0.606	0.608	
(2070, 'Viborg', 2023): 0.548	0.315	0.308	0.710	0.560	0.303	0.340	0.691	0.606	0.310	0.356	0.815	0.608	0.491	0.207	0.896	0.536	0.410	0.203	0.723	0.609	0.289	0.374	0.699	0.682	0.058	0.653	0.706	
(346, 'Korona Kielce', 2023): 0.532	0.362	0.272	0.707	0.550	0.309	0.319	0.681	0.649	0.243	0.466	0.813	0.625	0.414	0.264	0.868	0.540	0.377	0.225	0.773	0.584	0.226	0.378	0.673	0.626	0.048	0.602	0.655	
(337, 'Slask Wroclaw', 2023): 0.570	0.334	0.289	0.694	0.607	0.279	0.329	0.710	0.673	0.291	0.428	0.846	0.637	0.413	0.229	0.854	0.548	0.385	0.228	0.752	0.546	0.391	0.221	0.692	0.638	0.046	0.618	0.659	
(4269, 'Stade Lausanne-Ouchy', 2023): 0.530	0.314	0.331	0.699	0.607	0.275	0.385	0.739	0.667	0.322	0.433	0.871	0.596	0.424	0.225	0.839	0.546	0.386	0.221	0.754	0.512	0.370	0.231	0.663	0.657	0.039	0.641	0.674	
(606, 'FC Lugano', 2023): 0.595	0.320	0.353	0.754	0.624	0.308	0.377	0.783	0.682	0.362	0.415	0.910	0.635	0.444	0.225	0.864	0.559	0.420	0.213	0.770	0.566	0.268	0.372	0.695	0.666	0.082	0.623	0.693	
(175, 'Hamburger SV', 2023): 0.603	0.382	0.299	0.807	0.623	0.396	0.337	0.786	0.684	0.313	0.420	0.915	0.668	0.419	0.227	0.885	0.594	0.415	0.229	0.791	0.611	0.394	0.316	0.750	0.727	0.070	0.690	0.755	
(174, 'FC Schalke 04', 2023): 0.609	0.369	0.274	0.804	0.600	0.409	0.304	0.796	0.674	0.320	0.381	0.907	0.687	0.351	0.343	0.901	0.590	0.432	0.178	0.805	0.583	0.523	0.186	0.757	0.696	0.177	0.590	0.754	
(1026, 'Lask Linz', 2023): 0.594	0.371	0.283	0.762	0.623	0.347	0.297	0.770	0.705	0.346	0.386	0.938	0.661	0.394	0.207	0.857	0.593	0.426	0.214	0.788	0.587	0.401	0.273	0.744	0.672	0.118	0.620	0.727	
(781, 'Rapid Vienna', 2023): 0.582	0.354	0.306	0.756	0.611	0.352	0.347	0.769	0.669	0.304	0.485	0.899	0.663	0.373	0.331	0.884	0.566	0.438	0.207	0.802	0.551	0.494	0.216	0.722	0.695	0.109	0.636	0.737	
(1393, 'Union St. Gilloise', 2023): 0.610	0.316	0.354	0.759	0.635	0.307	0.392	0.784	0.675	0.444	0.344	0.917	0.674	0.429	0.220	0.899	0.609	0.448	0.209	0.828	0.655	0.317	0.394	0.825	0.747	0.094	0.709	0.798	
(554, 'Anderlecht', 2023): 0.656	0.344	0.352	0.801	0.706	0.208	0.503	0.808	0.716	0.258	0.536	0.898	0.693	0.315	0.342	0.892	0.643	0.404	0.235	0.830	0.634	0.506	0.228	0.838	0.783	0.043	0.761	0.799	
(166, 'Hannover 96', 2023): 0.595	0.372	0.315	0.751	0.607	0.377	0.310	0.749	0.702	0.292	0.414	0.898	0.661	0.419	0.254	0.868	0.583	0.394	0.206	0.812	0.593	0.438	0.272	0.780	0.735	0.070	0.707	0.768	
(1660, 'SV Elversberg', 2023): 0.564	0.328	0.304	0.728	0.588	0.281	0.343	0.720	0.690	0.300	0.418	0.903	0.610	0.438	0.272	0.861	0.561	0.324	0.288	0.716	0.579	0.322	0.320	0.705	0.690	0.041	0.674	0.709	
(745, '1. FC Kaiserslautern', 2023): 0.580	0.333	0.282	0.781	0.578	0.399	0.262	0.761	0.706	0.355	0.427	0.930	0.673	0.395	0.264	0.921	0.575	0.377	0.193	0.791	0.606	0.413	0.242	0.724	0.667	0.111	0.617	0.713	
(186, 'FC St. Pauli', 2023): 0.621	0.282	0.426	0.795	0.646	0.278	0.420	0.774	0.688	0.266	0.488	0.865	0.666	0.397	0.251	0.935	0.605	0.369	0.260	0.777	0.589	0.424	0.272	0.747	0.687	0.084	0.646	0.717	
(1319, 'SV Wehen', 2023): 0.548	0.349	0.274	0.743	0.580	0.320	0.340	0.732	0.658	0.382	0.311	0.908	0.642	0.425	0.248	0.945	0.558	0.364	0.217	0.772	0.575	0.346	0.282	0.693	0.642	0.277	0.465	0.717	
(179, '1. FC Magdeburg', 2023): 0.578	0.380	0.278	0.711	0.612	0.385	0.269	0.764	0.715	0.311	0.488	0.932	0.633	0.364	0.299	0.845	0.581	0.379	0.259	0.772	0.634	0.311	0.351	0.740	0.697	0.072	0.667	0.737	
(1324, 'VfL Osnabrück', 2023): 0.588	0.294	0.353	0.757	0.596	0.367	0.326	0.805	0.699	0.348	0.453	0.928	0.657	0.403	0.332	0.849	0.567	0.362	0.214	0.881	0.578	0.377	0.275	0.703	0.676	0.113	0.627	0.726	
(785, 'Karlsruher SC', 2023): 0.615	0.347	0.370	0.823	0.645	0.375	0.379	0.797	0.670	0.328	0.383	0.907	0.655	0.423	0.253	0.915	0.591	0.437	0.224	0.824	0.600	0.419	0.252	0.727	0.714	0.097	0.661	0.755	
(739, 'AS Eupen', 2023): 0.579	0.352	0.275	0.763	0.606	0.307	0.366	0.772	0.661	0.345	0.376	0.909	0.628	0.417	0.291	0.863	0.565	0.397	0.219	0.869	0.595	0.267	0.383	0.719	0.664	0.098	0.629	0.710	
(261, 'KVC Westerlo', 2023): 0.566	0.373	0.261	0.760	0.594	0.379	0.249	0.752	0.658	0.300	0.366	0.866	0.628	0.425	0.206	0.843	0.578	0.403	0.184	0.803	0.592	0.423	0.242	0.750	0.710	0.096	0.672	0.753	
(1025, 'Wolfsberger AC', 2023): 0.556	0.306	0.295	0.695	0.602	0.259	0.367	0.751	0.676	0.345	0.401	0.862	0.631	0.365	0.280	0.854	0.559	0.378	0.178	0.736	0.585	0.393	0.261	0.723	0.654	0.080	0.617	0.689	
(1394, 'FC BW Linz', 2023): 0.529	0.323	0.236	0.725	0.540	0.335	0.295	0.734	0.619	0.350	0.346	0.801	0.574	0.439	0.210	0.843	0.498	0.374	0.127	0.694	0.542	0.420	0.204	0.684	0.642	0.086	0.596	0.681	
(1072, 'TSV Hartberg', 2023): 0.585	0.242	0.341	0.704	0.619	0.275	0.410	0.771	0.688	0.303	0.466	0.882	0.636	0.396	0.254	0.864	0.546	0.420	0.229	0.764	0.515	0.481	0.213	0.685	0.663	0.049	0.639	0.684	
(1399, 'Austria Lustenau', 2023): 0.514	0.349	0.277	0.715	0.547	0.351	0.277	0.711	0.641	0.303	0.390	0.859	0.574	0.452	0.189	0.854	0.508	0.390	0.175	0.711	0.552	0.354	0.286	0.697	0.662	0.048	0.633	0.680	
(1398, 'WSG Wattens', 2023): 0.537	0.300	0.348	0.701	0.566	0.319	0.363	0.713	0.684	0.319	0.466	0.914	0.626	0.384	0.342	0.902	0.555	0.365	0.200	0.731	0.560	0.297	0.348	0.677	0.683	0.000	0.683	0.683	
(1405, 'Austria Klagenfurt', 2023): 0.567	0.328	0.249	0.728	0.580	0.321	0.318	0.717	0.625	0.383	0.356	0.885	0.631	0.441	0.249	0.884	0.577	0.357	0.204	0.759	0.622	0.185	0.459	0.710	0.673	0.037	0.657	0.690	
(736, 'Charleroi', 2023): 0.616	0.310	0.377	0.778	0.625	0.331	0.329	0.758	0.667	0.313	0.379	0.859	0.662	0.444	0.253	0.902	0.587	0.435	0.208	0.810	0.630	0.317	0.342	0.732	0.709	0.112	0.666	0.757	
(260, 'OH Leuven', 2023): 0.620	0.333	0.348	0.786	0.649	0.286	0.420	0.762	0.672	0.336	0.339	0.869	0.644	0.393	0.199	0.837	0.593	0.419	0.245	0.805	0.597	0.370	0.301	0.739	0.676	0.083	0.643	0.717	
(618, 'SCR Altach', 2023): 0.546	0.345	0.302	0.760	0.583	0.293	0.362	0.720	0.628	0.390	0.333	0.889	0.610	0.413	0.264	0.904	0.555	0.367	0.205	0.730	0.576	0.264	0.359	0.677	0.662	0.098	0.616	0.701	
(571, 'Red Bull Salzburg', 2023): 0.608	0.327	0.346	0.747	0.637	0.345	0.409	0.769	0.702	0.356	0.395	0.893	0.660	0.406	0.281	0.888	0.592	0.420	0.191	0.795	0.636	0.339	0.374	0.763	0.718	0.102	0.659	0.753	
(158, 'Fortuna Düsseldorf', 2023): 0.613	0.310	0.360	0.792	0.615	0.346	0.363	0.771	0.673	0.361	0.359	0.891	0.674	0.340	0.328	0.920	0.590	0.398	0.238	0.762	0.582	0.443	0.291	0.749	0.691	0.086	0.649	0.732	
(159, 'Hertha BSC', 2023): 0.620	0.355	0.312	0.789	0.607	0.406	0.326	0.783	0.675	0.304	0.421	0.884	0.665	0.383	0.332	0.895	0.593	0.442	0.186	0.803	0.567	0.519	0.232	0.752	0.642	0.143	0.555	0.686	
(6224, 'RWDM', 2023): 0.596	0.321	0.355	0.800	0.616	0.356	0.294	0.794	0.649	0.376	0.321	0.848	0.626	0.422	0.214	0.898	0.556	0.479	0.155	0.813	0.557	0.411	0.271	0.711	0.683	0.000	0.683	0.683	
(742, 'Genk', 2023): 0.626	0.368	0.277	0.809	0.680	0.284	0.419	0.811	0.745	0.279	0.473	0.926	0.661	0.439	0.253	0.917	0.599	0.474	0.182	0.826	0.597	0.498	0.276	0.779	0.751	0.048	0.734	0.775	
(740, 'Antwerp', 2023): 0.623	0.356	0.346	0.779	0.678	0.241	0.465	0.799	0.722	0.332	0.497	0.925	0.700	0.360	0.302	0.905	0.643	0.426	0.244	0.868	0.614	0.455	0.276	0.856	0.756	0.056	0.734	0.780	
(741, 'Cercle Brugge', 2023): 0.592	0.352	0.308	0.792	0.616	0.327	0.361	0.769	0.661	0.340	0.406	0.894	0.623	0.450	0.254	0.882	0.577	0.376	0.245	0.787	0.617	0.268	0.385	0.723	0.676	0.116	0.633	0.738	
(178, 'SpVgg Greuther Fürth', 2023): 0.579	0.374	0.329	0.761	0.607	0.377	0.345	0.780	0.693	0.278	0.477	0.895	0.627	0.419	0.272	0.889	0.551	0.417	0.174	0.739	0.519	0.576	0.125	0.719	0.676	0.091	0.635	0.715	
(185, 'SC Paderborn 07', 2023): 0.574	0.333	0.304	0.737	0.578	0.353	0.325	0.757	0.691	0.272	0.487	0.915	0.637	0.400	0.313	0.870	0.567	0.367	0.213	0.778	0.570	0.441	0.252	0.717	0.687	0.043	0.667	0.704	
(744, 'Eintracht Braunschweig', 2023): 0.560	0.318	0.336	0.733	0.577	0.309	0.345	0.719	0.684	0.344	0.386	0.887	0.667	0.384	0.346	0.898	0.565	0.382	0.202	0.856	0.552	0.484	0.186	0.725	0.679	0.066	0.643	0.706	
(191, 'Holstein Kiel', 2023): 0.595	0.376	0.226	0.775	0.604	0.381	0.312	0.773	0.652	0.346	0.334	0.858	0.656	0.394	0.297	0.859	0.573	0.397	0.223	0.772	0.616	0.294	0.349	0.709	0.646	0.092	0.608	0.689	
(1321, 'Hansa Rostock', 2023): 0.588	0.292	0.346	0.728	0.588	0.324	0.302	0.735	0.666	0.323	0.360	0.860	0.665	0.408	0.293	0.893	0.579	0.363	0.272	0.798	0.595	0.369	0.255	0.721	0.701	0.127	0.625	0.744	
(171, '1. FC Nürnberg', 2023): 0.578	0.321	0.321	0.758	0.595	0.382	0.295	0.769	0.689	0.360	0.373	0.888	0.608	0.387	0.323	0.847	0.557	0.374	0.229	0.811	0.572	0.429	0.236	0.729	0.682	0.130	0.606	0.730	
(631, 'Gent', 2023): 0.636	0.381	0.325	0.795	0.661	0.315	0.342	0.821	0.668	0.377	0.374	0.888	0.665	0.456	0.238	0.906	0.612	0.460	0.198	0.812	0.656	0.332	0.369	0.773	0.713	0.057	0.691	0.740	
(734, 'Kortrijk', 2023): 0.579	0.341	0.297	0.779	0.615	0.349	0.326	0.797	0.680	0.329	0.398	0.896	0.599	0.401	0.283	0.844	0.555	0.402	0.232	0.776	0.573	0.393	0.261	0.707	0.656	0.076	0.615	0.685	
(601, 'Austria Vienna', 2023): 0.608	0.259	0.354	0.740	0.630	0.269	0.364	0.727	0.674	0.363	0.344	0.873	0.651	0.394	0.285	0.918	0.573	0.426	0.165	0.759	0.547	0.452	0.211	0.711	0.677	0.064	0.649	0.709	
(637, 'Sturm Graz', 2023): 0.598	0.380	0.253	0.746	0.617	0.402	0.279	0.757	0.689	0.331	0.368	0.883	0.669	0.411	0.307	0.904	0.616	0.393	0.189	0.766	0.633	0.399	0.308	0.773	0.608	0.024	0.597	0.620	
(569, 'Club Brugge KV', 2023): 0.660	0.371	0.301	0.844	0.682	0.331	0.374	0.838	0.705	0.362	0.375	0.927	0.705	0.421	0.220	0.903	0.630	0.463	0.174	0.878	0.618	0.424	0.278	0.828	0.766	0.108	0.717	0.812	
(266, 'KV Mechelen', 2023): 0.591	0.440	0.241	0.774	0.629	0.344	0.311	0.753	0.662	0.340	0.404	0.892	0.647	0.409	0.272	0.861	0.592	0.423	0.225	0.789	0.602	0.312	0.321	0.714	0.675	0.006	0.673	0.678	
(735, 'St. Truiden', 2023): 0.538	0.382	0.268	0.723	0.588	0.350	0.323	0.760	0.663	0.329	0.348	0.885	0.612	0.393	0.263	0.872	0.546	0.353	0.214	0.752	0.577	0.343	0.313	0.733	0.663	0.128	0.612	0.718	
(733, 'Standard Liege', 2023): 0.606	0.288	0.373	0.757	0.629	0.297	0.402	0.806	0.716	0.290	0.500	0.898	0.671	0.389	0.268	0.905	0.595	0.378	0.183	0.766	0.580	0.392	0.309	0.736	0.724	0.056	0.698	0.752	
(74, 'Sheffield Wednesday', 2023): 0.599	0.298	0.333	0.758	0.603	0.349	0.288	0.772	0.691	0.348	0.454	0.924	0.652	0.450	0.208	0.886	0.590	0.391	0.147	0.798	0.578	0.375	0.291	0.693	0.672	0.045	0.649	0.692	
(41, 'Southampton', 2023): 0.632	0.308	0.335	0.770	0.675	0.253	0.470	0.805	0.712	0.300	0.436	0.904	0.658	0.416	0.240	0.865	0.632	0.404	0.253	0.800	0.624	0.450	0.287	0.778	0.713	0.093	0.666	0.749	
(247, 'Celtic', 2023): 0.676	0.281	0.437	0.842	0.686	0.268	0.461	0.826	0.766	0.292	0.553	0.939	0.711	0.374	0.233	0.935	0.653	0.427	0.230	0.868	0.677	0.200	0.527	0.765	0.627	0.003	0.626	0.629	
(902, 'Ross County', 2023): 0.550	0.309	0.327	0.723	0.580	0.283	0.387	0.721	0.629	0.333	0.364	0.834	0.608	0.401	0.270	0.841	0.533	0.336	0.239	0.722	0.571	0.200	0.404	0.647	0.618	0.022	0.608	0.628	
(1063, 'Saint Etienne', 2023): 0.615	0.312	0.377	0.762	0.656	0.238	0.455	0.764	0.666	0.365	0.336	0.883	0.655	0.460	0.234	0.914	0.598	0.410	0.181	0.789	0.600	0.423	0.268	0.755	0.727	0.032	0.714	0.745	
(101, 'Grenoble', 2023): 0.605	0.286	0.333	0.748	0.609	0.366	0.353	0.753	0.658	0.274	0.432	0.856	0.641	0.388	0.284	0.895	0.569	0.402	0.118	0.732	0.611	0.279	0.383	0.719	0.684	0.052	0.660	0.705	
(253, 'Dundee', 2023): 0.529	0.269	0.347	0.656	0.502	0.275	0.339	0.632	0.622	0.249	0.435	0.797	0.607	0.421	0.241	0.834	0.528	0.360	0.220	0.773	0.603	0.164	0.479	0.657	0.627	0.028	0.612	0.638	
(256, 'Motherwell', 2023): 0.549	0.279	0.324	0.697	0.564	0.340	0.332	0.699	0.627	0.293	0.391	0.816	0.637	0.365	0.296	0.913	0.530	0.340	0.211	0.749	0.575	0.211	0.378	0.659	0.668	0.054	0.646	0.696	
(255, 'Livingston', 2023): 0.557	0.266	0.331	0.682	0.589	0.237	0.383	0.695	0.657	0.358	0.385	0.892	0.614	0.441	0.237	0.877	0.562	0.340	0.198	0.717	0.572	0.282	0.327	0.654	0.633	0.076	0.605	0.667	
(252, 'Aberdeen', 2023): 0.601	0.292	0.361	0.764	0.638	0.280	0.346	0.736	0.677	0.289	0.432	0.845	0.653	0.469	0.213	0.895	0.587	0.393	0.240	0.838	0.633	0.170	0.497	0.712	0.716	0.075	0.674	0.739	
(258, 'ST Johnstone', 2023): 0.562	0.261	0.383	0.704	0.575	0.280	0.385	0.756	0.643	0.360	0.371	0.858	0.630	0.450	0.266	0.846	0.541	0.454	0.184	0.849	0.579	0.294	0.359	0.678	0.646	0.055	0.621	0.672	
(254, 'Heart Of Midlothian', 2023): 0.602	0.347	0.341	0.803	0.608	0.304	0.396	0.761	0.692	0.236	0.517	0.856	0.641	0.480	0.169	0.892	0.574	0.440	0.164	0.841	0.569	0.539	0.196	0.745	0.715	0.100	0.663	0.763	
(38, 'Watford', 2023): 0.600	0.314	0.332	0.751	0.641	0.285	0.400	0.761	0.675	0.334	0.345	0.859	0.654	0.398	0.246	0.860	0.583	0.438	0.177	0.816	0.612	0.353	0.315	0.763	0.635	0.028	0.618	0.643	
(72, 'QPR', 2023): 0.596	0.300	0.357	0.772	0.616	0.296	0.396	0.779	0.689	0.373	0.400	0.919	0.638	0.448	0.241	0.883	0.578	0.460	0.194	0.844	0.594	0.513	0.211	0.751	0.730	0.069	0.695	0.759	
(56, 'Bristol City', 2023): 0.614	0.281	0.365	0.744	0.643	0.259	0.411	0.745	0.684	0.257	0.489	0.852	0.671	0.323	0.386	0.908	0.609	0.297	0.305	0.814	0.649	0.215	0.469	0.736	0.705	0.080	0.677	0.737	
(59, 'Preston', 2023): 0.631	0.247	0.457	0.767	0.643	0.244	0.469	0.759	0.670	0.329	0.377	0.889	0.685	0.399	0.241	0.902	0.635	0.381	0.267	0.883	0.621	0.314	0.348	0.736	0.719	0.110	0.661	0.758	
(67, 'Blackburn', 2023): 0.610	0.273	0.401	0.758	0.626	0.275	0.406	0.739	0.709	0.303	0.510	0.919	0.650	0.391	0.265	0.850	0.585	0.361	0.268	0.797	0.595	0.401	0.335	0.733	0.674	0.077	0.646	0.715	
(60, 'West Brom', 2023): 0.641	0.271	0.416	0.778	0.664	0.278	0.473	0.767	0.675	0.378	0.363	0.908	0.665	0.478	0.235	0.928	0.605	0.437	0.213	0.821	0.596	0.464	0.276	0.736	0.702	0.043	0.682	0.722	
(70, 'Middlesbrough', 2023): 0.617	0.246	0.440	0.739	0.663	0.233	0.467	0.755	0.672	0.286	0.410	0.857	0.675	0.375	0.281	0.890	0.628	0.340	0.305	0.801	0.650	0.272	0.442	0.758	0.672	0.097	0.631	0.733	
(58, 'Millwall', 2023): 0.643	0.243	0.454	0.764	0.642	0.301	0.395	0.756	0.694	0.298	0.430	0.857	0.686	0.476	0.211	0.907	0.606	0.398	0.195	0.812	0.654	0.268	0.418	0.755	0.681	0.025	0.667	0.689	
(71, 'Norwich', 2023): 0.659	0.254	0.401	0.772	0.680	0.222	0.490	0.778	0.671	0.400	0.348	0.852	0.692	0.445	0.239	0.899	0.636	0.407	0.250	0.870	0.591	0.431	0.259	0.745	0.734	0.065	0.711	0.768	
(64, 'Hull City', 2023): 0.624	0.312	0.400	0.784	0.678	0.298	0.400	0.791	0.709	0.297	0.505	0.905	0.650	0.371	0.303	0.830	0.613	0.383	0.231	0.798	0.615	0.324	0.352	0.738	0.676	0.057	0.657	0.708	
(75, 'Stoke City', 2023): 0.605	0.300	0.365	0.744	0.645	0.276	0.406	0.769	0.689	0.322	0.390	0.872	0.666	0.394	0.248	0.882	0.613	0.365	0.243	0.850	0.615	0.338	0.308	0.740	0.714	0.069	0.677	0.742	
(73, 'Rotherham', 2023): 0.595	0.289	0.353	0.736	0.587	0.326	0.361	0.715	0.664	0.366	0.377	0.915	0.638	0.435	0.251	0.856	0.588	0.383	0.228	0.872	0.648	0.229	0.483	0.774	0.709	0.051	0.684	0.729	
(76, 'Swansea', 2023): 0.614	0.295	0.390	0.788	0.643	0.300	0.431	0.765	0.714	0.283	0.465	0.900	0.638	0.421	0.239	0.919	0.570	0.425	0.227	0.745	0.582	0.411	0.303	0.738	0.687	0.029	0.676	0.702	
(54, 'Birmingham', 2023): 0.596	0.303	0.358	0.738	0.601	0.351	0.326	0.749	0.699	0.324	0.477	0.933	0.641	0.419	0.273	0.877	0.581	0.400	0.256	0.850	0.608	0.391	0.278	0.739	0.707	0.045	0.683	0.722	
(1357, 'Plymouth', 2023): 0.594	0.249	0.366	0.726	0.624	0.229	0.433	0.724	0.699	0.322	0.509	0.927	0.647	0.368	0.310	0.887	0.575	0.361	0.210	0.765	0.596	0.326	0.278	0.709	0.682	0.044	0.659	0.704	
(37, 'Huddersfield', 2023): 0.567	0.274	0.356	0.695	0.584	0.329	0.363	0.777	0.668	0.310	0.421	0.869	0.661	0.397	0.351	0.870	0.562	0.396	0.219	0.809	0.599	0.361	0.315	0.721	0.700	0.084	0.652	0.730	
(53, 'Reading', 2023): 0.555	0.303	0.326	0.677	0.565	0.279	0.365	0.680	0.663	0.248	0.498	0.829	0.606	0.433	0.265	0.836	0.542	0.386	0.230	0.804	0.547	0.385	0.271	0.682	0.653	0.055	0.633	0.681	
(1350, 'Peterborough', 2023): 0.546	0.290	0.375	0.699	0.577	0.283	0.371	0.693	0.712	0.342	0.521	0.918	0.633	0.381	0.296	0.902	0.553	0.354	0.241	0.727	0.518	0.467	0.235	0.659	0.607	0.052	0.580	0.629	
(68, 'Bolton', 2023): 0.574	0.254	0.406	0.706	0.596	0.262	0.424	0.696	0.696	0.383	0.345	0.916	0.660	0.434	0.267	0.921	0.570	0.372	0.189	0.795	0.605	0.134	0.514	0.671	0.674	0.085	0.621	0.699	
(1379, 'Lincoln', 2023): 0.576	0.218	0.353	0.676	0.606	0.197	0.435	0.692	0.652	0.261	0.476	0.804	0.649	0.403	0.204	0.849	0.570	0.356	0.228	0.817	0.595	0.216	0.411	0.666	0.576	0.001	0.576	0.577	
(69, 'Derby', 2023): 0.602	0.217	0.439	0.710	0.617	0.255	0.423	0.730	0.684	0.270	0.508	0.887	0.668	0.383	0.276	0.912	0.595	0.318	0.344	0.808	0.603	0.249	0.396	0.686	0.678	0.016	0.673	0.684	
(61, 'Wigan', 2023): 0.568	0.251	0.386	0.704	0.583	0.243	0.393	0.679	0.658	0.309	0.416	0.866	0.607	0.403	0.227	0.867	0.554	0.326	0.282	0.749	0.531	0.416	0.254	0.680	0.600	0.023	0.591	0.610	
(747, 'Barnsley', 2023): 0.585	0.231	0.398	0.706	0.597	0.270	0.397	0.692	0.688	0.326	0.401	0.908	0.651	0.375	0.255	0.900	0.563	0.390	0.185	0.786	0.594	0.230	0.387	0.693	0.643	0.036	0.627	0.658	
(1351, 'Port Vale', 2023): 0.570	0.222	0.398	0.684	0.563	0.266	0.381	0.668	0.621	0.250	0.408	0.787	0.640	0.484	0.200	0.893	0.545	0.362	0.217	0.707	0.602	0.122	0.507	0.650	0.660	0.074	0.626	0.701	
(1335, 'Charlton', 2023): 0.552	0.281	0.371	0.689	0.599	0.279	0.355	0.702	0.632	0.306	0.374	0.813	0.623	0.429	0.262	0.857	0.556	0.371	0.198	0.821	0.618	0.179	0.500	0.701	0.644	0.060	0.617	0.671	
(1373, 'Leyton Orient', 2023): 0.542	0.256	0.298	0.672	0.575	0.236	0.359	0.670	0.659	0.330	0.378	0.855	0.633	0.401	0.279	0.881	0.544	0.360	0.158	0.811	0.549	0.388	0.183	0.654	0.638	0.043	0.617	0.656	
(1337, 'Northampton', 2023): 0.552	0.238	0.358	0.677	0.576	0.266	0.370	0.686	0.669	0.337	0.357	0.914	0.651	0.452	0.244	0.892	0.557	0.337	0.205	0.805	0.560	0.321	0.257	0.659	0.630	0.052	0.608	0.655	
(1368, 'Stevenage', 2023): 0.559	0.245	0.363	0.683	0.587	0.243	0.375	0.691	0.659	0.326	0.351	0.843	0.655	0.429	0.263	0.919	0.561	0.383	0.132	0.808	0.599	0.183	0.426	0.672	0.629	0.036	0.611	0.644	
(1352, 'Shrewsbury', 2023): 0.567	0.246	0.334	0.687	0.581	0.257	0.375	0.675	0.643	0.315	0.370	0.821	0.650	0.455	0.204	0.896	0.557	0.339	0.244	0.761	0.594	0.159	0.465	0.677	0.660	0.070	0.615	0.680	
(1372, 'Cheltenham', 2023): 0.552	0.212	0.368	0.659	0.561	0.231	0.387	0.647	0.636	0.354	0.359	0.855	0.621	0.415	0.250	0.880	0.552	0.357	0.247	0.794	0.606	0.148	0.497	0.675	0.659	0.059	0.633	0.687	
(1355, 'Portsmouth', 2023): 0.578	0.270	0.383	0.718	0.589	0.266	0.384	0.705	0.677	0.314	0.424	0.901	0.653	0.409	0.356	0.911	0.590	0.348	0.218	0.772	0.563	0.339	0.321	0.694	0.668	0.065	0.640	0.690	
(1334, 'Bristol Rovers', 2023): 0.580	0.263	0.366	0.716	0.606	0.232	0.373	0.706	0.669	0.358	0.390	0.899	0.622	0.398	0.262	0.872	0.580	0.334	0.268	0.807	0.529	0.346	0.242	0.666	0.642	0.032	0.625	0.653	
(1356, 'Blackpool', 2023): 0.568	0.301	0.307	0.732	0.584	0.281	0.381	0.713	0.671	0.322	0.436	0.919	0.627	0.407	0.238	0.842	0.565	0.376	0.169	0.756	0.608	0.263	0.374	0.701	0.662	0.080	0.618	0.692	
(748, 'Burton Albion', 2023): 0.559	0.242	0.361	0.679	0.585	0.239	0.359	0.675	0.672	0.295	0.470	0.868	0.634	0.419	0.278	0.911	0.554	0.321	0.272	0.808	0.549	0.316	0.298	0.671	0.634	0.038	0.618	0.650	
(1358, 'Wycombe', 2023): 0.591	0.208	0.400	0.706	0.602	0.236	0.417	0.706	0.639	0.387	0.333	0.833	0.654	0.431	0.185	0.914	0.567	0.406	0.168	0.828	0.594	0.227	0.422	0.711	0.654	0.059	0.622	0.677	
(1364, 'Exeter City', 2023): 0.554	0.242	0.362	0.682	0.593	0.275	0.361	0.723	0.696	0.297	0.501	0.899	0.608	0.424	0.277	0.840	0.542	0.322	0.196	0.708	0.543	0.370	0.223	0.655	0.615	0.067	0.587	0.647	
(1370, 'Cambridge United', 2023): 0.554	0.231	0.398	0.666	0.581	0.217	0.349	0.666	0.628	0.450	0.312	0.884	0.625	0.378	0.242	0.860	0.554	0.342	0.234	0.791	0.578	0.240	0.378	0.680	0.617	0.027	0.604	0.626	
(1338, 'Oxford United', 2023): 0.572	0.251	0.367	0.709	0.617	0.240	0.420	0.706	0.678	0.381	0.350	0.871	0.623	0.398	0.260	0.914	0.559	0.368	0.243	0.755	0.537	0.412	0.248	0.686	0.636	0.028	0.627	0.652	
(1371, 'Carlisle', 2023): 0.550	0.264	0.352	0.671	0.561	0.266	0.370	0.680	0.622	0.343	0.362	0.880	0.630	0.492	0.230	0.921	0.542	0.355	0.224	0.803	0.576	0.240	0.349	0.664	0.620	0.049	0.600	0.641	
(1336, 'Fleetwood Town', 2023): 0.553	0.242	0.349	0.681	0.577	0.225	0.393	0.682	0.656	0.362	0.351	0.862	0.634	0.443	0.234	0.893	0.556	0.373	0.228	0.846	0.563	0.294	0.338	0.662	0.642	0.043	0.617	0.657	
(1354, 'Doncaster', 2023): 0.543	0.254	0.344	0.675	0.557	0.238	0.366	0.654	0.634	0.405	0.319	0.839	0.607	0.484	0.219	0.854	0.537	0.354	0.223	0.741	0.549	0.289	0.293	0.637	0.611	0.055	0.586	0.638	
(1842, 'Harrogate Town', 2023): 0.511	0.257	0.303	0.657	0.525	0.274	0.295	0.649	0.685	0.318	0.442	0.892	0.611	0.408	0.307	0.868	0.524	0.323	0.171	0.736	0.512	0.371	0.225	0.629	0.611	0.052	0.595	0.640	
(1360, 'Accrington ST', 2023): 0.533	0.234	0.332	0.646	0.527	0.284	0.336	0.656	0.655	0.312	0.393	0.823	0.602	0.314	0.325	0.822	0.518	0.346	0.127	0.709	0.532	0.157	0.449	0.610	0.602	0.054	0.573	0.622	
(1367, 'Newport County', 2023): 0.540	0.198	0.393	0.640	0.547	0.197	0.395	0.629	0.609	0.370	0.351	0.823	0.599	0.436	0.203	0.845	0.523	0.280	0.285	0.706	0.572	0.126	0.480	0.643	0.594	0.047	0.567	0.616	
(1362, 'Crawley Town', 2023): 0.510	0.317	0.241	0.657	0.541	0.314	0.281	0.664	0.660	0.350	0.462	0.912	0.581	0.429	0.206	0.823	0.523	0.327	0.203	0.697	0.565	0.141	0.443	0.628	0.584	0.043	0.564	0.605	
(1343, 'Bradford', 2023): 0.573	0.212	0.414	0.678	0.579	0.210	0.395	0.659	0.630	0.361	0.379	0.845	0.626	0.484	0.216	0.911	0.542	0.396	0.221	0.842	0.574	0.195	0.402	0.643	0.646	0.051	0.622	0.664	
(1363, 'Crewe', 2023): 0.517	0.266	0.308	0.639	0.544	0.258	0.351	0.652	0.663	0.302	0.460	0.892	0.590	0.433	0.234	0.839	0.513	0.306	0.227	0.682	0.515	0.297	0.274	0.626	0.571	0.060	0.547	0.594	
(1374, 'Mansfield Town', 2023): 0.570	0.170	0.404	0.653	0.579	0.225	0.351	0.694	0.667	0.357	0.331	0.892	0.665	0.400	0.291	0.896	0.568	0.279	0.309	0.789	0.563	0.295	0.295	0.683	0.616	0.054	0.586	0.637	
(1365, 'Grimsby', 2023): 0.536	0.214	0.400	0.640	0.540	0.272	0.332	0.637	0.701	0.335	0.462	0.906	0.631	0.391	0.316	0.905	0.550	0.307	0.215	0.760	0.543	0.290	0.306	0.633	0.593	0.066	0.563	0.620	
(1333, 'AFC Wimbledon', 2023): 0.554	0.215	0.375	0.634	0.584	0.213	0.407	0.663	0.666	0.328	0.444	0.858	0.586	0.424	0.242	0.775	0.529	0.314	0.268	0.726	0.544	0.185	0.412	0.616	0.639	0.066	0.604	0.665	
(1375, 'Morecambe', 2023): 0.513	0.245	0.356	0.617	0.506	0.263	0.345	0.620	0.633	0.305	0.402	0.811	0.597	0.470	0.232	0.877	0.511	0.327	0.229	0.755	0.554	0.281	0.350	0.646	0.596	0.049	0.573	0.617	
(1342, 'Walsall', 2023): 0.545	0.209	0.395	0.649	0.560	0.208	0.380	0.646	0.654	0.347	0.369	0.874	0.628	0.462	0.186	0.893	0.527	0.356	0.180	0.788	0.566	0.158	0.443	0.642	0.602	0.045	0.585	0.624	
(1378, 'Forest Green', 2023): 0.549	0.282	0.345	0.713	0.573	0.212	0.418	0.673	0.653	0.428	0.326	0.866	0.621	0.447	0.231	0.897	0.548	0.346	0.254	0.820	0.572	0.171	0.449	0.664	0.635	0.067	0.611	0.670	
(1844, 'Salford City', 2023): 0.562	0.238	0.382	0.720	0.559	0.233	0.389	0.663	0.649	0.392	0.325	0.885	0.643	0.355	0.337	0.908	0.553	0.353	0.194	0.723	0.564	0.328	0.298	0.666	0.627	0.028	0.616	0.644	
(1381, 'Tranmere', 2023): 0.547	0.198	0.384	0.645	0.558	0.233	0.377	0.648	0.659	0.284	0.447	0.870	0.622	0.404	0.232	0.818	0.535	0.369	0.168	0.787	0.562	0.201	0.401	0.643	0.626	0.027	0.615	0.636	
(1819, 'Barrow', 2023): 0.541	0.277	0.303	0.661	0.566	0.225	0.380	0.652	0.645	0.400	0.360	0.892	0.601	0.470	0.182	0.829	0.533	0.353	0.190	0.705	0.574	0.164	0.445	0.656	0.627	0.046	0.604	0.643	
(1835, 'Sutton Utd', 2023): 0.542	0.226	0.368	0.667	0.551	0.229	0.360	0.640	0.646	0.373	0.338	0.860	0.639	0.386	0.281	0.916	0.540	0.286	0.255	0.727	0.515	0.331	0.242	0.626	0.622	0.037	0.604	0.640	
(1376, 'Notts County', 2023): 0.578	0.272	0.357	0.707	0.618	0.217	0.389	0.713	0.698	0.356	0.473	0.913	0.605	0.386	0.250	0.819	0.555	0.330	0.242	0.725	0.543	0.244	0.286	0.623	0.607	0.055	0.580	0.630	
(1837, 'Wrexham', 2023): 0.581	0.218	0.386	0.697	0.588	0.258	0.345	0.691	0.650	0.311	0.376	0.833	0.654	0.361	0.248	0.884	0.575	0.353	0.198	0.867	0.594	0.143	0.493	0.662	0.676	0.090	0.636	0.721	
(1348, 'Milton Keynes Dons', 2023): 0.548	0.245	0.375	0.660	0.588	0.220	0.386	0.688	0.700	0.355	0.431	0.923	0.625	0.400	0.327	0.903	0.573	0.275	0.281	0.768	0.575	0.181	0.418	0.646	0.611	0.032	0.596	0.624	
(4686, 'Stockport County', 2023): 0.569	0.230	0.370	0.699	0.575	0.259	0.368	0.687	0.691	0.357	0.459	0.911	0.649	0.399	0.307	0.896	0.547	0.337	0.191	0.740	0.544	0.304	0.290	0.649	0.683	0.000	0.683	0.683	
(1347, 'Gillingham', 2023): 0.552	0.284	0.345	0.706	0.561	0.283	0.385	0.715	0.624	0.361	0.335	0.823	0.648	0.363	0.260	0.876	0.567	0.305	0.238	0.736	0.579	0.223	0.391	0.661	0.611	0.047	0.587	0.633	
(250, 'Kilmarnock', 2023): 0.572	0.277	0.322	0.733	0.604	0.276	0.365	0.766	0.655	0.329	0.432	0.881	0.628	0.403	0.266	0.848	0.557	0.335	0.225	0.763	0.559	0.355	0.218	0.673	0.609	0.071	0.574	0.639	
(257, 'Rangers', 2023): 0.643	0.315	0.336	0.785	0.653	0.317	0.383	0.803	0.725	0.248	0.534	0.910	0.700	0.369	0.365	0.902	0.638	0.423	0.187	0.880	0.625	0.424	0.312	0.763	0.736	0.044	0.714	0.755	
(87, 'Amiens', 2023): 0.599	0.368	0.284	0.782	0.616	0.316	0.345	0.770	0.665	0.383	0.356	0.914	0.633	0.456	0.231	0.911	0.570	0.408	0.201	0.845	0.586	0.413	0.251	0.725	0.679	0.038	0.661	0.697	
(431, 'Quevilly', 2023): 0.560	0.359	0.312	0.739	0.565	0.363	0.337	0.724	0.604	0.365	0.295	0.831	0.606	0.453	0.255	0.903	0.518	0.421	0.155	0.775	0.585	0.403	0.251	0.719	0.712	0.034	0.697	0.729	
(98, 'Ajaccio', 2023): 0.603	0.301	0.364	0.769	0.633	0.268	0.430	0.738	0.654	0.335	0.359	0.872	0.637	0.368	0.273	0.844	0.585	0.362	0.252	0.792	0.596	0.342	0.324	0.712	0.680	0.072	0.645	0.714	
(1301, 'Rodez', 2023): 0.543	0.329	0.279	0.721	0.569	0.327	0.337	0.704	0.660	0.388	0.334	0.885	0.613	0.467	0.255	0.907	0.529	0.372	0.138	0.757	0.576	0.426	0.210	0.700	0.644	0.054	0.621	0.670	
(105, 'Valenciennes', 2023): 0.552	0.332	0.297	0.719	0.574	0.348	0.331	0.733	0.658	0.293	0.423	0.882	0.609	0.432	0.251	0.899	0.545	0.389	0.185	0.764	0.532	0.489	0.179	0.695	0.683	0.000	0.683	0.683	
(108, 'Auxerre', 2023): 0.605	0.329	0.314	0.772	0.630	0.305	0.444	0.787	0.681	0.357	0.391	0.909	0.642	0.426	0.196	0.878	0.568	0.397	0.182	0.768	0.565	0.533	0.173	0.752	0.668	0.049	0.655	0.696	
(114, 'Paris FC', 2023): 0.572	0.316	0.322	0.744	0.591	0.331	0.338	0.787	0.661	0.356	0.401	0.919	0.611	0.397	0.243	0.860	0.550	0.441	0.135	0.739	0.534	0.527	0.165	0.711	0.631	0.087	0.595	0.668	
(88, 'Caen', 2023): 0.572	0.428	0.265	0.775	0.589	0.361	0.276	0.744	0.647	0.409	0.326	0.915	0.651	0.469	0.237	0.915	0.569	0.396	0.216	0.782	0.586	0.371	0.270	0.745	0.689	0.121	0.636	0.739	
(433, 'Laval', 2023): 0.587	0.347	0.285	0.794	0.600	0.295	0.397	0.731	0.623	0.331	0.351	0.826	0.622	0.459	0.247	0.911	0.566	0.437	0.166	0.762	0.608	0.365	0.283	0.706	0.699	0.046	0.674	0.714	
(77, 'Angers', 2023): 0.631	0.286	0.402	0.756	0.639	0.322	0.433	0.796	0.656	0.324	0.327	0.881	0.633	0.431	0.256	0.874	0.602	0.391	0.200	0.741	0.622	0.330	0.350	0.736	0.682	0.068	0.658	0.712	
(1300, 'Concarneau', 2023): 0.544	0.291	0.335	0.721	0.555	0.317	0.339	0.713	0.604	0.378	0.333	0.830	0.585	0.397	0.210	0.812	0.511	0.421	0.175	0.729	0.567	0.453	0.233	0.718	0.644	0.040	0.626	0.667	
(1305, 'Bastia', 2023): 0.561	0.356	0.290	0.762	0.579	0.311	0.356	0.749	0.667	0.336	0.405	0.887	0.601	0.425	0.242	0.813	0.534	0.410	0.156	0.764	0.620	0.220	0.454	0.729	0.659	0.056	0.631	0.687	
(1304, 'Dunkerque', 2023): 0.553	0.336	0.308	0.716	0.584	0.325	0.306	0.735	0.639	0.252	0.425	0.832	0.604	0.410	0.274	0.859	0.550	0.382	0.224	0.757	0.579	0.255	0.373	0.692	0.626	0.037	0.609	0.641	
(110, 'Estac Troyes', 2023): 0.578	0.331	0.322	0.750	0.613	0.342	0.343	0.742	0.646	0.333	0.347	0.868	0.607	0.447	0.210	0.897	0.558	0.418	0.194	0.738	0.613	0.290	0.379	0.714	0.711	0.043	0.691	0.733	
(3012, 'Annecy', 2023): 0.563	0.326	0.321	0.746	0.599	0.296	0.333	0.737	0.607	0.322	0.394	0.818	0.601	0.376	0.291	0.829	0.526	0.430	0.177	0.733	0.573	0.373	0.281	0.704	0.665	0.068	0.633	0.694	
(90, 'Guingamp', 2023): 0.599	0.275	0.384	0.720	0.589	0.330	0.352	0.725	0.639	0.378	0.358	0.893	0.634	0.428	0.222	0.837	0.554	0.410	0.134	0.735	0.548	0.509	0.127	0.709	0.665	0.054	0.643	0.694	
(46, 'Leicester', 2023): 0.662	0.288	0.433	0.811	0.701	0.216	0.535	0.804	0.687	0.442	0.295	0.895	0.691	0.344	0.287	0.884	0.654	0.427	0.230	0.867	0.695	0.408	0.357	0.833	0.737	0.069	0.704	0.770	
(1346, 'Coventry', 2023): 0.606	0.308	0.376	0.761	0.630	0.261	0.411	0.761	0.689	0.351	0.428	0.929	0.653	0.411	0.236	0.893	0.615	0.378	0.184	0.806	0.654	0.211	0.468	0.741	0.682	0.075	0.647	0.711	
(63, 'Leeds', 2023): 0.628	0.322	0.352	0.783	0.644	0.346	0.364	0.810	0.730	0.302	0.480	0.944	0.678	0.345	0.247	0.868	0.614	0.489	0.167	0.807	0.585	0.572	0.204	0.773	0.748	0.095	0.714	0.798	
(43, 'Cardiff', 2023): 0.599	0.341	0.321	0.774	0.624	0.297	0.407	0.777	0.671	0.351	0.420	0.906	0.653	0.446	0.257	0.923	0.583	0.420	0.235	0.806	0.591	0.450	0.262	0.763	0.686	0.087	0.653	0.724	
(249, 'Hibernian', 2023): 0.609	0.265	0.384	0.736	0.617	0.309	0.382	0.758	0.678	0.318	0.442	0.918	0.649	0.393	0.255	0.892	0.580	0.415	0.236	0.779	0.567	0.355	0.264	0.678	0.669	0.038	0.650	0.682	
(251, 'ST Mirren', 2023): 0.531	0.305	0.332	0.686	0.549	0.287	0.338	0.691	0.668	0.279	0.378	0.841	0.636	0.401	0.269	0.886	0.553	0.353	0.217	0.828	0.579	0.300	0.331	0.708	0.643	0.039	0.621	0.659	
(746, 'Sunderland', 2023): 0.570	0.334	0.332	0.740	0.612	0.307	0.397	0.766	0.670	0.405	0.352	0.883	0.622	0.497	0.228	0.920	0.573	0.415	0.204	0.885	0.593	0.395	0.281	0.737	0.706	0.076	0.676	0.746	
(57, 'Ipswich', 2023): 0.619	0.249	0.426	0.763	0.614	0.297	0.409	0.736	0.705	0.387	0.392	0.926	0.664	0.424	0.264	0.885	0.602	0.345	0.253	0.787	0.583	0.407	0.305	0.719	0.669	0.035	0.653	0.685	
(1297, 'PAU', 2023): 0.593	0.289	0.346	0.724	0.590	0.331	0.348	0.738	0.682	0.315	0.413	0.899	0.644	0.377	0.326	0.879	0.574	0.371	0.160	0.775	0.539	0.514	0.150	0.719	0.692	0.091	0.635	0.724	
(78, 'Bordeaux', 2023): 0.601	0.351	0.307	0.756	0.640	0.366	0.316	0.823	0.675	0.303	0.403	0.906	0.658	0.400	0.312	0.875	0.591	0.445	0.138	0.795	0.603	0.436	0.254	0.743	0.677	0.049	0.650	0.692	
(9380, 'Amorebieta', 2023): 0.582	0.318	0.326	0.716	0.607	0.273	0.352	0.720	0.640	0.342	0.342	0.827	0.625	0.381	0.201	0.855	0.547	0.410	0.153	0.780	0.568	0.410	0.254	0.729	0.629	0.058	0.593	0.649	
(539, 'Levante', 2023): 0.611	0.274	0.376	0.760	0.638	0.285	0.413	0.766	0.683	0.264	0.487	0.880	0.651	0.346	0.323	0.847	0.598	0.338	0.308	0.780	0.594	0.368	0.311	0.750	0.656	0.040	0.633	0.673	
(723, 'Almeria', 2023): 0.639	0.386	0.272	0.804	0.664	0.372	0.336	0.818	0.701	0.356	0.386	0.906	0.684	0.399	0.320	0.891	0.632	0.434	0.216	0.839	0.604	0.542	0.233	0.814	0.757	0.113	0.706	0.808	
(728, 'Rayo Vallecano', 2023): 0.651	0.449	0.289	0.827	0.698	0.373	0.350	0.838	0.734	0.350	0.436	0.930	0.704	0.391	0.298	0.911	0.654	0.434	0.260	0.829	0.647	0.439	0.313	0.808	0.788	0.061	0.755	0.817	
(416, 'FC Volendam', 2023): 0.517	0.445	0.212	0.753	0.559	0.402	0.272	0.744	0.653	0.355	0.395	0.897	0.602	0.492	0.211	0.870	0.531	0.371	0.225	0.726	0.564	0.379	0.266	0.701	0.620	0.098	0.583	0.672	
(200, 'Vitesse', 2023): 0.609	0.257	0.423	0.756	0.639	0.274	0.404	0.768	0.685	0.298	0.452	0.861	0.640	0.367	0.293	0.829	0.574	0.426	0.173	0.802	0.592	0.388	0.253	0.717	0.706	0.089	0.673	0.744	
(2929, 'Al-Ahli Jeddah', 2023): 0.677	0.382	0.388	0.846	0.700	0.454	0.377	0.922	0.763	0.290	0.540	0.936	0.697	0.464	0.260	0.936	0.623	0.562	0.220	0.888	0.561	0.624	0.223	0.868	0.808	0.056	0.784	0.840	
(2945, 'Al-Hazm', 2023): 0.551	0.321	0.341	0.699	0.547	0.320	0.358	0.690	0.619	0.240	0.447	0.765	0.619	0.431	0.300	0.859	0.553	0.359	0.260	0.765	0.637	0.236	0.497	0.747	0.662	0.061	0.635	0.692	
(998, 'Trabzonspor', 2023): 0.666	0.352	0.401	0.836	0.698	0.333	0.367	0.865	0.703	0.373	0.369	0.922	0.702	0.364	0.326	0.912	0.651	0.384	0.266	0.852	0.608	0.391	0.315	0.767	0.768	0.080	0.732	0.805	
(1005, 'Antalyaspor', 2023): 0.610	0.320	0.352	0.774	0.652	0.301	0.411	0.803	0.685	0.304	0.431	0.849	0.678	0.324	0.274	0.859	0.610	0.343	0.239	0.774	0.562	0.412	0.230	0.746	0.737	0.079	0.695	0.775	
(44, 'Burnley', 2023): 0.645	0.280	0.427	0.784	0.673	0.318	0.414	0.781	0.702	0.252	0.469	0.862	0.658	0.453	0.225	0.885	0.610	0.452	0.187	0.815	0.617	0.529	0.254	0.774	0.716	0.047	0.700	0.743	
(50, 'Manchester City', 2023): 0.733	0.437	0.391	0.959	0.788	0.337	0.472	0.934	0.787	0.317	0.555	0.958	0.763	0.405	0.310	0.947	0.731	0.445	0.279	0.959	0.742	0.479	0.361	0.916	0.863	0.095	0.816	0.913	
(84, 'Nice', 2023): 0.688	0.296	0.463	0.840	0.700	0.318	0.436	0.843	0.713	0.361	0.336	0.925	0.722	0.331	0.421	0.917	0.660	0.401	0.152	0.836	0.737	0.225	0.538	0.844	0.753	0.100	0.697	0.790	
(79, 'Lille', 2023): 0.668	0.349	0.366	0.834	0.696	0.323	0.395	0.828	0.724	0.329	0.378	0.873	0.701	0.378	0.273	0.921	0.654	0.453	0.176	0.871	0.626	0.552	0.217	0.806	0.768	0.083	0.719	0.799	
(217, 'SC Braga', 2023): 0.664	0.370	0.328	0.843	0.705	0.336	0.394	0.834	0.721	0.407	0.340	0.915	0.690	0.398	0.295	0.883	0.636	0.443	0.195	0.872	0.615	0.481	0.269	0.816	0.683	0.000	0.683	0.683	
(242, 'Famalicao', 2023): 0.603	0.342	0.313	0.779	0.626	0.338	0.363	0.811	0.644	0.246	0.448	0.787	0.645	0.404	0.234	0.840	0.590	0.444	0.167	0.769	0.618	0.498	0.211	0.752	0.731	0.077	0.682	0.753	
(720, 'Valladolid', 2023): 0.604	0.389	0.290	0.771	0.646	0.306	0.393	0.778	0.690	0.325	0.470	0.904	0.640	0.461	0.231	0.891	0.595	0.392	0.235	0.768	0.596	0.491	0.219	0.781	0.720	0.111	0.667	0.772	
(731, 'Sporting Gijon', 2023): 0.580	0.360	0.366	0.779	0.628	0.273	0.437	0.784	0.671	0.351	0.404	0.897	0.638	0.433	0.308	0.875	0.589	0.392	0.207	0.827	0.596	0.517	0.211	0.750	0.671	0.067	0.636	0.706	
(536, 'Sevilla', 2023): 0.720	0.316	0.475	0.880	0.744	0.306	0.470	0.874	0.700	0.356	0.404	0.906	0.719	0.432	0.277	0.924	0.694	0.477	0.198	0.902	0.719	0.319	0.448	0.842	0.748	0.041	0.731	0.770	
(532, 'Valencia', 2023): 0.654	0.330	0.339	0.824	0.675	0.305	0.419	0.808	0.707	0.225	0.515	0.895	0.681	0.338	0.329	0.894	0.641	0.393	0.266	0.845	0.625	0.514	0.274	0.812	0.801	0.090	0.744	0.830	
(42, 'Arsenal', 2023): 0.743	0.370	0.417	0.905	0.777	0.336	0.468	0.899	0.756	0.358	0.388	0.927	0.720	0.468	0.232	0.916	0.710	0.500	0.204	0.901	0.711	0.492	0.379	0.879	0.822	0.057	0.798	0.847	
(65, 'Nottingham Forest', 2023): 0.658	0.306	0.441	0.827	0.675	0.356	0.376	0.831	0.713	0.312	0.453	0.897	0.693	0.423	0.231	0.920	0.646	0.402	0.267	0.869	0.697	0.255	0.502	0.807	0.769	0.111	0.702	0.806	
(35, 'Bournemouth', 2023): 0.676	0.256	0.501	0.796	0.688	0.320	0.422	0.822	0.724	0.281	0.525	0.893	0.689	0.366	0.341	0.885	0.634	0.458	0.169	0.801	0.629	0.489	0.251	0.783	0.766	0.106	0.725	0.818	
(48, 'West Ham', 2023): 0.724	0.281	0.516	0.903	0.738	0.357	0.431	0.942	0.708	0.342	0.454	0.906	0.748	0.328	0.413	0.932	0.706	0.347	0.378	0.885	0.712	0.377	0.379	0.851	0.787	0.094	0.739	0.823	
(45, 'Everton', 2023): 0.675	0.328	0.380	0.856	0.699	0.300	0.441	0.817	0.692	0.284	0.450	0.880	0.703	0.363	0.284	0.920	0.654	0.441	0.255	0.852	0.718	0.317	0.438	0.840	0.836	0.119	0.778	0.879	
(36, 'Fulham', 2023): 0.678	0.353	0.351	0.823	0.729	0.339	0.378	0.855	0.711	0.264	0.502	0.892	0.697	0.407	0.307	0.905	0.682	0.398	0.332	0.939	0.681	0.356	0.425	0.867	0.811	0.102	0.755	0.853	
(51, 'Brighton', 2023): 0.660	0.367	0.362	0.845	0.707	0.314	0.464	0.867	0.692	0.370	0.377	0.906	0.673	0.363	0.359	0.883	0.649	0.506	0.157	0.858	0.629	0.584	0.221	0.843	0.737	0.096	0.698	0.787	
(1359, 'Luton', 2023): 0.627	0.339	0.292	0.793	0.656	0.338	0.356	0.797	0.708	0.274	0.473	0.908	0.682	0.394	0.275	0.873	0.616	0.367	0.290	0.816	0.629	0.291	0.412	0.747	0.735	0.078	0.695	0.768	
(62, 'Sheffield Utd', 2023): 0.628	0.382	0.327	0.768	0.648	0.364	0.376	0.805	0.707	0.272	0.471	0.868	0.684	0.406	0.338	0.883	0.626	0.431	0.225	0.873	0.697	0.206	0.537	0.782	0.744	0.054	0.717	0.768	
(52, 'Crystal Palace', 2023): 0.676	0.333	0.379	0.809	0.695	0.350	0.384	0.833	0.703	0.318	0.396	0.870	0.687	0.403	0.248	0.879	0.669	0.401	0.268	0.879	0.712	0.336	0.425	0.814	0.773	0.077	0.730	0.802	
(1361, 'Colchester', 2023): 0.548	0.235	0.360	0.658	0.564	0.224	0.400	0.667	0.650	0.417	0.354	0.865	0.617	0.506	0.213	0.869	0.551	0.352	0.285	0.794	0.578	0.156	0.472	0.643	0.604	0.069	0.575	0.632	
(1353, 'Swindon Town', 2023): 0.553	0.256	0.378	0.694	0.572	0.222	0.385	0.667	0.665	0.340	0.442	0.908	0.595	0.468	0.280	0.883	0.533	0.371	0.208	0.800	0.554	0.321	0.306	0.655	0.559	0.023	0.549	0.572	
(197, 'PSV Eindhoven', 2023): 0.705	0.330	0.451	0.939	0.717	0.280	0.474	0.865	0.733	0.364	0.370	0.921	0.736	0.290	0.447	0.905	0.664	0.410	0.237	0.870	0.689	0.287	0.488	0.797	0.788	0.102	0.727	0.829	
(207, 'Utrecht', 2023): 0.614	0.292	0.341	0.761	0.642	0.324	0.343	0.772	0.690	0.286	0.417	0.910	0.655	0.384	0.318	0.853	0.608	0.322	0.315	0.771	0.614	0.327	0.343	0.748	0.688	0.008	0.684	0.691	
(762, 'GIL Vicente', 2023): 0.587	0.307	0.340	0.750	0.620	0.344	0.338	0.778	0.662	0.353	0.403	0.904	0.636	0.392	0.267	0.858	0.570	0.394	0.172	0.763	0.546	0.459	0.213	0.756	0.598	0.007	0.594	0.601	
(216, 'Portimonense', 2023): 0.567	0.408	0.299	0.773	0.599	0.371	0.321	0.786	0.642	0.318	0.416	0.824	0.660	0.456	0.227	0.833	0.571	0.449	0.228	0.821	0.664	0.250	0.462	0.779	0.708	0.071	0.680	0.744	
(2942, 'Al Taee', 2023): 0.558	0.391	0.218	0.758	0.589	0.422	0.264	0.777	0.671	0.375	0.405	0.909	0.641	0.442	0.238	0.853	0.559	0.418	0.236	0.798	0.563	0.415	0.301	0.739	0.636	0.069	0.606	0.668	
(2956, 'Damac', 2023): 0.606	0.331	0.358	0.788	0.650	0.337	0.421	0.826	0.692	0.396	0.429	0.933	0.626	0.475	0.245	0.912	0.542	0.438	0.197	0.865	0.567	0.434	0.277	0.773	0.675	0.045	0.653	0.695	
(81, 'Marseille', 2023): 0.682	0.303	0.456	0.843	0.726	0.284	0.486	0.843	0.743	0.273	0.508	0.911	0.710	0.407	0.312	0.913	0.671	0.423	0.248	0.858	0.658	0.552	0.231	0.824	0.808	0.037	0.795	0.829	
(93, 'Reims', 2023): 0.627	0.335	0.380	0.789	0.658	0.343	0.418	0.810	0.695	0.394	0.326	0.917	0.690	0.359	0.247	0.897	0.633	0.408	0.179	0.836	0.652	0.331	0.410	0.792	0.758	0.061	0.727	0.785	
(548, 'Real Sociedad', 2023): 0.709	0.333	0.460	0.869	0.736	0.315	0.449	0.859	0.738	0.293	0.426	0.900	0.705	0.421	0.202	0.911	0.663	0.505	0.194	0.866	0.681	0.483	0.289	0.860	0.830	0.097	0.783	0.861	
(547, 'Girona', 2023): 0.675	0.402	0.350	0.848	0.712	0.361	0.356	0.855	0.719	0.364	0.353	0.872	0.689	0.324	0.411	0.902	0.674	0.409	0.241	0.856	0.681	0.457	0.306	0.817	0.793	0.026	0.781	0.804	
(607, 'Konyaspor', 2023): 0.595	0.379	0.277	0.818	0.610	0.406	0.292	0.767	0.653	0.381	0.341	0.852	0.671	0.388	0.247	0.878	0.596	0.440	0.219	0.820	0.632	0.324	0.360	0.752	0.688	0.145	0.615	0.751	
(3578, 'İstanbulspor', 2023): 0.559	0.286	0.309	0.696	0.590	0.326	0.369	0.735	0.664	0.282	0.392	0.838	0.610	0.370	0.259	0.831	0.534	0.417	0.209	0.769	0.540	0.412	0.258	0.702	0.591	0.073	0.562	0.632	
(1004, 'Kasimpasa', 2023): 0.595	0.377	0.257	0.760	0.637	0.318	0.382	0.798	0.672	0.282	0.435	0.911	0.656	0.466	0.219	0.881	0.584	0.425	0.234	0.768	0.600	0.352	0.252	0.717	0.613	0.015	0.605	0.620	
(1010, 'Ankaragucu', 2023): 0.598	0.305	0.339	0.734	0.644	0.272	0.436	0.772	0.653	0.350	0.335	0.887	0.658	0.388	0.260	0.870	0.573	0.448	0.194	0.778	0.589	0.362	0.322	0.722	0.676	0.076	0.642	0.713	
(34, 'Newcastle', 2023): 0.686	0.329	0.444	0.875	0.737	0.299	0.456	0.869	0.713	0.418	0.317	0.915	0.724	0.374	0.288	0.907	0.707	0.413	0.305	0.881	0.728	0.393	0.421	0.851	0.799	0.073	0.761	0.828	
(66, 'Aston Villa', 2023): 0.701	0.372	0.334	0.854	0.736	0.342	0.439	0.887	0.755	0.293	0.485	0.953	0.742	0.369	0.331	0.928	0.699	0.405	0.285	0.870	0.725	0.426	0.318	0.852	0.836	0.034	0.818	0.849	
(210, 'Heerenveen', 2023): 0.580	0.357	0.294	0.781	0.637	0.365	0.360	0.827	0.662	0.403	0.343	0.928	0.634	0.420	0.272	0.875	0.589	0.385	0.204	0.756	0.569	0.414	0.248	0.749	0.715	0.091	0.666	0.753	
(417, 'Waalwijk', 2023): 0.586	0.272	0.362	0.754	0.581	0.286	0.389	0.733	0.659	0.297	0.406	0.893	0.633	0.381	0.230	0.830	0.563	0.404	0.184	0.753	0.592	0.343	0.318	0.696	0.677	0.054	0.645	0.694	
(231, 'Farense', 2023): 0.614	0.269	0.381	0.758	0.635	0.299	0.379	0.777	0.674	0.318	0.359	0.871	0.644	0.389	0.283	0.913	0.591	0.399	0.217	0.769	0.608	0.323	0.390	0.772	0.646	0.082	0.597	0.672	
(4716, 'Casa Pia', 2023): 0.603	0.301	0.359	0.784	0.621	0.245	0.439	0.749	0.680	0.305	0.430	0.888	0.660	0.372	0.386	0.908	0.588	0.366	0.230	0.751	0.635	0.264	0.452	0.764	0.743	0.042	0.724	0.766	
(4665, 'Racing Santander', 2023): 0.602	0.355	0.330	0.771	0.639	0.277	0.448	0.786	0.652	0.320	0.354	0.845	0.631	0.396	0.228	0.834	0.559	0.412	0.205	0.778	0.576	0.478	0.205	0.742	0.687	0.066	0.661	0.726	
(545, 'Eibar', 2023): 0.620	0.340	0.335	0.788	0.679	0.298	0.423	0.885	0.687	0.354	0.421	0.908	0.680	0.390	0.224	0.919	0.598	0.444	0.176	0.828	0.592	0.442	0.287	0.753	0.698	0.068	0.667	0.727	
(534, 'Las Palmas', 2023): 0.632	0.368	0.344	0.806	0.693	0.329	0.347	0.826	0.737	0.233	0.551	0.890	0.684	0.380	0.303	0.872	0.638	0.363	0.256	0.809	0.610	0.505	0.236	0.785	0.785	0.045	0.764	0.807	
(798, 'Mallorca', 2023): 0.667	0.346	0.390	0.852	0.697	0.304	0.433	0.840	0.683	0.358	0.329	0.896	0.702	0.380	0.318	0.912	0.638	0.434	0.197	0.859	0.722	0.193	0.554	0.813	0.777	0.072	0.743	0.813	
(194, 'Ajax', 2023): 0.628	0.392	0.368	0.844	0.670	0.394	0.411	0.854	0.707	0.322	0.444	0.901	0.642	0.454	0.270	0.872	0.617	0.432	0.296	0.821	0.611	0.439	0.314	0.794	0.733	0.110	0.682	0.788	
(206, 'Heracles', 2023): 0.592	0.297	0.335	0.742	0.621	0.319	0.390	0.769	0.684	0.298	0.394	0.865	0.623	0.356	0.213	0.809	0.567	0.388	0.237	0.745	0.571	0.333	0.294	0.702	0.676	0.084	0.643	0.724	
(2944, 'Al-Fayha', 2023): 0.588	0.354	0.302	0.766	0.622	0.324	0.395	0.796	0.712	0.366	0.438	0.934	0.640	0.496	0.250	0.913	0.558	0.417	0.164	0.791	0.527	0.465	0.223	0.739	0.705	0.121	0.665	0.779	
(2928, 'Al Khaleej Saihat', 2023): 0.612	0.297	0.391	0.749	0.633	0.335	0.372	0.818	0.700	0.337	0.477	0.869	0.661	0.418	0.190	0.835	0.585	0.419	0.253	0.816	0.583	0.333	0.338	0.762	0.693	0.086	0.652	0.736	
(1001, 'Kayserispor', 2023): 0.593	0.317	0.308	0.753	0.625	0.307	0.386	0.778	0.685	0.220	0.524	0.843	0.651	0.340	0.264	0.827	0.591	0.391	0.192	0.799	0.554	0.468	0.206	0.715	0.673	0.116	0.613	0.726	
(645, 'Galatasaray', 2023): 0.682	0.380	0.389	0.884	0.752	0.252	0.501	0.880	0.747	0.283	0.556	0.917	0.713	0.405	0.317	0.927	0.680	0.453	0.270	0.877	0.651	0.517	0.300	0.836	0.702	0.300	0.534	0.835	
(3601, 'Pendikspor', 2023): 0.606	0.317	0.376	0.768	0.633	0.299	0.406	0.759	0.681	0.272	0.491	0.866	0.676	0.332	0.367	0.857	0.612	0.398	0.185	0.801	0.549	0.499	0.237	0.773	0.624	0.083	0.591	0.671	
(3575, 'Hatayspor', 2023): 0.598	0.266	0.398	0.745	0.613	0.309	0.412	0.776	0.667	0.364	0.385	0.905	0.659	0.437	0.263	0.905	0.579	0.424	0.139	0.778	0.556	0.450	0.211	0.724	0.694	0.090	0.649	0.726	
(193, 'PEC Zwolle', 2023): 0.583	0.281	0.367	0.714	0.617	0.272	0.374	0.758	0.664	0.299	0.374	0.882	0.652	0.345	0.291	0.831	0.579	0.382	0.268	0.790	0.575	0.318	0.347	0.700	0.654	0.062	0.624	0.684	
(426, 'Sparta Rotterdam', 2023): 0.608	0.299	0.403	0.844	0.616	0.341	0.354	0.772	0.686	0.371	0.368	0.916	0.653	0.444	0.246	0.906	0.579	0.384	0.218	0.756	0.559	0.422	0.187	0.710	0.737	0.132	0.657	0.783	
(85, 'Paris Saint Germain', 2023): 0.712	0.364	0.415	0.920	0.748	0.317	0.497	0.921	0.769	0.337	0.460	0.966	0.733	0.362	0.351	0.921	0.712	0.433	0.280	0.926	0.723	0.448	0.409	0.892	0.828	0.146	0.752	0.884	
(97, 'Lorient', 2023): 0.593	0.368	0.345	0.778	0.638	0.350	0.381	0.799	0.683	0.341	0.415	0.914	0.633	0.495	0.208	0.913	0.597	0.447	0.206	0.841	0.667	0.287	0.429	0.791	0.780	0.049	0.758	0.805	
(732, 'Zaragoza', 2023): 0.603	0.352	0.358	0.776	0.613	0.323	0.349	0.756	0.674	0.286	0.446	0.856	0.646	0.470	0.274	0.916	0.585	0.383	0.233	0.762	0.607	0.423	0.265	0.739	0.725	0.050	0.701	0.747	
(9595, 'Villarreal II', 2023): 0.588	0.360	0.249	0.752	0.607	0.284	0.393	0.757	0.639	0.163	0.517	0.809	0.594	0.318	0.280	0.757	0.550	0.364	0.197	0.742	0.549	0.398	0.241	0.688	0.668	0.031	0.652	0.679	
(228, 'Sporting CP', 2023): 0.668	0.378	0.333	0.842	0.717	0.318	0.458	0.846	0.721	0.338	0.362	0.913	0.689	0.491	0.229	0.940	0.664	0.455	0.253	0.846	0.705	0.371	0.413	0.837	0.772	0.056	0.755	0.802	
(810, 'Vizela', 2023): 0.574	0.367	0.305	0.754	0.608	0.361	0.349	0.814	0.667	0.353	0.384	0.887	0.597	0.456	0.238	0.869	0.550	0.416	0.185	0.796	0.602	0.408	0.326	0.793	0.655	0.016	0.646	0.663	
(531, 'Athletic Club', 2023): 0.708	0.273	0.486	0.834	0.712	0.321	0.467	0.869	0.752	0.329	0.450	0.947	0.728	0.380	0.298	0.935	0.678	0.451	0.278	0.869	0.661	0.522	0.255	0.836	0.827	0.099	0.772	0.860	
(541, 'Real Madrid', 2023): 0.739	0.363	0.412	0.923	0.795	0.283	0.542	0.927	0.796	0.325	0.433	0.947	0.762	0.344	0.364	0.930	0.730	0.462	0.231	0.921	0.760	0.339	0.430	0.879	0.793	0.083	0.756	0.828	
(797, 'Elche', 2023): 0.627	0.326	0.340	0.777	0.672	0.243	0.423	0.788	0.711	0.264	0.536	0.870	0.661	0.300	0.351	0.811	0.625	0.292	0.330	0.779	0.583	0.337	0.317	0.733	0.744	0.063	0.715	0.772	
(9409, 'Racing Ferrol', 2023): 0.604	0.334	0.325	0.746	0.638	0.274	0.428	0.775	0.668	0.255	0.412	0.817	0.627	0.396	0.267	0.832	0.563	0.390	0.247	0.756	0.525	0.489	0.158	0.690	0.709	0.046	0.687	0.730	
(413, 'NEC Nijmegen', 2023): 0.589	0.367	0.328	0.789	0.629	0.380	0.324	0.789	0.674	0.333	0.372	0.852	0.630	0.390	0.289	0.861	0.594	0.392	0.160	0.780	0.595	0.416	0.270	0.754	0.724	0.107	0.678	0.769	
(196, 'Excelsior', 2023): 0.568	0.256	0.350	0.707	0.617	0.283	0.390	0.753	0.695	0.312	0.495	0.932	0.617	0.437	0.253	0.876	0.561	0.383	0.212	0.755	0.528	0.418	0.228	0.691	0.683	0.000	0.683	0.683	
(106, 'Stade Brestois 29', 2023): 0.654	0.331	0.364	0.827	0.682	0.316	0.419	0.805	0.673	0.284	0.459	0.875	0.689	0.347	0.286	0.883	0.659	0.347	0.248	0.807	0.686	0.259	0.429	0.770	0.748	0.103	0.694	0.792	
(116, 'Lens', 2023): 0.666	0.348	0.385	0.832	0.694	0.291	0.389	0.821	0.732	0.285	0.469	0.923	0.689	0.481	0.255	0.916	0.666	0.404	0.269	0.851	0.721	0.249	0.530	0.828	0.814	0.051	0.792	0.840	
(201, 'AZ Alkmaar', 2023): 0.656	0.367	0.342	0.850	0.685	0.313	0.416	0.840	0.709	0.298	0.441	0.894	0.694	0.388	0.345	0.941	0.627	0.436	0.235	0.910	0.695	0.186	0.553	0.767	0.768	0.063	0.741	0.798	
(410, 'GO Ahead Eagles', 2023): 0.597	0.313	0.336	0.757	0.624	0.309	0.360	0.763	0.665	0.254	0.447	0.836	0.654	0.405	0.306	0.838	0.559	0.466	0.122	0.787	0.561	0.490	0.195	0.716	0.701	0.059	0.668	0.723	
(209, 'Feyenoord', 2023): 0.657	0.341	0.369	0.829	0.685	0.316	0.400	0.828	0.736	0.237	0.544	0.916	0.712	0.368	0.392	0.906	0.675	0.392	0.236	0.860	0.700	0.341	0.396	0.835	0.748	0.069	0.716	0.778	
(205, 'Fortuna Sittard', 2023): 0.610	0.281	0.330	0.733	0.657	0.274	0.434	0.802	0.660	0.342	0.354	0.864	0.655	0.394	0.307	0.895	0.597	0.387	0.190	0.775	0.600	0.408	0.269	0.746	0.686	0.096	0.634	0.730	
(55, 'Brentford', 2023): 0.681	0.268	0.488	0.818	0.682	0.272	0.456	0.808	0.713	0.295	0.473	0.882	0.695	0.402	0.220	0.905	0.665	0.438	0.248	0.874	0.709	0.268	0.493	0.815	0.805	0.099	0.747	0.839	
(47, 'Tottenham', 2023): 0.724	0.346	0.391	0.910	0.754	0.330	0.457	0.885	0.765	0.259	0.520	0.927	0.738	0.356	0.375	0.918	0.702	0.443	0.285	0.920	0.712	0.386	0.386	0.859	0.829	0.087	0.787	0.871	
(82, 'Montpellier', 2023): 0.638	0.367	0.357	0.838	0.687	0.358	0.394	0.839	0.709	0.361	0.377	0.928	0.664	0.419	0.297	0.906	0.635	0.439	0.254	0.861	0.621	0.457	0.247	0.756	0.756	0.028	0.748	0.773	
(111, 'LE Havre', 2023): 0.606	0.286	0.412	0.805	0.629	0.317	0.395	0.792	0.641	0.444	0.318	0.889	0.660	0.396	0.221	0.882	0.588	0.411	0.219	0.759	0.656	0.306	0.400	0.762	0.719	0.053	0.691	0.744	
(83, 'Nantes', 2023): 0.645	0.291	0.426	0.795	0.677	0.301	0.452	0.814	0.697	0.335	0.399	0.916	0.693	0.402	0.264	0.908	0.624	0.415	0.220	0.862	0.653	0.395	0.331	0.770	0.760	0.130	0.685	0.810	
(96, 'Toulouse', 2023): 0.607	0.345	0.350	0.794	0.654	0.286	0.397	0.767	0.666	0.340	0.348	0.856	0.671	0.414	0.248	0.886	0.607	0.435	0.188	0.836	0.648	0.403	0.291	0.785	0.708	0.057	0.687	0.739	
(99, 'Clermont Foot', 2023): 0.608	0.320	0.387	0.764	0.628	0.342	0.357	0.753	0.676	0.375	0.347	0.897	0.636	0.462	0.229	0.870	0.606	0.437	0.177	0.832	0.634	0.488	0.225	0.782	0.734	0.046	0.709	0.751	
(91, 'Monaco', 2023): 0.674	0.353	0.380	0.863	0.711	0.327	0.388	0.870	0.738	0.382	0.379	0.919	0.700	0.364	0.332	0.911	0.672	0.420	0.240	0.884	0.674	0.436	0.345	0.818	0.725	0.084	0.683	0.761	
(226, 'Rio Ave', 2023): 0.623	0.291	0.412	0.767	0.658	0.300	0.452	0.778	0.676	0.382	0.318	0.900	0.666	0.390	0.264	0.910	0.601	0.441	0.212	0.818	0.618	0.326	0.376	0.778	0.728	0.045	0.706	0.749	
(223, 'Chaves', 2023): 0.588	0.350	0.332	0.791	0.630	0.339	0.374	0.802	0.666	0.357	0.360	0.856	0.635	0.395	0.249	0.871	0.587	0.421	0.220	0.816	0.650	0.246	0.441	0.763	0.686	0.084	0.654	0.728	
(419, 'Almere City FC', 2023): 0.556	0.307	0.345	0.707	0.605	0.276	0.357	0.732	0.670	0.284	0.422	0.895	0.621	0.373	0.247	0.810	0.554	0.345	0.282	0.759	0.571	0.316	0.291	0.670	0.659	0.054	0.632	0.680	
(415, 'Twente', 2023): 0.635	0.283	0.404	0.785	0.662	0.242	0.460	0.776	0.685	0.322	0.369	0.869	0.672	0.337	0.275	0.879	0.624	0.370	0.198	0.794	0.629	0.434	0.300	0.794	0.772	0.197	0.644	0.830	
(538, 'Celta Vigo', 2023): 0.648	0.417	0.286	0.894	0.662	0.374	0.375	0.868	0.710	0.292	0.369	0.878	0.661	0.488	0.165	0.895	0.618	0.471	0.253	0.872	0.672	0.420	0.335	0.831	0.762	0.019	0.753	0.768	
(727, 'Osasuna', 2023): 0.663	0.384	0.348	0.851	0.684	0.348	0.409	0.829	0.676	0.326	0.362	0.892	0.665	0.421	0.268	0.882	0.623	0.427	0.229	0.845	0.653	0.429	0.357	0.839	0.749	0.019	0.738	0.757	
(9580, 'Burgos', 2023): 0.601	0.387	0.234	0.792	0.634	0.295	0.358	0.765	0.680	0.288	0.380	0.914	0.651	0.381	0.243	0.867	0.589	0.376	0.280	0.760	0.569	0.392	0.299	0.721	0.729	0.089	0.689	0.763	
(726, 'Huesca', 2023): 0.583	0.337	0.308	0.766	0.614	0.367	0.323	0.792	0.678	0.334	0.353	0.903	0.653	0.425	0.261	0.873	0.580	0.392	0.231	0.826	0.586	0.447	0.245	0.753	0.717	0.098	0.665	0.756	
(94, 'Rennes', 2023): 0.689	0.354	0.406	0.848	0.729	0.301	0.457	0.845	0.700	0.319	0.391	0.882	0.691	0.364	0.318	0.874	0.643	0.464	0.221	0.856	0.655	0.416	0.327	0.821	0.782	0.074	0.747	0.818	
(112, 'Metz', 2023): 0.592	0.334	0.337	0.773	0.630	0.277	0.398	0.765	0.699	0.332	0.367	0.904	0.656	0.371	0.325	0.894	0.590	0.400	0.191	0.801	0.603	0.493	0.196	0.751	0.728	0.052	0.704	0.752	
(49, 'Chelsea', 2023): 0.661	0.358	0.412	0.856	0.716	0.329	0.450	0.868	0.723	0.390	0.346	0.942	0.716	0.330	0.399	0.939	0.674	0.423	0.279	0.881	0.689	0.456	0.372	0.878	0.759	0.066	0.726	0.789	
(40, 'Liverpool', 2023): 0.746	0.322	0.435	0.914	0.777	0.302	0.497	0.905	0.783	0.302	0.489	0.933	0.765	0.360	0.332	0.949	0.724	0.446	0.270	0.920	0.696	0.552	0.301	0.913	0.843	0.063	0.823	0.873	
(1002, 'Sivasspor', 2023): 0.621	0.282	0.412	0.775	0.638	0.295	0.414	0.778	0.660	0.340	0.390	0.876	0.649	0.357	0.258	0.852	0.569	0.424	0.149	0.767	0.550	0.476	0.199	0.711	0.664	0.098	0.606	0.701	
(3603, 'Samsunspor', 2023): 0.606	0.321	0.344	0.776	0.656	0.290	0.370	0.781	0.688	0.339	0.390	0.919	0.656	0.433	0.229	0.866	0.596	0.392	0.195	0.780	0.601	0.311	0.325	0.707	0.679	0.123	0.612	0.725	
(15130, 'Estrela', 2023): 0.543	0.339	0.308	0.731	0.581	0.334	0.371	0.730	0.663	0.298	0.406	0.829	0.652	0.409	0.226	0.876	0.570	0.414	0.214	0.842	0.663	0.179	0.494	0.747	0.673	0.071	0.644	0.702	
(224, 'Guimaraes', 2023): 0.597	0.304	0.371	0.758	0.631	0.317	0.367	0.764	0.659	0.401	0.316	0.855	0.635	0.416	0.250	0.891	0.591	0.401	0.242	0.803	0.663	0.130	0.547	0.750	0.716	0.078	0.670	0.747	
(533, 'Villarreal', 2023): 0.711	0.356	0.371	0.909	0.731	0.316	0.474	0.896	0.692	0.327	0.400	0.848	0.697	0.406	0.303	0.919	0.674	0.443	0.233	0.897	0.669	0.495	0.278	0.852	0.731	0.050	0.704	0.751	
(543, 'Real Betis', 2023): 0.678	0.358	0.403	0.837	0.720	0.318	0.473	0.860	0.681	0.375	0.345	0.879	0.682	0.349	0.334	0.893	0.664	0.451	0.223	0.876	0.689	0.367	0.374	0.843	0.798	0.087	0.759	0.837	
(722, 'Albacete', 2023): 0.589	0.408	0.294	0.777	0.599	0.325	0.332	0.737	0.670	0.189	0.522	0.859	0.634	0.410	0.272	0.892	0.577	0.375	0.231	0.811	0.624	0.309	0.342	0.717	0.680	0.054	0.654	0.707	
(540, 'Espanyol', 2023): 0.667	0.316	0.389	0.808	0.681	0.287	0.414	0.796	0.723	0.280	0.444	0.856	0.694	0.361	0.362	0.891	0.639	0.373	0.299	0.824	0.582	0.522	0.258	0.758	0.723	0.066	0.683	0.747	
(5262, 'FC Cartagena', 2023): 0.591	0.345	0.309	0.755	0.614	0.321	0.356	0.786	0.635	0.453	0.298	0.909	0.655	0.352	0.316	0.906	0.588	0.378	0.211	0.800	0.614	0.354	0.310	0.747	0.686	0.018	0.681	0.696	
(9692, 'Eldense', 2023): 0.594	0.301	0.366	0.737	0.621	0.328	0.405	0.808	0.598	0.381	0.341	0.783	0.637	0.331	0.346	0.835	0.574	0.402	0.225	0.786	0.547	0.493	0.231	0.706	0.632	0.105	0.593	0.709	
(2931, 'Al-Fateh', 2023): 0.604	0.386	0.340	0.794	0.659	0.407	0.369	0.888	0.698	0.268	0.475	0.880	0.675	0.403	0.321	0.907	0.602	0.407	0.275	0.787	0.560	0.323	0.337	0.719	0.739	0.034	0.727	0.757	
(2936, 'Al Taawon', 2023): 0.616	0.360	0.410	0.816	0.691	0.292	0.420	0.826	0.685	0.333	0.348	0.876	0.673	0.378	0.317	0.901	0.591	0.427	0.210	0.813	0.584	0.413	0.226	0.774	0.525	0.004	0.522	0.526	
(10511, 'Al Riyadh', 2023): 0.587	0.345	0.334	0.767	0.598	0.317	0.365	0.773	0.640	0.348	0.331	0.849	0.624	0.457	0.286	0.903	0.556	0.433	0.146	0.793	0.556	0.445	0.247	0.735	0.720	0.034	0.704	0.734	
(2937, 'Al Wehda Club', 2023): 0.600	0.428	0.277	0.812	0.630	0.389	0.329	0.826	0.657	0.364	0.349	0.882	0.672	0.407	0.365	0.911	0.605	0.415	0.290	0.801	0.597	0.348	0.335	0.761	0.707	0.094	0.658	0.744	
(95, 'Strasbourg', 2023): 0.603	0.352	0.376	0.779	0.626	0.376	0.323	0.777	0.672	0.359	0.355	0.902	0.652	0.406	0.245	0.891	0.598	0.419	0.234	0.801	0.628	0.496	0.243	0.777	0.787	0.035	0.768	0.799	
(80, 'Lyon', 2023): 0.659	0.381	0.345	0.849	0.727	0.261	0.493	0.859	0.713	0.390	0.371	0.883	0.694	0.425	0.293	0.898	0.664	0.431	0.250	0.865	0.667	0.493	0.264	0.816	0.782	0.154	0.697	0.847	
(611, 'Fenerbahce', 2023): 0.700	0.351	0.405	0.880	0.742	0.294	0.415	0.868	0.747	0.313	0.510	0.933	0.719	0.387	0.334	0.932	0.672	0.425	0.300	0.889	0.669	0.343	0.376	0.803	0.790	0.164	0.715	0.880	
(3573, 'Gazişehir Gaziantep', 2023): 0.617	0.324	0.359	0.788	0.666	0.316	0.385	0.814	0.690	0.373	0.390	0.891	0.656	0.386	0.304	0.889	0.600	0.402	0.141	0.848	0.537	0.534	0.127	0.733	0.709	0.074	0.667	0.736	
(3563, 'Adana Demirspor', 2023): 0.649	0.266	0.384	0.785	0.690	0.283	0.418	0.824	0.711	0.302	0.441	0.913	0.674	0.379	0.321	0.907	0.610	0.450	0.215	0.847	0.591	0.428	0.279	0.762	0.699	0.094	0.657	0.747	
(1007, 'Rizespor', 2023): 0.579	0.361	0.239	0.813	0.613	0.376	0.360	0.851	0.664	0.322	0.355	0.865	0.621	0.465	0.225	0.872	0.576	0.426	0.232	0.835	0.550	0.369	0.280	0.691	0.692	0.093	0.658	0.744	
(240, 'Arouca', 2023): 0.617	0.347	0.310	0.788	0.646	0.308	0.400	0.780	0.680	0.209	0.473	0.818	0.644	0.380	0.275	0.858	0.606	0.370	0.235	0.798	0.628	0.285	0.395	0.739	0.741	0.112	0.680	0.793	
(230, 'Estoril', 2023): 0.581	0.362	0.302	0.807	0.610	0.375	0.343	0.799	0.684	0.306	0.452	0.922	0.631	0.371	0.263	0.860	0.564	0.426	0.206	0.793	0.555	0.497	0.209	0.786	0.717	0.072	0.678	0.747	
(546, 'Getafe', 2023): 0.648	0.416	0.252	0.808	0.673	0.340	0.372	0.820	0.672	0.329	0.362	0.842	0.694	0.399	0.226	0.862	0.645	0.491	0.185	0.871	0.654	0.529	0.276	0.823	0.799	0.098	0.737	0.834	
(529, 'Barcelona', 2023): 0.733	0.430	0.408	0.932	0.787	0.328	0.489	0.914	0.767	0.300	0.522	0.934	0.714	0.490	0.203	0.925	0.705	0.508	0.270	0.938	0.774	0.263	0.559	0.875	0.841	0.070	0.813	0.879	
(537, 'Leganes', 2023): 0.598	0.339	0.316	0.750	0.612	0.371	0.346	0.774	0.635	0.333	0.305	0.851	0.638	0.347	0.275	0.871	0.584	0.439	0.144	0.826	0.527	0.559	0.198	0.733	0.685	0.108	0.626	0.725	
(8157, 'FC Andorra', 2023): 0.561	0.370	0.276	0.728	0.585	0.319	0.333	0.722	0.636	0.279	0.389	0.795	0.584	0.412	0.179	0.833	0.538	0.397	0.179	0.747	0.565	0.478	0.191	0.739	0.686	0.015	0.680	0.690	
(2935, 'Al-Raed', 2023): 0.576	0.375	0.346	0.807	0.608	0.301	0.399	0.748	0.664	0.421	0.363	0.909	0.658	0.452	0.288	0.890	0.567	0.451	0.231	0.839	0.577	0.327	0.369	0.714	0.680	0.073	0.649	0.712	
(2938, 'Al-Ittihad FC', 2023): 0.654	0.434	0.379	0.887	0.678	0.407	0.392	0.884	0.721	0.337	0.464	0.929	0.694	0.447	0.288	0.913	0.641	0.526	0.220	0.917	0.662	0.536	0.328	0.908	0.740	0.172	0.647	0.813	
(2951, 'Abha', 2023): 0.606	0.323	0.368	0.767	0.628	0.313	0.365	0.767	0.626	0.396	0.344	0.831	0.665	0.470	0.272	0.919	0.579	0.422	0.228	0.798	0.549	0.452	0.210	0.742	0.736	0.049	0.718	0.761	
(2932, 'Al-Hilal Saudi FC', 2023): 0.698	0.407	0.372	0.890	0.729	0.378	0.439	0.889	0.714	0.420	0.337	0.926	0.730	0.454	0.258	0.927	0.661	0.523	0.158	0.914	0.634	0.588	0.211	0.860	0.831	0.074	0.790	0.862	
(799, 'Mirandes', 2023): 0.568	0.288	0.359	0.716	0.586	0.323	0.330	0.724	0.662	0.313	0.404	0.846	0.564	0.338	0.274	0.785	0.540	0.353	0.209	0.714	0.521	0.447	0.245	0.687	0.632	0.074	0.603	0.667	
(711, 'Alcorcon', 2023): 0.563	0.358	0.289	0.756	0.600	0.351	0.336	0.773	0.645	0.366	0.326	0.902	0.629	0.387	0.235	0.885	0.567	0.399	0.196	0.785	0.573	0.424	0.261	0.721	0.583	0.038	0.566	0.603	
(724, 'Cadiz', 2023): 0.670	0.345	0.346	0.842	0.693	0.266	0.504	0.826	0.685	0.319	0.409	0.863	0.714	0.349	0.327	0.918	0.642	0.431	0.244	0.890	0.604	0.570	0.228	0.788	0.794	0.094	0.742	0.830	
(542, 'Alaves', 2023): 0.599	0.438	0.293	0.797	0.629	0.409	0.305	0.800	0.659	0.328	0.364	0.854	0.627	0.439	0.235	0.842	0.601	0.445	0.175	0.797	0.648	0.445	0.298	0.802	0.725	0.064	0.695	0.756	
(215, 'Moreirense', 2023): 0.591	0.274	0.399	0.747	0.626	0.323	0.385	0.783	0.717	0.226	0.566	0.874	0.640	0.427	0.202	0.839	0.580	0.456	0.175	0.811	0.644	0.324	0.353	0.758	0.687	0.085	0.649	0.722	
(212, 'FC Porto', 2023): 0.666	0.350	0.381	0.831	0.702	0.337	0.448	0.852	0.730	0.343	0.428	0.937	0.710	0.402	0.251	0.920	0.646	0.505	0.179	0.947	0.650	0.534	0.309	0.837	0.817	0.090	0.774	0.866	
(2934, 'Al-Ettifaq', 2023): 0.667	0.358	0.332	0.828	0.701	0.330	0.403	0.845	0.716	0.310	0.457	0.918	0.697	0.457	0.225	0.918	0.612	0.485	0.226	0.828	0.588	0.487	0.221	0.793	0.731	0.119	0.682	0.784	
(2939, 'Al-Nassr', 2023): 0.691	0.397	0.369	0.881	0.726	0.362	0.389	0.879	0.741	0.315	0.521	0.904	0.720	0.412	0.316	0.940	0.683	0.474	0.249	0.926	0.648	0.470	0.290	0.858	0.708	0.043	0.684	0.726	
(2940, 'Al Shabab', 2023): 0.641	0.439	0.339	0.838	0.677	0.404	0.417	0.878	0.687	0.381	0.400	0.896	0.661	0.543	0.173	0.935	0.594	0.511	0.204	0.900	0.639	0.352	0.412	0.796	0.696	0.069	0.657	0.722	
(2977, 'Al Akhdoud', 2023): 0.587	0.327	0.303	0.743	0.603	0.349	0.365	0.790	0.670	0.355	0.349	0.929	0.636	0.451	0.225	0.916	0.574	0.418	0.187	0.799	0.541	0.371	0.315	0.722	0.729	0.053	0.711	0.755	
(996, 'Alanyaspor', 2023): 0.602	0.355	0.338	0.787	0.620	0.336	0.372	0.796	0.681	0.292	0.450	0.934	0.649	0.391	0.267	0.876	0.589	0.406	0.180	0.783	0.579	0.426	0.251	0.729	0.586	0.009	0.581	0.589	
(564, 'Istanbul Basaksehir', 2023): 0.641	0.273	0.435	0.766	0.677	0.314	0.400	0.825	0.704	0.205	0.540	0.856	0.697	0.316	0.318	0.886	0.632	0.403	0.199	0.797	0.606	0.432	0.255	0.754	0.691	0.084	0.666	0.743	
(3589, 'Fatih Karagümrük', 2023): 0.622	0.265	0.374	0.771	0.667	0.236	0.460	0.801	0.696	0.238	0.509	0.867	0.666	0.337	0.302	0.917	0.604	0.417	0.221	0.844	0.557	0.525	0.206	0.759	0.713	0.090	0.676	0.751	
(549, 'Besiktas', 2023): 0.651	0.311	0.359	0.809	0.677	0.332	0.392	0.827	0.713	0.290	0.461	0.869	0.705	0.343	0.324	0.898	0.645	0.434	0.221	0.832	0.660	0.352	0.400	0.799	0.751	0.043	0.731	0.774	
(33, 'Manchester United', 2023): 0.713	0.356	0.403	0.897	0.746	0.348	0.442	0.903	0.734	0.395	0.358	0.929	0.736	0.387	0.357	0.955	0.714	0.442	0.287	0.942	0.678	0.563	0.246	0.895	0.829	0.112	0.774	0.880	
(39, 'Wolves', 2023): 0.675	0.287	0.476	0.812	0.727	0.246	0.541	0.850	0.726	0.299	0.459	0.867	0.694	0.337	0.348	0.859	0.678	0.340	0.348	0.818	0.707	0.374	0.380	0.798	0.774	0.121	0.705	0.818	
(530, 'Atletico Madrid', 2023): 0.747	0.313	0.482	0.894	0.773	0.298	0.495	0.891	0.757	0.333	0.380	0.914	0.750	0.348	0.385	0.928	0.731	0.409	0.269	0.900	0.727	0.418	0.410	0.872	0.863	0.119	0.791	0.909	
(715, 'Granada CF', 2023): 0.636	0.391	0.271	0.826	0.668	0.341	0.353	0.824	0.691	0.357	0.321	0.880	0.667	0.409	0.209	0.886	0.619	0.411	0.236	0.809	0.615	0.489	0.220	0.757	0.735	0.057	0.712	0.760	
(719, 'Tenerife', 2023): 0.598	0.387	0.248	0.775	0.656	0.324	0.366	0.794	0.692	0.316	0.469	0.906	0.662	0.416	0.319	0.917	0.594	0.381	0.240	0.769	0.579	0.403	0.240	0.716	0.706	0.099	0.664	0.750	
(718, 'Oviedo', 2023): 0.650	0.306	0.360	0.835	0.689	0.281	0.424	0.858	0.696	0.322	0.407	0.924	0.673	0.367	0.285	0.866	0.642	0.396	0.225	0.894	0.583	0.407	0.258	0.731	0.709	0.076	0.680	0.750	
(222, 'Boavista', 2023): 0.604	0.313	0.326	0.756	0.646	0.258	0.441	0.758	0.678	0.307	0.455	0.890	0.665	0.317	0.315	0.859	0.595	0.412	0.165	0.807	0.631	0.380	0.330	0.764	0.658	0.092	0.617	0.702	
(211, 'Benfica', 2023): 0.685	0.407	0.368	0.874	0.747	0.359	0.458	0.915	0.758	0.297	0.527	0.943	0.719	0.410	0.235	0.922	0.696	0.456	0.268	0.906	0.679	0.415	0.359	0.845	0.749	0.148	0.681	0.822	
(162, 'Werder Bremen', 2023): 0.660	0.312	0.385	0.808	0.680	0.325	0.398	0.824	0.704	0.333	0.400	0.906	0.691	0.349	0.314	0.882	0.643	0.379	0.296	0.826	0.672	0.321	0.390	0.778	0.723	0.106	0.675	0.774	
(157, 'Bayern München', 2023): 0.767	0.349	0.444	0.952	0.776	0.339	0.451	0.932	0.775	0.350	0.481	0.961	0.759	0.366	0.402	0.942	0.718	0.502	0.263	0.948	0.681	0.576	0.262	0.878	0.824	0.104	0.777	0.871	
(508, 'Bari', 2023): 0.581	0.318	0.345	0.747	0.614	0.320	0.346	0.766	0.658	0.393	0.322	0.898	0.615	0.444	0.209	0.867	0.551	0.440	0.182	0.765	0.584	0.444	0.249	0.777	0.595	0.004	0.592	0.596	
(522, 'Palermo', 2023): 0.648	0.248	0.419	0.777	0.678	0.239	0.471	0.797	0.710	0.236	0.505	0.855	0.671	0.394	0.277	0.894	0.606	0.370	0.267	0.786	0.659	0.185	0.533	0.764	0.746	0.132	0.717	0.833	
(161, 'VfL Wolfsburg', 2023): 0.667	0.369	0.334	0.851	0.713	0.357	0.384	0.863	0.724	0.324	0.440	0.917	0.707	0.433	0.261	0.906	0.650	0.456	0.276	0.853	0.681	0.327	0.398	0.795	0.805	0.083	0.759	0.837	
(180, '1. FC Heidenheim', 2023): 0.604	0.401	0.314	0.805	0.603	0.369	0.327	0.807	0.666	0.308	0.485	0.897	0.706	0.395	0.374	0.904	0.602	0.421	0.245	0.826	0.681	0.227	0.501	0.773	0.715	0.085	0.669	0.752	
(167, '1899 Hoffenheim', 2023): 0.679	0.345	0.357	0.859	0.670	0.352	0.415	0.837	0.697	0.330	0.417	0.930	0.709	0.431	0.287	0.925	0.655	0.462	0.224	0.912	0.598	0.623	0.176	0.806	0.796	0.045	0.773	0.814	
(160, 'SC Freiburg', 2023): 0.638	0.437	0.288	0.883	0.657	0.414	0.317	0.885	0.703	0.280	0.508	0.920	0.686	0.438	0.295	0.892	0.637	0.404	0.333	0.909	0.640	0.520	0.309	0.845	0.704	0.067	0.670	0.733	
(168, 'Bayer Leverkusen', 2023): 0.708	0.362	0.424	0.889	0.760	0.312	0.456	0.893	0.741	0.379	0.414	0.957	0.726	0.470	0.253	0.927	0.699	0.473	0.283	0.919	0.723	0.410	0.371	0.854	0.790	0.214	0.662	0.870	
(173, 'RB Leipzig', 2023): 0.690	0.349	0.403	0.871	0.729	0.314	0.462	0.865	0.772	0.279	0.524	0.948	0.721	0.408	0.305	0.936	0.690	0.405	0.264	0.859	0.707	0.369	0.378	0.865	0.784	0.091	0.731	0.819	
(170, 'FC Augsburg', 2023): 0.639	0.337	0.365	0.800	0.646	0.364	0.351	0.798	0.717	0.257	0.507	0.903	0.712	0.329	0.310	0.865	0.637	0.417	0.244	0.841	0.663	0.382	0.370	0.796	0.742	0.102	0.696	0.786	
(163, 'Borussia Mönchengladbach', 2023): 0.667	0.369	0.337	0.873	0.688	0.337	0.425	0.854	0.716	0.263	0.466	0.892	0.691	0.354	0.376	0.866	0.646	0.398	0.230	0.826	0.657	0.496	0.301	0.819	0.721	0.100	0.674	0.757	
(172, 'VfB Stuttgart', 2023): 0.637	0.414	0.284	0.831	0.667	0.374	0.322	0.850	0.703	0.342	0.394	0.882	0.686	0.404	0.260	0.893	0.632	0.438	0.215	0.846	0.648	0.439	0.299	0.802	0.762	0.089	0.727	0.809	
(176, 'VfL Bochum', 2023): 0.628	0.379	0.272	0.823	0.630	0.405	0.284	0.783	0.688	0.370	0.371	0.918	0.695	0.389	0.263	0.933	0.612	0.447	0.241	0.827	0.662	0.381	0.327	0.791	0.787	0.115	0.730	0.835	
(165, 'Borussia Dortmund', 2023): 0.736	0.334	0.410	0.873	0.748	0.317	0.477	0.885	0.757	0.328	0.390	0.933	0.749	0.320	0.464	0.934	0.701	0.473	0.247	0.911	0.656	0.619	0.242	0.889	0.822	0.141	0.736	0.870	
(192, '1.FC Köln', 2023): 0.624	0.361	0.337	0.793	0.639	0.377	0.374	0.794	0.689	0.382	0.340	0.882	0.667	0.411	0.239	0.912	0.609	0.488	0.229	0.888	0.602	0.536	0.251	0.794	0.780	0.089	0.743	0.825	
(511, 'Empoli', 2023): 0.655	0.286	0.421	0.802	0.670	0.294	0.417	0.792	0.709	0.239	0.486	0.863	0.694	0.324	0.302	0.874	0.629	0.401	0.166	0.800	0.666	0.295	0.421	0.803	0.718	0.056	0.694	0.745	
(504, 'Verona', 2023): 0.670	0.230	0.468	0.818	0.696	0.274	0.427	0.799	0.694	0.343	0.390	0.881	0.697	0.386	0.271	0.885	0.628	0.401	0.238	0.823	0.639	0.340	0.379	0.774	0.752	0.148	0.682	0.834	
(512, 'Frosinone', 2023): 0.623	0.298	0.384	0.779	0.660	0.327	0.405	0.813	0.656	0.311	0.382	0.874	0.642	0.415	0.242	0.887	0.576	0.428	0.220	0.773	0.605	0.395	0.272	0.742	0.707	0.083	0.672	0.745	
(492, 'Napoli', 2023): 0.700	0.379	0.409	0.892	0.748	0.348	0.457	0.893	0.774	0.297	0.457	0.917	0.740	0.359	0.349	0.926	0.688	0.454	0.257	0.888	0.715	0.465	0.315	0.867	0.796	0.116	0.729	0.841	
(516, 'Ternana', 2023): 0.574	0.343	0.340	0.730	0.596	0.312	0.359	0.754	0.618	0.228	0.407	0.786	0.606	0.439	0.219	0.863	0.552	0.410	0.191	0.731	0.606	0.314	0.339	0.729	0.663	0.059	0.635	0.686	
(498, 'Sampdoria', 2023): 0.611	0.335	0.339	0.765	0.639	0.290	0.386	0.767	0.665	0.257	0.407	0.834	0.624	0.373	0.283	0.841	0.599	0.374	0.270	0.809	0.618	0.284	0.351	0.734	0.684	0.045	0.665	0.707	
(520, 'Cremonese', 2023): 0.650	0.290	0.435	0.796	0.671	0.286	0.395	0.815	0.636	0.300	0.366	0.844	0.675	0.378	0.295	0.887	0.607	0.444	0.198	0.817	0.641	0.320	0.391	0.758	0.616	0.023	0.603	0.626	
(1687, 'Catanzaro', 2023): 0.592	0.260	0.392	0.753	0.632	0.225	0.438	0.726	0.694	0.208	0.518	0.828	0.644	0.300	0.373	0.842	0.578	0.348	0.248	0.763	0.599	0.236	0.436	0.715	0.690	0.050	0.666	0.715	
(10137, 'Cosenza', 2023): 0.604	0.275	0.397	0.752	0.630	0.242	0.424	0.736	0.681	0.260	0.517	0.918	0.638	0.346	0.297	0.807	0.568	0.374	0.221	0.802	0.556	0.478	0.223	0.718	0.684	0.105	0.649	0.738	
(507, 'Ascoli', 2023): 0.566	0.346	0.318	0.729	0.606	0.252	0.395	0.733	0.647	0.377	0.334	0.907	0.649	0.362	0.265	0.911	0.574	0.376	0.224	0.764	0.625	0.253	0.419	0.752	0.681	0.084	0.644	0.713	
(495, 'Genoa', 2023): 0.641	0.367	0.358	0.826	0.684	0.317	0.416	0.859	0.690	0.304	0.464	0.879	0.682	0.467	0.191	0.890	0.612	0.465	0.178	0.833	0.648	0.404	0.249	0.768	0.716	0.096	0.662	0.749	
(502, 'Fiorentina', 2023): 0.693	0.327	0.425	0.841	0.731	0.305	0.463	0.860	0.738	0.299	0.407	0.921	0.720	0.348	0.379	0.903	0.683	0.423	0.268	0.865	0.691	0.363	0.406	0.817	0.781	0.104	0.728	0.830	
(505, 'Inter', 2023): 0.748	0.321	0.443	0.911	0.762	0.339	0.354	0.887	0.765	0.340	0.407	0.911	0.768	0.330	0.418	0.948	0.731	0.432	0.237	0.909	0.771	0.300	0.527	0.884	0.835	0.119	0.790	0.902	
(1579, 'Monza', 2023): 0.653	0.344	0.390	0.856	0.683	0.322	0.401	0.829	0.678	0.345	0.358	0.879	0.685	0.339	0.359	0.871	0.626	0.465	0.181	0.830	0.702	0.274	0.456	0.800	0.766	0.098	0.711	0.804	
(182, 'Union Berlin', 2023): 0.653	0.388	0.329	0.857	0.658	0.369	0.384	0.803	0.693	0.347	0.385	0.907	0.725	0.374	0.325	0.917	0.653	0.448	0.212	0.863	0.686	0.433	0.303	0.829	0.772	0.126	0.692	0.807	
(164, 'FSV Mainz 05', 2023): 0.649	0.325	0.399	0.807	0.668	0.330	0.445	0.824	0.716	0.320	0.417	0.915	0.698	0.413	0.313	0.923	0.653	0.383	0.313	0.918	0.679	0.354	0.358	0.792	0.728	0.222	0.592	0.810	
(169, 'Eintracht Frankfurt', 2023): 0.637	0.440	0.286	0.862	0.668	0.415	0.294	0.870	0.750	0.290	0.521	0.909	0.696	0.373	0.284	0.928	0.668	0.392	0.272	0.868	0.641	0.476	0.244	0.819	0.822	0.096	0.771	0.861	
(181, 'SV Darmstadt 98', 2023): 0.589	0.388	0.307	0.787	0.607	0.365	0.350	0.773	0.643	0.458	0.322	0.893	0.663	0.445	0.239	0.934	0.581	0.436	0.208	0.891	0.638	0.319	0.394	0.763	0.738	0.062	0.712	0.772	
(1578, 'Sudtirol', 2023): 0.584	0.322	0.365	0.746	0.606	0.320	0.380	0.746	0.624	0.321	0.355	0.795	0.644	0.365	0.324	0.868	0.567	0.416	0.196	0.772	0.596	0.297	0.390	0.753	0.694	0.092	0.644	0.726	
(515, 'Spezia', 2023): 0.603	0.334	0.323	0.778	0.645	0.310	0.372	0.818	0.659	0.336	0.399	0.886	0.649	0.397	0.264	0.877	0.592	0.407	0.196	0.779	0.619	0.309	0.363	0.733	0.736	0.069	0.711	0.768	
(488, 'Sassuolo', 2023): 0.669	0.326	0.439	0.830	0.713	0.331	0.412	0.866	0.697	0.371	0.388	0.909	0.671	0.472	0.196	0.867	0.604	0.495	0.163	0.823	0.619	0.424	0.283	0.780	0.781	0.085	0.727	0.802	
(499, 'Atalanta', 2023): 0.702	0.277	0.438	0.854	0.710	0.312	0.431	0.867	0.695	0.311	0.406	0.889	0.728	0.371	0.314	0.894	0.682	0.429	0.256	0.874	0.692	0.463	0.270	0.842	0.792	0.125	0.721	0.839	
(497, 'AS Roma', 2023): 0.718	0.339	0.444	0.894	0.754	0.310	0.483	0.915	0.715	0.358	0.353	0.921	0.731	0.405	0.341	0.949	0.702	0.456	0.279	0.945	0.701	0.408	0.350	0.848	0.761	0.051	0.737	0.785	
(514, 'Salernitana', 2023): 0.643	0.310	0.412	0.830	0.678	0.303	0.388	0.832	0.683	0.313	0.359	0.834	0.673	0.400	0.253	0.889	0.620	0.440	0.225	0.817	0.653	0.382	0.333	0.779	0.755	0.112	0.701	0.794	
(510, 'Cittadella', 2023): 0.597	0.219	0.424	0.730	0.614	0.208	0.447	0.715	0.671	0.265	0.454	0.825	0.641	0.346	0.305	0.847	0.574	0.288	0.294	0.751	0.602	0.243	0.398	0.699	0.686	0.073	0.645	0.710	
(880, 'Reggiana', 2023): 0.556	0.362	0.326	0.752	0.589	0.355	0.337	0.743	0.644	0.253	0.441	0.804	0.596	0.403	0.247	0.805	0.546	0.402	0.158	0.760	0.603	0.251	0.414	0.735	0.686	0.092	0.633	0.722	
(517, 'Venezia', 2023): 0.619	0.278	0.436	0.793	0.648	0.245	0.444	0.754	0.677	0.310	0.408	0.926	0.667	0.364	0.340	0.864	0.592	0.337	0.320	0.776	0.644	0.194	0.482	0.732	0.724	0.032	0.707	0.740	
(895, 'Como', 2023): 0.621	0.332	0.318	0.787	0.646	0.335	0.370	0.826	0.684	0.280	0.444	0.869	0.642	0.391	0.297	0.917	0.585	0.439	0.159	0.779	0.605	0.386	0.302	0.753	0.690	0.080	0.645	0.720	
(523, 'Parma', 2023): 0.603	0.370	0.270	0.769	0.635	0.355	0.337	0.792	0.675	0.322	0.440	0.909	0.661	0.385	0.267	0.860	0.573	0.421	0.187	0.789	0.588	0.393	0.273	0.736	0.694	0.070	0.652	0.722	
(884, 'Feralpisalo', 2023): 0.588	0.270	0.348	0.763	0.613	0.269	0.368	0.729	0.680	0.302	0.399	0.850	0.662	0.313	0.363	0.855	0.575	0.352	0.230	0.740	0.564	0.391	0.232	0.708	0.667	0.086	0.626	0.707	
(494, 'Udinese', 2023): 0.631	0.331	0.353	0.805	0.670	0.340	0.346	0.836	0.686	0.353	0.361	0.935	0.689	0.453	0.167	0.902	0.631	0.422	0.252	0.808	0.679	0.237	0.500	0.806	0.733	0.159	0.634	0.786	
(496, 'Juventus', 2023): 0.719	0.315	0.484	0.898	0.751	0.271	0.533	0.885	0.739	0.280	0.523	0.903	0.752	0.381	0.314	0.926	0.696	0.425	0.254	0.868	0.734	0.374	0.391	0.877	0.834	0.153	0.736	0.874	
(867, 'Lecce', 2023): 0.610	0.343	0.359	0.801	0.632	0.356	0.380	0.802	0.702	0.300	0.442	0.889	0.660	0.457	0.225	0.928	0.597	0.431	0.197	0.879	0.617	0.470	0.238	0.807	0.768	0.101	0.717	0.818	
(487, 'Lazio', 2023): 0.723	0.294	0.494	0.905	0.760	0.287	0.481	0.906	0.776	0.271	0.556	0.931	0.732	0.341	0.419	0.923	0.686	0.443	0.276	0.909	0.735	0.231	0.569	0.850	0.772	0.083	0.744	0.812	
(503, 'Torino', 2023): 0.654	0.385	0.328	0.837	0.697	0.337	0.333	0.831	0.721	0.258	0.465	0.908	0.708	0.387	0.269	0.948	0.665	0.426	0.196	0.848	0.705	0.298	0.390	0.816	0.775	0.076	0.755	0.820	
(490, 'Cagliari', 2023): 0.623	0.309	0.377	0.797	0.647	0.310	0.372	0.797	0.688	0.382	0.371	0.898	0.677	0.382	0.301	0.910	0.622	0.396	0.250	0.872	0.655	0.257	0.457	0.762	0.710	0.113	0.650	0.761	
(500, 'Bologna', 2023): 0.649	0.333	0.360	0.807	0.704	0.266	0.480	0.844	0.707	0.257	0.474	0.875	0.710	0.369	0.299	0.912	0.639	0.435	0.161	0.853	0.677	0.352	0.368	0.817	0.736	0.184	0.621	0.798	
(489, 'AC Milan', 2023): 0.736	0.282	0.484	0.892	0.742	0.280	0.566	0.897	0.766	0.351	0.456	0.946	0.740	0.327	0.431	0.921	0.684	0.491	0.232	0.888	0.673	0.588	0.246	0.885	0.838	0.085	0.793	0.876	
(801, 'Pisa', 2023): 0.610	0.335	0.344	0.791	0.629	0.325	0.353	0.802	0.665	0.293	0.394	0.861	0.633	0.439	0.255	0.865	0.560	0.441	0.179	0.788	0.594	0.419	0.274	0.770	0.587	0.012	0.580	0.591	
(899, 'Modena', 2023): 0.579	0.318	0.349	0.767	0.606	0.315	0.327	0.747	0.658	0.266	0.404	0.810	0.625	0.388	0.272	0.867	0.547	0.382	0.209	0.754	0.607	0.291	0.381	0.767	0.665	0.147	0.581	0.726	
(518, 'Brescia', 2023): 0.606	0.279	0.348	0.731	0.604	0.296	0.329	0.744	0.691	0.211	0.479	0.865	0.658	0.315	0.362	0.833	0.584	0.327	0.232	0.745	0.626	0.285	0.381	0.730	0.657	0.098	0.599	0.694	
(6379, 'Lecco', 2023): 0.591	0.303	0.355	0.754	0.612	0.306	0.364	0.751	0.654	0.277	0.405	0.838	0.632	0.378	0.242	0.869	0.561	0.380	0.242	0.774	0.593	0.330	0.336	0.734	0.652	0.073	0.612	0.687	
(3477, 'Kerala Blasters', 2023): 0.515	0.308	0.335	0.698	0.515	0.226	0.377	0.664	0.677	0.354	0.375	0.883	0.584	0.464	0.275	0.854	0.466	0.396	0.159	0.758	0.477	0.383	0.231	0.655	0.529	0.054	0.502	0.557	
(3472, 'Bengaluru', 2023): 0.542	0.327	0.303	0.691	0.559	0.312	0.321	0.696	0.663	0.380	0.398	0.896	0.638	0.445	0.252	0.884	0.533	0.396	0.232	0.764	0.529	0.308	0.289	0.655	0.628	0.017	0.622	0.634	
(7177, 'Odisha', 2023): 0.525	0.338	0.341	0.723	0.569	0.273	0.381	0.740	0.640	0.479	0.339	0.909	0.601	0.475	0.206	0.896	0.534	0.384	0.266	0.817	0.564	0.260	0.406	0.679	0.594	0.095	0.554	0.629	
(3473, 'Chennaiyin', 2023): 0.487	0.326	0.273	0.708	0.497	0.351	0.327	0.690	0.630	0.409	0.333	0.885	0.580	0.439	0.251	0.835	0.481	0.388	0.136	0.710	0.478	0.382	0.225	0.668	0.531	0.105	0.480	0.593	
(15516, 'ATK Mohun Bagan', 2023): 0.547	0.363	0.212	0.726	0.560	0.318	0.316	0.704	0.654	0.291	0.434	0.878	0.653	0.439	0.293	0.862	0.548	0.391	0.212	0.808	0.554	0.273	0.366	0.704	0.593	0.059	0.573	0.626	
(3466, 'Minerva Punjab', 2023): 0.484	0.374	0.222	0.707	0.488	0.330	0.255	0.691	0.596	0.274	0.402	0.779	0.564	0.446	0.186	0.832	0.485	0.371	0.219	0.736	0.510	0.305	0.295	0.690	0.515	0.064	0.483	0.542	
(3479, 'NorthEast United', 2023): 0.480	0.316	0.286	0.657	0.487	0.334	0.273	0.710	0.630	0.380	0.363	0.852	0.565	0.440	0.237	0.893	0.472	0.437	0.152	0.856	0.407	0.534	0.142	0.660	0.557	0.026	0.543	0.570	
(3478, 'Mumbai City', 2023): 0.566	0.300	0.372	0.735	0.590	0.320	0.385	0.764	0.644	0.335	0.385	0.836	0.627	0.482	0.245	0.897	0.502	0.367	0.202	0.728	0.560	0.287	0.317	0.671	0.581	0.055	0.557	0.604	
(3463, 'East Bengal', 2023): 0.542	0.326	0.341	0.725	0.571	0.285	0.389	0.720	0.659	0.390	0.393	0.834	0.608	0.449	0.264	0.852	0.496	0.431	0.157	0.772	0.497	0.317	0.298	0.622	0.587	0.032	0.575	0.604	
(3476, 'Jamshedpur', 2023): 0.498	0.267	0.315	0.696	0.515	0.274	0.319	0.668	0.648	0.371	0.402	0.884	0.596	0.388	0.305	0.877	0.491	0.371	0.201	0.776	0.435	0.434	0.129	0.589	0.579	0.027	0.567	0.592	
(7763, 'Hyderabad', 2023): 0.474	0.248	0.292	0.658	0.504	0.279	0.297	0.671	0.634	0.355	0.387	0.853	0.545	0.415	0.280	0.839	0.472	0.296	0.166	0.738	0.472	0.400	0.190	0.679	0.574	0.025	0.562	0.587	
(3475, 'Goa', 2023): 0.511	0.323	0.325	0.699	0.516	0.322	0.313	0.670	0.620	0.310	0.357	0.797	0.590	0.504	0.194	0.883	0.495	0.378	0.145	0.726	0.543	0.358	0.313	0.725	0.683	0.000	0.683	0.683	
(948, 'Adelaide United', 2023): 0.548	0.277	0.345	0.710	0.585	0.258	0.363	0.706	0.662	0.422	0.331	0.931	0.615	0.404	0.202	0.897	0.551	0.352	0.175	0.779	0.520	0.332	0.300	0.667	0.630	0.083	0.591	0.664	
(941, 'Central Coast Mariners', 2023): 0.521	0.271	0.333	0.718	0.560	0.274	0.358	0.718	0.701	0.325	0.468	0.929	0.636	0.407	0.327	0.892	0.554	0.350	0.207	0.873	0.504	0.366	0.266	0.693	0.659	0.042	0.636	0.678	
(15550, 'Macarthur', 2023): 0.550	0.315	0.399	0.758	0.587	0.265	0.427	0.748	0.671	0.346	0.381	0.868	0.616	0.394	0.286	0.867	0.548	0.355	0.268	0.778	0.519	0.360	0.277	0.650	0.658	0.103	0.605	0.702	
(947, 'Brisbane Roar', 2023): 0.533	0.283	0.347	0.728	0.572	0.297	0.344	0.739	0.686	0.319	0.392	0.910	0.623	0.343	0.304	0.887	0.555	0.324	0.283	0.799	0.529	0.335	0.293	0.675	0.606	0.073	0.574	0.634	
(945, 'Melbourne City', 2023): 0.611	0.285	0.388	0.795	0.638	0.272	0.455	0.784	0.704	0.239	0.514	0.841	0.667	0.352	0.362	0.890	0.607	0.340	0.292	0.816	0.584	0.351	0.257	0.734	0.669	0.052	0.646	0.697	
(7573, 'Western United', 2023): 0.535	0.316	0.343	0.716	0.583	0.325	0.358	0.745	0.662	0.303	0.427	0.874	0.612	0.438	0.230	0.871	0.541	0.341	0.256	0.726	0.503	0.473	0.192	0.729	0.600	0.075	0.560	0.627	
(943, 'Sydney', 2023): 0.582	0.323	0.327	0.743	0.614	0.319	0.368	0.754	0.676	0.221	0.513	0.835	0.654	0.376	0.307	0.869	0.592	0.305	0.349	0.782	0.547	0.299	0.318	0.672	0.633	0.024	0.624	0.645	
(944, 'Melbourne Victory', 2023): 0.557	0.351	0.299	0.745	0.601	0.353	0.296	0.751	0.655	0.430	0.320	0.889	0.642	0.410	0.282	0.896	0.571	0.387	0.210	0.778	0.542	0.472	0.208	0.757	0.665	0.075	0.636	0.697	
(939, 'Western Sydney Wanderers', 2023): 0.534	0.284	0.320	0.722	0.553	0.296	0.331	0.737	0.687	0.296	0.471	0.874	0.627	0.344	0.354	0.893	0.544	0.309	0.299	0.746	0.489	0.417	0.250	0.696	0.604	0.073	0.574	0.638	
(942, 'Wellington Phoenix', 2023): 0.556	0.285	0.290	0.705	0.586	0.279	0.326	0.716	0.644	0.286	0.457	0.839	0.647	0.414	0.202	0.862	0.579	0.334	0.293	0.766	0.557	0.255	0.353	0.659	0.612	0.167	0.536	0.704	
(940, 'Perth Glory', 2023): 0.540	0.249	0.382	0.687	0.563	0.296	0.301	0.709	0.671	0.342	0.403	0.877	0.605	0.433	0.238	0.898	0.530	0.369	0.131	0.758	0.521	0.435	0.139	0.669	0.586	0.023	0.576	0.594	
(946, 'Newcastle Jets', 2023): 0.534	0.251	0.366	0.676	0.551	0.282	0.321	0.694	0.701	0.320	0.511	0.900	0.622	0.458	0.205	0.823	0.525	0.318	0.268	0.691	0.535	0.302	0.295	0.637	0.601	0.059	0.572	0.625	
(406, 'Aarhus', 2024): 0.635	0.296	0.373	0.768	0.658	0.266	0.384	0.752	0.702	0.378	0.323	0.917	0.697	0.417	0.264	0.917	0.617	0.412	0.259	0.818	0.657	0.111	0.593	0.718	0.693	0.031	0.677	0.707	
(397, 'FC Midtjylland', 2024): 0.601	0.338	0.355	0.783	0.612	0.319	0.343	0.745	0.700	0.326	0.472	0.884	0.667	0.428	0.246	0.910	0.599	0.402	0.266	0.823	0.661	0.208	0.514	0.781	0.659	0.144	0.564	0.690	
(336, 'Jagiellonia', 2024): 0.596	0.285	0.264	0.737	0.597	0.300	0.322	0.736	0.701	0.308	0.458	0.888	0.658	0.352	0.277	0.893	0.579	0.382	0.196	0.756	0.530	0.497	0.200	0.696	0.616	0.064	0.585	0.649	
(3490, 'Puszcza Niepołomice', 2024): 0.529	0.365	0.284	0.696	0.564	0.351	0.297	0.738	0.643	0.313	0.398	0.876	0.621	0.441	0.219	0.898	0.534	0.395	0.168	0.740	0.584	0.240	0.360	0.672	0.624	0.094	0.585	0.669	
(398, 'FC Nordsjaelland', 2024): 0.585	0.373	0.341	0.785	0.624	0.334	0.304	0.788	0.655	0.262	0.462	0.792	0.642	0.364	0.310	0.873	0.589	0.388	0.195	0.828	0.618	0.372	0.303	0.731	0.683	0.000	0.683	0.683	
(402, 'Aalborg', 2024): 0.528	0.235	0.371	0.670	0.539	0.308	0.342	0.683	0.642	0.332	0.408	0.844	0.599	0.354	0.279	0.847	0.504	0.374	0.192	0.737	0.524	0.399	0.256	0.683	0.664	0.034	0.645	0.678	
(337, 'Slask Wroclaw', 2024): 0.563	0.311	0.334	0.710	0.597	0.272	0.370	0.722	0.651	0.352	0.358	0.873	0.636	0.450	0.213	0.886	0.528	0.416	0.212	0.747	0.569	0.349	0.279	0.669	0.650	0.083	0.604	0.682	
(343, 'Lechia Gdansk', 2024): 0.542	0.303	0.355	0.697	0.574	0.334	0.329	0.707	0.690	0.270	0.466	0.847	0.586	0.408	0.167	0.787	0.511	0.373	0.209	0.682	0.555	0.267	0.398	0.678	0.611	0.098	0.561	0.660	
(3484, 'GKS Katowice', 2024): 0.537	0.387	0.273	0.709	0.558	0.309	0.293	0.714	0.651	0.341	0.359	0.914	0.615	0.485	0.185	0.892	0.544	0.415	0.190	0.767	0.533	0.382	0.224	0.687	0.630	0.109	0.566	0.677	
(4248, 'Radomiak Radom', 2024): 0.566	0.304	0.334	0.726	0.585	0.317	0.355	0.731	0.657	0.305	0.324	0.833	0.622	0.421	0.302	0.891	0.553	0.419	0.167	0.746	0.556	0.403	0.207	0.681	0.607	0.042	0.587	0.626	
(348, 'Pogon Szczecin', 2024): 0.643	0.242	0.389	0.741	0.656	0.209	0.487	0.747	0.704	0.264	0.470	0.860	0.674	0.347	0.277	0.833	0.598	0.387	0.164	0.808	0.576	0.396	0.215	0.716	0.685	0.052	0.667	0.717	
(346, 'Korona Kielce', 2024): 0.533	0.381	0.218	0.717	0.564	0.313	0.285	0.714	0.656	0.272	0.481	0.875	0.604	0.363	0.268	0.824	0.536	0.356	0.204	0.718	0.540	0.338	0.263	0.676	0.624	0.051	0.602	0.652	
(606, 'FC Lugano', 2024): 0.592	0.354	0.264	0.751	0.615	0.340	0.285	0.791	0.698	0.347	0.444	0.927	0.635	0.452	0.231	0.875	0.577	0.418	0.220	0.806	0.579	0.305	0.370	0.722	0.680	0.059	0.650	0.699	
(1013, 'Grasshoppers', 2024): 0.554	0.384	0.266	0.730	0.576	0.404	0.237	0.746	0.654	0.294	0.439	0.853	0.644	0.357	0.312	0.847	0.571	0.394	0.190	0.802	0.597	0.343	0.274	0.719	0.629	0.010	0.626	0.636	
(6653, 'Yverdon Sport', 2024): 0.523	0.402	0.224	0.719	0.536	0.412	0.278	0.730	0.645	0.209	0.484	0.793	0.605	0.423	0.273	0.884	0.543	0.371	0.171	0.727	0.586	0.285	0.326	0.677	0.713	0.052	0.688	0.737	
(783, 'FC Zurich', 2024): 0.602	0.256	0.357	0.741	0.613	0.339	0.334	0.754	0.658	0.442	0.333	0.905	0.654	0.412	0.238	0.910	0.553	0.447	0.180	0.778	0.552	0.469	0.211	0.714	0.726	0.052	0.697	0.746	
(339, 'Legia Warszawa', 2024): 0.595	0.260	0.416	0.747	0.619	0.271	0.397	0.754	0.689	0.373	0.357	0.897	0.638	0.414	0.192	0.890	0.572	0.407	0.196	0.778	0.575	0.334	0.302	0.699	0.636	0.100	0.590	0.684	
(345, 'Zaglebie Lubin', 2024): 0.563	0.276	0.325	0.707	0.586	0.300	0.300	0.695	0.680	0.362	0.397	0.915	0.615	0.477	0.204	0.891	0.532	0.390	0.144	0.760	0.513	0.461	0.156	0.692	0.665	0.053	0.644	0.694	
(2180, 'FC Winterthur', 2024): 0.587	0.338	0.316	0.726	0.607	0.326	0.319	0.771	0.636	0.406	0.319	0.891	0.617	0.413	0.242	0.832	0.544	0.445	0.146	0.747	0.529	0.516	0.164	0.737	0.648	0.055	0.629	0.681	
(1011, 'FC ST. Gallen', 2024): 0.619	0.270	0.422	0.790	0.636	0.321	0.400	0.783	0.713	0.300	0.480	0.916	0.656	0.423	0.237	0.922	0.588	0.378	0.210	0.792	0.623	0.271	0.376	0.722	0.683	0.000	0.683	0.683	
(2073, 'Silkeborg', 2024): 0.557	0.263	0.393	0.704	0.588	0.271	0.406	0.701	0.645	0.305	0.388	0.805	0.607	0.432	0.214	0.878	0.552	0.387	0.258	0.805	0.554	0.415	0.255	0.708	0.683	0.000	0.683	0.683	
(396, 'Sonderjyske', 2024): 0.521	0.306	0.304	0.675	0.540	0.315	0.307	0.689	0.652	0.280	0.454	0.850	0.599	0.309	0.346	0.842	0.525	0.329	0.197	0.743	0.550	0.228	0.382	0.663	0.638	0.068	0.606	0.668	
(565, 'BSC Young Boys', 2024): 0.622	0.329	0.362	0.778	0.628	0.352	0.338	0.767	0.689	0.268	0.442	0.863	0.693	0.442	0.277	0.895	0.592	0.399	0.219	0.765	0.602	0.444	0.274	0.747	0.731	0.030	0.714	0.743	
(630, 'FC Sion', 2024): 0.557	0.329	0.296	0.728	0.564	0.336	0.324	0.736	0.671	0.299	0.474	0.861	0.601	0.419	0.192	0.929	0.542	0.411	0.199	0.749	0.572	0.342	0.295	0.694	0.671	0.075	0.630	0.701	
(350, 'Cracovia Krakow', 2024): 0.561	0.311	0.301	0.699	0.624	0.237	0.400	0.723	0.655	0.348	0.370	0.894	0.650	0.390	0.224	0.879	0.564	0.351	0.192	0.740	0.567	0.335	0.287	0.694	0.663	0.069	0.630	0.693	
(349, 'Piast Gliwice', 2024): 0.580	0.249	0.383	0.697	0.600	0.238	0.386	0.708	0.676	0.331	0.424	0.882	0.607	0.403	0.222	0.882	0.546	0.394	0.218	0.764	0.537	0.464	0.203	0.685	0.678	0.019	0.668	0.688	
(395, 'Vejle', 2024): 0.536	0.249	0.352	0.665	0.563	0.281	0.368	0.707	0.679	0.282	0.436	0.866	0.606	0.341	0.336	0.845	0.541	0.322	0.215	0.746	0.514	0.459	0.222	0.680	0.655	0.070	0.626	0.687	
(401, 'Randers FC', 2024): 0.590	0.223	0.411	0.708	0.632	0.217	0.443	0.717	0.657	0.323	0.370	0.850	0.667	0.335	0.378	0.884	0.587	0.330	0.285	0.756	0.623	0.214	0.457	0.701	0.679	0.071	0.649	0.709	
(644, 'FC Luzern', 2024): 0.552	0.382	0.292	0.714	0.555	0.340	0.304	0.724	0.644	0.291	0.432	0.838	0.615	0.426	0.258	0.855	0.547	0.361	0.190	0.756	0.573	0.328	0.321	0.689	0.685	0.104	0.623	0.727	
(2184, 'Servette FC', 2024): 0.603	0.336	0.351	0.768	0.620	0.347	0.352	0.765	0.702	0.335	0.430	0.910	0.644	0.475	0.177	0.915	0.572	0.427	0.194	0.825	0.580	0.405	0.219	0.740	0.680	0.074	0.640	0.709	
(1014, 'Lausanne', 2024): 0.581	0.289	0.333	0.741	0.628	0.290	0.387	0.786	0.666	0.476	0.324	0.906	0.633	0.451	0.212	0.861	0.571	0.419	0.201	0.755	0.573	0.451	0.251	0.773	0.685	0.070	0.657	0.707	
(551, 'FC Basel 1893', 2024): 0.582	0.350	0.328	0.760	0.615	0.401	0.350	0.834	0.709	0.270	0.526	0.891	0.633	0.413	0.195	0.871	0.552	0.434	0.181	0.774	0.549	0.412	0.242	0.692	0.752	0.076	0.727	0.798	
(347, 'Lech Poznan', 2024): 0.587	0.306	0.357	0.750	0.613	0.328	0.374	0.750	0.668	0.361	0.379	0.863	0.645	0.432	0.272	0.918	0.588	0.359	0.270	0.835	0.597	0.293	0.363	0.742	0.679	0.073	0.636	0.707	
(340, 'Gornik Zabrze', 2024): 0.574	0.314	0.343	0.818	0.596	0.302	0.376	0.741	0.665	0.292	0.398	0.832	0.613	0.373	0.265	0.891	0.551	0.432	0.196	0.797	0.487	0.482	0.207	0.690	0.647	0.092	0.617	0.698	
(2070, 'Viborg', 2024): 0.542	0.309	0.340	0.711	0.567	0.343	0.342	0.730	0.635	0.314	0.355	0.840	0.611	0.461	0.232	0.872	0.546	0.380	0.222	0.717	0.633	0.149	0.508	0.701	0.652	0.050	0.631	0.676	
(407, 'Brondby', 2024): 0.612	0.267	0.435	0.764	0.622	0.309	0.403	0.779	0.685	0.299	0.493	0.871	0.662	0.409	0.272	0.870	0.596	0.375	0.224	0.862	0.610	0.322	0.397	0.742	0.721	0.045	0.705	0.746	
(14562, 'Motor Lublin', 2024): 0.537	0.331	0.286	0.727	0.563	0.288	0.332	0.700	0.648	0.246	0.387	0.834	0.618	0.400	0.215	0.815	0.549	0.377	0.131	0.758	0.572	0.278	0.342	0.694	0.660	0.102	0.605	0.700	
(3491, 'Raków Częstochowa', 2024): 0.598	0.266	0.347	0.747	0.610	0.310	0.323	0.773	0.683	0.362	0.414	0.913	0.664	0.432	0.263	0.898	0.551	0.448	0.172	0.805	0.537	0.516	0.217	0.733	0.620	0.089	0.580	0.652	
(625, 'Lyngby', 2024): 0.530	0.272	0.365	0.701	0.554	0.285	0.288	0.702	0.665	0.297	0.435	0.856	0.597	0.362	0.258	0.878	0.537	0.379	0.206	0.819	0.550	0.349	0.267	0.673	0.590	0.101	0.547	0.640	
(400, 'FC Copenhagen', 2024): 0.628	0.329	0.307	0.768	0.644	0.297	0.353	0.785	0.711	0.243	0.493	0.867	0.684	0.391	0.281	0.892	0.626	0.398	0.239	0.851	0.653	0.295	0.408	0.780	0.686	0.047	0.667	0.709	
(3493, 'Stal Mielec', 2024): 0.587	0.244	0.368	0.737	0.593	0.217	0.374	0.691	0.650	0.377	0.308	0.907	0.661	0.362	0.316	0.932	0.568	0.365	0.210	0.764	0.528	0.390	0.249	0.672	0.627	0.089	0.590	0.675	
(6962, 'Widzew Łódź', 2024): 0.550	0.292	0.283	0.709	0.548	0.315	0.333	0.707	0.641	0.258	0.456	0.832	0.600	0.332	0.317	0.819	0.542	0.335	0.186	0.710	0.536	0.408	0.263	0.685	0.662	0.235	0.545	0.770	
(569, 'Club Brugge KV', 2024): 0.690	0.292	0.465	0.859	0.695	0.323	0.424	0.848	0.698	0.375	0.364	0.910	0.688	0.494	0.201	0.914	0.625	0.482	0.200	0.899	0.601	0.458	0.287	0.828	0.784	0.097	0.742	0.827	
(266, 'KV Mechelen', 2024): 0.605	0.389	0.256	0.783	0.636	0.346	0.308	0.763	0.681	0.394	0.382	0.901	0.665	0.390	0.280	0.844	0.594	0.422	0.229	0.792	0.590	0.331	0.311	0.719	0.683	0.000	0.683	0.683	
(6215, 'Dender', 2024): 0.554	0.366	0.263	0.738	0.557	0.359	0.343	0.715	0.610	0.329	0.365	0.870	0.581	0.467	0.182	0.858	0.522	0.427	0.180	0.725	0.559	0.435	0.220	0.707	0.646	0.077	0.609	0.678	
(1393, 'Union St. Gilloise', 2024): 0.591	0.349	0.318	0.764	0.623	0.366	0.337	0.787	0.679	0.408	0.350	0.896	0.654	0.454	0.253	0.905	0.587	0.459	0.193	0.799	0.659	0.332	0.373	0.815	0.745	0.097	0.707	0.798	
(263, 'Beerschot Wilrijk', 2024): 0.551	0.330	0.259	0.697	0.557	0.370	0.281	0.709	0.658	0.343	0.373	0.880	0.585	0.440	0.206	0.870	0.534	0.403	0.197	0.713	0.535	0.451	0.197	0.697	0.656	0.093	0.612	0.703	
(260, 'OH Leuven', 2024): 0.616	0.322	0.301	0.773	0.645	0.317	0.328	0.765	0.702	0.298	0.465	0.902	0.669	0.349	0.281	0.841	0.610	0.383	0.249	0.840	0.594	0.347	0.299	0.736	0.686	0.116	0.642	0.747	
(554, 'Anderlecht', 2024): 0.640	0.407	0.246	0.797	0.683	0.297	0.334	0.788	0.707	0.293	0.454	0.909	0.646	0.450	0.220	0.854	0.606	0.456	0.234	0.829	0.594	0.476	0.217	0.786	0.673	0.062	0.636	0.697	
(735, 'St. Truiden', 2024): 0.569	0.307	0.366	0.741	0.622	0.242	0.419	0.754	0.658	0.328	0.333	0.834	0.635	0.377	0.290	0.828	0.556	0.373	0.214	0.767	0.633	0.288	0.373	0.765	0.633	0.056	0.606	0.660	
(742, 'Genk', 2024): 0.624	0.416	0.282	0.797	0.656	0.337	0.364	0.790	0.701	0.306	0.363	0.885	0.666	0.451	0.228	0.919	0.595	0.453	0.152	0.817	0.605	0.491	0.249	0.777	0.730	0.075	0.698	0.760	
(733, 'Standard Liege', 2024): 0.598	0.310	0.365	0.784	0.616	0.300	0.399	0.793	0.684	0.306	0.411	0.875	0.644	0.393	0.268	0.901	0.571	0.419	0.171	0.812	0.627	0.164	0.519	0.722	0.719	0.008	0.715	0.723	
(734, 'Kortrijk', 2024): 0.590	0.333	0.317	0.763	0.598	0.373	0.307	0.790	0.689	0.269	0.447	0.891	0.647	0.341	0.312	0.823	0.572	0.419	0.202	0.772	0.609	0.217	0.415	0.691	0.686	0.061	0.655	0.710	
(631, 'Gent', 2024): 0.570	0.365	0.319	0.758	0.611	0.333	0.349	0.768	0.656	0.364	0.350	0.897	0.641	0.432	0.256	0.893	0.577	0.431	0.166	0.787	0.629	0.418	0.268	0.785	0.713	0.025	0.705	0.727	
(736, 'Charleroi', 2024): 0.612	0.286	0.396	0.788	0.618	0.334	0.374	0.778	0.671	0.301	0.445	0.856	0.648	0.497	0.249	0.919	0.574	0.418	0.217	0.758	0.624	0.342	0.336	0.733	0.572	0.012	0.566	0.578	
(740, 'Antwerp', 2024): 0.630	0.303	0.410	0.777	0.681	0.238	0.456	0.772	0.706	0.320	0.449	0.876	0.685	0.401	0.253	0.914	0.637	0.407	0.232	0.868	0.559	0.547	0.232	0.843	0.665	0.112	0.616	0.717	
(261, 'KVC Westerlo', 2024): 0.561	0.365	0.263	0.740	0.594	0.364	0.277	0.737	0.665	0.323	0.373	0.881	0.646	0.411	0.235	0.867	0.569	0.365	0.228	0.780	0.574	0.401	0.245	0.733	0.685	0.086	0.651	0.728	
(741, 'Cercle Brugge', 2024): 0.572	0.381	0.282	0.729	0.591	0.327	0.357	0.743	0.672	0.352	0.360	0.875	0.610	0.432	0.287	0.894	0.580	0.376	0.222	0.746	0.573	0.385	0.266	0.711	0.672	0.063	0.645	0.704	
(192, '1.FC Köln', 2024): 0.617	0.315	0.354	0.756	0.621	0.371	0.364	0.777	0.699	0.289	0.464	0.910	0.664	0.382	0.273	0.909	0.590	0.457	0.191	0.811	0.599	0.498	0.240	0.772	0.740	0.078	0.704	0.776	
(175, 'Hamburger SV', 2024): 0.606	0.339	0.394	0.798	0.608	0.346	0.360	0.784	0.691	0.273	0.471	0.873	0.671	0.382	0.254	0.881	0.597	0.413	0.243	0.846	0.660	0.313	0.380	0.768	0.724	0.072	0.687	0.752	
(4256, 'Grazer AK', 2024): 0.562	0.262	0.379	0.703	0.574	0.244	0.388	0.678	0.645	0.253	0.427	0.795	0.616	0.356	0.372	0.902	0.540	0.368	0.141	0.713	0.514	0.401	0.250	0.692	0.644	0.035	0.626	0.657	
(571, 'Red Bull Salzburg', 2024): 0.585	0.327	0.326	0.758	0.622	0.325	0.410	0.766	0.724	0.289	0.508	0.886	0.637	0.439	0.196	0.897	0.580	0.408	0.199	0.787	0.624	0.322	0.379	0.739	0.748	0.100	0.691	0.792	
(159, 'Hertha BSC', 2024): 0.595	0.347	0.305	0.766	0.627	0.378	0.324	0.810	0.702	0.307	0.426	0.887	0.655	0.356	0.295	0.874	0.595	0.396	0.173	0.833	0.534	0.545	0.206	0.737	0.679	0.150	0.586	0.727	
(185, 'SC Paderborn 07', 2024): 0.586	0.333	0.339	0.736	0.599	0.325	0.331	0.739	0.676	0.267	0.434	0.873	0.639	0.407	0.295	0.878	0.557	0.351	0.232	0.742	0.554	0.455	0.234	0.694	0.640	0.035	0.624	0.653	
(166, 'Hannover 96', 2024): 0.586	0.370	0.289	0.758	0.610	0.372	0.317	0.781	0.713	0.295	0.460	0.917	0.675	0.386	0.358	0.893	0.586	0.398	0.165	0.815	0.597	0.426	0.284	0.783	0.728	0.073	0.701	0.762	
(177, 'SSV Jahn Regensburg', 2024): 0.562	0.329	0.317	0.717	0.578	0.300	0.350	0.727	0.662	0.349	0.327	0.850	0.615	0.453	0.241	0.879	0.534	0.403	0.200	0.800	0.555	0.469	0.193	0.705	0.672	0.075	0.646	0.717	
(179, '1. FC Magdeburg', 2024): 0.556	0.382	0.247	0.704	0.588	0.413	0.225	0.765	0.699	0.249	0.477	0.892	0.635	0.387	0.279	0.846	0.579	0.351	0.309	0.778	0.589	0.428	0.264	0.727	0.703	0.072	0.667	0.737	
(1660, 'SV Elversberg', 2024): 0.562	0.329	0.301	0.732	0.587	0.317	0.275	0.729	0.664	0.265	0.405	0.869	0.617	0.403	0.303	0.890	0.559	0.347	0.232	0.758	0.578	0.341	0.345	0.730	0.703	0.036	0.687	0.717	
(785, 'Karlsruher SC', 2024): 0.599	0.348	0.395	0.788	0.602	0.405	0.337	0.788	0.669	0.296	0.377	0.845	0.648	0.401	0.311	0.916	0.578	0.398	0.225	0.788	0.648	0.217	0.463	0.727	0.632	0.165	0.543	0.707	
(171, '1. FC Nürnberg', 2024): 0.554	0.347	0.302	0.756	0.600	0.345	0.320	0.750	0.703	0.380	0.333	0.884	0.625	0.375	0.316	0.821	0.581	0.388	0.238	0.858	0.623	0.307	0.393	0.782	0.683	0.000	0.683	0.683	
(254, 'Heart Of Midlothian', 2024): 0.599	0.333	0.371	0.823	0.614	0.320	0.372	0.776	0.694	0.253	0.526	0.877	0.638	0.465	0.205	0.907	0.568	0.445	0.158	0.846	0.556	0.524	0.176	0.740	0.693	0.081	0.642	0.715	
(257, 'Rangers', 2024): 0.637	0.319	0.348	0.785	0.680	0.296	0.407	0.808	0.736	0.269	0.472	0.881	0.727	0.311	0.427	0.907	0.653	0.415	0.217	0.869	0.628	0.450	0.302	0.790	0.759	0.042	0.738	0.778	
(256, 'Motherwell', 2024): 0.559	0.247	0.373	0.703	0.589	0.192	0.454	0.687	0.626	0.287	0.395	0.824	0.603	0.445	0.245	0.848	0.525	0.407	0.200	0.760	0.570	0.259	0.364	0.684	0.586	0.043	0.566	0.606	
(902, 'Ross County', 2024): 0.560	0.261	0.366	0.748	0.566	0.277	0.356	0.716	0.632	0.409	0.338	0.904	0.618	0.432	0.260	0.904	0.539	0.374	0.175	0.800	0.551	0.376	0.170	0.646	0.624	0.035	0.607	0.639	
(618, 'SCR Altach', 2024): 0.543	0.338	0.278	0.696	0.582	0.302	0.355	0.728	0.657	0.265	0.446	0.864	0.623	0.391	0.263	0.859	0.554	0.363	0.202	0.706	0.560	0.388	0.234	0.702	0.683	0.105	0.635	0.726	
(1398, 'WSG Wattens', 2024): 0.532	0.297	0.336	0.702	0.584	0.310	0.367	0.724	0.668	0.399	0.338	0.897	0.597	0.426	0.182	0.859	0.553	0.377	0.209	0.715	0.570	0.305	0.315	0.699	0.683	0.000	0.683	0.683	
(1072, 'TSV Hartberg', 2024): 0.562	0.302	0.323	0.713	0.597	0.313	0.306	0.787	0.675	0.290	0.464	0.900	0.627	0.386	0.227	0.873	0.551	0.397	0.230	0.746	0.559	0.474	0.191	0.693	0.681	0.053	0.646	0.697	
(1026, 'Lask Linz', 2024): 0.584	0.422	0.256	0.771	0.623	0.377	0.283	0.790	0.707	0.302	0.472	0.927	0.654	0.440	0.192	0.832	0.598	0.446	0.220	0.793	0.608	0.366	0.291	0.755	0.660	0.074	0.628	0.693	
(1025, 'Wolfsberger AC', 2024): 0.575	0.266	0.357	0.708	0.609	0.270	0.379	0.777	0.659	0.426	0.333	0.886	0.656	0.393	0.300	0.889	0.572	0.348	0.214	0.739	0.551	0.470	0.208	0.737	0.611	0.120	0.561	0.659	
(1405, 'Austria Klagenfurt', 2024): 0.533	0.373	0.235	0.718	0.538	0.370	0.247	0.707	0.627	0.312	0.354	0.817	0.606	0.461	0.215	0.913	0.535	0.378	0.212	0.711	0.615	0.144	0.513	0.695	0.549	0.099	0.487	0.580	
(174, 'FC Schalke 04', 2024): 0.599	0.368	0.279	0.750	0.604	0.384	0.310	0.794	0.686	0.344	0.396	0.901	0.663	0.377	0.308	0.869	0.574	0.403	0.165	0.781	0.527	0.557	0.140	0.730	0.666	0.086	0.629	0.712	
(744, 'Eintracht Braunschweig', 2024): 0.574	0.305	0.329	0.748	0.567	0.331	0.326	0.728	0.683	0.317	0.343	0.902	0.656	0.421	0.314	0.906	0.573	0.418	0.201	0.854	0.565	0.514	0.152	0.738	0.677	0.120	0.626	0.728	
(178, 'SpVgg Greuther Fürth', 2024): 0.581	0.382	0.317	0.761	0.591	0.391	0.327	0.781	0.692	0.281	0.462	0.869	0.643	0.395	0.279	0.891	0.554	0.431	0.170	0.743	0.544	0.538	0.172	0.718	0.587	0.075	0.557	0.629	
(1313, 'Preußen Münster', 2024): 0.588	0.306	0.358	0.737	0.598	0.358	0.322	0.757	0.671	0.285	0.460	0.902	0.640	0.443	0.222	0.863	0.536	0.419	0.155	0.758	0.503	0.613	0.134	0.716	0.631	0.084	0.596	0.674	
(181, 'SV Darmstadt 98', 2024): 0.592	0.320	0.346	0.784	0.602	0.325	0.342	0.740	0.643	0.411	0.304	0.903	0.669	0.410	0.263	0.958	0.579	0.412	0.177	0.808	0.657	0.201	0.481	0.720	0.734	0.069	0.707	0.772	
(158, 'Fortuna Düsseldorf', 2024): 0.596	0.307	0.342	0.765	0.606	0.339	0.374	0.771	0.684	0.292	0.404	0.881	0.659	0.382	0.313	0.879	0.588	0.379	0.232	0.791	0.616	0.389	0.325	0.747	0.703	0.099	0.657	0.747	
(1652, 'SSV Ulm 1846', 2024): 0.544	0.338	0.307	0.692	0.546	0.340	0.305	0.707	0.636	0.338	0.332	0.827	0.614	0.471	0.189	0.865	0.526	0.343	0.246	0.700	0.563	0.324	0.311	0.702	0.665	0.097	0.611	0.707	
(745, '1. FC Kaiserslautern', 2024): 0.572	0.380	0.262	0.771	0.574	0.410	0.255	0.748	0.699	0.296	0.475	0.884	0.663	0.434	0.264	0.902	0.569	0.368	0.194	0.741	0.580	0.480	0.210	0.739	0.694	0.089	0.652	0.727	
(1386, 'Dundee Utd', 2024): 0.535	0.314	0.301	0.696	0.555	0.288	0.341	0.696	0.599	0.397	0.313	0.832	0.607	0.429	0.192	0.889	0.527	0.378	0.158	0.709	0.566	0.275	0.369	0.657	0.655	0.048	0.636	0.677	
(253, 'Dundee', 2024): 0.526	0.301	0.338	0.696	0.562	0.270	0.386	0.689	0.632	0.251	0.462	0.829	0.592	0.434	0.246	0.804	0.550	0.311	0.298	0.797	0.620	0.174	0.489	0.707	0.630	0.053	0.604	0.654	
(251, 'ST Mirren', 2024): 0.543	0.292	0.331	0.686	0.559	0.276	0.344	0.692	0.657	0.322	0.337	0.857	0.649	0.396	0.354	0.879	0.562	0.343	0.186	0.799	0.567	0.331	0.287	0.675	0.614	0.056	0.596	0.646	
(249, 'Hibernian', 2024): 0.582	0.334	0.281	0.743	0.606	0.337	0.366	0.769	0.649	0.395	0.393	0.900	0.660	0.416	0.243	0.901	0.583	0.380	0.224	0.794	0.595	0.261	0.321	0.690	0.647	0.057	0.624	0.675	
(781, 'Rapid Vienna', 2024): 0.590	0.386	0.293	0.766	0.620	0.352	0.338	0.756	0.654	0.345	0.323	0.838	0.672	0.373	0.309	0.909	0.574	0.415	0.218	0.816	0.567	0.397	0.324	0.726	0.701	0.093	0.651	0.735	
(637, 'Sturm Graz', 2024): 0.580	0.434	0.212	0.754	0.576	0.439	0.264	0.772	0.696	0.322	0.411	0.899	0.657	0.407	0.293	0.895	0.585	0.435	0.182	0.768	0.610	0.439	0.288	0.759	0.600	0.011	0.596	0.605	
(1394, 'FC BW Linz', 2024): 0.560	0.356	0.301	0.745	0.571	0.333	0.331	0.714	0.639	0.306	0.408	0.788	0.598	0.482	0.223	0.839	0.509	0.414	0.117	0.736	0.560	0.366	0.265	0.698	0.626	0.087	0.573	0.662	
(601, 'Austria Vienna', 2024): 0.610	0.278	0.343	0.747	0.622	0.293	0.394	0.727	0.682	0.289	0.420	0.857	0.663	0.389	0.316	0.934	0.597	0.393	0.225	0.787	0.541	0.517	0.223	0.782	0.691	0.064	0.657	0.717	
(247, 'Celtic', 2024): 0.682	0.264	0.466	0.844	0.700	0.234	0.477	0.832	0.779	0.264	0.550	0.935	0.730	0.360	0.307	0.947	0.671	0.383	0.237	0.858	0.665	0.328	0.393	0.764	0.791	0.040	0.771	0.808	
(250, 'Kilmarnock', 2024): 0.586	0.262	0.353	0.744	0.602	0.296	0.362	0.775	0.658	0.324	0.389	0.868	0.645	0.413	0.253	0.847	0.571	0.363	0.203	0.770	0.577	0.323	0.283	0.685	0.640	0.037	0.623	0.656	
(258, 'ST Johnstone', 2024): 0.554	0.259	0.384	0.701	0.557	0.317	0.339	0.726	0.684	0.313	0.477	0.895	0.627	0.381	0.269	0.861	0.549	0.399	0.142	0.757	0.581	0.217	0.373	0.657	0.579	0.055	0.551	0.602	
(252, 'Aberdeen', 2024): 0.604	0.240	0.406	0.742	0.628	0.204	0.480	0.723	0.660	0.345	0.376	0.843	0.654	0.463	0.185	0.898	0.595	0.391	0.226	0.838	0.601	0.311	0.331	0.715	0.654	0.109	0.591	0.695	
(202, 'Groningen', 2024): 0.601	0.244	0.408	0.711	0.621	0.277	0.414	0.756	0.675	0.268	0.494	0.863	0.631	0.383	0.243	0.848	0.557	0.410	0.192	0.766	0.560	0.402	0.232	0.703	0.695	0.074	0.655	0.727	
(203, 'NAC Breda', 2024): 0.559	0.286	0.332	0.703	0.590	0.304	0.349	0.745	0.676	0.301	0.485	0.866	0.628	0.343	0.261	0.802	0.573	0.328	0.297	0.751	0.564	0.289	0.356	0.673	0.650	0.099	0.593	0.689	
(645, 'Galatasaray', 2024): 0.686	0.349	0.389	0.892	0.722	0.324	0.384	0.852	0.758	0.303	0.555	0.929	0.734	0.411	0.304	0.941	0.677	0.449	0.290	0.905	0.632	0.551	0.238	0.849	0.795	0.118	0.722	0.833	
(3575, 'Hatayspor', 2024): 0.623	0.244	0.448	0.793	0.628	0.310	0.408	0.786	0.714	0.312	0.473	0.917	0.667	0.391	0.297	0.887	0.587	0.413	0.176	0.785	0.539	0.529	0.184	0.713	0.703	0.099	0.646	0.737	
(59, 'Preston', 2024): 0.625	0.248	0.436	0.759	0.650	0.273	0.444	0.769	0.650	0.289	0.393	0.827	0.687	0.373	0.245	0.876	0.630	0.381	0.256	0.850	0.637	0.273	0.400	0.739	0.697	0.123	0.625	0.737	
(62, 'Sheffield Utd', 2024): 0.620	0.337	0.365	0.821	0.649	0.300	0.417	0.796	0.687	0.402	0.323	0.924	0.651	0.482	0.252	0.900	0.613	0.441	0.211	0.866	0.620	0.470	0.261	0.769	0.700	0.050	0.675	0.726	
(67, 'Blackburn', 2024): 0.616	0.253	0.417	0.770	0.628	0.291	0.423	0.775	0.672	0.388	0.312	0.906	0.660	0.401	0.209	0.915	0.597	0.410	0.266	0.855	0.583	0.454	0.281	0.724	0.680	0.094	0.650	0.727	
(69, 'Derby', 2024): 0.599	0.243	0.403	0.732	0.609	0.279	0.420	0.737	0.716	0.308	0.492	0.909	0.663	0.416	0.252	0.902	0.586	0.360	0.250	0.856	0.593	0.295	0.396	0.705	0.716	0.124	0.674	0.777	
(747, 'Barnsley', 2024): 0.575	0.279	0.331	0.695	0.601	0.281	0.374	0.703	0.641	0.369	0.348	0.866	0.647	0.474	0.202	0.862	0.564	0.401	0.188	0.823	0.585	0.321	0.337	0.702	0.639	0.058	0.611	0.658	
(1374, 'Mansfield Town', 2024): 0.573	0.219	0.396	0.684	0.573	0.245	0.333	0.702	0.679	0.292	0.448	0.895	0.673	0.426	0.322	0.929	0.577	0.282	0.274	0.753	0.583	0.259	0.388	0.707	0.642	0.073	0.596	0.667	
(1345, 'Chesterfield', 2024): 0.548	0.270	0.315	0.657	0.581	0.210	0.399	0.704	0.676	0.345	0.488	0.911	0.610	0.386	0.250	0.845	0.532	0.354	0.216	0.816	0.479	0.422	0.209	0.647	0.683	0.000	0.683	0.683	
(1353, 'Swindon Town', 2024): 0.550	0.266	0.314	0.693	0.572	0.233	0.373	0.702	0.649	0.360	0.380	0.864	0.635	0.355	0.313	0.874	0.557	0.319	0.238	0.741	0.547	0.297	0.318	0.649	0.603	0.055	0.582	0.629	
(228, 'Sporting CP', 2024): 0.639	0.441	0.269	0.864	0.689	0.430	0.295	0.857	0.754	0.287	0.504	0.923	0.695	0.489	0.228	0.955	0.651	0.513	0.179	0.860	0.662	0.538	0.271	0.824	0.752	0.100	0.708	0.793	
(226, 'Rio Ave', 2024): 0.616	0.290	0.347	0.767	0.647	0.297	0.385	0.770	0.684	0.345	0.313	0.869	0.669	0.361	0.296	0.886	0.594	0.434	0.129	0.818	0.589	0.465	0.244	0.788	0.663	0.029	0.652	0.680	
(43, 'Cardiff', 2024): 0.631	0.262	0.406	0.764	0.646	0.255	0.451	0.780	0.679	0.306	0.473	0.876	0.675	0.342	0.373	0.883	0.595	0.392	0.240	0.791	0.544	0.537	0.169	0.753	0.687	0.075	0.653	0.718	
(746, 'Sunderland', 2024): 0.579	0.251	0.411	0.702	0.614	0.255	0.471	0.766	0.693	0.306	0.502	0.904	0.607	0.454	0.299	0.917	0.576	0.420	0.190	0.884	0.533	0.614	0.140	0.742	0.707	0.072	0.676	0.745	
(58, 'Millwall', 2024): 0.631	0.205	0.476	0.729	0.636	0.263	0.418	0.744	0.696	0.269	0.443	0.834	0.682	0.436	0.197	0.907	0.622	0.359	0.254	0.823	0.665	0.239	0.435	0.733	0.683	0.000	0.683	0.683	
(38, 'Watford', 2024): 0.585	0.350	0.273	0.749	0.622	0.375	0.286	0.777	0.672	0.348	0.360	0.893	0.641	0.473	0.200	0.866	0.573	0.432	0.222	0.783	0.614	0.358	0.292	0.734	0.683	0.098	0.628	0.720	
(63, 'Leeds', 2024): 0.629	0.303	0.395	0.767	0.665	0.313	0.419	0.817	0.734	0.293	0.536	0.929	0.682	0.353	0.242	0.838	0.624	0.440	0.186	0.792	0.594	0.561	0.194	0.779	0.735	0.075	0.707	0.768	
(1355, 'Portsmouth', 2024): 0.602	0.257	0.378	0.736	0.626	0.234	0.422	0.744	0.688	0.307	0.422	0.873	0.656	0.420	0.295	0.903	0.604	0.351	0.229	0.816	0.546	0.453	0.254	0.699	0.672	0.065	0.644	0.701	
(64, 'Hull City', 2024): 0.596	0.315	0.380	0.769	0.642	0.313	0.406	0.799	0.706	0.290	0.517	0.910	0.646	0.392	0.232	0.847	0.604	0.342	0.291	0.797	0.627	0.250	0.425	0.727	0.702	0.136	0.633	0.771	
(56, 'Bristol City', 2024): 0.600	0.268	0.390	0.717	0.635	0.262	0.441	0.757	0.684	0.305	0.413	0.873	0.659	0.397	0.263	0.909	0.599	0.331	0.249	0.797	0.656	0.217	0.485	0.744	0.705	0.080	0.677	0.737	
(70, 'Middlesbrough', 2024): 0.591	0.307	0.386	0.751	0.634	0.333	0.351	0.759	0.703	0.290	0.476	0.895	0.668	0.362	0.311	0.856	0.615	0.365	0.289	0.823	0.624	0.422	0.281	0.745	0.688	0.068	0.664	0.726	
(76, 'Swansea', 2024): 0.600	0.294	0.354	0.774	0.625	0.320	0.400	0.756	0.703	0.279	0.455	0.899	0.654	0.388	0.263	0.926	0.584	0.406	0.152	0.759	0.576	0.473	0.221	0.733	0.646	0.027	0.636	0.657	
(72, 'QPR', 2024): 0.610	0.280	0.388	0.753	0.643	0.263	0.448	0.766	0.669	0.408	0.359	0.918	0.635	0.430	0.259	0.856	0.580	0.460	0.191	0.845	0.579	0.540	0.162	0.750	0.721	0.104	0.677	0.768	
(60, 'West Brom', 2024): 0.645	0.282	0.449	0.762	0.676	0.272	0.455	0.767	0.674	0.317	0.399	0.863	0.661	0.445	0.233	0.908	0.606	0.463	0.141	0.819	0.633	0.321	0.389	0.728	0.723	0.029	0.711	0.737	
(75, 'Stoke City', 2024): 0.595	0.279	0.397	0.743	0.629	0.289	0.385	0.746	0.702	0.313	0.439	0.877	0.665	0.352	0.242	0.867	0.590	0.392	0.219	0.794	0.616	0.258	0.423	0.729	0.736	0.068	0.707	0.769	
(1346, 'Coventry', 2024): 0.602	0.319	0.337	0.768	0.630	0.289	0.374	0.760	0.700	0.349	0.460	0.939	0.662	0.418	0.235	0.848	0.623	0.378	0.217	0.851	0.620	0.432	0.257	0.754	0.679	0.068	0.646	0.704	
(1338, 'Oxford United', 2024): 0.584	0.258	0.354	0.711	0.620	0.225	0.404	0.722	0.673	0.396	0.366	0.921	0.651	0.399	0.264	0.919	0.578	0.360	0.290	0.817	0.558	0.404	0.263	0.699	0.676	0.028	0.663	0.691	
(71, 'Norwich', 2024): 0.588	0.333	0.321	0.742	0.625	0.312	0.326	0.758	0.661	0.376	0.323	0.839	0.663	0.370	0.347	0.866	0.602	0.394	0.239	0.841	0.552	0.506	0.249	0.758	0.721	0.053	0.704	0.747	
(1333, 'AFC Wimbledon', 2024): 0.554	0.223	0.357	0.638	0.568	0.206	0.395	0.645	0.665	0.278	0.485	0.851	0.619	0.444	0.232	0.812	0.538	0.321	0.228	0.721	0.574	0.121	0.463	0.633	0.626	0.074	0.596	0.646	
(1361, 'Colchester', 2024): 0.545	0.222	0.343	0.665	0.570	0.227	0.404	0.687	0.712	0.297	0.507	0.920	0.618	0.377	0.326	0.820	0.561	0.328	0.292	0.822	0.560	0.138	0.463	0.628	0.667	0.051	0.646	0.697	
(1336, 'Fleetwood Town', 2024): 0.545	0.211	0.398	0.665	0.587	0.210	0.416	0.669	0.675	0.270	0.445	0.835	0.613	0.355	0.270	0.833	0.546	0.337	0.233	0.754	0.546	0.306	0.261	0.655	0.683	0.000	0.683	0.683	
(1365, 'Grimsby', 2024): 0.523	0.226	0.400	0.654	0.549	0.225	0.359	0.654	0.673	0.322	0.493	0.899	0.572	0.419	0.202	0.840	0.536	0.315	0.221	0.763	0.541	0.342	0.289	0.667	0.601	0.056	0.583	0.629	
(1342, 'Walsall', 2024): 0.543	0.253	0.328	0.649	0.533	0.311	0.275	0.646	0.634	0.378	0.324	0.824	0.630	0.431	0.186	0.896	0.535	0.367	0.128	0.724	0.586	0.078	0.528	0.631	0.500	0.054	0.457	0.529	
(1375, 'Morecambe', 2024): 0.506	0.268	0.302	0.612	0.529	0.204	0.372	0.617	0.635	0.319	0.374	0.819	0.582	0.438	0.222	0.849	0.521	0.304	0.214	0.785	0.548	0.206	0.374	0.677	0.603	0.044	0.582	0.623	
(1347, 'Gillingham', 2024): 0.526	0.258	0.353	0.653	0.546	0.252	0.353	0.646	0.650	0.325	0.414	0.859	0.642	0.347	0.335	0.867	0.550	0.280	0.271	0.747	0.555	0.209	0.388	0.638	0.617	0.064	0.584	0.645	
(1371, 'Carlisle', 2024): 0.552	0.244	0.346	0.683	0.565	0.204	0.406	0.667	0.630	0.285	0.416	0.847	0.626	0.471	0.250	0.919	0.538	0.365	0.182	0.810	0.570	0.254	0.326	0.643	0.613	0.060	0.593	0.647	
(1348, 'Milton Keynes Dons', 2024): 0.560	0.265	0.345	0.697	0.590	0.210	0.382	0.679	0.702	0.344	0.506	0.919	0.616	0.471	0.276	0.889	0.558	0.290	0.257	0.713	0.571	0.155	0.444	0.637	0.618	0.045	0.596	0.636	
(1343, 'Bradford', 2024): 0.577	0.230	0.406	0.685	0.593	0.184	0.421	0.662	0.637	0.395	0.384	0.840	0.625	0.490	0.228	0.916	0.551	0.400	0.234	0.857	0.571	0.202	0.413	0.655	0.635	0.073	0.596	0.667	
(1354, 'Doncaster', 2024): 0.548	0.325	0.312	0.765	0.548	0.260	0.319	0.678	0.650	0.321	0.410	0.846	0.606	0.459	0.224	0.904	0.545	0.373	0.250	0.805	0.564	0.201	0.383	0.627	0.683	0.000	0.683	0.683	
(1360, 'Accrington ST', 2024): 0.516	0.260	0.297	0.618	0.505	0.287	0.318	0.632	0.638	0.343	0.364	0.833	0.572	0.385	0.253	0.818	0.517	0.349	0.153	0.780	0.514	0.376	0.245	0.650	0.582	0.049	0.562	0.609	
(1372, 'Cheltenham', 2024): 0.527	0.207	0.389	0.636	0.556	0.211	0.405	0.644	0.612	0.347	0.367	0.858	0.598	0.429	0.243	0.889	0.532	0.339	0.258	0.769	0.565	0.202	0.392	0.647	0.595	0.039	0.576	0.611	
(1367, 'Newport County', 2024): 0.529	0.222	0.320	0.631	0.532	0.247	0.328	0.650	0.643	0.327	0.387	0.843	0.606	0.412	0.218	0.845	0.501	0.326	0.202	0.648	0.513	0.353	0.248	0.638	0.594	0.046	0.567	0.615	
(1381, 'Tranmere', 2024): 0.550	0.203	0.359	0.651	0.553	0.222	0.356	0.644	0.655	0.293	0.484	0.885	0.642	0.408	0.234	0.891	0.547	0.371	0.183	0.824	0.527	0.373	0.206	0.637	0.630	0.036	0.616	0.649	
(1376, 'Notts County', 2024): 0.559	0.278	0.328	0.683	0.591	0.258	0.367	0.686	0.695	0.330	0.490	0.887	0.612	0.422	0.233	0.889	0.550	0.333	0.245	0.721	0.552	0.274	0.286	0.639	0.635	0.060	0.606	0.660	
(1819, 'Barrow', 2024): 0.540	0.275	0.321	0.671	0.580	0.236	0.365	0.666	0.659	0.359	0.346	0.843	0.614	0.390	0.276	0.877	0.538	0.306	0.195	0.731	0.568	0.166	0.425	0.641	0.619	0.037	0.596	0.628	
(1363, 'Crewe', 2024): 0.514	0.257	0.329	0.649	0.570	0.200	0.417	0.657	0.663	0.298	0.456	0.896	0.559	0.404	0.190	0.824	0.502	0.299	0.249	0.665	0.519	0.255	0.305	0.626	0.683	0.000	0.683	0.683	
(1842, 'Harrogate Town', 2024): 0.529	0.217	0.339	0.640	0.541	0.244	0.318	0.644	0.672	0.278	0.493	0.837	0.600	0.405	0.279	0.843	0.521	0.335	0.174	0.693	0.506	0.434	0.195	0.656	0.616	0.042	0.600	0.640	
(1832, 'Bromley', 2024): 0.510	0.274	0.355	0.640	0.541	0.262	0.321	0.648	0.617	0.379	0.330	0.804	0.610	0.379	0.240	0.886	0.523	0.322	0.242	0.795	0.519	0.351	0.239	0.640	0.608	0.071	0.563	0.626	
(1844, 'Salford City', 2024): 0.536	0.261	0.361	0.669	0.568	0.253	0.383	0.688	0.670	0.245	0.505	0.846	0.620	0.371	0.333	0.826	0.551	0.348	0.235	0.794	0.534	0.359	0.259	0.654	0.631	0.031	0.617	0.647	
(1351, 'Port Vale', 2024): 0.534	0.285	0.305	0.670	0.536	0.275	0.344	0.649	0.625	0.408	0.334	0.907	0.619	0.461	0.213	0.875	0.545	0.363	0.238	0.793	0.571	0.226	0.395	0.643	0.648	0.050	0.626	0.674	
(209, 'Feyenoord', 2024): 0.622	0.386	0.364	0.806	0.666	0.282	0.446	0.810	0.730	0.236	0.534	0.875	0.698	0.349	0.418	0.914	0.646	0.389	0.219	0.829	0.645	0.487	0.282	0.838	0.748	0.075	0.703	0.774	
(195, 'Willem II', 2024): 0.598	0.211	0.423	0.705	0.626	0.204	0.448	0.742	0.649	0.274	0.333	0.794	0.625	0.398	0.232	0.878	0.571	0.356	0.259	0.731	0.593	0.235	0.408	0.699	0.677	0.090	0.626	0.717	
(21595, 'AVS', 2024): 0.577	0.347	0.314	0.737	0.610	0.355	0.319	0.775	0.642	0.336	0.369	0.873	0.630	0.354	0.302	0.830	0.581	0.398	0.211	0.776	0.557	0.515	0.193	0.735	0.726	0.063	0.696	0.746	
(225, 'Nacional', 2024): 0.584	0.349	0.314	0.755	0.623	0.330	0.388	0.758	0.674	0.362	0.414	0.915	0.622	0.421	0.255	0.887	0.550	0.401	0.209	0.804	0.555	0.399	0.259	0.692	0.689	0.112	0.636	0.737	
(1004, 'Kasimpasa', 2024): 0.623	0.366	0.293	0.792	0.660	0.324	0.410	0.818	0.685	0.289	0.394	0.918	0.690	0.392	0.244	0.869	0.611	0.403	0.250	0.793	0.609	0.346	0.247	0.742	0.683	0.000	0.683	0.683	
(607, 'Konyaspor', 2024): 0.602	0.367	0.285	0.838	0.628	0.378	0.311	0.812	0.666	0.312	0.366	0.836	0.682	0.368	0.241	0.869	0.596	0.430	0.212	0.789	0.615	0.364	0.308	0.742	0.651	0.191	0.556	0.717	
(54, 'Birmingham', 2024): 0.617	0.312	0.341	0.762	0.642	0.292	0.390	0.752	0.689	0.279	0.416	0.841	0.678	0.387	0.303	0.905	0.612	0.376	0.238	0.819	0.609	0.454	0.207	0.757	0.695	0.053	0.677	0.724	
(53, 'Reading', 2024): 0.553	0.327	0.283	0.677	0.591	0.285	0.364	0.700	0.673	0.235	0.537	0.827	0.616	0.413	0.283	0.865	0.558	0.401	0.233	0.812	0.599	0.240	0.412	0.687	0.646	0.048	0.626	0.665	
(61, 'Wigan', 2024): 0.545	0.271	0.364	0.670	0.586	0.243	0.409	0.673	0.678	0.258	0.509	0.871	0.600	0.408	0.240	0.893	0.551	0.300	0.214	0.697	0.555	0.346	0.311	0.683	0.619	0.106	0.574	0.663	
(1335, 'Charlton', 2024): 0.579	0.270	0.367	0.719	0.593	0.265	0.381	0.701	0.668	0.296	0.404	0.819	0.646	0.365	0.274	0.873	0.567	0.355	0.209	0.767	0.592	0.270	0.363	0.679	0.614	0.073	0.577	0.641	
(748, 'Burton Albion', 2024): 0.523	0.294	0.290	0.653	0.541	0.275	0.320	0.678	0.665	0.310	0.444	0.888	0.597	0.460	0.266	0.872	0.521	0.345	0.246	0.823	0.542	0.254	0.338	0.647	0.644	0.034	0.627	0.655	
(1379, 'Lincoln', 2024): 0.568	0.254	0.327	0.683	0.575	0.267	0.376	0.679	0.658	0.286	0.455	0.866	0.656	0.428	0.202	0.834	0.582	0.393	0.230	0.848	0.585	0.225	0.413	0.677	0.567	0.004	0.566	0.568	
(1334, 'Bristol Rovers', 2024): 0.555	0.254	0.356	0.684	0.582	0.265	0.367	0.692	0.671	0.335	0.415	0.876	0.621	0.379	0.302	0.865	0.560	0.310	0.240	0.735	0.531	0.384	0.218	0.667	0.638	0.059	0.616	0.667	
(1337, 'Northampton', 2024): 0.571	0.252	0.405	0.716	0.601	0.276	0.393	0.738	0.684	0.368	0.337	0.904	0.673	0.402	0.315	0.909	0.578	0.330	0.300	0.793	0.566	0.277	0.324	0.680	0.621	0.040	0.605	0.640	
(1350, 'Peterborough', 2024): 0.532	0.277	0.342	0.671	0.555	0.290	0.342	0.671	0.672	0.329	0.466	0.863	0.585	0.419	0.223	0.899	0.509	0.366	0.232	0.712	0.498	0.432	0.222	0.645	0.616	0.048	0.593	0.636	
(37, 'Huddersfield', 2024): 0.570	0.247	0.364	0.697	0.587	0.283	0.352	0.709	0.669	0.305	0.418	0.856	0.641	0.366	0.270	0.866	0.570	0.370	0.185	0.754	0.609	0.201	0.434	0.703	0.630	0.070	0.596	0.663	
(1362, 'Crawley Town', 2024): 0.523	0.297	0.279	0.665	0.545	0.303	0.299	0.679	0.685	0.300	0.491	0.891	0.589	0.398	0.262	0.831	0.526	0.339	0.258	0.810	0.554	0.236	0.364	0.654	0.644	0.041	0.622	0.662	
(1356, 'Blackpool', 2024): 0.585	0.252	0.349	0.710	0.584	0.324	0.364	0.710	0.662	0.269	0.459	0.873	0.625	0.439	0.239	0.832	0.554	0.392	0.182	0.753	0.595	0.355	0.267	0.694	0.616	0.037	0.595	0.627	
(1364, 'Exeter City', 2024): 0.543	0.265	0.321	0.711	0.562	0.274	0.359	0.686	0.653	0.331	0.416	0.875	0.603	0.401	0.271	0.851	0.545	0.336	0.205	0.760	0.541	0.404	0.236	0.655	0.598	0.087	0.556	0.636	
(73, 'Rotherham', 2024): 0.578	0.272	0.347	0.710	0.586	0.302	0.360	0.699	0.689	0.308	0.406	0.922	0.662	0.355	0.309	0.831	0.581	0.407	0.185	0.806	0.594	0.420	0.238	0.714	0.661	0.047	0.634	0.678	
(1368, 'Stevenage', 2024): 0.557	0.236	0.372	0.699	0.588	0.239	0.381	0.693	0.691	0.345	0.352	0.899	0.654	0.416	0.267	0.917	0.565	0.413	0.141	0.880	0.561	0.370	0.266	0.686	0.627	0.060	0.601	0.653	
(1352, 'Shrewsbury', 2024): 0.561	0.227	0.370	0.677	0.583	0.201	0.430	0.669	0.653	0.327	0.355	0.838	0.644	0.449	0.230	0.916	0.565	0.307	0.288	0.787	0.578	0.205	0.391	0.654	0.620	0.061	0.589	0.648	
(1373, 'Leyton Orient', 2024): 0.545	0.259	0.294	0.674	0.556	0.287	0.335	0.662	0.654	0.341	0.385	0.846	0.636	0.408	0.270	0.899	0.548	0.370	0.209	0.740	0.546	0.378	0.267	0.659	0.644	0.020	0.632	0.651	
(68, 'Bolton', 2024): 0.587	0.243	0.374	0.726	0.598	0.261	0.413	0.712	0.724	0.338	0.398	0.917	0.661	0.413	0.237	0.925	0.584	0.362	0.186	0.814	0.584	0.281	0.359	0.680	0.681	0.087	0.631	0.709	
(1837, 'Wrexham', 2024): 0.584	0.246	0.398	0.709	0.596	0.259	0.377	0.707	0.638	0.345	0.334	0.838	0.664	0.372	0.223	0.916	0.592	0.380	0.233	0.887	0.619	0.178	0.496	0.726	0.642	0.048	0.620	0.662	
(1358, 'Wycombe', 2024): 0.584	0.218	0.426	0.691	0.615	0.203	0.435	0.701	0.665	0.354	0.335	0.860	0.657	0.416	0.192	0.872	0.569	0.343	0.268	0.791	0.583	0.252	0.376	0.710	0.628	0.019	0.617	0.633	
(4686, 'Stockport County', 2024): 0.573	0.263	0.327	0.708	0.574	0.309	0.344	0.723	0.697	0.390	0.445	0.919	0.671	0.363	0.340	0.899	0.569	0.371	0.190	0.782	0.538	0.405	0.234	0.676	0.638	0.021	0.626	0.646	
(1370, 'Cambridge United', 2024): 0.547	0.263	0.355	0.664	0.564	0.253	0.336	0.660	0.641	0.373	0.343	0.896	0.636	0.363	0.289	0.848	0.558	0.346	0.187	0.758	0.595	0.164	0.434	0.654	0.623	0.041	0.603	0.639	
(413, 'NEC Nijmegen', 2024): 0.601	0.298	0.393	0.787	0.642	0.321	0.345	0.783	0.671	0.338	0.421	0.844	0.637	0.385	0.321	0.847	0.593	0.418	0.128	0.777	0.605	0.395	0.305	0.766	0.656	0.058	0.634	0.688	
(415, 'Twente', 2024): 0.628	0.395	0.289	0.818	0.655	0.315	0.401	0.792	0.706	0.252	0.466	0.882	0.654	0.398	0.258	0.869	0.619	0.399	0.251	0.834	0.588	0.439	0.298	0.774	0.771	0.168	0.663	0.822	
(4716, 'Casa Pia', 2024): 0.593	0.308	0.364	0.782	0.608	0.292	0.390	0.747	0.653	0.361	0.365	0.844	0.637	0.431	0.269	0.909	0.572	0.426	0.202	0.808	0.623	0.328	0.356	0.777	0.684	0.124	0.624	0.749	
(222, 'Boavista', 2024): 0.569	0.381	0.286	0.737	0.624	0.274	0.420	0.747	0.672	0.290	0.465	0.909	0.661	0.345	0.253	0.817	0.592	0.378	0.239	0.803	0.657	0.177	0.547	0.764	0.651	0.032	0.635	0.666	
(419, 'Almere City FC', 2024): 0.573	0.300	0.339	0.739	0.600	0.348	0.347	0.787	0.675	0.320	0.436	0.872	0.613	0.403	0.229	0.825	0.542	0.414	0.204	0.746	0.499	0.536	0.194	0.718	0.668	0.069	0.636	0.706	
(201, 'AZ Alkmaar', 2024): 0.601	0.368	0.341	0.822	0.650	0.310	0.424	0.833	0.703	0.285	0.470	0.907	0.656	0.357	0.289	0.919	0.584	0.387	0.231	0.781	0.652	0.279	0.405	0.773	0.677	0.078	0.646	0.714	
(611, 'Fenerbahce', 2024): 0.707	0.350	0.415	0.891	0.744	0.305	0.453	0.893	0.749	0.332	0.456	0.943	0.742	0.360	0.354	0.940	0.676	0.449	0.259	0.888	0.655	0.478	0.255	0.812	0.788	0.144	0.715	0.859	
(3563, 'Adana Demirspor', 2024): 0.567	0.317	0.280	0.718	0.598	0.313	0.311	0.765	0.669	0.316	0.450	0.881	0.624	0.390	0.282	0.851	0.532	0.455	0.169	0.778	0.528	0.494	0.239	0.732	0.570	0.107	0.509	0.636	
(1005, 'Antalyaspor', 2024): 0.611	0.307	0.384	0.780	0.639	0.328	0.403	0.806	0.696	0.289	0.476	0.869	0.666	0.372	0.182	0.876	0.597	0.367	0.241	0.795	0.548	0.403	0.253	0.704	0.658	0.089	0.607	0.686	
(994, 'Goztepe', 2024): 0.579	0.332	0.360	0.780	0.613	0.290	0.369	0.755	0.656	0.287	0.424	0.847	0.639	0.404	0.253	0.869	0.556	0.354	0.227	0.742	0.609	0.240	0.396	0.727	0.724	0.081	0.676	0.749	
(197, 'PSV Eindhoven', 2024): 0.691	0.322	0.426	0.908	0.702	0.335	0.343	0.867	0.732	0.313	0.432	0.895	0.722	0.307	0.384	0.904	0.673	0.360	0.317	0.875	0.630	0.348	0.384	0.820	0.787	0.100	0.727	0.828	
(417, 'Waalwijk', 2024): 0.582	0.262	0.404	0.733	0.595	0.231	0.436	0.696	0.663	0.285	0.407	0.857	0.627	0.370	0.285	0.863	0.554	0.376	0.216	0.762	0.572	0.320	0.328	0.692	0.661	0.050	0.636	0.686	
(212, 'FC Porto', 2024): 0.650	0.363	0.346	0.824	0.696	0.307	0.440	0.834	0.672	0.372	0.376	0.926	0.660	0.499	0.162	0.905	0.622	0.513	0.180	0.860	0.669	0.430	0.308	0.808	0.828	0.083	0.783	0.869	
(762, 'GIL Vicente', 2024): 0.561	0.399	0.323	0.765	0.609	0.348	0.331	0.757	0.668	0.372	0.396	0.892	0.614	0.434	0.273	0.827	0.575	0.376	0.242	0.767	0.572	0.456	0.283	0.758	0.683	0.000	0.683	0.683	
(426, 'Sparta Rotterdam', 2024): 0.599	0.357	0.351	0.866	0.604	0.336	0.348	0.742	0.682	0.334	0.411	0.913	0.641	0.458	0.216	0.924	0.578	0.386	0.258	0.785	0.574	0.337	0.291	0.717	0.746	0.182	0.639	0.820	
(206, 'Heracles', 2024): 0.566	0.360	0.283	0.783	0.573	0.363	0.273	0.716	0.658	0.313	0.378	0.840	0.638	0.382	0.253	0.874	0.574	0.359	0.205	0.715	0.519	0.443	0.192	0.688	0.671	0.059	0.636	0.697	
(207, 'Utrecht', 2024): 0.591	0.287	0.376	0.747	0.620	0.314	0.371	0.743	0.693	0.326	0.342	0.873	0.638	0.401	0.282	0.897	0.586	0.368	0.251	0.771	0.586	0.420	0.227	0.741	0.686	0.005	0.684	0.689	
(193, 'PEC Zwolle', 2024): 0.571	0.347	0.294	0.755	0.624	0.320	0.323	0.778	0.688	0.288	0.455	0.896	0.635	0.422	0.273	0.894	0.564	0.392	0.267	0.774	0.553	0.347	0.273	0.686	0.674	0.112	0.626	0.737	
(410, 'GO Ahead Eagles', 2024): 0.582	0.305	0.359	0.696	0.622	0.266	0.397	0.749	0.662	0.277	0.433	0.824	0.636	0.418	0.250	0.897	0.545	0.471	0.125	0.784	0.557	0.461	0.272	0.747	0.642	0.078	0.606	0.677	
(205, 'Fortuna Sittard', 2024): 0.600	0.290	0.310	0.740	0.634	0.355	0.340	0.821	0.661	0.291	0.396	0.836	0.651	0.426	0.234	0.887	0.575	0.426	0.185	0.778	0.552	0.528	0.235	0.747	0.694	0.055	0.665	0.714	
(230, 'Estoril', 2024): 0.572	0.378	0.295	0.817	0.597	0.412	0.321	0.791	0.651	0.306	0.374	0.850	0.609	0.427	0.248	0.850	0.553	0.422	0.176	0.788	0.584	0.442	0.198	0.741	0.744	0.070	0.716	0.776	
(227, 'Santa Clara', 2024): 0.580	0.342	0.335	0.732	0.611	0.274	0.395	0.723	0.647	0.262	0.458	0.838	0.606	0.402	0.246	0.826	0.573	0.372	0.246	0.755	0.603	0.462	0.213	0.756	0.723	0.106	0.682	0.788	
(194, 'Ajax', 2024): 0.671	0.361	0.380	0.860	0.681	0.378	0.405	0.860	0.693	0.325	0.408	0.884	0.666	0.446	0.286	0.889	0.644	0.418	0.291	0.852	0.639	0.441	0.294	0.806	0.742	0.113	0.687	0.780	
(210, 'Heerenveen', 2024): 0.571	0.309	0.343	0.745	0.590	0.294	0.397	0.737	0.661	0.347	0.332	0.870	0.622	0.398	0.279	0.866	0.571	0.379	0.193	0.739	0.587	0.316	0.333	0.733	0.684	0.084	0.641	0.720	
(74, 'Sheffield Wednesday', 2024): 0.607	0.287	0.381	0.746	0.625	0.324	0.346	0.767	0.702	0.349	0.426	0.927	0.661	0.376	0.286	0.882	0.605	0.357	0.177	0.786	0.567	0.477	0.241	0.741	0.686	0.031	0.671	0.701	
(1357, 'Plymouth', 2024): 0.599	0.290	0.327	0.753	0.630	0.256	0.417	0.757	0.720	0.313	0.508	0.934	0.656	0.340	0.299	0.859	0.590	0.386	0.180	0.787	0.586	0.364	0.309	0.715	0.674	0.078	0.630	0.695	
(1002, 'Sivasspor', 2024): 0.630	0.246	0.429	0.777	0.650	0.276	0.408	0.756	0.668	0.320	0.329	0.872	0.655	0.366	0.285	0.863	0.573	0.428	0.162	0.768	0.573	0.435	0.220	0.715	0.662	0.098	0.605	0.699	
(998, 'Trabzonspor', 2024): 0.669	0.329	0.361	0.840	0.689	0.305	0.412	0.850	0.708	0.276	0.475	0.896	0.711	0.357	0.343	0.905	0.634	0.408	0.186	0.834	0.622	0.454	0.250	0.786	0.773	0.068	0.744	0.808	
(231, 'Farense', 2024): 0.608	0.253	0.412	0.756	0.636	0.243	0.444	0.737	0.655	0.337	0.441	0.880	0.639	0.398	0.310	0.914	0.567	0.450	0.195	0.788	0.555	0.466	0.255	0.786	0.687	0.113	0.626	0.743	
(215, 'Moreirense', 2024): 0.569	0.299	0.374	0.723	0.577	0.309	0.396	0.753	0.699	0.255	0.491	0.879	0.626	0.467	0.202	0.844	0.550	0.454	0.154	0.756	0.679	0.185	0.556	0.763	0.716	0.122	0.662	0.753	
(242, 'Famalicao', 2024): 0.591	0.376	0.283	0.788	0.643	0.323	0.323	0.818	0.663	0.292	0.434	0.833	0.628	0.459	0.229	0.816	0.588	0.431	0.224	0.790	0.621	0.463	0.238	0.751	0.664	0.065	0.624	0.685	
(211, 'Benfica', 2024): 0.659	0.442	0.341	0.873	0.740	0.353	0.447	0.912	0.752	0.275	0.554	0.927	0.724	0.440	0.222	0.925	0.689	0.465	0.253	0.895	0.669	0.453	0.247	0.842	0.790	0.131	0.727	0.848	
(996, 'Alanyaspor', 2024): 0.597	0.325	0.352	0.753	0.623	0.322	0.363	0.780	0.691	0.279	0.498	0.924	0.660	0.382	0.287	0.869	0.596	0.358	0.210	0.776	0.592	0.434	0.218	0.730	0.665	0.062	0.626	0.687	
(3588, 'Eyüpspor', 2024): 0.640	0.300	0.367	0.782	0.659	0.262	0.427	0.794	0.709	0.218	0.555	0.876	0.694	0.259	0.444	0.829	0.634	0.410	0.165	0.841	0.534	0.548	0.202	0.746	0.689	0.069	0.668	0.729	
(3603, 'Samsunspor', 2024): 0.608	0.313	0.354	0.758	0.660	0.258	0.414	0.773	0.702	0.262	0.554	0.917	0.659	0.456	0.222	0.849	0.601	0.380	0.220	0.788	0.616	0.258	0.389	0.713	0.694	0.136	0.629	0.743	
(549, 'Besiktas', 2024): 0.684	0.311	0.470	0.842	0.720	0.322	0.463	0.869	0.744	0.325	0.466	0.949	0.722	0.384	0.294	0.902	0.671	0.438	0.261	0.880	0.640	0.521	0.261	0.814	0.761	0.043	0.740	0.782	
(217, 'SC Braga', 2024): 0.641	0.345	0.403	0.835	0.681	0.361	0.411	0.832	0.739	0.315	0.422	0.907	0.666	0.407	0.276	0.857	0.615	0.427	0.170	0.842	0.555	0.599	0.180	0.798	0.639	0.005	0.636	0.641	
(15130, 'Estrela', 2024): 0.601	0.322	0.364	0.770	0.639	0.335	0.364	0.789	0.655	0.303	0.360	0.814	0.669	0.372	0.285	0.858	0.595	0.394	0.238	0.787	0.604	0.370	0.293	0.736	0.691	0.104	0.646	0.737	
(1007, 'Rizespor', 2024): 0.582	0.339	0.266	0.771	0.619	0.357	0.360	0.799	0.705	0.243	0.522	0.891	0.639	0.425	0.244	0.878	0.569	0.423	0.201	0.792	0.541	0.397	0.269	0.712	0.726	0.057	0.699	0.751	
(564, 'Istanbul Basaksehir', 2024): 0.645	0.247	0.460	0.774	0.677	0.292	0.437	0.828	0.703	0.240	0.509	0.859	0.703	0.368	0.258	0.896	0.624	0.440	0.204	0.828	0.612	0.435	0.265	0.785	0.684	0.056	0.658	0.711	
(3583, 'BB Bodrumspor', 2024): 0.540	0.295	0.367	0.699	0.575	0.294	0.385	0.722	0.622	0.276	0.404	0.812	0.601	0.401	0.279	0.832	0.530	0.383	0.232	0.793	0.528	0.461	0.251	0.717	0.668	0.088	0.621	0.704	
(3573, 'Gazişehir Gaziantep', 2024): 0.614	0.296	0.368	0.785	0.642	0.349	0.348	0.814	0.706	0.352	0.432	0.907	0.659	0.389	0.287	0.879	0.592	0.397	0.218	0.847	0.606	0.375	0.290	0.735	0.694	0.047	0.674	0.716	
(1359, 'Luton', 2024): 0.644	0.279	0.398	0.773	0.651	0.307	0.416	0.764	0.680	0.299	0.460	0.880	0.683	0.372	0.271	0.888	0.621	0.367	0.305	0.836	0.655	0.223	0.469	0.761	0.742	0.071	0.703	0.773	
(44, 'Burnley', 2024): 0.635	0.290	0.392	0.783	0.682	0.233	0.438	0.773	0.698	0.312	0.333	0.898	0.674	0.416	0.231	0.903	0.608	0.450	0.251	0.852	0.620	0.482	0.243	0.771	0.709	0.043	0.697	0.736	
(240, 'Arouca', 2024): 0.611	0.307	0.333	0.772	0.652	0.292	0.415	0.776	0.692	0.297	0.467	0.896	0.653	0.369	0.237	0.884	0.608	0.357	0.208	0.787	0.629	0.319	0.339	0.737	0.693	0.056	0.667	0.717	
(224, 'Guimaraes', 2024): 0.616	0.343	0.310	0.768	0.653	0.336	0.357	0.807	0.688	0.367	0.341	0.908	0.639	0.414	0.257	0.877	0.608	0.410	0.237	0.798	0.659	0.192	0.473	0.767	0.721	0.108	0.666	0.768	
(531, 'Athletic Club', 2024): 0.694	0.321	0.438	0.843	0.724	0.331	0.456	0.889	0.772	0.308	0.503	0.949	0.720	0.357	0.327	0.887	0.676	0.450	0.292	0.875	0.649	0.570	0.250	0.850	0.752	0.064	0.723	0.781	
(546, 'Getafe', 2024): 0.593	0.445	0.240	0.788	0.645	0.392	0.345	0.822	0.685	0.271	0.439	0.852	0.703	0.350	0.320	0.859	0.638	0.439	0.215	0.855	0.692	0.342	0.416	0.812	0.796	0.094	0.737	0.828	
(715, 'Granada CF', 2024): 0.626	0.377	0.288	0.799	0.660	0.330	0.370	0.817	0.678	0.396	0.333	0.889	0.637	0.455	0.214	0.865	0.584	0.455	0.216	0.806	0.590	0.461	0.241	0.724	0.684	0.039	0.665	0.698	
(722, 'Albacete', 2024): 0.589	0.394	0.297	0.782	0.616	0.282	0.346	0.731	0.661	0.225	0.436	0.813	0.617	0.380	0.274	0.888	0.573	0.380	0.223	0.787	0.584	0.411	0.253	0.717	0.685	0.043	0.672	0.710	
(543, 'Real Betis', 2024): 0.664	0.383	0.339	0.834	0.718	0.327	0.459	0.845	0.721	0.267	0.519	0.885	0.699	0.340	0.318	0.885	0.664	0.461	0.167	0.878	0.668	0.499	0.257	0.814	0.789	0.095	0.746	0.830	
(547, 'Girona', 2024): 0.683	0.389	0.346	0.845	0.706	0.330	0.448	0.837	0.704	0.385	0.348	0.891	0.698	0.373	0.327	0.874	0.685	0.414	0.246	0.896	0.669	0.507	0.250	0.841	0.817	0.026	0.804	0.829	
(538, 'Celta Vigo', 2024): 0.645	0.447	0.228	0.888	0.659	0.377	0.383	0.867	0.691	0.262	0.483	0.861	0.655	0.435	0.214	0.863	0.622	0.442	0.323	0.914	0.645	0.417	0.315	0.813	0.774	0.023	0.764	0.783	
(542, 'Alaves', 2024): 0.619	0.383	0.335	0.793	0.629	0.374	0.322	0.794	0.661	0.356	0.340	0.856	0.646	0.402	0.267	0.874	0.607	0.458	0.201	0.825	0.626	0.536	0.247	0.793	0.759	0.043	0.738	0.779	
(799, 'Mirandes', 2024): 0.553	0.343	0.314	0.717	0.576	0.333	0.314	0.724	0.669	0.298	0.457	0.859	0.585	0.350	0.273	0.782	0.530	0.411	0.119	0.754	0.596	0.273	0.383	0.707	0.695	0.035	0.677	0.707	
(713, 'Cordoba', 2024): 0.535	0.344	0.299	0.706	0.577	0.271	0.358	0.705	0.639	0.296	0.404	0.821	0.607	0.358	0.273	0.800	0.533	0.371	0.207	0.753	0.545	0.433	0.281	0.693	0.624	0.098	0.589	0.663	
(87, 'Amiens', 2024): 0.572	0.349	0.283	0.758	0.620	0.272	0.385	0.725	0.680	0.346	0.392	0.919	0.598	0.486	0.194	0.895	0.561	0.375	0.207	0.800	0.605	0.284	0.394	0.718	0.682	0.056	0.657	0.708	
(104, 'RED Star FC 93', 2024): 0.558	0.284	0.320	0.708	0.602	0.242	0.354	0.720	0.666	0.278	0.446	0.863	0.606	0.396	0.242	0.878	0.544	0.385	0.185	0.776	0.562	0.343	0.271	0.691	0.642	0.065	0.610	0.673	
(90, 'Guingamp', 2024): 0.571	0.277	0.361	0.691	0.592	0.299	0.381	0.727	0.654	0.386	0.323	0.905	0.598	0.471	0.199	0.839	0.554	0.372	0.182	0.723	0.580	0.346	0.280	0.691	0.669	0.052	0.646	0.697	
(110, 'Estac Troyes', 2024): 0.583	0.263	0.407	0.710	0.616	0.292	0.385	0.753	0.674	0.279	0.458	0.854	0.612	0.395	0.251	0.879	0.546	0.418	0.178	0.715	0.559	0.485	0.190	0.717	0.658	0.058	0.625	0.686	
(98, 'Ajaccio', 2024): 0.576	0.278	0.355	0.710	0.593	0.304	0.395	0.734	0.654	0.332	0.390	0.880	0.621	0.430	0.164	0.878	0.543	0.386	0.183	0.730	0.565	0.396	0.253	0.703	0.670	0.045	0.652	0.693	
(1301, 'Rodez', 2024): 0.521	0.308	0.306	0.687	0.560	0.330	0.367	0.697	0.689	0.349	0.398	0.898	0.597	0.409	0.231	0.823	0.518	0.370	0.143	0.708	0.555	0.487	0.191	0.697	0.674	0.037	0.659	0.694	
(99, 'Clermont Foot', 2024): 0.544	0.394	0.254	0.742	0.566	0.412	0.282	0.752	0.641	0.320	0.380	0.828	0.590	0.406	0.249	0.860	0.559	0.442	0.182	0.810	0.576	0.528	0.160	0.769	0.664	0.078	0.631	0.701	
(1297, 'PAU', 2024): 0.581	0.303	0.316	0.716	0.586	0.321	0.367	0.717	0.658	0.327	0.412	0.897	0.620	0.387	0.290	0.878	0.548	0.392	0.182	0.761	0.533	0.513	0.194	0.721	0.686	0.067	0.648	0.712	
(101, 'Grenoble', 2024): 0.620	0.259	0.362	0.758	0.621	0.351	0.331	0.747	0.649	0.299	0.408	0.843	0.662	0.401	0.331	0.908	0.571	0.406	0.119	0.741	0.603	0.306	0.340	0.723	0.626	0.102	0.588	0.681	
(433, 'Laval', 2024): 0.578	0.388	0.263	0.790	0.588	0.318	0.347	0.727	0.639	0.305	0.383	0.825	0.624	0.424	0.275	0.895	0.546	0.422	0.147	0.742	0.591	0.382	0.259	0.697	0.697	0.033	0.677	0.706	
(1304, 'Dunkerque', 2024): 0.552	0.343	0.299	0.724	0.581	0.322	0.326	0.722	0.638	0.357	0.370	0.859	0.605	0.436	0.203	0.902	0.555	0.347	0.228	0.783	0.523	0.401	0.236	0.720	0.661	0.092	0.614	0.706	
(3012, 'Annecy', 2024): 0.559	0.306	0.333	0.719	0.592	0.259	0.368	0.689	0.636	0.294	0.403	0.847	0.611	0.400	0.223	0.858	0.534	0.403	0.168	0.737	0.550	0.416	0.230	0.691	0.679	0.070	0.646	0.707	
(518, 'Brescia', 2024): 0.581	0.305	0.269	0.728	0.589	0.380	0.248	0.746	0.678	0.261	0.415	0.840	0.642	0.320	0.356	0.830	0.570	0.340	0.247	0.742	0.589	0.414	0.316	0.742	0.679	0.101	0.619	0.713	
(522, 'Palermo', 2024): 0.667	0.234	0.471	0.800	0.679	0.268	0.449	0.797	0.688	0.376	0.361	0.872	0.706	0.314	0.376	0.904	0.621	0.394	0.233	0.818	0.652	0.198	0.484	0.735	0.689	0.075	0.658	0.727	
(111, 'LE Havre', 2024): 0.604	0.288	0.395	0.778	0.632	0.327	0.411	0.794	0.642	0.436	0.316	0.853	0.663	0.389	0.251	0.875	0.612	0.395	0.194	0.757	0.631	0.422	0.286	0.758	0.734	0.058	0.714	0.764	
(85, 'Paris Saint Germain', 2024): 0.713	0.319	0.440	0.877	0.762	0.302	0.520	0.891	0.782	0.281	0.527	0.943	0.722	0.393	0.297	0.927	0.707	0.424	0.338	0.890	0.707	0.433	0.383	0.890	0.832	0.158	0.740	0.884	
(33, 'Manchester United', 2024): 0.709	0.364	0.424	0.899	0.749	0.332	0.447	0.906	0.747	0.364	0.422	0.925	0.749	0.341	0.416	0.960	0.710	0.487	0.219	0.949	0.668	0.638	0.214	0.875	0.827	0.133	0.758	0.879	
(36, 'Fulham', 2024): 0.684	0.344	0.377	0.823	0.726	0.333	0.404	0.866	0.722	0.315	0.421	0.930	0.711	0.356	0.358	0.909	0.675	0.376	0.353	0.898	0.624	0.457	0.325	0.797	0.817	0.091	0.768	0.852	
(534, 'Las Palmas', 2024): 0.644	0.329	0.410	0.810	0.695	0.340	0.403	0.847	0.727	0.281	0.448	0.902	0.706	0.334	0.359	0.889	0.655	0.418	0.168	0.840	0.632	0.413	0.299	0.783	0.749	0.043	0.724	0.765	
(536, 'Sevilla', 2024): 0.683	0.294	0.405	0.837	0.707	0.331	0.370	0.857	0.700	0.335	0.424	0.915	0.700	0.382	0.255	0.897	0.644	0.476	0.199	0.854	0.678	0.415	0.323	0.810	0.736	0.075	0.695	0.769	
(724, 'Cadiz', 2024): 0.643	0.372	0.251	0.819	0.677	0.272	0.454	0.808	0.671	0.348	0.384	0.888	0.679	0.416	0.266	0.918	0.628	0.436	0.251	0.869	0.594	0.493	0.232	0.769	0.719	0.038	0.697	0.731	
(732, 'Zaragoza', 2024): 0.598	0.353	0.346	0.785	0.632	0.349	0.378	0.853	0.691	0.233	0.522	0.892	0.651	0.405	0.254	0.892	0.578	0.401	0.228	0.807	0.588	0.466	0.266	0.787	0.684	0.091	0.633	0.725	
(57, 'Ipswich', 2024): 0.653	0.230	0.487	0.788	0.662	0.291	0.409	0.780	0.734	0.301	0.478	0.925	0.685	0.420	0.233	0.874	0.630	0.365	0.236	0.816	0.637	0.365	0.370	0.769	0.761	0.064	0.732	0.792	
(40, 'Liverpool', 2024): 0.767	0.271	0.557	0.916	0.797	0.246	0.554	0.904	0.783	0.307	0.448	0.939	0.784	0.337	0.306	0.944	0.744	0.412	0.298	0.929	0.744	0.394	0.441	0.919	0.827	0.053	0.806	0.852	
(88, 'Caen', 2024): 0.578	0.374	0.297	0.775	0.604	0.320	0.328	0.741	0.653	0.404	0.323	0.909	0.629	0.460	0.247	0.922	0.566	0.391	0.215	0.777	0.590	0.412	0.247	0.739	0.679	0.095	0.636	0.717	
(114, 'Paris FC', 2024): 0.615	0.318	0.332	0.800	0.652	0.329	0.389	0.802	0.699	0.322	0.440	0.935	0.629	0.403	0.245	0.842	0.591	0.444	0.121	0.785	0.570	0.513	0.153	0.706	0.666	0.103	0.617	0.710	
(34, 'Newcastle', 2024): 0.721	0.294	0.476	0.879	0.752	0.337	0.388	0.884	0.732	0.416	0.314	0.925	0.748	0.352	0.299	0.912	0.726	0.369	0.381	0.898	0.736	0.325	0.470	0.848	0.814	0.096	0.756	0.850	
(41, 'Southampton', 2024): 0.648	0.333	0.326	0.802	0.685	0.258	0.474	0.789	0.713	0.317	0.371	0.870	0.668	0.423	0.231	0.882	0.644	0.409	0.241	0.807	0.695	0.241	0.461	0.767	0.777	0.089	0.734	0.815	
(42, 'Arsenal', 2024): 0.762	0.323	0.479	0.900	0.800	0.266	0.536	0.907	0.751	0.382	0.380	0.928	0.749	0.431	0.235	0.923	0.725	0.480	0.234	0.905	0.755	0.426	0.420	0.891	0.843	0.061	0.825	0.875	
(39, 'Wolves', 2024): 0.665	0.324	0.436	0.818	0.697	0.324	0.384	0.848	0.723	0.333	0.426	0.874	0.719	0.360	0.322	0.902	0.675	0.401	0.263	0.833	0.711	0.344	0.400	0.796	0.774	0.119	0.703	0.812	
(45, 'Everton', 2024): 0.663	0.348	0.354	0.864	0.689	0.307	0.463	0.834	0.697	0.339	0.402	0.859	0.711	0.335	0.341	0.914	0.663	0.425	0.303	0.872	0.688	0.450	0.318	0.838	0.839	0.118	0.784	0.885	
(51, 'Brighton', 2024): 0.664	0.358	0.399	0.813	0.681	0.357	0.420	0.882	0.715	0.381	0.400	0.929	0.695	0.329	0.370	0.885	0.651	0.491	0.170	0.860	0.652	0.504	0.295	0.831	0.762	0.101	0.719	0.815	
(65, 'Nottingham Forest', 2024): 0.685	0.294	0.466	0.871	0.704	0.305	0.453	0.861	0.713	0.389	0.339	0.911	0.730	0.317	0.404	0.916	0.667	0.407	0.256	0.857	0.671	0.391	0.380	0.818	0.777	0.045	0.758	0.798	
(35, 'Bournemouth', 2024): 0.671	0.304	0.434	0.822	0.698	0.340	0.396	0.826	0.740	0.307	0.452	0.897	0.698	0.352	0.327	0.906	0.640	0.456	0.150	0.843	0.623	0.553	0.208	0.800	0.788	0.086	0.758	0.828	
(106, 'Stade Brestois 29', 2024): 0.669	0.309	0.411	0.806	0.686	0.325	0.428	0.818	0.687	0.362	0.347	0.912	0.698	0.381	0.285	0.937	0.658	0.391	0.254	0.828	0.675	0.309	0.404	0.786	0.764	0.098	0.710	0.800	
(81, 'Marseille', 2024): 0.701	0.243	0.510	0.855	0.731	0.240	0.522	0.844	0.725	0.274	0.508	0.871	0.741	0.329	0.386	0.921	0.681	0.403	0.257	0.888	0.661	0.511	0.273	0.839	0.799	0.049	0.772	0.818	
(545, 'Eibar', 2024): 0.630	0.255	0.428	0.750	0.650	0.250	0.447	0.784	0.665	0.324	0.402	0.894	0.662	0.338	0.302	0.884	0.578	0.462	0.176	0.816	0.546	0.502	0.219	0.729	0.672	0.073	0.635	0.707	
(5254, 'Castellón', 2024): 0.581	0.373	0.261	0.723	0.599	0.270	0.325	0.723	0.662	0.274	0.463	0.847	0.677	0.321	0.243	0.902	0.592	0.340	0.226	0.798	0.554	0.315	0.284	0.683	0.663	0.078	0.626	0.707	
(9409, 'Racing Ferrol', 2024): 0.620	0.309	0.329	0.743	0.649	0.271	0.377	0.778	0.683	0.286	0.481	0.897	0.648	0.419	0.217	0.904	0.575	0.396	0.201	0.762	0.556	0.364	0.298	0.740	0.683	0.000	0.683	0.683	
(535, 'Malaga', 2024): 0.558	0.329	0.335	0.727	0.607	0.290	0.382	0.738	0.666	0.294	0.464	0.851	0.592	0.414	0.204	0.818	0.560	0.385	0.217	0.753	0.577	0.393	0.306	0.709	0.679	0.097	0.626	0.727	
(1001, 'Kayserispor', 2024): 0.588	0.324	0.297	0.756	0.627	0.310	0.379	0.786	0.680	0.223	0.479	0.836	0.656	0.304	0.330	0.809	0.590	0.356	0.222	0.737	0.571	0.412	0.245	0.703	0.665	0.110	0.605	0.707	
(48, 'West Ham', 2024): 0.727	0.301	0.448	0.854	0.723	0.321	0.446	0.887	0.713	0.413	0.380	0.929	0.744	0.327	0.419	0.932	0.699	0.388	0.295	0.886	0.715	0.443	0.337	0.893	0.777	0.106	0.714	0.810	
(66, 'Aston Villa', 2024): 0.706	0.342	0.411	0.865	0.730	0.341	0.432	0.877	0.731	0.322	0.409	0.915	0.747	0.350	0.331	0.929	0.708	0.406	0.306	0.873	0.726	0.393	0.368	0.851	0.857	0.049	0.835	0.879	
(495, 'Genoa', 2024): 0.616	0.403	0.351	0.822	0.668	0.354	0.382	0.856	0.664	0.307	0.436	0.820	0.657	0.476	0.198	0.910	0.604	0.464	0.154	0.845	0.694	0.200	0.531	0.763	0.712	0.116	0.648	0.752	
(505, 'Inter', 2024): 0.772	0.275	0.525	0.927	0.783	0.305	0.416	0.895	0.779	0.317	0.453	0.922	0.791	0.303	0.461	0.955	0.745	0.420	0.256	0.922	0.793	0.193	0.660	0.890	0.858	0.075	0.831	0.903	
(523, 'Parma', 2024): 0.654	0.242	0.441	0.771	0.678	0.298	0.392	0.794	0.700	0.352	0.424	0.920	0.691	0.386	0.303	0.889	0.602	0.395	0.234	0.785	0.628	0.378	0.318	0.743	0.709	0.094	0.672	0.761	
(502, 'Fiorentina', 2024): 0.701	0.280	0.442	0.822	0.716	0.324	0.443	0.842	0.735	0.301	0.439	0.893	0.712	0.386	0.254	0.919	0.672	0.423	0.251	0.848	0.707	0.230	0.531	0.808	0.804	0.185	0.702	0.869	
(93, 'Reims', 2024): 0.617	0.361	0.339	0.785	0.640	0.375	0.378	0.801	0.721	0.326	0.430	0.921	0.668	0.387	0.323	0.929	0.623	0.416	0.154	0.818	0.606	0.437	0.244	0.758	0.762	0.058	0.733	0.788	
(79, 'Lille', 2024): 0.657	0.381	0.325	0.830	0.693	0.311	0.428	0.836	0.713	0.364	0.355	0.914	0.698	0.380	0.260	0.914	0.648	0.464	0.158	0.863	0.625	0.562	0.218	0.808	0.790	0.106	0.727	0.832	
(727, 'Osasuna', 2024): 0.663	0.410	0.330	0.870	0.687	0.376	0.370	0.828	0.665	0.315	0.345	0.849	0.685	0.400	0.293	0.870	0.623	0.428	0.244	0.822	0.678	0.367	0.379	0.824	0.683	0.000	0.683	0.683	
(537, 'Leganes', 2024): 0.631	0.380	0.277	0.808	0.654	0.348	0.384	0.827	0.666	0.317	0.316	0.848	0.656	0.425	0.248	0.869	0.630	0.408	0.179	0.828	0.612	0.535	0.219	0.820	0.766	0.049	0.741	0.788	
(544, 'Deportivo La Coruna', 2024): 0.624	0.355	0.342	0.767	0.659	0.321	0.395	0.825	0.692	0.314	0.364	0.927	0.639	0.408	0.207	0.852	0.589	0.469	0.213	0.795	0.508	0.644	0.189	0.754	0.747	0.084	0.703	0.786	
(718, 'Oviedo', 2024): 0.660	0.291	0.381	0.822	0.704	0.307	0.477	0.852	0.712	0.305	0.520	0.914	0.674	0.344	0.295	0.875	0.627	0.410	0.219	0.865	0.541	0.539	0.183	0.738	0.731	0.038	0.714	0.747	
(508, 'Bari', 2024): 0.592	0.297	0.375	0.739	0.614	0.282	0.329	0.743	0.670	0.393	0.327	0.925	0.624	0.466	0.212	0.846	0.563	0.390	0.187	0.733	0.560	0.418	0.277	0.757	0.705	0.111	0.657	0.758	
(863, 'Juve Stabia', 2024): 0.520	0.379	0.263	0.697	0.558	0.345	0.348	0.736	0.599	0.220	0.422	0.733	0.570	0.445	0.225	0.788	0.502	0.382	0.215	0.712	0.603	0.209	0.415	0.677	0.683	0.087	0.657	0.727	
(514, 'Salernitana', 2024): 0.589	0.339	0.312	0.751	0.619	0.343	0.338	0.832	0.664	0.359	0.346	0.903	0.634	0.414	0.209	0.845	0.587	0.448	0.136	0.813	0.609	0.421	0.288	0.763	0.711	0.074	0.686	0.753	
(510, 'Cittadella', 2024): 0.595	0.233	0.386	0.733	0.625	0.217	0.421	0.725	0.691	0.264	0.487	0.846	0.648	0.276	0.404	0.836	0.581	0.294	0.240	0.811	0.621	0.239	0.412	0.704	0.697	0.049	0.677	0.721	
(801, 'Pisa', 2024): 0.593	0.291	0.375	0.744	0.612	0.239	0.399	0.737	0.664	0.303	0.411	0.886	0.641	0.422	0.251	0.855	0.560	0.365	0.236	0.732	0.603	0.302	0.357	0.736	0.703	0.071	0.667	0.727	
(515, 'Spezia', 2024): 0.596	0.318	0.331	0.778	0.625	0.274	0.397	0.741	0.658	0.346	0.345	0.865	0.648	0.429	0.229	0.886	0.593	0.367	0.190	0.785	0.638	0.175	0.477	0.724	0.668	0.072	0.641	0.696	
(1578, 'Sudtirol', 2024): 0.600	0.311	0.379	0.744	0.635	0.305	0.409	0.764	0.647	0.355	0.402	0.837	0.661	0.326	0.370	0.906	0.583	0.384	0.243	0.796	0.597	0.260	0.416	0.732	0.675	0.101	0.623	0.711	
(899, 'Modena', 2024): 0.603	0.250	0.440	0.768	0.637	0.236	0.444	0.761	0.661	0.350	0.343	0.841	0.634	0.394	0.185	0.863	0.572	0.365	0.216	0.758	0.603	0.373	0.271	0.771	0.670	0.097	0.612	0.709	
(489, 'AC Milan', 2024): 0.731	0.320	0.457	0.868	0.742	0.313	0.536	0.891	0.770	0.323	0.486	0.947	0.756	0.352	0.395	0.947	0.676	0.511	0.223	0.871	0.640	0.643	0.209	0.866	0.860	0.059	0.835	0.893	
(503, 'Torino', 2024): 0.648	0.361	0.385	0.824	0.699	0.272	0.458	0.825	0.697	0.365	0.354	0.897	0.708	0.330	0.397	0.913	0.645	0.433	0.208	0.838	0.703	0.235	0.477	0.800	0.786	0.082	0.762	0.837	
(511, 'Empoli', 2024): 0.628	0.295	0.396	0.772	0.655	0.294	0.394	0.809	0.683	0.273	0.397	0.825	0.656	0.393	0.224	0.838	0.588	0.454	0.185	0.776	0.623	0.358	0.336	0.760	0.683	0.071	0.650	0.721	
(1579, 'Monza', 2024): 0.631	0.383	0.357	0.868	0.666	0.354	0.362	0.829	0.651	0.400	0.320	0.853	0.644	0.384	0.337	0.914	0.603	0.489	0.171	0.841	0.643	0.477	0.280	0.788	0.732	0.081	0.701	0.774	
(91, 'Monaco', 2024): 0.669	0.342	0.396	0.828	0.709	0.290	0.432	0.835	0.739	0.257	0.501	0.891	0.692	0.373	0.306	0.887	0.658	0.432	0.209	0.865	0.636	0.520	0.250	0.809	0.749	0.084	0.700	0.778	
(1063, 'Saint Etienne', 2024): 0.578	0.335	0.333	0.744	0.634	0.278	0.420	0.752	0.658	0.391	0.322	0.868	0.635	0.451	0.232	0.900	0.584	0.433	0.168	0.815	0.605	0.420	0.275	0.785	0.733	0.033	0.723	0.754	
(532, 'Valencia', 2024): 0.665	0.365	0.330	0.853	0.690	0.317	0.393	0.808	0.721	0.224	0.546	0.897	0.685	0.334	0.422	0.901	0.630	0.415	0.279	0.834	0.607	0.508	0.305	0.796	0.815	0.129	0.731	0.848	
(529, 'Barcelona', 2024): 0.685	0.510	0.344	0.921	0.752	0.361	0.424	0.908	0.757	0.294	0.552	0.922	0.681	0.502	0.187	0.928	0.659	0.520	0.222	0.925	0.706	0.382	0.448	0.873	0.779	0.081	0.741	0.822	
(55, 'Brentford', 2024): 0.677	0.277	0.460	0.813	0.692	0.307	0.436	0.821	0.716	0.355	0.461	0.923	0.691	0.430	0.192	0.901	0.656	0.451	0.237	0.845	0.726	0.243	0.516	0.829	0.801	0.099	0.747	0.838	
(52, 'Crystal Palace', 2024): 0.680	0.372	0.383	0.840	0.700	0.375	0.349	0.850	0.733	0.307	0.400	0.917	0.696	0.455	0.251	0.894	0.666	0.459	0.205	0.890	0.694	0.501	0.256	0.832	0.788	0.069	0.758	0.818	
(108, 'Auxerre', 2024): 0.622	0.275	0.416	0.760	0.631	0.292	0.435	0.795	0.676	0.286	0.409	0.888	0.646	0.430	0.220	0.871	0.591	0.373	0.220	0.776	0.608	0.430	0.229	0.758	0.702	0.075	0.669	0.739	
(84, 'Nice', 2024): 0.661	0.293	0.440	0.832	0.681	0.348	0.421	0.859	0.718	0.348	0.394	0.921	0.700	0.348	0.393	0.889	0.641	0.427	0.152	0.851	0.718	0.186	0.569	0.823	0.774	0.114	0.709	0.818	
(77, 'Angers', 2024): 0.611	0.299	0.378	0.761	0.638	0.324	0.432	0.801	0.674	0.283	0.411	0.881	0.626	0.436	0.253	0.828	0.608	0.376	0.196	0.768	0.621	0.320	0.345	0.747	0.716	0.070	0.693	0.747	
(116, 'Lens', 2024): 0.679	0.263	0.450	0.798	0.694	0.290	0.406	0.809	0.731	0.294	0.481	0.919	0.698	0.468	0.259	0.925	0.667	0.407	0.235	0.855	0.683	0.424	0.320	0.828	0.822	0.056	0.798	0.848	
(82, 'Montpellier', 2024): 0.634	0.393	0.290	0.842	0.672	0.365	0.332	0.837	0.707	0.362	0.404	0.920	0.655	0.410	0.312	0.880	0.626	0.449	0.250	0.863	0.602	0.467	0.255	0.762	0.756	0.034	0.740	0.769	
(95, 'Strasbourg', 2024): 0.584	0.419	0.243	0.787	0.626	0.405	0.233	0.798	0.704	0.286	0.432	0.903	0.660	0.372	0.250	0.844	0.605	0.404	0.223	0.793	0.584	0.537	0.250	0.763	0.758	0.068	0.719	0.786	
(96, 'Toulouse', 2024): 0.630	0.295	0.398	0.782	0.682	0.253	0.430	0.780	0.724	0.275	0.489	0.861	0.698	0.360	0.321	0.888	0.632	0.421	0.186	0.807	0.605	0.512	0.246	0.787	0.774	0.066	0.739	0.800	
(83, 'Nantes', 2024): 0.636	0.312	0.416	0.791	0.664	0.295	0.446	0.814	0.698	0.363	0.374	0.923	0.676	0.419	0.249	0.896	0.610	0.466	0.146	0.869	0.609	0.585	0.190	0.768	0.742	0.107	0.693	0.796	
(731, 'Sporting Gijon', 2024): 0.584	0.391	0.317	0.789	0.611	0.295	0.415	0.781	0.685	0.251	0.514	0.848	0.636	0.416	0.310	0.867	0.593	0.369	0.237	0.831	0.600	0.494	0.256	0.767	0.707	0.115	0.649	0.767	
(539, 'Levante', 2024): 0.624	0.346	0.290	0.822	0.657	0.309	0.364	0.804	0.692	0.281	0.500	0.897	0.662	0.324	0.366	0.844	0.615	0.317	0.362	0.807	0.575	0.377	0.283	0.739	0.683	0.000	0.683	0.683	
(4665, 'Racing Santander', 2024): 0.618	0.299	0.392	0.764	0.653	0.301	0.423	0.816	0.694	0.209	0.545	0.837	0.643	0.362	0.261	0.785	0.571	0.421	0.202	0.801	0.576	0.533	0.199	0.784	0.711	0.080	0.677	0.758	
(723, 'Almeria', 2024): 0.647	0.346	0.344	0.798	0.669	0.310	0.348	0.812	0.690	0.340	0.380	0.861	0.673	0.378	0.302	0.857	0.628	0.406	0.223	0.819	0.591	0.514	0.222	0.780	0.758	0.078	0.729	0.793	
(49, 'Chelsea', 2024): 0.687	0.360	0.406	0.868	0.738	0.321	0.513	0.893	0.763	0.276	0.487	0.911	0.709	0.346	0.360	0.899	0.683	0.443	0.313	0.879	0.659	0.557	0.278	0.823	0.787	0.053	0.758	0.807	
(50, 'Manchester City', 2024): 0.721	0.494	0.322	0.970	0.788	0.362	0.437	0.939	0.796	0.296	0.555	0.958	0.750	0.409	0.306	0.949	0.731	0.459	0.255	0.970	0.730	0.440	0.359	0.898	0.860	0.090	0.814	0.905	
(500, 'Bologna', 2024): 0.689	0.261	0.437	0.838	0.703	0.271	0.475	0.848	0.705	0.310	0.425	0.859	0.735	0.321	0.376	0.911	0.654	0.377	0.316	0.836	0.693	0.381	0.368	0.814	0.740	0.142	0.662	0.798	
(494, 'Udinese', 2024): 0.634	0.297	0.380	0.775	0.661	0.309	0.373	0.832	0.667	0.332	0.374	0.913	0.699	0.433	0.215	0.921	0.629	0.390	0.257	0.829	0.677	0.221	0.485	0.769	0.718	0.093	0.667	0.761	
(504, 'Verona', 2024): 0.645	0.309	0.350	0.777	0.680	0.303	0.405	0.806	0.691	0.366	0.362	0.932	0.660	0.402	0.301	0.840	0.621	0.407	0.234	0.813	0.670	0.259	0.450	0.781	0.752	0.134	0.692	0.829	
(492, 'Napoli', 2024): 0.711	0.345	0.407	0.851	0.742	0.290	0.460	0.892	0.736	0.375	0.395	0.898	0.745	0.347	0.412	0.944	0.700	0.434	0.260	0.901	0.732	0.451	0.289	0.861	0.793	0.119	0.727	0.839	
(548, 'Real Sociedad', 2024): 0.702	0.336	0.449	0.849	0.740	0.271	0.472	0.854	0.739	0.279	0.479	0.910	0.690	0.376	0.291	0.875	0.658	0.449	0.229	0.868	0.639	0.477	0.273	0.833	0.838	0.090	0.798	0.869	
(728, 'Rayo Vallecano', 2024): 0.647	0.409	0.296	0.826	0.683	0.360	0.356	0.834	0.735	0.327	0.424	0.924	0.695	0.385	0.286	0.896	0.649	0.407	0.282	0.827	0.627	0.442	0.302	0.807	0.721	0.020	0.710	0.731	
(797, 'Elche', 2024): 0.599	0.336	0.350	0.776	0.635	0.284	0.301	0.785	0.702	0.245	0.514	0.877	0.647	0.410	0.253	0.878	0.589	0.378	0.228	0.772	0.599	0.355	0.308	0.728	0.749	0.054	0.723	0.770	
(726, 'Huesca', 2024): 0.616	0.303	0.349	0.768	0.635	0.321	0.357	0.793	0.673	0.327	0.360	0.902	0.653	0.420	0.257	0.828	0.576	0.404	0.205	0.832	0.611	0.409	0.267	0.747	0.666	0.075	0.624	0.702	
(9580, 'Burgos', 2024): 0.620	0.316	0.305	0.772	0.638	0.295	0.347	0.744	0.691	0.245	0.505	0.828	0.663	0.391	0.222	0.821	0.595	0.394	0.268	0.769	0.605	0.371	0.333	0.720	0.712	0.026	0.697	0.724	
(5262, 'FC Cartagena', 2024): 0.582	0.365	0.289	0.724	0.609	0.304	0.356	0.726	0.629	0.409	0.301	0.884	0.673	0.371	0.293	0.864	0.583	0.377	0.244	0.811	0.610	0.284	0.409	0.723	0.658	0.110	0.592	0.702	
(509, 'Cesena', 2024): 0.575	0.337	0.281	0.743	0.616	0.323	0.289	0.744	0.679	0.286	0.416	0.886	0.660	0.285	0.397	0.825	0.547	0.434	0.124	0.728	0.581	0.483	0.204	0.736	0.643	0.043	0.622	0.662	
(1581, 'Carrarese', 2024): 0.590	0.290	0.328	0.752	0.620	0.280	0.385	0.778	0.667	0.248	0.436	0.814	0.610	0.365	0.239	0.797	0.555	0.373	0.200	0.714	0.575	0.375	0.250	0.717	0.667	0.074	0.636	0.707	
(512, 'Frosinone', 2024): 0.560	0.335	0.308	0.721	0.592	0.295	0.379	0.733	0.635	0.311	0.346	0.837	0.576	0.426	0.240	0.818	0.535	0.402	0.195	0.767	0.582	0.367	0.305	0.739	0.653	0.060	0.624	0.677	
(498, 'Sampdoria', 2024): 0.625	0.291	0.386	0.798	0.651	0.252	0.367	0.757	0.681	0.279	0.399	0.846	0.660	0.369	0.283	0.919	0.605	0.370	0.232	0.791	0.631	0.271	0.402	0.726	0.676	0.117	0.601	0.707	
(880, 'Reggiana', 2024): 0.566	0.285	0.358	0.752	0.602	0.258	0.389	0.748	0.650	0.290	0.433	0.865	0.610	0.386	0.245	0.828	0.550	0.385	0.188	0.828	0.581	0.348	0.296	0.718	0.727	0.051	0.707	0.747	
(1693, 'Mantova', 2024): 0.588	0.316	0.350	0.737	0.622	0.308	0.360	0.760	0.658	0.279	0.435	0.833	0.628	0.399	0.280	0.878	0.559	0.399	0.245	0.767	0.540	0.480	0.238	0.744	0.685	0.056	0.667	0.707	
(1687, 'Catanzaro', 2024): 0.593	0.298	0.363	0.757	0.623	0.268	0.414	0.758	0.668	0.302	0.392	0.858	0.626	0.401	0.243	0.858	0.554	0.393	0.244	0.766	0.595	0.248	0.376	0.717	0.743	0.144	0.707	0.838	
(488, 'Sassuolo', 2024): 0.630	0.355	0.357	0.817	0.674	0.350	0.380	0.844	0.659	0.345	0.376	0.894	0.650	0.415	0.239	0.844	0.589	0.426	0.232	0.810	0.615	0.355	0.322	0.745	0.680	0.089	0.631	0.717	
(10137, 'Cosenza', 2024): 0.595	0.279	0.365	0.720	0.609	0.279	0.371	0.743	0.657	0.270	0.451	0.826	0.635	0.373	0.323	0.830	0.555	0.355	0.252	0.800	0.597	0.324	0.289	0.721	0.705	0.100	0.667	0.758	
(520, 'Cremonese', 2024): 0.645	0.275	0.427	0.788	0.672	0.238	0.460	0.808	0.638	0.336	0.351	0.859	0.677	0.353	0.322	0.867	0.600	0.431	0.212	0.815	0.633	0.310	0.423	0.766	0.699	0.040	0.677	0.717	
(94, 'Rennes', 2024): 0.667	0.335	0.399	0.807	0.694	0.335	0.389	0.820	0.719	0.283	0.421	0.867	0.696	0.366	0.337	0.878	0.651	0.402	0.247	0.858	0.672	0.343	0.344	0.785	0.776	0.063	0.747	0.806	
(80, 'Lyon', 2024): 0.676	0.356	0.349	0.859	0.740	0.241	0.510	0.877	0.718	0.387	0.357	0.888	0.714	0.383	0.294	0.884	0.692	0.393	0.243	0.874	0.677	0.469	0.321	0.824	0.774	0.106	0.733	0.818	
(487, 'Lazio', 2024): 0.695	0.302	0.446	0.841	0.716	0.307	0.465	0.882	0.773	0.277	0.545	0.941	0.737	0.334	0.363	0.912	0.677	0.439	0.263	0.869	0.686	0.472	0.296	0.852	0.829	0.073	0.798	0.859	
(517, 'Venezia', 2024): 0.629	0.290	0.437	0.803	0.666	0.264	0.413	0.771	0.689	0.366	0.343	0.923	0.680	0.382	0.350	0.882	0.610	0.332	0.311	0.835	0.636	0.255	0.440	0.781	0.711	0.072	0.683	0.754	
(490, 'Cagliari', 2024): 0.635	0.291	0.419	0.807	0.650	0.350	0.384	0.817	0.673	0.389	0.323	0.902	0.687	0.311	0.425	0.892	0.645	0.342	0.253	0.878	0.670	0.290	0.444	0.828	0.700	0.088	0.649	0.739	
(497, 'AS Roma', 2024): 0.710	0.334	0.469	0.909	0.749	0.307	0.485	0.904	0.719	0.379	0.343	0.915	0.737	0.376	0.433	0.942	0.688	0.485	0.265	0.910	0.705	0.442	0.312	0.865	0.743	0.087	0.696	0.784	
(798, 'Mallorca', 2024): 0.663	0.351	0.384	0.851	0.697	0.305	0.432	0.842	0.691	0.403	0.324	0.909	0.715	0.351	0.338	0.911	0.654	0.412	0.199	0.875	0.708	0.342	0.374	0.823	0.731	0.062	0.710	0.769	
(541, 'Real Madrid', 2024): 0.753	0.364	0.412	0.945	0.803	0.282	0.551	0.937	0.825	0.294	0.512	0.976	0.783	0.333	0.451	0.937	0.740	0.467	0.236	0.938	0.772	0.309	0.502	0.884	0.859	0.148	0.769	0.909	
(867, 'Lecce', 2024): 0.608	0.361	0.364	0.808	0.638	0.326	0.397	0.788	0.681	0.300	0.380	0.857	0.676	0.430	0.219	0.945	0.605	0.414	0.182	0.889	0.621	0.483	0.225	0.808	0.797	0.111	0.747	0.845	
(499, 'Atalanta', 2024): 0.694	0.340	0.365	0.851	0.699	0.357	0.380	0.876	0.697	0.310	0.421	0.901	0.724	0.442	0.264	0.909	0.681	0.409	0.323	0.873	0.728	0.300	0.452	0.848	0.808	0.152	0.715	0.854	
(720, 'Valladolid', 2024): 0.605	0.404	0.218	0.783	0.657	0.338	0.394	0.811	0.711	0.296	0.485	0.902	0.633	0.478	0.221	0.889	0.597	0.403	0.218	0.792	0.572	0.489	0.233	0.753	0.643	0.102	0.582	0.683	
(540, 'Espanyol', 2024): 0.656	0.295	0.405	0.816	0.646	0.288	0.414	0.767	0.708	0.299	0.440	0.864	0.699	0.367	0.322	0.891	0.624	0.396	0.201	0.817	0.635	0.411	0.299	0.777	0.727	0.036	0.707	0.742	
(9692, 'Eldense', 2024): 0.603	0.275	0.376	0.765	0.640	0.304	0.408	0.795	0.651	0.362	0.341	0.893	0.659	0.303	0.346	0.856	0.595	0.378	0.215	0.787	0.553	0.463	0.235	0.702	0.671	0.089	0.627	0.704	
(719, 'Tenerife', 2024): 0.607	0.308	0.409	0.747	0.635	0.322	0.389	0.797	0.710	0.351	0.476	0.918	0.664	0.430	0.241	0.921	0.584	0.370	0.258	0.786	0.592	0.370	0.305	0.706	0.679	0.059	0.656	0.710	
(112, 'Metz', 2024): 0.566	0.410	0.297	0.765	0.612	0.407	0.324	0.804	0.710	0.385	0.348	0.924	0.633	0.405	0.314	0.896	0.575	0.432	0.174	0.797	0.524	0.613	0.155	0.737	0.722	0.052	0.699	0.746	
(1305, 'Bastia', 2024): 0.561	0.305	0.316	0.738	0.593	0.290	0.376	0.734	0.687	0.306	0.436	0.878	0.598	0.415	0.268	0.859	0.540	0.350	0.161	0.720	0.535	0.457	0.172	0.697	0.667	0.061	0.636	0.697	
(3200, 'Martigues', 2024): 0.538	0.278	0.310	0.690	0.559	0.315	0.323	0.688	0.604	0.294	0.350	0.796	0.617	0.375	0.304	0.868	0.542	0.342	0.249	0.756	0.581	0.216	0.415	0.666	0.637	0.042	0.619	0.655	
(97, 'Lorient', 2024): 0.586	0.347	0.339	0.777	0.615	0.338	0.381	0.785	0.722	0.311	0.480	0.903	0.640	0.451	0.235	0.905	0.577	0.443	0.173	0.778	0.623	0.431	0.295	0.782	0.778	0.041	0.756	0.797	
(496, 'Juventus', 2024): 0.711	0.299	0.452	0.887	0.746	0.276	0.509	0.871	0.724	0.270	0.472	0.898	0.722	0.416	0.302	0.930	0.672	0.444	0.250	0.876	0.698	0.534	0.204	0.859	0.799	0.085	0.753	0.825	
(895, 'Como', 2024): 0.618	0.384	0.317	0.820	0.661	0.350	0.384	0.802	0.714	0.303	0.452	0.913	0.672	0.360	0.320	0.891	0.615	0.444	0.173	0.831	0.616	0.470	0.256	0.772	0.771	0.073	0.743	0.806	
(46, 'Leicester', 2024): 0.673	0.339	0.374	0.840	0.705	0.235	0.502	0.818	0.694	0.369	0.357	0.901	0.687	0.359	0.314	0.906	0.653	0.431	0.249	0.867	0.646	0.539	0.231	0.797	0.758	0.057	0.732	0.785	
(47, 'Tottenham', 2024): 0.731	0.357	0.392	0.900	0.746	0.368	0.446	0.887	0.768	0.250	0.535	0.930	0.747	0.363	0.377	0.920	0.699	0.485	0.224	0.914	0.669	0.496	0.308	0.848	0.799	0.087	0.758	0.838	
(533, 'Villarreal', 2024): 0.665	0.392	0.352	0.879	0.682	0.431	0.330	0.893	0.672	0.383	0.342	0.873	0.673	0.393	0.277	0.862	0.649	0.483	0.185	0.893	0.677	0.451	0.288	0.846	0.729	0.112	0.655	0.756	
(530, 'Atletico Madrid', 2024): 0.734	0.327	0.495	0.905	0.771	0.312	0.486	0.906	0.761	0.328	0.426	0.914	0.756	0.349	0.371	0.931	0.720	0.430	0.262	0.905	0.737	0.348	0.474	0.876	0.857	0.119	0.785	0.905	
(2936, 'Al Taawon', 2024): 0.621	0.358	0.415	0.808	0.687	0.285	0.451	0.821	0.686	0.336	0.367	0.870	0.685	0.416	0.221	0.909	0.602	0.484	0.153	0.807	0.579	0.522	0.162	0.783	0.683	0.000	0.683	0.683	
(2944, 'Al-Fayha', 2024): 0.565	0.412	0.315	0.807	0.586	0.375	0.335	0.788	0.654	0.372	0.358	0.924	0.612	0.554	0.235	0.901	0.551	0.444	0.215	0.845	0.583	0.476	0.238	0.836	0.656	0.098	0.605	0.696	
(2937, 'Al Wehda Club', 2024): 0.601	0.375	0.301	0.803	0.613	0.330	0.382	0.768	0.683	0.351	0.406	0.897	0.672	0.420	0.312	0.929	0.594	0.391	0.279	0.812	0.579	0.352	0.324	0.751	0.623	0.067	0.597	0.654	
(10511, 'Al Riyadh', 2024): 0.588	0.369	0.308	0.785	0.606	0.375	0.340	0.768	0.630	0.276	0.407	0.786	0.629	0.486	0.214	0.832	0.556	0.440	0.214	0.786	0.584	0.291	0.347	0.706	0.749	0.059	0.727	0.778	
(2939, 'Al-Nassr', 2024): 0.692	0.422	0.365	0.876	0.727	0.376	0.387	0.871	0.756	0.294	0.528	0.913	0.717	0.404	0.354	0.939	0.689	0.482	0.246	0.925	0.640	0.519	0.287	0.870	0.800	0.078	0.768	0.838	
(2935, 'Al-Raed', 2024): 0.588	0.296	0.377	0.763	0.624	0.322	0.397	0.752	0.670	0.364	0.408	0.891	0.646	0.400	0.294	0.849	0.568	0.418	0.247	0.766	0.590	0.409	0.302	0.723	0.556	0.040	0.542	0.577	
(2956, 'Damac', 2024): 0.596	0.439	0.280	0.804	0.616	0.434	0.337	0.824	0.690	0.413	0.407	0.939	0.640	0.503	0.243	0.911	0.549	0.460	0.193	0.807	0.540	0.438	0.281	0.788	0.653	0.130	0.596	0.709	
(2928, 'Al Khaleej Saihat', 2024): 0.622	0.337	0.305	0.814	0.646	0.378	0.349	0.844	0.723	0.305	0.467	0.869	0.677	0.397	0.212	0.879	0.604	0.404	0.260	0.834	0.585	0.326	0.346	0.731	0.710	0.137	0.630	0.764	
(2929, 'Al-Ahli Jeddah', 2024): 0.682	0.419	0.361	0.852	0.679	0.432	0.361	0.913	0.738	0.254	0.535	0.919	0.705	0.443	0.330	0.936	0.645	0.533	0.223	0.929	0.576	0.506	0.222	0.829	0.790	0.047	0.767	0.815	
(2961, 'Al Orubah', 2024): 0.592	0.358	0.362	0.768	0.609	0.350	0.328	0.766	0.658	0.369	0.422	0.929	0.649	0.461	0.258	0.919	0.587	0.399	0.294	0.830	0.627	0.247	0.495	0.767	0.683	0.000	0.683	0.683	
(2933, 'Al-Qadisiyah FC', 2024): 0.628	0.429	0.354	0.852	0.654	0.380	0.357	0.821	0.740	0.266	0.560	0.889	0.655	0.542	0.202	0.949	0.601	0.526	0.214	0.908	0.647	0.468	0.326	0.838	0.818	0.109	0.755	0.859	
(2931, 'Al-Fateh', 2024): 0.554	0.446	0.234	0.793	0.596	0.434	0.323	0.880	0.671	0.304	0.407	0.873	0.625	0.472	0.286	0.915	0.569	0.435	0.207	0.833	0.563	0.362	0.297	0.745	0.656	0.147	0.606	0.747	
(163, 'Borussia Mönchengladbach', 2024): 0.671	0.417	0.335	0.900	0.688	0.349	0.404	0.857	0.716	0.281	0.452	0.869	0.699	0.367	0.360	0.919	0.645	0.413	0.281	0.848	0.630	0.500	0.293	0.808	0.749	0.097	0.703	0.788	
(168, 'Bayer Leverkusen', 2024): 0.730	0.370	0.434	0.933	0.785	0.318	0.457	0.909	0.746	0.392	0.404	0.956	0.741	0.455	0.263	0.929	0.712	0.482	0.278	0.933	0.738	0.445	0.378	0.879	0.807	0.188	0.692	0.873	
(160, 'SC Freiburg', 2024): 0.649	0.380	0.394	0.887	0.696	0.356	0.387	0.895	0.718	0.290	0.516	0.939	0.703	0.398	0.261	0.871	0.644	0.421	0.254	0.906	0.665	0.498	0.307	0.868	0.723	0.066	0.694	0.754	
(172, 'VfB Stuttgart', 2024): 0.648	0.439	0.288	0.854	0.687	0.385	0.328	0.855	0.696	0.415	0.344	0.906	0.686	0.459	0.213	0.905	0.632	0.497	0.207	0.909	0.630	0.467	0.292	0.807	0.800	0.064	0.768	0.825	
(164, 'FSV Mainz 05', 2024): 0.632	0.381	0.384	0.803	0.664	0.357	0.438	0.836	0.732	0.321	0.423	0.904	0.689	0.408	0.290	0.903	0.650	0.404	0.283	0.935	0.656	0.330	0.378	0.792	0.723	0.239	0.576	0.811	
(182, 'Union Berlin', 2024): 0.623	0.388	0.293	0.829	0.624	0.392	0.346	0.785	0.679	0.322	0.471	0.910	0.703	0.381	0.313	0.875	0.622	0.448	0.224	0.865	0.630	0.574	0.223	0.835	0.774	0.128	0.692	0.813	
(167, '1899 Hoffenheim', 2024): 0.672	0.350	0.349	0.838	0.702	0.287	0.434	0.851	0.717	0.272	0.467	0.870	0.701	0.439	0.281	0.890	0.644	0.460	0.236	0.922	0.594	0.542	0.226	0.801	0.805	0.052	0.781	0.832	
(191, 'Holstein Kiel', 2024): 0.593	0.365	0.248	0.769	0.611	0.366	0.338	0.768	0.668	0.345	0.343	0.869	0.655	0.408	0.265	0.867	0.583	0.383	0.244	0.780	0.624	0.277	0.366	0.718	0.697	0.091	0.657	0.737	
(170, 'FC Augsburg', 2024): 0.638	0.326	0.352	0.795	0.637	0.369	0.377	0.789	0.685	0.309	0.394	0.879	0.695	0.445	0.231	0.872	0.636	0.435	0.209	0.873	0.714	0.172	0.570	0.798	0.723	0.136	0.643	0.771	
(162, 'Werder Bremen', 2024): 0.666	0.300	0.394	0.791	0.701	0.301	0.420	0.842	0.723	0.311	0.466	0.916	0.701	0.352	0.337	0.904	0.644	0.387	0.293	0.804	0.662	0.418	0.285	0.801	0.762	0.091	0.727	0.815	
(173, 'RB Leipzig', 2024): 0.690	0.372	0.362	0.879	0.724	0.315	0.483	0.848	0.762	0.336	0.430	0.946	0.714	0.442	0.286	0.939	0.676	0.427	0.267	0.867	0.713	0.397	0.392	0.867	0.816	0.093	0.756	0.840	
(176, 'VfL Bochum', 2024): 0.640	0.343	0.294	0.836	0.643	0.337	0.325	0.788	0.663	0.395	0.335	0.892	0.717	0.369	0.296	0.934	0.631	0.432	0.244	0.877	0.689	0.209	0.504	0.782	0.723	0.085	0.677	0.758	
(10509, 'Al Kholood', 2024): 0.567	0.382	0.260	0.747	0.605	0.350	0.323	0.764	0.657	0.383	0.323	0.928	0.639	0.445	0.263	0.934	0.550	0.459	0.197	0.768	0.597	0.421	0.283	0.786	0.725	0.155	0.637	0.796	
(2938, 'Al-Ittihad FC', 2024): 0.684	0.405	0.352	0.883	0.711	0.402	0.334	0.891	0.739	0.361	0.455	0.955	0.701	0.455	0.248	0.939	0.662	0.464	0.293	0.909	0.667	0.428	0.386	0.902	0.782	0.073	0.747	0.818	
(165, 'Borussia Dortmund', 2024): 0.735	0.330	0.454	0.891	0.752	0.332	0.458	0.877	0.764	0.307	0.462	0.954	0.763	0.308	0.478	0.939	0.701	0.479	0.248	0.907	0.676	0.620	0.230	0.878	0.836	0.159	0.735	0.883	
(169, 'Eintracht Frankfurt', 2024): 0.657	0.411	0.333	0.845	0.680	0.397	0.366	0.863	0.720	0.314	0.485	0.924	0.715	0.346	0.341	0.905	0.647	0.505	0.189	0.864	0.685	0.404	0.354	0.835	0.763	0.084	0.720	0.798	
(2940, 'Al Shabab', 2024): 0.611	0.438	0.311	0.833	0.644	0.400	0.374	0.858	0.681	0.333	0.356	0.888	0.651	0.473	0.180	0.903	0.584	0.491	0.221	0.885	0.559	0.511	0.205	0.765	0.702	0.147	0.625	0.760	
(2934, 'Al-Ettifaq', 2024): 0.695	0.274	0.441	0.834	0.721	0.258	0.483	0.838	0.697	0.374	0.333	0.889	0.694	0.483	0.172	0.907	0.614	0.510	0.213	0.819	0.603	0.426	0.276	0.805	0.735	0.045	0.717	0.758	
(2977, 'Al Akhdoud', 2024): 0.576	0.287	0.343	0.731	0.588	0.343	0.356	0.764	0.697	0.339	0.499	0.927	0.640	0.472	0.233	0.869	0.546	0.421	0.197	0.765	0.552	0.367	0.333	0.711	0.731	0.049	0.715	0.755	
(2932, 'Al-Hilal Saudi FC', 2024): 0.703	0.439	0.376	0.909	0.713	0.420	0.405	0.883	0.709	0.389	0.338	0.911	0.740	0.449	0.253	0.925	0.661	0.558	0.141	0.919	0.695	0.463	0.280	0.864	0.800	0.090	0.751	0.843	
(161, 'VfL Wolfsburg', 2024): 0.653	0.379	0.319	0.847	0.691	0.357	0.389	0.850	0.743	0.330	0.424	0.943	0.719	0.352	0.387	0.895	0.645	0.407	0.298	0.824	0.611	0.508	0.238	0.787	0.756	0.045	0.727	0.768	
(157, 'Bayern München', 2024): 0.752	0.401	0.380	0.954	0.788	0.303	0.452	0.943	0.794	0.322	0.531	0.964	0.742	0.388	0.374	0.939	0.717	0.494	0.259	0.949	0.694	0.523	0.295	0.881	0.824	0.105	0.777	0.869	
(186, 'FC St. Pauli', 2024): 0.620	0.356	0.350	0.808	0.644	0.279	0.374	0.776	0.686	0.289	0.397	0.877	0.674	0.397	0.242	0.909	0.612	0.384	0.277	0.783	0.638	0.391	0.278	0.773	0.692	0.076	0.653	0.717	
(180, '1. FC Heidenheim', 2024): 0.590	0.377	0.283	0.772	0.590	0.388	0.297	0.785	0.675	0.284	0.444	0.880	0.687	0.388	0.364	0.894	0.597	0.441	0.213	0.849	0.677	0.366	0.370	0.795	0.736	0.086	0.697	0.781	
(15516, 'ATK Mohun Bagan', 2024): 0.572	0.313	0.338	0.714	0.588	0.312	0.314	0.714	0.625	0.365	0.347	0.857	0.634	0.475	0.294	0.887	0.539	0.423	0.181	0.824	0.522	0.423	0.214	0.694	0.602	0.089	0.576	0.657	
(3478, 'Mumbai City', 2024): 0.535	0.361	0.298	0.746	0.568	0.355	0.306	0.772	0.635	0.334	0.352	0.825	0.605	0.374	0.288	0.815	0.509	0.372	0.255	0.742	0.491	0.415	0.229	0.680	0.593	0.065	0.566	0.623	
(7177, 'Odisha', 2024): 0.522	0.308	0.354	0.724	0.551	0.279	0.354	0.737	0.649	0.447	0.344	0.901	0.575	0.418	0.212	0.859	0.509	0.414	0.131	0.839	0.456	0.421	0.192	0.660	0.606	0.123	0.556	0.657	
(3473, 'Chennaiyin', 2024): 0.517	0.321	0.301	0.735	0.512	0.315	0.323	0.691	0.566	0.398	0.323	0.859	0.604	0.415	0.294	0.894	0.484	0.364	0.131	0.726	0.503	0.318	0.307	0.657	0.563	0.056	0.542	0.589	
(3472, 'Bengaluru', 2024): 0.574	0.306	0.384	0.723	0.582	0.285	0.427	0.717	0.637	0.336	0.368	0.827	0.620	0.448	0.253	0.873	0.534	0.316	0.272	0.722	0.587	0.222	0.439	0.684	0.635	0.029	0.626	0.652	
(3463, 'East Bengal', 2024): 0.520	0.390	0.243	0.737	0.535	0.276	0.341	0.689	0.628	0.312	0.404	0.827	0.612	0.457	0.249	0.867	0.492	0.443	0.172	0.768	0.507	0.402	0.263	0.700	0.610	0.074	0.577	0.640	
(3477, 'Kerala Blasters', 2024): 0.502	0.340	0.306	0.735	0.516	0.314	0.315	0.735	0.626	0.334	0.371	0.855	0.591	0.426	0.284	0.852	0.469	0.388	0.245	0.772	0.511	0.369	0.296	0.710	0.547	0.093	0.497	0.587	
(3466, 'Minerva Punjab', 2024): 0.464	0.383	0.209	0.700	0.469	0.313	0.231	0.679	0.597	0.344	0.334	0.816	0.561	0.463	0.162	0.859	0.470	0.383	0.225	0.758	0.531	0.355	0.306	0.737	0.497	0.044	0.480	0.513	
(15585, 'Mohammedan', 2024): 0.482	0.282	0.335	0.666	0.525	0.286	0.337	0.667	0.618	0.354	0.338	0.855	0.491	0.454	0.202	0.784	0.454	0.345	0.152	0.688	0.502	0.362	0.213	0.694	0.683	0.000	0.683	0.683	
(3479, 'NorthEast United', 2024): 0.497	0.315	0.291	0.694	0.507	0.321	0.290	0.697	0.613	0.382	0.359	0.837	0.563	0.433	0.234	0.871	0.477	0.420	0.185	0.853	0.454	0.394	0.193	0.651	0.569	0.050	0.545	0.591	
(3475, 'Goa', 2024): 0.527	0.302	0.317	0.709	0.543	0.279	0.333	0.699	0.638	0.386	0.338	0.919	0.605	0.419	0.269	0.879	0.530	0.342	0.253	0.742	0.540	0.355	0.289	0.727	0.551	0.028	0.540	0.566	
(3476, 'Jamshedpur', 2024): 0.512	0.360	0.218	0.697	0.533	0.322	0.324	0.707	0.575	0.302	0.350	0.758	0.597	0.454	0.247	0.908	0.492	0.398	0.145	0.784	0.494	0.373	0.175	0.680	0.557	0.024	0.544	0.566	
(7763, 'Hyderabad', 2024): 0.491	0.241	0.338	0.664	0.526	0.201	0.380	0.646	0.615	0.321	0.345	0.854	0.519	0.431	0.200	0.796	0.445	0.307	0.189	0.631	0.488	0.290	0.242	0.586	0.511	0.053	0.494	0.544	
(941, 'Central Coast Mariners', 2024): 0.491	0.343	0.253	0.687	0.555	0.348	0.275	0.737	0.686	0.332	0.447	0.919	0.656	0.452	0.352	0.899	0.564	0.337	0.284	0.899	0.574	0.224	0.412	0.717	0.513	0.140	0.444	0.566	
(944, 'Melbourne Victory', 2024): 0.548	0.359	0.293	0.713	0.605	0.413	0.283	0.768	0.607	0.511	0.316	0.904	0.646	0.461	0.290	0.909	0.561	0.394	0.220	0.758	0.556	0.437	0.202	0.707	0.604	0.023	0.596	0.616	
(24608, 'Auckland', 2024): 0.560	0.281	0.343	0.707	0.578	0.344	0.303	0.742	0.653	0.340	0.343	0.859	0.641	0.382	0.225	0.864	0.553	0.380	0.162	0.745	0.570	0.416	0.202	0.749	0.683	0.000	0.683	0.683	
(947, 'Brisbane Roar', 2024): 0.554	0.274	0.404	0.737	0.568	0.316	0.354	0.727	0.664	0.338	0.333	0.830	0.627	0.377	0.259	0.899	0.563	0.330	0.279	0.768	0.536	0.276	0.298	0.626	0.648	0.093	0.606	0.677	
(946, 'Newcastle Jets', 2024): 0.505	0.219	0.375	0.667	0.566	0.207	0.404	0.677	0.699	0.287	0.545	0.909	0.630	0.433	0.287	0.848	0.534	0.278	0.303	0.707	0.543	0.222	0.336	0.626	0.593	0.159	0.515	0.657	
(945, 'Melbourne City', 2024): 0.552	0.291	0.321	0.692	0.580	0.296	0.338	0.727	0.701	0.260	0.500	0.859	0.658	0.345	0.410	0.859	0.580	0.294	0.311	0.790	0.572	0.341	0.282	0.672	0.683	0.000	0.683	0.683	
(939, 'Western Sydney Wanderers', 2024): 0.570	0.285	0.370	0.727	0.611	0.295	0.389	0.768	0.653	0.339	0.371	0.828	0.650	0.436	0.241	0.917	0.561	0.341	0.263	0.763	0.496	0.414	0.230	0.662	0.575	0.033	0.559	0.590	
(943, 'Sydney', 2024): 0.594	0.263	0.408	0.734	0.638	0.319	0.338	0.778	0.691	0.217	0.511	0.838	0.659	0.385	0.283	0.848	0.597	0.358	0.205	0.795	0.587	0.187	0.422	0.667	0.609	0.049	0.591	0.631	
(942, 'Wellington Phoenix', 2024): 0.560	0.260	0.369	0.727	0.604	0.249	0.389	0.717	0.656	0.335	0.371	0.822	0.650	0.401	0.202	0.889	0.594	0.299	0.326	0.768	0.532	0.345	0.260	0.667	0.586	0.069	0.545	0.616	
(7573, 'Western United', 2024): 0.546	0.315	0.337	0.737	0.547	0.263	0.370	0.687	0.642	0.395	0.323	0.838	0.606	0.386	0.269	0.879	0.537	0.342	0.192	0.737	0.495	0.383	0.259	0.636	0.568	0.062	0.535	0.596	
(15550, 'Macarthur', 2024): 0.590	0.309	0.402	0.747	0.610	0.264	0.393	0.758	0.659	0.389	0.359	0.892	0.649	0.388	0.292	0.864	0.576	0.360	0.267	0.778	0.560	0.239	0.359	0.657	0.665	0.107	0.606	0.717	
(940, 'Perth Glory', 2024): 0.549	0.286	0.348	0.710	0.559	0.253	0.380	0.701	0.641	0.326	0.456	0.861	0.630	0.450	0.265	0.853	0.542	0.389	0.229	0.756	0.581	0.270	0.409	0.715	0.620	0.027	0.606	0.629	
(948, 'Adelaide United', 2024): 0.539	0.275	0.346	0.677	0.566	0.293	0.343	0.697	0.701	0.393	0.369	0.909	0.631	0.370	0.306	0.859	0.548	0.323	0.253	0.727	0.542	0.230	0.405	0.702	0.624	0.093	0.596	0.667	
(-1, '', -1):	0.605	0.319	0.352	0.768	0.630	0.311	0.377	0.773	0.682	0.324	0.413	0.883	0.654	0.405	0.274	0.885	0.591	0.400	0.220	0.807	0.602	0.373	0.315	0.742	0.694	0.075	0.657	0.726	
