competition,season,stat,n_missing,n_zero,n_total,missing_pct,zero_pct,missing_or_zero_pct
Australia A-League,2021,away_attacks,0,1,163,0.0,0.6134969325153374,0.0
Australia A-League,2021,away_corners,0,0,163,0.0,0.0,0.0
Australia A-League,2021,away_dangerous_attacks,0,1,163,0.0,0.6134969325153374,0.0
Australia A-League,2021,away_fouls,0,0,163,0.0,0.0,0.0
Australia A-League,2021,away_possession,0,0,163,0.0,0.0,0.0
Australia A-League,2021,away_prematch_xg,0,12,163,0.0,7.361963190184049,0.0
Australia A-League,2021,away_red_cards,0,0,163,0.0,0.0,0.0
Australia A-League,2021,away_shots_off_target,0,0,163,0.0,0.0,0.0
Australia A-League,2021,away_shots_on_target,0,0,163,0.0,0.0,0.0
Australia A-League,2021,away_total_shots,0,0,163,0.0,0.0,0.0
Australia A-League,2021,away_xg,0,0,163,0.0,0.0,0.0
Australia A-League,2021,away_yellow_cards,0,0,163,0.0,0.0,0.0
Australia A-League,2021,home_attacks,0,1,163,0.0,0.6134969325153374,0.0
Australia A-League,2021,home_corners,0,0,163,0.0,0.0,0.0
Australia A-League,2021,home_dangerous_attacks,0,1,163,0.0,0.6134969325153374,0.0
Australia A-League,2021,home_fouls,0,1,163,0.0,0.6134969325153374,0.0
Australia A-League,2021,home_possession,0,0,163,0.0,0.0,0.0
Australia A-League,2021,home_prematch_xg,0,12,163,0.0,7.361963190184049,0.0
Australia A-League,2021,home_red_cards,0,0,163,0.0,0.0,0.0
Australia A-League,2021,home_shots_off_target,0,0,163,0.0,0.0,0.0
Australia A-League,2021,home_shots_on_target,0,0,163,0.0,0.0,0.0
Australia A-League,2021,home_total_shots,0,0,163,0.0,0.0,0.0
Australia A-League,2021,home_xg,0,0,163,0.0,0.0,0.0
Australia A-League,2021,home_yellow_cards,0,0,163,0.0,0.0,0.0
Australia A-League,2022,away_attacks,0,2,163,0.0,1.2269938650306749,0.0
Australia A-League,2022,away_corners,0,0,163,0.0,0.0,0.0
Australia A-League,2022,away_dangerous_attacks,0,2,163,0.0,1.2269938650306749,0.0
Australia A-League,2022,away_fouls,0,0,163,0.0,0.0,0.0
Australia A-League,2022,away_possession,0,0,163,0.0,0.0,0.0
Australia A-League,2022,away_prematch_xg,0,12,163,0.0,7.361963190184049,0.0
Australia A-League,2022,away_red_cards,0,0,163,0.0,0.0,0.0
Australia A-League,2022,away_shots_off_target,0,0,163,0.0,0.0,0.0
Australia A-League,2022,away_shots_on_target,0,0,163,0.0,0.0,0.0
Australia A-League,2022,away_total_shots,0,1,163,0.0,0.6134969325153374,0.0
Australia A-League,2022,away_xg,0,0,163,0.0,0.0,0.0
Australia A-League,2022,away_yellow_cards,0,0,163,0.0,0.0,0.0
Australia A-League,2022,home_attacks,0,2,163,0.0,1.2269938650306749,0.0
Australia A-League,2022,home_corners,0,0,163,0.0,0.0,0.0
Australia A-League,2022,home_dangerous_attacks,0,2,163,0.0,1.2269938650306749,0.0
Australia A-League,2022,home_fouls,0,0,163,0.0,0.0,0.0
Australia A-League,2022,home_possession,0,0,163,0.0,0.0,0.0
Australia A-League,2022,home_prematch_xg,0,12,163,0.0,7.361963190184049,0.0
Australia A-League,2022,home_red_cards,0,0,163,0.0,0.0,0.0
Australia A-League,2022,home_shots_off_target,0,0,163,0.0,0.0,0.0
Australia A-League,2022,home_shots_on_target,0,0,163,0.0,0.0,0.0
Australia A-League,2022,home_total_shots,0,0,163,0.0,0.0,0.0
Australia A-League,2022,home_xg,0,0,163,0.0,0.0,0.0
Australia A-League,2022,home_yellow_cards,0,0,163,0.0,0.0,0.0
Australia A-League,2023,away_attacks,0,1,169,0.0,0.591715976331361,0.0
Australia A-League,2023,away_corners,0,0,169,0.0,0.0,0.0
Australia A-League,2023,away_dangerous_attacks,0,1,169,0.0,0.591715976331361,0.0
Australia A-League,2023,away_fouls,1,0,169,0.591715976331361,0.0,0.591715976331361
Australia A-League,2023,away_possession,1,0,169,0.591715976331361,0.0,0.591715976331361
Australia A-League,2023,away_prematch_xg,0,12,169,0.0,7.100591715976331,0.0
Australia A-League,2023,away_red_cards,0,0,169,0.0,0.0,0.0
Australia A-League,2023,away_shots_off_target,1,0,169,0.591715976331361,0.0,0.591715976331361
Australia A-League,2023,away_shots_on_target,1,0,169,0.591715976331361,0.0,0.591715976331361
Australia A-League,2023,away_total_shots,1,1,169,0.591715976331361,0.591715976331361,0.591715976331361
Australia A-League,2023,away_xg,0,0,169,0.0,0.0,0.0
Australia A-League,2023,away_yellow_cards,0,0,169,0.0,0.0,0.0
Australia A-League,2023,home_attacks,0,1,169,0.0,0.591715976331361,0.0
Australia A-League,2023,home_corners,0,0,169,0.0,0.0,0.0
Australia A-League,2023,home_dangerous_attacks,0,1,169,0.0,0.591715976331361,0.0
Australia A-League,2023,home_fouls,1,0,169,0.591715976331361,0.0,0.591715976331361
Australia A-League,2023,home_possession,1,0,169,0.591715976331361,0.0,0.591715976331361
Australia A-League,2023,home_prematch_xg,0,12,169,0.0,7.100591715976331,0.0
Australia A-League,2023,home_red_cards,0,0,169,0.0,0.0,0.0
Australia A-League,2023,home_shots_off_target,1,0,169,0.591715976331361,0.0,0.591715976331361
Australia A-League,2023,home_shots_on_target,1,0,169,0.591715976331361,0.0,0.591715976331361
Australia A-League,2023,home_total_shots,1,0,169,0.591715976331361,0.0,0.591715976331361
Australia A-League,2023,home_xg,0,0,169,0.0,0.0,0.0
Australia A-League,2023,home_yellow_cards,0,0,169,0.0,0.0,0.0
Australia A-League,2024,away_attacks,0,1,176,0.0,0.5681818181818182,0.0
Australia A-League,2024,away_corners,0,0,176,0.0,0.0,0.0
Australia A-League,2024,away_dangerous_attacks,0,1,176,0.0,0.5681818181818182,0.0
Australia A-League,2024,away_fouls,0,0,176,0.0,0.0,0.0
Australia A-League,2024,away_possession,0,0,176,0.0,0.0,0.0
Australia A-League,2024,away_prematch_xg,0,13,176,0.0,7.386363636363637,0.0
Australia A-League,2024,away_red_cards,0,0,176,0.0,0.0,0.0
Australia A-League,2024,away_shots_off_target,0,0,176,0.0,0.0,0.0
Australia A-League,2024,away_shots_on_target,0,0,176,0.0,0.0,0.0
Australia A-League,2024,away_total_shots,0,1,176,0.0,0.5681818181818182,0.0
Australia A-League,2024,away_xg,0,0,176,0.0,0.0,0.0
Australia A-League,2024,away_yellow_cards,0,0,176,0.0,0.0,0.0
Australia A-League,2024,home_attacks,0,1,176,0.0,0.5681818181818182,0.0
Australia A-League,2024,home_corners,0,0,176,0.0,0.0,0.0
Australia A-League,2024,home_dangerous_attacks,0,1,176,0.0,0.5681818181818182,0.0
Australia A-League,2024,home_fouls,0,0,176,0.0,0.0,0.0
Australia A-League,2024,home_possession,0,0,176,0.0,0.0,0.0
Australia A-League,2024,home_prematch_xg,0,13,176,0.0,7.386363636363637,0.0
Australia A-League,2024,home_red_cards,0,0,176,0.0,0.0,0.0
Australia A-League,2024,home_shots_off_target,0,0,176,0.0,0.0,0.0
Australia A-League,2024,home_shots_on_target,0,0,176,0.0,0.0,0.0
Australia A-League,2024,home_total_shots,0,0,176,0.0,0.0,0.0
Australia A-League,2024,home_xg,0,0,176,0.0,0.0,0.0
Australia A-League,2024,home_yellow_cards,0,0,176,0.0,0.0,0.0
Austria Bundesliga,2021,away_attacks,0,1,195,0.0,0.5128205128205128,0.0
Austria Bundesliga,2021,away_corners,0,0,195,0.0,0.0,0.0
Austria Bundesliga,2021,away_dangerous_attacks,0,1,195,0.0,0.5128205128205128,0.0
Austria Bundesliga,2021,away_fouls,0,1,195,0.0,0.5128205128205128,0.0
Austria Bundesliga,2021,away_possession,0,0,195,0.0,0.0,0.0
Austria Bundesliga,2021,away_prematch_xg,0,12,195,0.0,6.153846153846154,0.0
Austria Bundesliga,2021,away_red_cards,0,0,195,0.0,0.0,0.0
Austria Bundesliga,2021,away_shots_off_target,0,0,195,0.0,0.0,0.0
Austria Bundesliga,2021,away_shots_on_target,0,0,195,0.0,0.0,0.0
Austria Bundesliga,2021,away_total_shots,0,1,195,0.0,0.5128205128205128,0.0
Austria Bundesliga,2021,away_xg,0,0,195,0.0,0.0,0.0
Austria Bundesliga,2021,away_yellow_cards,0,0,195,0.0,0.0,0.0
Austria Bundesliga,2021,home_attacks,0,1,195,0.0,0.5128205128205128,0.0
Austria Bundesliga,2021,home_corners,0,0,195,0.0,0.0,0.0
Austria Bundesliga,2021,home_dangerous_attacks,0,1,195,0.0,0.5128205128205128,0.0
Austria Bundesliga,2021,home_fouls,0,3,195,0.0,1.5384615384615385,0.0
Austria Bundesliga,2021,home_possession,0,0,195,0.0,0.0,0.0
Austria Bundesliga,2021,home_prematch_xg,0,12,195,0.0,6.153846153846154,0.0
Austria Bundesliga,2021,home_red_cards,0,0,195,0.0,0.0,0.0
Austria Bundesliga,2021,home_shots_off_target,0,0,195,0.0,0.0,0.0
Austria Bundesliga,2021,home_shots_on_target,0,0,195,0.0,0.0,0.0
Austria Bundesliga,2021,home_total_shots,0,0,195,0.0,0.0,0.0
Austria Bundesliga,2021,home_xg,0,0,195,0.0,0.0,0.0
Austria Bundesliga,2021,home_yellow_cards,0,0,195,0.0,0.0,0.0
Austria Bundesliga,2022,away_attacks,0,0,195,0.0,0.0,0.0
Austria Bundesliga,2022,away_corners,0,0,195,0.0,0.0,0.0
Austria Bundesliga,2022,away_dangerous_attacks,0,0,195,0.0,0.0,0.0
Austria Bundesliga,2022,away_fouls,0,0,195,0.0,0.0,0.0
Austria Bundesliga,2022,away_possession,0,0,195,0.0,0.0,0.0
Austria Bundesliga,2022,away_prematch_xg,0,12,195,0.0,6.153846153846154,0.0
Austria Bundesliga,2022,away_red_cards,0,0,195,0.0,0.0,0.0
Austria Bundesliga,2022,away_shots_off_target,0,0,195,0.0,0.0,0.0
Austria Bundesliga,2022,away_shots_on_target,0,0,195,0.0,0.0,0.0
Austria Bundesliga,2022,away_total_shots,0,0,195,0.0,0.0,0.0
Austria Bundesliga,2022,away_xg,0,0,195,0.0,0.0,0.0
Austria Bundesliga,2022,away_yellow_cards,0,0,195,0.0,0.0,0.0
Austria Bundesliga,2022,home_attacks,0,0,195,0.0,0.0,0.0
Austria Bundesliga,2022,home_corners,0,0,195,0.0,0.0,0.0
Austria Bundesliga,2022,home_dangerous_attacks,0,0,195,0.0,0.0,0.0
Austria Bundesliga,2022,home_fouls,0,0,195,0.0,0.0,0.0
Austria Bundesliga,2022,home_possession,0,0,195,0.0,0.0,0.0
Austria Bundesliga,2022,home_prematch_xg,0,12,195,0.0,6.153846153846154,0.0
Austria Bundesliga,2022,home_red_cards,0,0,195,0.0,0.0,0.0
Austria Bundesliga,2022,home_shots_off_target,0,0,195,0.0,0.0,0.0
Austria Bundesliga,2022,home_shots_on_target,0,0,195,0.0,0.0,0.0
Austria Bundesliga,2022,home_total_shots,0,0,195,0.0,0.0,0.0
Austria Bundesliga,2022,home_xg,0,0,195,0.0,0.0,0.0
Austria Bundesliga,2022,home_yellow_cards,0,0,195,0.0,0.0,0.0
Austria Bundesliga,2023,away_attacks,0,0,195,0.0,0.0,0.0
Austria Bundesliga,2023,away_corners,0,0,195,0.0,0.0,0.0
Austria Bundesliga,2023,away_dangerous_attacks,0,0,195,0.0,0.0,0.0
Austria Bundesliga,2023,away_fouls,0,0,195,0.0,0.0,0.0
Austria Bundesliga,2023,away_possession,0,0,195,0.0,0.0,0.0
Austria Bundesliga,2023,away_prematch_xg,0,12,195,0.0,6.153846153846154,0.0
Austria Bundesliga,2023,away_red_cards,0,0,195,0.0,0.0,0.0
Austria Bundesliga,2023,away_shots_off_target,0,0,195,0.0,0.0,0.0
Austria Bundesliga,2023,away_shots_on_target,0,0,195,0.0,0.0,0.0
Austria Bundesliga,2023,away_total_shots,0,0,195,0.0,0.0,0.0
Austria Bundesliga,2023,away_xg,0,0,195,0.0,0.0,0.0
Austria Bundesliga,2023,away_yellow_cards,0,0,195,0.0,0.0,0.0
Austria Bundesliga,2023,home_attacks,0,0,195,0.0,0.0,0.0
Austria Bundesliga,2023,home_corners,0,0,195,0.0,0.0,0.0
Austria Bundesliga,2023,home_dangerous_attacks,0,0,195,0.0,0.0,0.0
Austria Bundesliga,2023,home_fouls,0,0,195,0.0,0.0,0.0
Austria Bundesliga,2023,home_possession,0,0,195,0.0,0.0,0.0
Austria Bundesliga,2023,home_prematch_xg,0,12,195,0.0,6.153846153846154,0.0
Austria Bundesliga,2023,home_red_cards,0,0,195,0.0,0.0,0.0
Austria Bundesliga,2023,home_shots_off_target,0,0,195,0.0,0.0,0.0
Austria Bundesliga,2023,home_shots_on_target,0,0,195,0.0,0.0,0.0
Austria Bundesliga,2023,home_total_shots,0,0,195,0.0,0.0,0.0
Austria Bundesliga,2023,home_xg,0,0,195,0.0,0.0,0.0
Austria Bundesliga,2023,home_yellow_cards,0,0,195,0.0,0.0,0.0
Austria Bundesliga,2024,away_attacks,0,9,195,0.0,4.615384615384615,0.0
Austria Bundesliga,2024,away_corners,1,0,195,0.5128205128205128,0.0,0.5128205128205128
Austria Bundesliga,2024,away_dangerous_attacks,0,9,195,0.0,4.615384615384615,0.0
Austria Bundesliga,2024,away_fouls,1,1,195,0.5128205128205128,0.5128205128205128,0.5128205128205128
Austria Bundesliga,2024,away_possession,1,0,195,0.5128205128205128,0.0,0.5128205128205128
Austria Bundesliga,2024,away_prematch_xg,0,13,195,0.0,6.666666666666667,0.0
Austria Bundesliga,2024,away_red_cards,0,0,195,0.0,0.0,0.0
Austria Bundesliga,2024,away_shots_off_target,2,0,195,1.0256410256410255,0.0,1.0256410256410255
Austria Bundesliga,2024,away_shots_on_target,2,0,195,1.0256410256410255,0.0,1.0256410256410255
Austria Bundesliga,2024,away_total_shots,2,0,195,1.0256410256410255,0.0,1.0256410256410255
Austria Bundesliga,2024,away_xg,0,0,195,0.0,0.0,0.0
Austria Bundesliga,2024,away_yellow_cards,0,0,195,0.0,0.0,0.0
Austria Bundesliga,2024,home_attacks,0,9,195,0.0,4.615384615384615,0.0
Austria Bundesliga,2024,home_corners,1,0,195,0.5128205128205128,0.0,0.5128205128205128
Austria Bundesliga,2024,home_dangerous_attacks,0,9,195,0.0,4.615384615384615,0.0
Austria Bundesliga,2024,home_fouls,1,2,195,0.5128205128205128,1.0256410256410255,0.5128205128205128
Austria Bundesliga,2024,home_possession,1,0,195,0.5128205128205128,0.0,0.5128205128205128
Austria Bundesliga,2024,home_prematch_xg,0,13,195,0.0,6.666666666666667,0.0
Austria Bundesliga,2024,home_red_cards,0,0,195,0.0,0.0,0.0
Austria Bundesliga,2024,home_shots_off_target,2,0,195,1.0256410256410255,0.0,1.0256410256410255
Austria Bundesliga,2024,home_shots_on_target,2,0,195,1.0256410256410255,0.0,1.0256410256410255
Austria Bundesliga,2024,home_total_shots,2,0,195,1.0256410256410255,0.0,1.0256410256410255
Austria Bundesliga,2024,home_xg,0,0,195,0.0,0.0,0.0
Austria Bundesliga,2024,home_yellow_cards,0,0,195,0.0,0.0,0.0
Belgium Pro League,2021,away_attacks,0,3,330,0.0,0.9090909090909091,0.0
Belgium Pro League,2021,away_corners,1,0,330,0.30303030303030304,0.0,0.30303030303030304
Belgium Pro League,2021,away_dangerous_attacks,0,3,330,0.0,0.9090909090909091,0.0
Belgium Pro League,2021,away_fouls,1,0,330,0.30303030303030304,0.0,0.30303030303030304
Belgium Pro League,2021,away_possession,1,0,330,0.30303030303030304,0.0,0.30303030303030304
Belgium Pro League,2021,away_prematch_xg,0,18,330,0.0,5.454545454545454,0.0
Belgium Pro League,2021,away_red_cards,1,0,330,0.30303030303030304,0.0,0.30303030303030304
Belgium Pro League,2021,away_shots_off_target,1,0,330,0.30303030303030304,0.0,0.30303030303030304
Belgium Pro League,2021,away_shots_on_target,1,0,330,0.30303030303030304,0.0,0.30303030303030304
Belgium Pro League,2021,away_total_shots,1,1,330,0.30303030303030304,0.30303030303030304,0.30303030303030304
Belgium Pro League,2021,away_xg,0,0,330,0.0,0.0,0.0
Belgium Pro League,2021,away_yellow_cards,1,0,330,0.30303030303030304,0.0,0.30303030303030304
Belgium Pro League,2021,home_attacks,0,3,330,0.0,0.9090909090909091,0.0
Belgium Pro League,2021,home_corners,1,0,330,0.30303030303030304,0.0,0.30303030303030304
Belgium Pro League,2021,home_dangerous_attacks,0,3,330,0.0,0.9090909090909091,0.0
Belgium Pro League,2021,home_fouls,1,0,330,0.30303030303030304,0.0,0.30303030303030304
Belgium Pro League,2021,home_possession,1,0,330,0.30303030303030304,0.0,0.30303030303030304
Belgium Pro League,2021,home_prematch_xg,0,18,330,0.0,5.454545454545454,0.0
Belgium Pro League,2021,home_red_cards,1,0,330,0.30303030303030304,0.0,0.30303030303030304
Belgium Pro League,2021,home_shots_off_target,1,0,330,0.30303030303030304,0.0,0.30303030303030304
Belgium Pro League,2021,home_shots_on_target,1,0,330,0.30303030303030304,0.0,0.30303030303030304
Belgium Pro League,2021,home_total_shots,1,0,330,0.30303030303030304,0.0,0.30303030303030304
Belgium Pro League,2021,home_xg,0,0,330,0.0,0.0,0.0
Belgium Pro League,2021,home_yellow_cards,1,0,330,0.30303030303030304,0.0,0.30303030303030304
Belgium Pro League,2022,away_attacks,0,3,330,0.0,0.9090909090909091,0.0
Belgium Pro League,2022,away_corners,0,0,330,0.0,0.0,0.0
Belgium Pro League,2022,away_dangerous_attacks,0,3,330,0.0,0.9090909090909091,0.0
Belgium Pro League,2022,away_fouls,0,0,330,0.0,0.0,0.0
Belgium Pro League,2022,away_possession,0,0,330,0.0,0.0,0.0
Belgium Pro League,2022,away_prematch_xg,0,18,330,0.0,5.454545454545454,0.0
Belgium Pro League,2022,away_red_cards,0,0,330,0.0,0.0,0.0
Belgium Pro League,2022,away_shots_off_target,0,0,330,0.0,0.0,0.0
Belgium Pro League,2022,away_shots_on_target,0,0,330,0.0,0.0,0.0
Belgium Pro League,2022,away_total_shots,0,0,330,0.0,0.0,0.0
Belgium Pro League,2022,away_xg,0,0,330,0.0,0.0,0.0
Belgium Pro League,2022,away_yellow_cards,0,0,330,0.0,0.0,0.0
Belgium Pro League,2022,home_attacks,0,3,330,0.0,0.9090909090909091,0.0
Belgium Pro League,2022,home_corners,0,0,330,0.0,0.0,0.0
Belgium Pro League,2022,home_dangerous_attacks,0,3,330,0.0,0.9090909090909091,0.0
Belgium Pro League,2022,home_fouls,0,0,330,0.0,0.0,0.0
Belgium Pro League,2022,home_possession,0,0,330,0.0,0.0,0.0
Belgium Pro League,2022,home_prematch_xg,0,18,330,0.0,5.454545454545454,0.0
Belgium Pro League,2022,home_red_cards,0,0,330,0.0,0.0,0.0
Belgium Pro League,2022,home_shots_off_target,0,0,330,0.0,0.0,0.0
Belgium Pro League,2022,home_shots_on_target,0,0,330,0.0,0.0,0.0
Belgium Pro League,2022,home_total_shots,0,0,330,0.0,0.0,0.0
Belgium Pro League,2022,home_xg,0,0,330,0.0,0.0,0.0
Belgium Pro League,2022,home_yellow_cards,0,0,330,0.0,0.0,0.0
Belgium Pro League,2023,away_attacks,0,2,313,0.0,0.6389776357827476,0.0
Belgium Pro League,2023,away_corners,1,0,313,0.3194888178913738,0.0,0.3194888178913738
Belgium Pro League,2023,away_dangerous_attacks,0,2,313,0.0,0.6389776357827476,0.0
Belgium Pro League,2023,away_fouls,1,0,313,0.3194888178913738,0.0,0.3194888178913738
Belgium Pro League,2023,away_possession,1,0,313,0.3194888178913738,0.0,0.3194888178913738
Belgium Pro League,2023,away_prematch_xg,0,16,313,0.0,5.111821086261981,0.0
Belgium Pro League,2023,away_red_cards,1,0,313,0.3194888178913738,0.0,0.3194888178913738
Belgium Pro League,2023,away_shots_off_target,1,0,313,0.3194888178913738,0.0,0.3194888178913738
Belgium Pro League,2023,away_shots_on_target,1,0,313,0.3194888178913738,0.0,0.3194888178913738
Belgium Pro League,2023,away_total_shots,1,0,313,0.3194888178913738,0.0,0.3194888178913738
Belgium Pro League,2023,away_xg,0,0,313,0.0,0.0,0.0
Belgium Pro League,2023,away_yellow_cards,1,0,313,0.3194888178913738,0.0,0.3194888178913738
Belgium Pro League,2023,home_attacks,0,2,313,0.0,0.6389776357827476,0.0
Belgium Pro League,2023,home_corners,1,0,313,0.3194888178913738,0.0,0.3194888178913738
Belgium Pro League,2023,home_dangerous_attacks,0,2,313,0.0,0.6389776357827476,0.0
Belgium Pro League,2023,home_fouls,1,0,313,0.3194888178913738,0.0,0.3194888178913738
Belgium Pro League,2023,home_possession,1,0,313,0.3194888178913738,0.0,0.3194888178913738
Belgium Pro League,2023,home_prematch_xg,0,16,313,0.0,5.111821086261981,0.0
Belgium Pro League,2023,home_red_cards,1,0,313,0.3194888178913738,0.0,0.3194888178913738
Belgium Pro League,2023,home_shots_off_target,1,0,313,0.3194888178913738,0.0,0.3194888178913738
Belgium Pro League,2023,home_shots_on_target,1,0,313,0.3194888178913738,0.0,0.3194888178913738
Belgium Pro League,2023,home_total_shots,1,0,313,0.3194888178913738,0.0,0.3194888178913738
Belgium Pro League,2023,home_xg,0,0,313,0.0,0.0,0.0
Belgium Pro League,2023,home_yellow_cards,1,0,313,0.3194888178913738,0.0,0.3194888178913738
Belgium Pro League,2024,away_attacks,0,13,313,0.0,4.15335463258786,0.0
Belgium Pro League,2024,away_corners,1,0,313,0.3194888178913738,0.0,0.3194888178913738
Belgium Pro League,2024,away_dangerous_attacks,0,13,313,0.0,4.15335463258786,0.0
Belgium Pro League,2024,away_fouls,1,0,313,0.3194888178913738,0.0,0.3194888178913738
Belgium Pro League,2024,away_possession,1,0,313,0.3194888178913738,0.0,0.3194888178913738
Belgium Pro League,2024,away_prematch_xg,0,16,313,0.0,5.111821086261981,0.0
Belgium Pro League,2024,away_red_cards,0,0,313,0.0,0.0,0.0
Belgium Pro League,2024,away_shots_off_target,1,0,313,0.3194888178913738,0.0,0.3194888178913738
Belgium Pro League,2024,away_shots_on_target,1,0,313,0.3194888178913738,0.0,0.3194888178913738
Belgium Pro League,2024,away_total_shots,1,0,313,0.3194888178913738,0.0,0.3194888178913738
Belgium Pro League,2024,away_xg,0,0,313,0.0,0.0,0.0
Belgium Pro League,2024,away_yellow_cards,0,0,313,0.0,0.0,0.0
Belgium Pro League,2024,home_attacks,0,13,313,0.0,4.15335463258786,0.0
Belgium Pro League,2024,home_corners,1,0,313,0.3194888178913738,0.0,0.3194888178913738
Belgium Pro League,2024,home_dangerous_attacks,0,13,313,0.0,4.15335463258786,0.0
Belgium Pro League,2024,home_fouls,1,1,313,0.3194888178913738,0.3194888178913738,0.3194888178913738
Belgium Pro League,2024,home_possession,1,0,313,0.3194888178913738,0.0,0.3194888178913738
Belgium Pro League,2024,home_prematch_xg,0,16,313,0.0,5.111821086261981,0.0
Belgium Pro League,2024,home_red_cards,0,0,313,0.0,0.0,0.0
Belgium Pro League,2024,home_shots_off_target,1,0,313,0.3194888178913738,0.0,0.3194888178913738
Belgium Pro League,2024,home_shots_on_target,1,0,313,0.3194888178913738,0.0,0.3194888178913738
Belgium Pro League,2024,home_total_shots,1,0,313,0.3194888178913738,0.0,0.3194888178913738
Belgium Pro League,2024,home_xg,0,0,313,0.0,0.0,0.0
Belgium Pro League,2024,home_yellow_cards,0,0,313,0.0,0.0,0.0
Denmark Superliga,2021,away_attacks,0,0,193,0.0,0.0,0.0
Denmark Superliga,2021,away_corners,0,0,193,0.0,0.0,0.0
Denmark Superliga,2021,away_dangerous_attacks,0,0,193,0.0,0.0,0.0
Denmark Superliga,2021,away_fouls,0,1,193,0.0,0.5181347150259067,0.0
Denmark Superliga,2021,away_possession,0,0,193,0.0,0.0,0.0
Denmark Superliga,2021,away_prematch_xg,0,12,193,0.0,6.217616580310881,0.0
Denmark Superliga,2021,away_red_cards,0,0,193,0.0,0.0,0.0
Denmark Superliga,2021,away_shots_off_target,0,0,193,0.0,0.0,0.0
Denmark Superliga,2021,away_shots_on_target,0,0,193,0.0,0.0,0.0
Denmark Superliga,2021,away_total_shots,0,0,193,0.0,0.0,0.0
Denmark Superliga,2021,away_xg,0,0,193,0.0,0.0,0.0
Denmark Superliga,2021,away_yellow_cards,0,0,193,0.0,0.0,0.0
Denmark Superliga,2021,home_attacks,0,0,193,0.0,0.0,0.0
Denmark Superliga,2021,home_corners,0,0,193,0.0,0.0,0.0
Denmark Superliga,2021,home_dangerous_attacks,0,0,193,0.0,0.0,0.0
Denmark Superliga,2021,home_fouls,0,2,193,0.0,1.0362694300518134,0.0
Denmark Superliga,2021,home_possession,0,0,193,0.0,0.0,0.0
Denmark Superliga,2021,home_prematch_xg,0,12,193,0.0,6.217616580310881,0.0
Denmark Superliga,2021,home_red_cards,0,0,193,0.0,0.0,0.0
Denmark Superliga,2021,home_shots_off_target,0,0,193,0.0,0.0,0.0
Denmark Superliga,2021,home_shots_on_target,0,0,193,0.0,0.0,0.0
Denmark Superliga,2021,home_total_shots,0,0,193,0.0,0.0,0.0
Denmark Superliga,2021,home_xg,0,0,193,0.0,0.0,0.0
Denmark Superliga,2021,home_yellow_cards,0,0,193,0.0,0.0,0.0
Denmark Superliga,2022,away_attacks,0,2,193,0.0,1.0362694300518134,0.0
Denmark Superliga,2022,away_corners,0,0,193,0.0,0.0,0.0
Denmark Superliga,2022,away_dangerous_attacks,0,2,193,0.0,1.0362694300518134,0.0
Denmark Superliga,2022,away_fouls,0,2,193,0.0,1.0362694300518134,0.0
Denmark Superliga,2022,away_possession,0,0,193,0.0,0.0,0.0
Denmark Superliga,2022,away_prematch_xg,0,12,193,0.0,6.217616580310881,0.0
Denmark Superliga,2022,away_red_cards,0,0,193,0.0,0.0,0.0
Denmark Superliga,2022,away_shots_off_target,1,0,193,0.5181347150259067,0.0,0.5181347150259067
Denmark Superliga,2022,away_shots_on_target,1,0,193,0.5181347150259067,0.0,0.5181347150259067
Denmark Superliga,2022,away_total_shots,0,1,193,0.0,0.5181347150259067,0.0
Denmark Superliga,2022,away_xg,0,0,193,0.0,0.0,0.0
Denmark Superliga,2022,away_yellow_cards,0,0,193,0.0,0.0,0.0
Denmark Superliga,2022,home_attacks,0,2,193,0.0,1.0362694300518134,0.0
Denmark Superliga,2022,home_corners,0,0,193,0.0,0.0,0.0
Denmark Superliga,2022,home_dangerous_attacks,0,2,193,0.0,1.0362694300518134,0.0
Denmark Superliga,2022,home_fouls,0,0,193,0.0,0.0,0.0
Denmark Superliga,2022,home_possession,0,0,193,0.0,0.0,0.0
Denmark Superliga,2022,home_prematch_xg,0,12,193,0.0,6.217616580310881,0.0
Denmark Superliga,2022,home_red_cards,0,0,193,0.0,0.0,0.0
Denmark Superliga,2022,home_shots_off_target,1,0,193,0.5181347150259067,0.0,0.5181347150259067
Denmark Superliga,2022,home_shots_on_target,1,0,193,0.5181347150259067,0.0,0.5181347150259067
Denmark Superliga,2022,home_total_shots,0,1,193,0.0,0.5181347150259067,0.0
Denmark Superliga,2022,home_xg,0,0,193,0.0,0.0,0.0
Denmark Superliga,2022,home_yellow_cards,0,0,193,0.0,0.0,0.0
Denmark Superliga,2023,away_attacks,0,1,193,0.0,0.5181347150259067,0.0
Denmark Superliga,2023,away_corners,0,0,193,0.0,0.0,0.0
Denmark Superliga,2023,away_dangerous_attacks,0,1,193,0.0,0.5181347150259067,0.0
Denmark Superliga,2023,away_fouls,0,0,193,0.0,0.0,0.0
Denmark Superliga,2023,away_possession,0,0,193,0.0,0.0,0.0
Denmark Superliga,2023,away_prematch_xg,0,12,193,0.0,6.217616580310881,0.0
Denmark Superliga,2023,away_red_cards,0,0,193,0.0,0.0,0.0
Denmark Superliga,2023,away_shots_off_target,0,0,193,0.0,0.0,0.0
Denmark Superliga,2023,away_shots_on_target,0,0,193,0.0,0.0,0.0
Denmark Superliga,2023,away_total_shots,0,0,193,0.0,0.0,0.0
Denmark Superliga,2023,away_xg,0,0,193,0.0,0.0,0.0
Denmark Superliga,2023,away_yellow_cards,0,0,193,0.0,0.0,0.0
Denmark Superliga,2023,home_attacks,0,1,193,0.0,0.5181347150259067,0.0
Denmark Superliga,2023,home_corners,0,0,193,0.0,0.0,0.0
Denmark Superliga,2023,home_dangerous_attacks,0,1,193,0.0,0.5181347150259067,0.0
Denmark Superliga,2023,home_fouls,0,0,193,0.0,0.0,0.0
Denmark Superliga,2023,home_possession,0,0,193,0.0,0.0,0.0
Denmark Superliga,2023,home_prematch_xg,0,12,193,0.0,6.217616580310881,0.0
Denmark Superliga,2023,home_red_cards,0,0,193,0.0,0.0,0.0
Denmark Superliga,2023,home_shots_off_target,0,0,193,0.0,0.0,0.0
Denmark Superliga,2023,home_shots_on_target,0,0,193,0.0,0.0,0.0
Denmark Superliga,2023,home_total_shots,0,0,193,0.0,0.0,0.0
Denmark Superliga,2023,home_xg,0,0,193,0.0,0.0,0.0
Denmark Superliga,2023,home_yellow_cards,0,0,193,0.0,0.0,0.0
Denmark Superliga,2024,away_attacks,0,0,193,0.0,0.0,0.0
Denmark Superliga,2024,away_corners,0,0,193,0.0,0.0,0.0
Denmark Superliga,2024,away_dangerous_attacks,0,0,193,0.0,0.0,0.0
Denmark Superliga,2024,away_fouls,0,1,193,0.0,0.5181347150259067,0.0
Denmark Superliga,2024,away_possession,0,0,193,0.0,0.0,0.0
Denmark Superliga,2024,away_prematch_xg,0,12,193,0.0,6.217616580310881,0.0
Denmark Superliga,2024,away_red_cards,0,0,193,0.0,0.0,0.0
Denmark Superliga,2024,away_shots_off_target,0,0,193,0.0,0.0,0.0
Denmark Superliga,2024,away_shots_on_target,0,0,193,0.0,0.0,0.0
Denmark Superliga,2024,away_total_shots,0,0,193,0.0,0.0,0.0
Denmark Superliga,2024,away_xg,0,0,193,0.0,0.0,0.0
Denmark Superliga,2024,away_yellow_cards,0,0,193,0.0,0.0,0.0
Denmark Superliga,2024,home_attacks,0,0,193,0.0,0.0,0.0
Denmark Superliga,2024,home_corners,0,0,193,0.0,0.0,0.0
Denmark Superliga,2024,home_dangerous_attacks,0,0,193,0.0,0.0,0.0
Denmark Superliga,2024,home_fouls,0,0,193,0.0,0.0,0.0
Denmark Superliga,2024,home_possession,0,0,193,0.0,0.0,0.0
Denmark Superliga,2024,home_prematch_xg,0,12,193,0.0,6.217616580310881,0.0
Denmark Superliga,2024,home_red_cards,0,0,193,0.0,0.0,0.0
Denmark Superliga,2024,home_shots_off_target,0,0,193,0.0,0.0,0.0
Denmark Superliga,2024,home_shots_on_target,0,0,193,0.0,0.0,0.0
Denmark Superliga,2024,home_total_shots,0,0,193,0.0,0.0,0.0
Denmark Superliga,2024,home_xg,0,0,193,0.0,0.0,0.0
Denmark Superliga,2024,home_yellow_cards,0,0,193,0.0,0.0,0.0
England Championship,2021,away_attacks,0,0,557,0.0,0.0,0.0
England Championship,2021,away_corners,0,0,557,0.0,0.0,0.0
England Championship,2021,away_dangerous_attacks,0,0,557,0.0,0.0,0.0
England Championship,2021,away_fouls,0,0,557,0.0,0.0,0.0
England Championship,2021,away_possession,0,0,557,0.0,0.0,0.0
England Championship,2021,away_prematch_xg,0,24,557,0.0,4.308797127468582,0.0
England Championship,2021,away_red_cards,0,0,557,0.0,0.0,0.0
England Championship,2021,away_shots_off_target,0,0,557,0.0,0.0,0.0
England Championship,2021,away_shots_on_target,0,0,557,0.0,0.0,0.0
England Championship,2021,away_total_shots,0,1,557,0.0,0.17953321364452424,0.0
England Championship,2021,away_xg,0,0,557,0.0,0.0,0.0
England Championship,2021,away_yellow_cards,0,0,557,0.0,0.0,0.0
England Championship,2021,home_attacks,0,0,557,0.0,0.0,0.0
England Championship,2021,home_corners,0,0,557,0.0,0.0,0.0
England Championship,2021,home_dangerous_attacks,0,0,557,0.0,0.0,0.0
England Championship,2021,home_fouls,0,0,557,0.0,0.0,0.0
England Championship,2021,home_possession,0,0,557,0.0,0.0,0.0
England Championship,2021,home_prematch_xg,0,24,557,0.0,4.308797127468582,0.0
England Championship,2021,home_red_cards,0,0,557,0.0,0.0,0.0
England Championship,2021,home_shots_off_target,0,0,557,0.0,0.0,0.0
England Championship,2021,home_shots_on_target,0,0,557,0.0,0.0,0.0
England Championship,2021,home_total_shots,0,0,557,0.0,0.0,0.0
England Championship,2021,home_xg,0,0,557,0.0,0.0,0.0
England Championship,2021,home_yellow_cards,0,0,557,0.0,0.0,0.0
England Championship,2022,away_attacks,0,1,557,0.0,0.17953321364452424,0.0
England Championship,2022,away_corners,0,0,557,0.0,0.0,0.0
England Championship,2022,away_dangerous_attacks,0,1,557,0.0,0.17953321364452424,0.0
England Championship,2022,away_fouls,16,1,557,2.872531418312388,0.17953321364452424,2.872531418312388
England Championship,2022,away_possession,0,0,557,0.0,0.0,0.0
England Championship,2022,away_prematch_xg,0,24,557,0.0,4.308797127468582,0.0
England Championship,2022,away_red_cards,0,0,557,0.0,0.0,0.0
England Championship,2022,away_shots_off_target,0,0,557,0.0,0.0,0.0
England Championship,2022,away_shots_on_target,0,0,557,0.0,0.0,0.0
England Championship,2022,away_total_shots,0,1,557,0.0,0.17953321364452424,0.0
England Championship,2022,away_xg,0,0,557,0.0,0.0,0.0
England Championship,2022,away_yellow_cards,0,0,557,0.0,0.0,0.0
England Championship,2022,home_attacks,0,1,557,0.0,0.17953321364452424,0.0
England Championship,2022,home_corners,0,0,557,0.0,0.0,0.0
England Championship,2022,home_dangerous_attacks,0,1,557,0.0,0.17953321364452424,0.0
England Championship,2022,home_fouls,16,0,557,2.872531418312388,0.0,2.872531418312388
England Championship,2022,home_possession,0,0,557,0.0,0.0,0.0
England Championship,2022,home_prematch_xg,0,24,557,0.0,4.308797127468582,0.0
England Championship,2022,home_red_cards,0,0,557,0.0,0.0,0.0
England Championship,2022,home_shots_off_target,0,0,557,0.0,0.0,0.0
England Championship,2022,home_shots_on_target,0,0,557,0.0,0.0,0.0
England Championship,2022,home_total_shots,0,1,557,0.0,0.17953321364452424,0.0
England Championship,2022,home_xg,0,0,557,0.0,0.0,0.0
England Championship,2022,home_yellow_cards,0,0,557,0.0,0.0,0.0
England Championship,2023,away_attacks,0,0,557,0.0,0.0,0.0
England Championship,2023,away_corners,0,0,557,0.0,0.0,0.0
England Championship,2023,away_dangerous_attacks,0,0,557,0.0,0.0,0.0
England Championship,2023,away_fouls,0,0,557,0.0,0.0,0.0
England Championship,2023,away_possession,0,0,557,0.0,0.0,0.0
England Championship,2023,away_prematch_xg,0,24,557,0.0,4.308797127468582,0.0
England Championship,2023,away_red_cards,0,0,557,0.0,0.0,0.0
England Championship,2023,away_shots_off_target,0,0,557,0.0,0.0,0.0
England Championship,2023,away_shots_on_target,0,0,557,0.0,0.0,0.0
England Championship,2023,away_total_shots,0,0,557,0.0,0.0,0.0
England Championship,2023,away_xg,0,0,557,0.0,0.0,0.0
England Championship,2023,away_yellow_cards,0,0,557,0.0,0.0,0.0
England Championship,2023,home_attacks,0,0,557,0.0,0.0,0.0
England Championship,2023,home_corners,0,0,557,0.0,0.0,0.0
England Championship,2023,home_dangerous_attacks,0,0,557,0.0,0.0,0.0
England Championship,2023,home_fouls,0,0,557,0.0,0.0,0.0
England Championship,2023,home_possession,0,0,557,0.0,0.0,0.0
England Championship,2023,home_prematch_xg,0,24,557,0.0,4.308797127468582,0.0
England Championship,2023,home_red_cards,0,0,557,0.0,0.0,0.0
England Championship,2023,home_shots_off_target,0,0,557,0.0,0.0,0.0
England Championship,2023,home_shots_on_target,0,0,557,0.0,0.0,0.0
England Championship,2023,home_total_shots,0,0,557,0.0,0.0,0.0
England Championship,2023,home_xg,0,0,557,0.0,0.0,0.0
England Championship,2023,home_yellow_cards,0,0,557,0.0,0.0,0.0
England Championship,2024,away_attacks,0,29,557,0.0,5.206463195691203,0.0
England Championship,2024,away_corners,2,0,557,0.3590664272890485,0.0,0.3590664272890485
England Championship,2024,away_dangerous_attacks,0,29,557,0.0,5.206463195691203,0.0
England Championship,2024,away_fouls,2,5,557,0.3590664272890485,0.8976660682226212,0.3590664272890485
England Championship,2024,away_possession,3,0,557,0.5385996409335727,0.0,0.5385996409335727
England Championship,2024,away_prematch_xg,0,25,557,0.0,4.488330341113106,0.0
England Championship,2024,away_red_cards,0,0,557,0.0,0.0,0.0
England Championship,2024,away_shots_off_target,2,0,557,0.3590664272890485,0.0,0.3590664272890485
England Championship,2024,away_shots_on_target,2,0,557,0.3590664272890485,0.0,0.3590664272890485
England Championship,2024,away_total_shots,2,1,557,0.3590664272890485,0.17953321364452424,0.3590664272890485
England Championship,2024,away_xg,0,0,557,0.0,0.0,0.0
England Championship,2024,away_yellow_cards,0,0,557,0.0,0.0,0.0
England Championship,2024,home_attacks,0,29,557,0.0,5.206463195691203,0.0
England Championship,2024,home_corners,2,0,557,0.3590664272890485,0.0,0.3590664272890485
England Championship,2024,home_dangerous_attacks,0,29,557,0.0,5.206463195691203,0.0
England Championship,2024,home_fouls,2,3,557,0.3590664272890485,0.5385996409335727,0.3590664272890485
England Championship,2024,home_possession,3,0,557,0.5385996409335727,0.0,0.5385996409335727
England Championship,2024,home_prematch_xg,0,25,557,0.0,4.488330341113106,0.0
England Championship,2024,home_red_cards,0,0,557,0.0,0.0,0.0
England Championship,2024,home_shots_off_target,2,0,557,0.3590664272890485,0.0,0.3590664272890485
England Championship,2024,home_shots_on_target,2,0,557,0.3590664272890485,0.0,0.3590664272890485
England Championship,2024,home_total_shots,2,1,557,0.3590664272890485,0.17953321364452424,0.3590664272890485
England Championship,2024,home_xg,0,0,557,0.0,0.0,0.0
England Championship,2024,home_yellow_cards,0,0,557,0.0,0.0,0.0
England EFL League One,2021,away_attacks,0,0,557,0.0,0.0,0.0
England EFL League One,2021,away_corners,0,0,557,0.0,0.0,0.0
England EFL League One,2021,away_dangerous_attacks,0,0,557,0.0,0.0,0.0
England EFL League One,2021,away_fouls,0,0,557,0.0,0.0,0.0
England EFL League One,2021,away_possession,0,0,557,0.0,0.0,0.0
England EFL League One,2021,away_prematch_xg,0,24,557,0.0,4.308797127468582,0.0
England EFL League One,2021,away_red_cards,0,0,557,0.0,0.0,0.0
England EFL League One,2021,away_shots_off_target,0,0,557,0.0,0.0,0.0
England EFL League One,2021,away_shots_on_target,0,0,557,0.0,0.0,0.0
England EFL League One,2021,away_total_shots,0,0,557,0.0,0.0,0.0
England EFL League One,2021,away_xg,0,0,557,0.0,0.0,0.0
England EFL League One,2021,away_yellow_cards,0,0,557,0.0,0.0,0.0
England EFL League One,2021,home_attacks,0,0,557,0.0,0.0,0.0
England EFL League One,2021,home_corners,0,0,557,0.0,0.0,0.0
England EFL League One,2021,home_dangerous_attacks,0,0,557,0.0,0.0,0.0
England EFL League One,2021,home_fouls,0,2,557,0.0,0.3590664272890485,0.0
England EFL League One,2021,home_possession,0,0,557,0.0,0.0,0.0
England EFL League One,2021,home_prematch_xg,0,24,557,0.0,4.308797127468582,0.0
England EFL League One,2021,home_red_cards,0,0,557,0.0,0.0,0.0
England EFL League One,2021,home_shots_off_target,0,0,557,0.0,0.0,0.0
England EFL League One,2021,home_shots_on_target,0,0,557,0.0,0.0,0.0
England EFL League One,2021,home_total_shots,0,0,557,0.0,0.0,0.0
England EFL League One,2021,home_xg,0,0,557,0.0,0.0,0.0
England EFL League One,2021,home_yellow_cards,0,0,557,0.0,0.0,0.0
England EFL League One,2022,away_attacks,0,3,557,0.0,0.5385996409335727,0.0
England EFL League One,2022,away_corners,0,0,557,0.0,0.0,0.0
England EFL League One,2022,away_dangerous_attacks,0,3,557,0.0,0.5385996409335727,0.0
England EFL League One,2022,away_fouls,3,0,557,0.5385996409335727,0.0,0.5385996409335727
England EFL League One,2022,away_possession,0,0,557,0.0,0.0,0.0
England EFL League One,2022,away_prematch_xg,0,24,557,0.0,4.308797127468582,0.0
England EFL League One,2022,away_red_cards,0,0,557,0.0,0.0,0.0
England EFL League One,2022,away_shots_off_target,0,0,557,0.0,0.0,0.0
England EFL League One,2022,away_shots_on_target,0,0,557,0.0,0.0,0.0
England EFL League One,2022,away_total_shots,0,0,557,0.0,0.0,0.0
England EFL League One,2022,away_xg,0,0,557,0.0,0.0,0.0
England EFL League One,2022,away_yellow_cards,0,0,557,0.0,0.0,0.0
England EFL League One,2022,home_attacks,0,3,557,0.0,0.5385996409335727,0.0
England EFL League One,2022,home_corners,0,0,557,0.0,0.0,0.0
England EFL League One,2022,home_dangerous_attacks,0,3,557,0.0,0.5385996409335727,0.0
England EFL League One,2022,home_fouls,3,0,557,0.5385996409335727,0.0,0.5385996409335727
England EFL League One,2022,home_possession,0,0,557,0.0,0.0,0.0
England EFL League One,2022,home_prematch_xg,0,24,557,0.0,4.308797127468582,0.0
England EFL League One,2022,home_red_cards,0,0,557,0.0,0.0,0.0
England EFL League One,2022,home_shots_off_target,0,0,557,0.0,0.0,0.0
England EFL League One,2022,home_shots_on_target,0,0,557,0.0,0.0,0.0
England EFL League One,2022,home_total_shots,0,0,557,0.0,0.0,0.0
England EFL League One,2022,home_xg,0,0,557,0.0,0.0,0.0
England EFL League One,2022,home_yellow_cards,0,0,557,0.0,0.0,0.0
England EFL League One,2023,away_attacks,0,0,557,0.0,0.0,0.0
England EFL League One,2023,away_corners,0,0,557,0.0,0.0,0.0
England EFL League One,2023,away_dangerous_attacks,0,0,557,0.0,0.0,0.0
England EFL League One,2023,away_fouls,0,0,557,0.0,0.0,0.0
England EFL League One,2023,away_possession,0,0,557,0.0,0.0,0.0
England EFL League One,2023,away_prematch_xg,0,24,557,0.0,4.308797127468582,0.0
England EFL League One,2023,away_red_cards,0,0,557,0.0,0.0,0.0
England EFL League One,2023,away_shots_off_target,0,0,557,0.0,0.0,0.0
England EFL League One,2023,away_shots_on_target,0,0,557,0.0,0.0,0.0
England EFL League One,2023,away_total_shots,0,0,557,0.0,0.0,0.0
England EFL League One,2023,away_xg,0,0,557,0.0,0.0,0.0
England EFL League One,2023,away_yellow_cards,0,0,557,0.0,0.0,0.0
England EFL League One,2023,home_attacks,0,0,557,0.0,0.0,0.0
England EFL League One,2023,home_corners,0,0,557,0.0,0.0,0.0
England EFL League One,2023,home_dangerous_attacks,0,0,557,0.0,0.0,0.0
England EFL League One,2023,home_fouls,0,0,557,0.0,0.0,0.0
England EFL League One,2023,home_possession,0,0,557,0.0,0.0,0.0
England EFL League One,2023,home_prematch_xg,0,24,557,0.0,4.308797127468582,0.0
England EFL League One,2023,home_red_cards,0,0,557,0.0,0.0,0.0
England EFL League One,2023,home_shots_off_target,0,0,557,0.0,0.0,0.0
England EFL League One,2023,home_shots_on_target,0,0,557,0.0,0.0,0.0
England EFL League One,2023,home_total_shots,0,0,557,0.0,0.0,0.0
England EFL League One,2023,home_xg,0,0,557,0.0,0.0,0.0
England EFL League One,2023,home_yellow_cards,0,0,557,0.0,0.0,0.0
England EFL League One,2024,away_attacks,0,9,557,0.0,1.6157989228007181,0.0
England EFL League One,2024,away_corners,2,0,557,0.3590664272890485,0.0,0.3590664272890485
England EFL League One,2024,away_dangerous_attacks,0,9,557,0.0,1.6157989228007181,0.0
England EFL League One,2024,away_fouls,2,1,557,0.3590664272890485,0.17953321364452424,0.3590664272890485
England EFL League One,2024,away_possession,3,0,557,0.5385996409335727,0.0,0.5385996409335727
England EFL League One,2024,away_prematch_xg,0,24,557,0.0,4.308797127468582,0.0
England EFL League One,2024,away_red_cards,0,0,557,0.0,0.0,0.0
England EFL League One,2024,away_shots_off_target,2,0,557,0.3590664272890485,0.0,0.3590664272890485
England EFL League One,2024,away_shots_on_target,2,0,557,0.3590664272890485,0.0,0.3590664272890485
England EFL League One,2024,away_total_shots,2,2,557,0.3590664272890485,0.3590664272890485,0.3590664272890485
England EFL League One,2024,away_xg,0,0,557,0.0,0.0,0.0
England EFL League One,2024,away_yellow_cards,0,0,557,0.0,0.0,0.0
England EFL League One,2024,home_attacks,0,9,557,0.0,1.6157989228007181,0.0
England EFL League One,2024,home_corners,2,0,557,0.3590664272890485,0.0,0.3590664272890485
England EFL League One,2024,home_dangerous_attacks,0,9,557,0.0,1.6157989228007181,0.0
England EFL League One,2024,home_fouls,2,0,557,0.3590664272890485,0.0,0.3590664272890485
England EFL League One,2024,home_possession,3,0,557,0.5385996409335727,0.0,0.5385996409335727
England EFL League One,2024,home_prematch_xg,0,24,557,0.0,4.308797127468582,0.0
England EFL League One,2024,home_red_cards,0,0,557,0.0,0.0,0.0
England EFL League One,2024,home_shots_off_target,2,0,557,0.3590664272890485,0.0,0.3590664272890485
England EFL League One,2024,home_shots_on_target,2,0,557,0.3590664272890485,0.0,0.3590664272890485
England EFL League One,2024,home_total_shots,2,3,557,0.3590664272890485,0.5385996409335727,0.3590664272890485
England EFL League One,2024,home_xg,0,0,557,0.0,0.0,0.0
England EFL League One,2024,home_yellow_cards,0,0,557,0.0,0.0,0.0
England EFL League Two,2021,away_attacks,0,1,557,0.0,0.17953321364452424,0.0
England EFL League Two,2021,away_corners,0,0,557,0.0,0.0,0.0
England EFL League Two,2021,away_dangerous_attacks,0,1,557,0.0,0.17953321364452424,0.0
England EFL League Two,2021,away_fouls,0,0,557,0.0,0.0,0.0
England EFL League Two,2021,away_possession,0,0,557,0.0,0.0,0.0
England EFL League Two,2021,away_prematch_xg,0,24,557,0.0,4.308797127468582,0.0
England EFL League Two,2021,away_red_cards,0,0,557,0.0,0.0,0.0
England EFL League Two,2021,away_shots_off_target,0,0,557,0.0,0.0,0.0
England EFL League Two,2021,away_shots_on_target,0,0,557,0.0,0.0,0.0
England EFL League Two,2021,away_total_shots,0,0,557,0.0,0.0,0.0
England EFL League Two,2021,away_xg,0,0,557,0.0,0.0,0.0
England EFL League Two,2021,away_yellow_cards,0,0,557,0.0,0.0,0.0
England EFL League Two,2021,home_attacks,0,1,557,0.0,0.17953321364452424,0.0
England EFL League Two,2021,home_corners,0,0,557,0.0,0.0,0.0
England EFL League Two,2021,home_dangerous_attacks,0,1,557,0.0,0.17953321364452424,0.0
England EFL League Two,2021,home_fouls,0,0,557,0.0,0.0,0.0
England EFL League Two,2021,home_possession,0,0,557,0.0,0.0,0.0
England EFL League Two,2021,home_prematch_xg,0,24,557,0.0,4.308797127468582,0.0
England EFL League Two,2021,home_red_cards,0,0,557,0.0,0.0,0.0
England EFL League Two,2021,home_shots_off_target,0,0,557,0.0,0.0,0.0
England EFL League Two,2021,home_shots_on_target,0,0,557,0.0,0.0,0.0
England EFL League Two,2021,home_total_shots,0,0,557,0.0,0.0,0.0
England EFL League Two,2021,home_xg,0,0,557,0.0,0.0,0.0
England EFL League Two,2021,home_yellow_cards,0,0,557,0.0,0.0,0.0
England EFL League Two,2022,away_attacks,0,1,557,0.0,0.17953321364452424,0.0
England EFL League Two,2022,away_corners,0,0,557,0.0,0.0,0.0
England EFL League Two,2022,away_dangerous_attacks,0,1,557,0.0,0.17953321364452424,0.0
England EFL League Two,2022,away_fouls,2,0,557,0.3590664272890485,0.0,0.3590664272890485
England EFL League Two,2022,away_possession,0,0,557,0.0,0.0,0.0
England EFL League Two,2022,away_prematch_xg,0,24,557,0.0,4.308797127468582,0.0
England EFL League Two,2022,away_red_cards,0,0,557,0.0,0.0,0.0
England EFL League Two,2022,away_shots_off_target,0,0,557,0.0,0.0,0.0
England EFL League Two,2022,away_shots_on_target,0,0,557,0.0,0.0,0.0
England EFL League Two,2022,away_total_shots,0,1,557,0.0,0.17953321364452424,0.0
England EFL League Two,2022,away_xg,0,0,557,0.0,0.0,0.0
England EFL League Two,2022,away_yellow_cards,0,0,557,0.0,0.0,0.0
England EFL League Two,2022,home_attacks,0,1,557,0.0,0.17953321364452424,0.0
England EFL League Two,2022,home_corners,0,0,557,0.0,0.0,0.0
England EFL League Two,2022,home_dangerous_attacks,0,1,557,0.0,0.17953321364452424,0.0
England EFL League Two,2022,home_fouls,2,0,557,0.3590664272890485,0.0,0.3590664272890485
England EFL League Two,2022,home_possession,0,0,557,0.0,0.0,0.0
England EFL League Two,2022,home_prematch_xg,0,24,557,0.0,4.308797127468582,0.0
England EFL League Two,2022,home_red_cards,0,0,557,0.0,0.0,0.0
England EFL League Two,2022,home_shots_off_target,0,0,557,0.0,0.0,0.0
England EFL League Two,2022,home_shots_on_target,0,0,557,0.0,0.0,0.0
England EFL League Two,2022,home_total_shots,0,2,557,0.0,0.3590664272890485,0.0
England EFL League Two,2022,home_xg,0,0,557,0.0,0.0,0.0
England EFL League Two,2022,home_yellow_cards,0,0,557,0.0,0.0,0.0
England EFL League Two,2023,away_attacks,0,1,557,0.0,0.17953321364452424,0.0
England EFL League Two,2023,away_corners,0,0,557,0.0,0.0,0.0
England EFL League Two,2023,away_dangerous_attacks,0,1,557,0.0,0.17953321364452424,0.0
England EFL League Two,2023,away_fouls,0,1,557,0.0,0.17953321364452424,0.0
England EFL League Two,2023,away_possession,0,0,557,0.0,0.0,0.0
England EFL League Two,2023,away_prematch_xg,0,24,557,0.0,4.308797127468582,0.0
England EFL League Two,2023,away_red_cards,0,0,557,0.0,0.0,0.0
England EFL League Two,2023,away_shots_off_target,0,0,557,0.0,0.0,0.0
England EFL League Two,2023,away_shots_on_target,0,0,557,0.0,0.0,0.0
England EFL League Two,2023,away_total_shots,0,0,557,0.0,0.0,0.0
England EFL League Two,2023,away_xg,0,0,557,0.0,0.0,0.0
England EFL League Two,2023,away_yellow_cards,0,0,557,0.0,0.0,0.0
England EFL League Two,2023,home_attacks,0,1,557,0.0,0.17953321364452424,0.0
England EFL League Two,2023,home_corners,0,0,557,0.0,0.0,0.0
England EFL League Two,2023,home_dangerous_attacks,0,1,557,0.0,0.17953321364452424,0.0
England EFL League Two,2023,home_fouls,0,0,557,0.0,0.0,0.0
England EFL League Two,2023,home_possession,0,0,557,0.0,0.0,0.0
England EFL League Two,2023,home_prematch_xg,0,24,557,0.0,4.308797127468582,0.0
England EFL League Two,2023,home_red_cards,0,0,557,0.0,0.0,0.0
England EFL League Two,2023,home_shots_off_target,0,0,557,0.0,0.0,0.0
England EFL League Two,2023,home_shots_on_target,0,0,557,0.0,0.0,0.0
England EFL League Two,2023,home_total_shots,0,0,557,0.0,0.0,0.0
England EFL League Two,2023,home_xg,0,0,557,0.0,0.0,0.0
England EFL League Two,2023,home_yellow_cards,0,0,557,0.0,0.0,0.0
England EFL League Two,2024,away_attacks,0,14,557,0.0,2.5134649910233393,0.0
England EFL League Two,2024,away_corners,7,0,557,1.2567324955116697,0.0,1.2567324955116697
England EFL League Two,2024,away_dangerous_attacks,0,14,557,0.0,2.5134649910233393,0.0
England EFL League Two,2024,away_fouls,7,5,557,1.2567324955116697,0.8976660682226212,1.2567324955116697
England EFL League Two,2024,away_possession,7,0,557,1.2567324955116697,0.0,1.2567324955116697
England EFL League Two,2024,away_prematch_xg,0,27,557,0.0,4.847396768402154,0.0
England EFL League Two,2024,away_red_cards,0,0,557,0.0,0.0,0.0
England EFL League Two,2024,away_shots_off_target,7,0,557,1.2567324955116697,0.0,1.2567324955116697
England EFL League Two,2024,away_shots_on_target,7,0,557,1.2567324955116697,0.0,1.2567324955116697
England EFL League Two,2024,away_total_shots,7,1,557,1.2567324955116697,0.17953321364452424,1.2567324955116697
England EFL League Two,2024,away_xg,0,0,557,0.0,0.0,0.0
England EFL League Two,2024,away_yellow_cards,0,0,557,0.0,0.0,0.0
England EFL League Two,2024,home_attacks,0,14,557,0.0,2.5134649910233393,0.0
England EFL League Two,2024,home_corners,7,0,557,1.2567324955116697,0.0,1.2567324955116697
England EFL League Two,2024,home_dangerous_attacks,0,14,557,0.0,2.5134649910233393,0.0
England EFL League Two,2024,home_fouls,7,6,557,1.2567324955116697,1.0771992818671454,1.2567324955116697
England EFL League Two,2024,home_possession,7,0,557,1.2567324955116697,0.0,1.2567324955116697
England EFL League Two,2024,home_prematch_xg,0,27,557,0.0,4.847396768402154,0.0
England EFL League Two,2024,home_red_cards,0,0,557,0.0,0.0,0.0
England EFL League Two,2024,home_shots_off_target,7,0,557,1.2567324955116697,0.0,1.2567324955116697
England EFL League Two,2024,home_shots_on_target,7,0,557,1.2567324955116697,0.0,1.2567324955116697
England EFL League Two,2024,home_total_shots,7,0,557,1.2567324955116697,0.0,1.2567324955116697
England EFL League Two,2024,home_xg,0,0,557,0.0,0.0,0.0
England EFL League Two,2024,home_yellow_cards,0,0,557,0.0,0.0,0.0
England Premier League,2021,away_attacks,0,0,380,0.0,0.0,0.0
England Premier League,2021,away_corners,0,0,380,0.0,0.0,0.0
England Premier League,2021,away_dangerous_attacks,0,0,380,0.0,0.0,0.0
England Premier League,2021,away_fouls,0,2,380,0.0,0.5263157894736842,0.0
England Premier League,2021,away_possession,0,0,380,0.0,0.0,0.0
England Premier League,2021,away_prematch_xg,0,20,380,0.0,5.2631578947368425,0.0
England Premier League,2021,away_red_cards,0,0,380,0.0,0.0,0.0
England Premier League,2021,away_shots_off_target,0,0,380,0.0,0.0,0.0
England Premier League,2021,away_shots_on_target,0,0,380,0.0,0.0,0.0
England Premier League,2021,away_total_shots,0,0,380,0.0,0.0,0.0
England Premier League,2021,away_xg,0,0,380,0.0,0.0,0.0
England Premier League,2021,away_yellow_cards,0,0,380,0.0,0.0,0.0
England Premier League,2021,home_attacks,0,0,380,0.0,0.0,0.0
England Premier League,2021,home_corners,0,0,380,0.0,0.0,0.0
England Premier League,2021,home_dangerous_attacks,0,0,380,0.0,0.0,0.0
England Premier League,2021,home_fouls,0,0,380,0.0,0.0,0.0
England Premier League,2021,home_possession,0,0,380,0.0,0.0,0.0
England Premier League,2021,home_prematch_xg,0,20,380,0.0,5.2631578947368425,0.0
England Premier League,2021,home_red_cards,0,0,380,0.0,0.0,0.0
England Premier League,2021,home_shots_off_target,0,0,380,0.0,0.0,0.0
England Premier League,2021,home_shots_on_target,0,0,380,0.0,0.0,0.0
England Premier League,2021,home_total_shots,0,0,380,0.0,0.0,0.0
England Premier League,2021,home_xg,0,0,380,0.0,0.0,0.0
England Premier League,2021,home_yellow_cards,0,0,380,0.0,0.0,0.0
England Premier League,2022,away_attacks,0,0,380,0.0,0.0,0.0
England Premier League,2022,away_corners,0,0,380,0.0,0.0,0.0
England Premier League,2022,away_dangerous_attacks,0,0,380,0.0,0.0,0.0
England Premier League,2022,away_fouls,0,3,380,0.0,0.7894736842105263,0.0
England Premier League,2022,away_possession,0,0,380,0.0,0.0,0.0
England Premier League,2022,away_prematch_xg,0,20,380,0.0,5.2631578947368425,0.0
England Premier League,2022,away_red_cards,0,0,380,0.0,0.0,0.0
England Premier League,2022,away_shots_off_target,0,0,380,0.0,0.0,0.0
England Premier League,2022,away_shots_on_target,0,0,380,0.0,0.0,0.0
England Premier League,2022,away_total_shots,0,0,380,0.0,0.0,0.0
England Premier League,2022,away_xg,0,0,380,0.0,0.0,0.0
England Premier League,2022,away_yellow_cards,0,0,380,0.0,0.0,0.0
England Premier League,2022,home_attacks,0,0,380,0.0,0.0,0.0
England Premier League,2022,home_corners,0,0,380,0.0,0.0,0.0
England Premier League,2022,home_dangerous_attacks,0,0,380,0.0,0.0,0.0
England Premier League,2022,home_fouls,0,3,380,0.0,0.7894736842105263,0.0
England Premier League,2022,home_possession,0,0,380,0.0,0.0,0.0
England Premier League,2022,home_prematch_xg,0,20,380,0.0,5.2631578947368425,0.0
England Premier League,2022,home_red_cards,0,0,380,0.0,0.0,0.0
England Premier League,2022,home_shots_off_target,0,0,380,0.0,0.0,0.0
England Premier League,2022,home_shots_on_target,0,0,380,0.0,0.0,0.0
England Premier League,2022,home_total_shots,0,0,380,0.0,0.0,0.0
England Premier League,2022,home_xg,0,0,380,0.0,0.0,0.0
England Premier League,2022,home_yellow_cards,0,0,380,0.0,0.0,0.0
England Premier League,2023,away_attacks,0,0,380,0.0,0.0,0.0
England Premier League,2023,away_corners,0,0,380,0.0,0.0,0.0
England Premier League,2023,away_dangerous_attacks,0,0,380,0.0,0.0,0.0
England Premier League,2023,away_fouls,0,0,380,0.0,0.0,0.0
England Premier League,2023,away_possession,0,0,380,0.0,0.0,0.0
England Premier League,2023,away_prematch_xg,0,20,380,0.0,5.2631578947368425,0.0
England Premier League,2023,away_red_cards,0,0,380,0.0,0.0,0.0
England Premier League,2023,away_shots_off_target,0,0,380,0.0,0.0,0.0
England Premier League,2023,away_shots_on_target,0,0,380,0.0,0.0,0.0
England Premier League,2023,away_total_shots,0,0,380,0.0,0.0,0.0
England Premier League,2023,away_xg,0,0,380,0.0,0.0,0.0
England Premier League,2023,away_yellow_cards,0,0,380,0.0,0.0,0.0
England Premier League,2023,home_attacks,0,0,380,0.0,0.0,0.0
England Premier League,2023,home_corners,0,0,380,0.0,0.0,0.0
England Premier League,2023,home_dangerous_attacks,0,0,380,0.0,0.0,0.0
England Premier League,2023,home_fouls,0,0,380,0.0,0.0,0.0
England Premier League,2023,home_possession,0,0,380,0.0,0.0,0.0
England Premier League,2023,home_prematch_xg,0,20,380,0.0,5.2631578947368425,0.0
England Premier League,2023,home_red_cards,0,0,380,0.0,0.0,0.0
England Premier League,2023,home_shots_off_target,0,0,380,0.0,0.0,0.0
England Premier League,2023,home_shots_on_target,0,0,380,0.0,0.0,0.0
England Premier League,2023,home_total_shots,0,0,380,0.0,0.0,0.0
England Premier League,2023,home_xg,0,0,380,0.0,0.0,0.0
England Premier League,2023,home_yellow_cards,0,0,380,0.0,0.0,0.0
England Premier League,2024,away_attacks,0,4,380,0.0,1.0526315789473684,0.0
England Premier League,2024,away_corners,0,0,380,0.0,0.0,0.0
England Premier League,2024,away_dangerous_attacks,0,4,380,0.0,1.0526315789473684,0.0
England Premier League,2024,away_fouls,0,1,380,0.0,0.2631578947368421,0.0
England Premier League,2024,away_possession,0,0,380,0.0,0.0,0.0
England Premier League,2024,away_prematch_xg,0,20,380,0.0,5.2631578947368425,0.0
England Premier League,2024,away_red_cards,0,0,380,0.0,0.0,0.0
England Premier League,2024,away_shots_off_target,0,0,380,0.0,0.0,0.0
England Premier League,2024,away_shots_on_target,0,0,380,0.0,0.0,0.0
England Premier League,2024,away_total_shots,0,4,380,0.0,1.0526315789473684,0.0
England Premier League,2024,away_xg,0,0,380,0.0,0.0,0.0
England Premier League,2024,away_yellow_cards,0,0,380,0.0,0.0,0.0
England Premier League,2024,home_attacks,0,4,380,0.0,1.0526315789473684,0.0
England Premier League,2024,home_corners,0,0,380,0.0,0.0,0.0
England Premier League,2024,home_dangerous_attacks,0,4,380,0.0,1.0526315789473684,0.0
England Premier League,2024,home_fouls,0,0,380,0.0,0.0,0.0
England Premier League,2024,home_possession,0,0,380,0.0,0.0,0.0
England Premier League,2024,home_prematch_xg,0,20,380,0.0,5.2631578947368425,0.0
England Premier League,2024,home_red_cards,0,0,380,0.0,0.0,0.0
England Premier League,2024,home_shots_off_target,0,0,380,0.0,0.0,0.0
England Premier League,2024,home_shots_on_target,0,0,380,0.0,0.0,0.0
England Premier League,2024,home_total_shots,0,0,380,0.0,0.0,0.0
England Premier League,2024,home_xg,0,0,380,0.0,0.0,0.0
England Premier League,2024,home_yellow_cards,0,0,380,0.0,0.0,0.0
France Ligue 1,2021,away_attacks,0,0,380,0.0,0.0,0.0
France Ligue 1,2021,away_corners,0,0,380,0.0,0.0,0.0
France Ligue 1,2021,away_dangerous_attacks,0,0,380,0.0,0.0,0.0
France Ligue 1,2021,away_fouls,0,1,380,0.0,0.2631578947368421,0.0
France Ligue 1,2021,away_possession,0,0,380,0.0,0.0,0.0
France Ligue 1,2021,away_prematch_xg,0,20,380,0.0,5.2631578947368425,0.0
France Ligue 1,2021,away_red_cards,0,0,380,0.0,0.0,0.0
France Ligue 1,2021,away_shots_off_target,0,0,380,0.0,0.0,0.0
France Ligue 1,2021,away_shots_on_target,0,0,380,0.0,0.0,0.0
France Ligue 1,2021,away_total_shots,0,0,380,0.0,0.0,0.0
France Ligue 1,2021,away_xg,0,0,380,0.0,0.0,0.0
France Ligue 1,2021,away_yellow_cards,0,0,380,0.0,0.0,0.0
France Ligue 1,2021,home_attacks,0,0,380,0.0,0.0,0.0
France Ligue 1,2021,home_corners,0,0,380,0.0,0.0,0.0
France Ligue 1,2021,home_dangerous_attacks,0,0,380,0.0,0.0,0.0
France Ligue 1,2021,home_fouls,0,4,380,0.0,1.0526315789473684,0.0
France Ligue 1,2021,home_possession,0,0,380,0.0,0.0,0.0
France Ligue 1,2021,home_prematch_xg,0,20,380,0.0,5.2631578947368425,0.0
France Ligue 1,2021,home_red_cards,0,0,380,0.0,0.0,0.0
France Ligue 1,2021,home_shots_off_target,0,0,380,0.0,0.0,0.0
France Ligue 1,2021,home_shots_on_target,0,0,380,0.0,0.0,0.0
France Ligue 1,2021,home_total_shots,0,0,380,0.0,0.0,0.0
France Ligue 1,2021,home_xg,0,0,380,0.0,0.0,0.0
France Ligue 1,2021,home_yellow_cards,0,0,380,0.0,0.0,0.0
France Ligue 1,2022,away_attacks,0,1,380,0.0,0.2631578947368421,0.0
France Ligue 1,2022,away_corners,0,0,380,0.0,0.0,0.0
France Ligue 1,2022,away_dangerous_attacks,0,1,380,0.0,0.2631578947368421,0.0
France Ligue 1,2022,away_fouls,0,6,380,0.0,1.5789473684210527,0.0
France Ligue 1,2022,away_possession,0,0,380,0.0,0.0,0.0
France Ligue 1,2022,away_prematch_xg,0,20,380,0.0,5.2631578947368425,0.0
France Ligue 1,2022,away_red_cards,0,0,380,0.0,0.0,0.0
France Ligue 1,2022,away_shots_off_target,0,0,380,0.0,0.0,0.0
France Ligue 1,2022,away_shots_on_target,0,0,380,0.0,0.0,0.0
France Ligue 1,2022,away_total_shots,0,0,380,0.0,0.0,0.0
France Ligue 1,2022,away_xg,0,0,380,0.0,0.0,0.0
France Ligue 1,2022,away_yellow_cards,0,0,380,0.0,0.0,0.0
France Ligue 1,2022,home_attacks,0,1,380,0.0,0.2631578947368421,0.0
France Ligue 1,2022,home_corners,0,0,380,0.0,0.0,0.0
France Ligue 1,2022,home_dangerous_attacks,0,1,380,0.0,0.2631578947368421,0.0
France Ligue 1,2022,home_fouls,0,5,380,0.0,1.3157894736842106,0.0
France Ligue 1,2022,home_possession,0,0,380,0.0,0.0,0.0
France Ligue 1,2022,home_prematch_xg,0,20,380,0.0,5.2631578947368425,0.0
France Ligue 1,2022,home_red_cards,0,0,380,0.0,0.0,0.0
France Ligue 1,2022,home_shots_off_target,0,0,380,0.0,0.0,0.0
France Ligue 1,2022,home_shots_on_target,0,0,380,0.0,0.0,0.0
France Ligue 1,2022,home_total_shots,0,0,380,0.0,0.0,0.0
France Ligue 1,2022,home_xg,0,0,380,0.0,0.0,0.0
France Ligue 1,2022,home_yellow_cards,0,0,380,0.0,0.0,0.0
France Ligue 1,2023,away_attacks,0,0,306,0.0,0.0,0.0
France Ligue 1,2023,away_corners,0,0,306,0.0,0.0,0.0
France Ligue 1,2023,away_dangerous_attacks,0,0,306,0.0,0.0,0.0
France Ligue 1,2023,away_fouls,0,0,306,0.0,0.0,0.0
France Ligue 1,2023,away_possession,0,0,306,0.0,0.0,0.0
France Ligue 1,2023,away_prematch_xg,0,18,306,0.0,5.882352941176471,0.0
France Ligue 1,2023,away_red_cards,0,0,306,0.0,0.0,0.0
France Ligue 1,2023,away_shots_off_target,0,0,306,0.0,0.0,0.0
France Ligue 1,2023,away_shots_on_target,0,0,306,0.0,0.0,0.0
France Ligue 1,2023,away_total_shots,0,0,306,0.0,0.0,0.0
France Ligue 1,2023,away_xg,0,0,306,0.0,0.0,0.0
France Ligue 1,2023,away_yellow_cards,0,0,306,0.0,0.0,0.0
France Ligue 1,2023,home_attacks,0,0,306,0.0,0.0,0.0
France Ligue 1,2023,home_corners,0,0,306,0.0,0.0,0.0
France Ligue 1,2023,home_dangerous_attacks,0,0,306,0.0,0.0,0.0
France Ligue 1,2023,home_fouls,0,0,306,0.0,0.0,0.0
France Ligue 1,2023,home_possession,0,0,306,0.0,0.0,0.0
France Ligue 1,2023,home_prematch_xg,0,18,306,0.0,5.882352941176471,0.0
France Ligue 1,2023,home_red_cards,0,0,306,0.0,0.0,0.0
France Ligue 1,2023,home_shots_off_target,0,0,306,0.0,0.0,0.0
France Ligue 1,2023,home_shots_on_target,0,0,306,0.0,0.0,0.0
France Ligue 1,2023,home_total_shots,0,0,306,0.0,0.0,0.0
France Ligue 1,2023,home_xg,0,0,306,0.0,0.0,0.0
France Ligue 1,2023,home_yellow_cards,0,0,306,0.0,0.0,0.0
France Ligue 1,2024,away_attacks,0,16,306,0.0,5.228758169934641,0.0
France Ligue 1,2024,away_corners,0,0,306,0.0,0.0,0.0
France Ligue 1,2024,away_dangerous_attacks,0,16,306,0.0,5.228758169934641,0.0
France Ligue 1,2024,away_fouls,0,0,306,0.0,0.0,0.0
France Ligue 1,2024,away_possession,0,0,306,0.0,0.0,0.0
France Ligue 1,2024,away_prematch_xg,0,18,306,0.0,5.882352941176471,0.0
France Ligue 1,2024,away_red_cards,0,0,306,0.0,0.0,0.0
France Ligue 1,2024,away_shots_off_target,0,0,306,0.0,0.0,0.0
France Ligue 1,2024,away_shots_on_target,0,0,306,0.0,0.0,0.0
France Ligue 1,2024,away_total_shots,0,0,306,0.0,0.0,0.0
France Ligue 1,2024,away_xg,0,0,306,0.0,0.0,0.0
France Ligue 1,2024,away_yellow_cards,0,0,306,0.0,0.0,0.0
France Ligue 1,2024,home_attacks,0,16,306,0.0,5.228758169934641,0.0
France Ligue 1,2024,home_corners,0,0,306,0.0,0.0,0.0
France Ligue 1,2024,home_dangerous_attacks,0,16,306,0.0,5.228758169934641,0.0
France Ligue 1,2024,home_fouls,0,2,306,0.0,0.6535947712418301,0.0
France Ligue 1,2024,home_possession,0,0,306,0.0,0.0,0.0
France Ligue 1,2024,home_prematch_xg,0,18,306,0.0,5.882352941176471,0.0
France Ligue 1,2024,home_red_cards,0,0,306,0.0,0.0,0.0
France Ligue 1,2024,home_shots_off_target,0,0,306,0.0,0.0,0.0
France Ligue 1,2024,home_shots_on_target,0,0,306,0.0,0.0,0.0
France Ligue 1,2024,home_total_shots,0,0,306,0.0,0.0,0.0
France Ligue 1,2024,home_xg,0,0,306,0.0,0.0,0.0
France Ligue 1,2024,home_yellow_cards,0,0,306,0.0,0.0,0.0
France Ligue 2,2021,away_attacks,0,2,382,0.0,0.5235602094240838,0.0
France Ligue 2,2021,away_corners,0,0,382,0.0,0.0,0.0
France Ligue 2,2021,away_dangerous_attacks,0,2,382,0.0,0.5235602094240838,0.0
France Ligue 2,2021,away_fouls,0,0,382,0.0,0.0,0.0
France Ligue 2,2021,away_possession,0,0,382,0.0,0.0,0.0
France Ligue 2,2021,away_prematch_xg,0,20,382,0.0,5.2356020942408374,0.0
France Ligue 2,2021,away_red_cards,0,0,382,0.0,0.0,0.0
France Ligue 2,2021,away_shots_off_target,0,0,382,0.0,0.0,0.0
France Ligue 2,2021,away_shots_on_target,0,0,382,0.0,0.0,0.0
France Ligue 2,2021,away_total_shots,0,1,382,0.0,0.2617801047120419,0.0
France Ligue 2,2021,away_xg,0,0,382,0.0,0.0,0.0
France Ligue 2,2021,away_yellow_cards,0,0,382,0.0,0.0,0.0
France Ligue 2,2021,home_attacks,0,2,382,0.0,0.5235602094240838,0.0
France Ligue 2,2021,home_corners,0,0,382,0.0,0.0,0.0
France Ligue 2,2021,home_dangerous_attacks,0,2,382,0.0,0.5235602094240838,0.0
France Ligue 2,2021,home_fouls,0,0,382,0.0,0.0,0.0
France Ligue 2,2021,home_possession,0,0,382,0.0,0.0,0.0
France Ligue 2,2021,home_prematch_xg,0,20,382,0.0,5.2356020942408374,0.0
France Ligue 2,2021,home_red_cards,0,0,382,0.0,0.0,0.0
France Ligue 2,2021,home_shots_off_target,0,0,382,0.0,0.0,0.0
France Ligue 2,2021,home_shots_on_target,0,0,382,0.0,0.0,0.0
France Ligue 2,2021,home_total_shots,0,0,382,0.0,0.0,0.0
France Ligue 2,2021,home_xg,0,0,382,0.0,0.0,0.0
France Ligue 2,2021,home_yellow_cards,0,0,382,0.0,0.0,0.0
France Ligue 2,2022,away_attacks,0,1,380,0.0,0.2631578947368421,0.0
France Ligue 2,2022,away_corners,0,0,380,0.0,0.0,0.0
France Ligue 2,2022,away_dangerous_attacks,0,1,380,0.0,0.2631578947368421,0.0
France Ligue 2,2022,away_fouls,0,0,380,0.0,0.0,0.0
France Ligue 2,2022,away_possession,0,0,380,0.0,0.0,0.0
France Ligue 2,2022,away_prematch_xg,0,20,380,0.0,5.2631578947368425,0.0
France Ligue 2,2022,away_red_cards,0,0,380,0.0,0.0,0.0
France Ligue 2,2022,away_shots_off_target,0,0,380,0.0,0.0,0.0
France Ligue 2,2022,away_shots_on_target,0,0,380,0.0,0.0,0.0
France Ligue 2,2022,away_total_shots,0,0,380,0.0,0.0,0.0
France Ligue 2,2022,away_xg,0,0,380,0.0,0.0,0.0
France Ligue 2,2022,away_yellow_cards,0,0,380,0.0,0.0,0.0
France Ligue 2,2022,home_attacks,0,1,380,0.0,0.2631578947368421,0.0
France Ligue 2,2022,home_corners,0,0,380,0.0,0.0,0.0
France Ligue 2,2022,home_dangerous_attacks,0,1,380,0.0,0.2631578947368421,0.0
France Ligue 2,2022,home_fouls,0,0,380,0.0,0.0,0.0
France Ligue 2,2022,home_possession,0,0,380,0.0,0.0,0.0
France Ligue 2,2022,home_prematch_xg,0,20,380,0.0,5.2631578947368425,0.0
France Ligue 2,2022,home_red_cards,0,0,380,0.0,0.0,0.0
France Ligue 2,2022,home_shots_off_target,0,0,380,0.0,0.0,0.0
France Ligue 2,2022,home_shots_on_target,0,0,380,0.0,0.0,0.0
France Ligue 2,2022,home_total_shots,0,1,380,0.0,0.2631578947368421,0.0
France Ligue 2,2022,home_xg,0,0,380,0.0,0.0,0.0
France Ligue 2,2022,home_yellow_cards,0,0,380,0.0,0.0,0.0
France Ligue 2,2023,away_attacks,0,0,382,0.0,0.0,0.0
France Ligue 2,2023,away_corners,0,0,382,0.0,0.0,0.0
France Ligue 2,2023,away_dangerous_attacks,0,0,382,0.0,0.0,0.0
France Ligue 2,2023,away_fouls,0,0,382,0.0,0.0,0.0
France Ligue 2,2023,away_possession,0,0,382,0.0,0.0,0.0
France Ligue 2,2023,away_prematch_xg,0,20,382,0.0,5.2356020942408374,0.0
France Ligue 2,2023,away_red_cards,0,0,382,0.0,0.0,0.0
France Ligue 2,2023,away_shots_off_target,0,0,382,0.0,0.0,0.0
France Ligue 2,2023,away_shots_on_target,0,0,382,0.0,0.0,0.0
France Ligue 2,2023,away_total_shots,0,0,382,0.0,0.0,0.0
France Ligue 2,2023,away_xg,0,0,382,0.0,0.0,0.0
France Ligue 2,2023,away_yellow_cards,0,0,382,0.0,0.0,0.0
France Ligue 2,2023,home_attacks,0,0,382,0.0,0.0,0.0
France Ligue 2,2023,home_corners,0,0,382,0.0,0.0,0.0
France Ligue 2,2023,home_dangerous_attacks,0,0,382,0.0,0.0,0.0
France Ligue 2,2023,home_fouls,0,0,382,0.0,0.0,0.0
France Ligue 2,2023,home_possession,0,0,382,0.0,0.0,0.0
France Ligue 2,2023,home_prematch_xg,0,20,382,0.0,5.2356020942408374,0.0
France Ligue 2,2023,home_red_cards,0,0,382,0.0,0.0,0.0
France Ligue 2,2023,home_shots_off_target,0,0,382,0.0,0.0,0.0
France Ligue 2,2023,home_shots_on_target,0,0,382,0.0,0.0,0.0
France Ligue 2,2023,home_total_shots,0,0,382,0.0,0.0,0.0
France Ligue 2,2023,home_xg,0,0,382,0.0,0.0,0.0
France Ligue 2,2023,home_yellow_cards,0,0,382,0.0,0.0,0.0
France Ligue 2,2024,away_attacks,0,24,308,0.0,7.792207792207792,0.0
France Ligue 2,2024,away_corners,3,0,308,0.974025974025974,0.0,0.974025974025974
France Ligue 2,2024,away_dangerous_attacks,0,24,308,0.0,7.792207792207792,0.0
France Ligue 2,2024,away_fouls,13,2,308,4.220779220779221,0.6493506493506493,4.220779220779221
France Ligue 2,2024,away_possession,3,0,308,0.974025974025974,0.0,0.974025974025974
France Ligue 2,2024,away_prematch_xg,0,18,308,0.0,5.8441558441558445,0.0
France Ligue 2,2024,away_red_cards,0,0,308,0.0,0.0,0.0
France Ligue 2,2024,away_shots_off_target,3,0,308,0.974025974025974,0.0,0.974025974025974
France Ligue 2,2024,away_shots_on_target,3,0,308,0.974025974025974,0.0,0.974025974025974
France Ligue 2,2024,away_total_shots,3,1,308,0.974025974025974,0.3246753246753247,0.974025974025974
France Ligue 2,2024,away_xg,0,0,308,0.0,0.0,0.0
France Ligue 2,2024,away_yellow_cards,0,0,308,0.0,0.0,0.0
France Ligue 2,2024,home_attacks,0,24,308,0.0,7.792207792207792,0.0
France Ligue 2,2024,home_corners,3,0,308,0.974025974025974,0.0,0.974025974025974
France Ligue 2,2024,home_dangerous_attacks,0,24,308,0.0,7.792207792207792,0.0
France Ligue 2,2024,home_fouls,13,0,308,4.220779220779221,0.0,4.220779220779221
France Ligue 2,2024,home_possession,3,0,308,0.974025974025974,0.0,0.974025974025974
France Ligue 2,2024,home_prematch_xg,0,18,308,0.0,5.8441558441558445,0.0
France Ligue 2,2024,home_red_cards,0,0,308,0.0,0.0,0.0
France Ligue 2,2024,home_shots_off_target,3,0,308,0.974025974025974,0.0,0.974025974025974
France Ligue 2,2024,home_shots_on_target,3,0,308,0.974025974025974,0.0,0.974025974025974
France Ligue 2,2024,home_total_shots,3,1,308,0.974025974025974,0.3246753246753247,0.974025974025974
France Ligue 2,2024,home_xg,0,0,308,0.0,0.0,0.0
France Ligue 2,2024,home_yellow_cards,0,0,308,0.0,0.0,0.0
Germany 2. Bundesliga,2021,away_attacks,0,0,306,0.0,0.0,0.0
Germany 2. Bundesliga,2021,away_corners,0,0,306,0.0,0.0,0.0
Germany 2. Bundesliga,2021,away_dangerous_attacks,0,0,306,0.0,0.0,0.0
Germany 2. Bundesliga,2021,away_fouls,0,2,306,0.0,0.6535947712418301,0.0
Germany 2. Bundesliga,2021,away_possession,0,0,306,0.0,0.0,0.0
Germany 2. Bundesliga,2021,away_prematch_xg,0,18,306,0.0,5.882352941176471,0.0
Germany 2. Bundesliga,2021,away_red_cards,0,0,306,0.0,0.0,0.0
Germany 2. Bundesliga,2021,away_shots_off_target,0,0,306,0.0,0.0,0.0
Germany 2. Bundesliga,2021,away_shots_on_target,0,0,306,0.0,0.0,0.0
Germany 2. Bundesliga,2021,away_total_shots,0,0,306,0.0,0.0,0.0
Germany 2. Bundesliga,2021,away_xg,0,0,306,0.0,0.0,0.0
Germany 2. Bundesliga,2021,away_yellow_cards,0,0,306,0.0,0.0,0.0
Germany 2. Bundesliga,2021,home_attacks,0,0,306,0.0,0.0,0.0
Germany 2. Bundesliga,2021,home_corners,0,0,306,0.0,0.0,0.0
Germany 2. Bundesliga,2021,home_dangerous_attacks,0,0,306,0.0,0.0,0.0
Germany 2. Bundesliga,2021,home_fouls,0,1,306,0.0,0.32679738562091504,0.0
Germany 2. Bundesliga,2021,home_possession,0,0,306,0.0,0.0,0.0
Germany 2. Bundesliga,2021,home_prematch_xg,0,18,306,0.0,5.882352941176471,0.0
Germany 2. Bundesliga,2021,home_red_cards,0,0,306,0.0,0.0,0.0
Germany 2. Bundesliga,2021,home_shots_off_target,0,0,306,0.0,0.0,0.0
Germany 2. Bundesliga,2021,home_shots_on_target,0,0,306,0.0,0.0,0.0
Germany 2. Bundesliga,2021,home_total_shots,0,0,306,0.0,0.0,0.0
Germany 2. Bundesliga,2021,home_xg,0,0,306,0.0,0.0,0.0
Germany 2. Bundesliga,2021,home_yellow_cards,0,0,306,0.0,0.0,0.0
Germany 2. Bundesliga,2022,away_attacks,0,0,306,0.0,0.0,0.0
Germany 2. Bundesliga,2022,away_corners,0,0,306,0.0,0.0,0.0
Germany 2. Bundesliga,2022,away_dangerous_attacks,0,0,306,0.0,0.0,0.0
Germany 2. Bundesliga,2022,away_fouls,0,3,306,0.0,0.9803921568627451,0.0
Germany 2. Bundesliga,2022,away_possession,0,0,306,0.0,0.0,0.0
Germany 2. Bundesliga,2022,away_prematch_xg,0,18,306,0.0,5.882352941176471,0.0
Germany 2. Bundesliga,2022,away_red_cards,0,0,306,0.0,0.0,0.0
Germany 2. Bundesliga,2022,away_shots_off_target,0,0,306,0.0,0.0,0.0
Germany 2. Bundesliga,2022,away_shots_on_target,0,0,306,0.0,0.0,0.0
Germany 2. Bundesliga,2022,away_total_shots,0,0,306,0.0,0.0,0.0
Germany 2. Bundesliga,2022,away_xg,0,0,306,0.0,0.0,0.0
Germany 2. Bundesliga,2022,away_yellow_cards,0,0,306,0.0,0.0,0.0
Germany 2. Bundesliga,2022,home_attacks,0,0,306,0.0,0.0,0.0
Germany 2. Bundesliga,2022,home_corners,0,0,306,0.0,0.0,0.0
Germany 2. Bundesliga,2022,home_dangerous_attacks,0,0,306,0.0,0.0,0.0
Germany 2. Bundesliga,2022,home_fouls,0,3,306,0.0,0.9803921568627451,0.0
Germany 2. Bundesliga,2022,home_possession,0,0,306,0.0,0.0,0.0
Germany 2. Bundesliga,2022,home_prematch_xg,0,18,306,0.0,5.882352941176471,0.0
Germany 2. Bundesliga,2022,home_red_cards,0,0,306,0.0,0.0,0.0
Germany 2. Bundesliga,2022,home_shots_off_target,0,0,306,0.0,0.0,0.0
Germany 2. Bundesliga,2022,home_shots_on_target,0,0,306,0.0,0.0,0.0
Germany 2. Bundesliga,2022,home_total_shots,0,0,306,0.0,0.0,0.0
Germany 2. Bundesliga,2022,home_xg,0,0,306,0.0,0.0,0.0
Germany 2. Bundesliga,2022,home_yellow_cards,0,0,306,0.0,0.0,0.0
Germany 2. Bundesliga,2023,away_attacks,0,1,306,0.0,0.32679738562091504,0.0
Germany 2. Bundesliga,2023,away_corners,0,0,306,0.0,0.0,0.0
Germany 2. Bundesliga,2023,away_dangerous_attacks,0,1,306,0.0,0.32679738562091504,0.0
Germany 2. Bundesliga,2023,away_fouls,0,0,306,0.0,0.0,0.0
Germany 2. Bundesliga,2023,away_possession,0,0,306,0.0,0.0,0.0
Germany 2. Bundesliga,2023,away_prematch_xg,0,18,306,0.0,5.882352941176471,0.0
Germany 2. Bundesliga,2023,away_red_cards,0,0,306,0.0,0.0,0.0
Germany 2. Bundesliga,2023,away_shots_off_target,0,0,306,0.0,0.0,0.0
Germany 2. Bundesliga,2023,away_shots_on_target,0,0,306,0.0,0.0,0.0
Germany 2. Bundesliga,2023,away_total_shots,0,0,306,0.0,0.0,0.0
Germany 2. Bundesliga,2023,away_xg,0,0,306,0.0,0.0,0.0
Germany 2. Bundesliga,2023,away_yellow_cards,0,0,306,0.0,0.0,0.0
Germany 2. Bundesliga,2023,home_attacks,0,1,306,0.0,0.32679738562091504,0.0
Germany 2. Bundesliga,2023,home_corners,0,0,306,0.0,0.0,0.0
Germany 2. Bundesliga,2023,home_dangerous_attacks,0,1,306,0.0,0.32679738562091504,0.0
Germany 2. Bundesliga,2023,home_fouls,0,0,306,0.0,0.0,0.0
Germany 2. Bundesliga,2023,home_possession,0,0,306,0.0,0.0,0.0
Germany 2. Bundesliga,2023,home_prematch_xg,0,18,306,0.0,5.882352941176471,0.0
Germany 2. Bundesliga,2023,home_red_cards,0,0,306,0.0,0.0,0.0
Germany 2. Bundesliga,2023,home_shots_off_target,0,0,306,0.0,0.0,0.0
Germany 2. Bundesliga,2023,home_shots_on_target,0,0,306,0.0,0.0,0.0
Germany 2. Bundesliga,2023,home_total_shots,0,0,306,0.0,0.0,0.0
Germany 2. Bundesliga,2023,home_xg,0,0,306,0.0,0.0,0.0
Germany 2. Bundesliga,2023,home_yellow_cards,0,0,306,0.0,0.0,0.0
Germany 2. Bundesliga,2024,away_attacks,0,18,306,0.0,5.882352941176471,0.0
Germany 2. Bundesliga,2024,away_corners,3,0,306,0.9803921568627451,0.0,0.9803921568627451
Germany 2. Bundesliga,2024,away_dangerous_attacks,0,18,306,0.0,5.882352941176471,0.0
Germany 2. Bundesliga,2024,away_fouls,3,1,306,0.9803921568627451,0.32679738562091504,0.9803921568627451
Germany 2. Bundesliga,2024,away_possession,3,0,306,0.9803921568627451,0.0,0.9803921568627451
Germany 2. Bundesliga,2024,away_prematch_xg,0,18,306,0.0,5.882352941176471,0.0
Germany 2. Bundesliga,2024,away_red_cards,0,0,306,0.0,0.0,0.0
Germany 2. Bundesliga,2024,away_shots_off_target,3,0,306,0.9803921568627451,0.0,0.9803921568627451
Germany 2. Bundesliga,2024,away_shots_on_target,3,0,306,0.9803921568627451,0.0,0.9803921568627451
Germany 2. Bundesliga,2024,away_total_shots,3,0,306,0.9803921568627451,0.0,0.9803921568627451
Germany 2. Bundesliga,2024,away_xg,0,0,306,0.0,0.0,0.0
Germany 2. Bundesliga,2024,away_yellow_cards,0,0,306,0.0,0.0,0.0
Germany 2. Bundesliga,2024,home_attacks,0,18,306,0.0,5.882352941176471,0.0
Germany 2. Bundesliga,2024,home_corners,3,0,306,0.9803921568627451,0.0,0.9803921568627451
Germany 2. Bundesliga,2024,home_dangerous_attacks,0,18,306,0.0,5.882352941176471,0.0
Germany 2. Bundesliga,2024,home_fouls,3,1,306,0.9803921568627451,0.32679738562091504,0.9803921568627451
Germany 2. Bundesliga,2024,home_possession,3,0,306,0.9803921568627451,0.0,0.9803921568627451
Germany 2. Bundesliga,2024,home_prematch_xg,0,18,306,0.0,5.882352941176471,0.0
Germany 2. Bundesliga,2024,home_red_cards,0,0,306,0.0,0.0,0.0
Germany 2. Bundesliga,2024,home_shots_off_target,3,0,306,0.9803921568627451,0.0,0.9803921568627451
Germany 2. Bundesliga,2024,home_shots_on_target,3,0,306,0.9803921568627451,0.0,0.9803921568627451
Germany 2. Bundesliga,2024,home_total_shots,3,0,306,0.9803921568627451,0.0,0.9803921568627451
Germany 2. Bundesliga,2024,home_xg,0,0,306,0.0,0.0,0.0
Germany 2. Bundesliga,2024,home_yellow_cards,0,0,306,0.0,0.0,0.0
Germany Bundesliga,2021,away_attacks,0,1,306,0.0,0.32679738562091504,0.0
Germany Bundesliga,2021,away_corners,0,0,306,0.0,0.0,0.0
Germany Bundesliga,2021,away_dangerous_attacks,0,1,306,0.0,0.32679738562091504,0.0
Germany Bundesliga,2021,away_fouls,0,0,306,0.0,0.0,0.0
Germany Bundesliga,2021,away_possession,0,0,306,0.0,0.0,0.0
Germany Bundesliga,2021,away_prematch_xg,0,18,306,0.0,5.882352941176471,0.0
Germany Bundesliga,2021,away_red_cards,0,0,306,0.0,0.0,0.0
Germany Bundesliga,2021,away_shots_off_target,0,0,306,0.0,0.0,0.0
Germany Bundesliga,2021,away_shots_on_target,0,0,306,0.0,0.0,0.0
Germany Bundesliga,2021,away_total_shots,0,0,306,0.0,0.0,0.0
Germany Bundesliga,2021,away_xg,0,0,306,0.0,0.0,0.0
Germany Bundesliga,2021,away_yellow_cards,0,0,306,0.0,0.0,0.0
Germany Bundesliga,2021,home_attacks,0,1,306,0.0,0.32679738562091504,0.0
Germany Bundesliga,2021,home_corners,0,0,306,0.0,0.0,0.0
Germany Bundesliga,2021,home_dangerous_attacks,0,1,306,0.0,0.32679738562091504,0.0
Germany Bundesliga,2021,home_fouls,0,1,306,0.0,0.32679738562091504,0.0
Germany Bundesliga,2021,home_possession,0,0,306,0.0,0.0,0.0
Germany Bundesliga,2021,home_prematch_xg,0,18,306,0.0,5.882352941176471,0.0
Germany Bundesliga,2021,home_red_cards,0,0,306,0.0,0.0,0.0
Germany Bundesliga,2021,home_shots_off_target,0,0,306,0.0,0.0,0.0
Germany Bundesliga,2021,home_shots_on_target,0,0,306,0.0,0.0,0.0
Germany Bundesliga,2021,home_total_shots,0,0,306,0.0,0.0,0.0
Germany Bundesliga,2021,home_xg,0,0,306,0.0,0.0,0.0
Germany Bundesliga,2021,home_yellow_cards,0,0,306,0.0,0.0,0.0
Germany Bundesliga,2022,away_attacks,0,0,306,0.0,0.0,0.0
Germany Bundesliga,2022,away_corners,0,0,306,0.0,0.0,0.0
Germany Bundesliga,2022,away_dangerous_attacks,0,0,306,0.0,0.0,0.0
Germany Bundesliga,2022,away_fouls,0,2,306,0.0,0.6535947712418301,0.0
Germany Bundesliga,2022,away_possession,0,0,306,0.0,0.0,0.0
Germany Bundesliga,2022,away_prematch_xg,0,18,306,0.0,5.882352941176471,0.0
Germany Bundesliga,2022,away_red_cards,0,0,306,0.0,0.0,0.0
Germany Bundesliga,2022,away_shots_off_target,0,0,306,0.0,0.0,0.0
Germany Bundesliga,2022,away_shots_on_target,0,0,306,0.0,0.0,0.0
Germany Bundesliga,2022,away_total_shots,0,0,306,0.0,0.0,0.0
Germany Bundesliga,2022,away_xg,0,0,306,0.0,0.0,0.0
Germany Bundesliga,2022,away_yellow_cards,0,0,306,0.0,0.0,0.0
Germany Bundesliga,2022,home_attacks,0,0,306,0.0,0.0,0.0
Germany Bundesliga,2022,home_corners,0,0,306,0.0,0.0,0.0
Germany Bundesliga,2022,home_dangerous_attacks,0,0,306,0.0,0.0,0.0
Germany Bundesliga,2022,home_fouls,0,0,306,0.0,0.0,0.0
Germany Bundesliga,2022,home_possession,0,0,306,0.0,0.0,0.0
Germany Bundesliga,2022,home_prematch_xg,0,18,306,0.0,5.882352941176471,0.0
Germany Bundesliga,2022,home_red_cards,0,0,306,0.0,0.0,0.0
Germany Bundesliga,2022,home_shots_off_target,0,0,306,0.0,0.0,0.0
Germany Bundesliga,2022,home_shots_on_target,0,0,306,0.0,0.0,0.0
Germany Bundesliga,2022,home_total_shots,0,0,306,0.0,0.0,0.0
Germany Bundesliga,2022,home_xg,0,0,306,0.0,0.0,0.0
Germany Bundesliga,2022,home_yellow_cards,0,0,306,0.0,0.0,0.0
Germany Bundesliga,2023,away_attacks,0,0,306,0.0,0.0,0.0
Germany Bundesliga,2023,away_corners,0,0,306,0.0,0.0,0.0
Germany Bundesliga,2023,away_dangerous_attacks,0,0,306,0.0,0.0,0.0
Germany Bundesliga,2023,away_fouls,0,0,306,0.0,0.0,0.0
Germany Bundesliga,2023,away_possession,0,0,306,0.0,0.0,0.0
Germany Bundesliga,2023,away_prematch_xg,0,18,306,0.0,5.882352941176471,0.0
Germany Bundesliga,2023,away_red_cards,0,0,306,0.0,0.0,0.0
Germany Bundesliga,2023,away_shots_off_target,0,0,306,0.0,0.0,0.0
Germany Bundesliga,2023,away_shots_on_target,0,0,306,0.0,0.0,0.0
Germany Bundesliga,2023,away_total_shots,0,0,306,0.0,0.0,0.0
Germany Bundesliga,2023,away_xg,0,0,306,0.0,0.0,0.0
Germany Bundesliga,2023,away_yellow_cards,0,0,306,0.0,0.0,0.0
Germany Bundesliga,2023,home_attacks,0,0,306,0.0,0.0,0.0
Germany Bundesliga,2023,home_corners,0,0,306,0.0,0.0,0.0
Germany Bundesliga,2023,home_dangerous_attacks,0,0,306,0.0,0.0,0.0
Germany Bundesliga,2023,home_fouls,0,0,306,0.0,0.0,0.0
Germany Bundesliga,2023,home_possession,0,0,306,0.0,0.0,0.0
Germany Bundesliga,2023,home_prematch_xg,0,18,306,0.0,5.882352941176471,0.0
Germany Bundesliga,2023,home_red_cards,0,0,306,0.0,0.0,0.0
Germany Bundesliga,2023,home_shots_off_target,0,0,306,0.0,0.0,0.0
Germany Bundesliga,2023,home_shots_on_target,0,0,306,0.0,0.0,0.0
Germany Bundesliga,2023,home_total_shots,0,0,306,0.0,0.0,0.0
Germany Bundesliga,2023,home_xg,0,0,306,0.0,0.0,0.0
Germany Bundesliga,2023,home_yellow_cards,0,0,306,0.0,0.0,0.0
Germany Bundesliga,2024,away_attacks,0,10,306,0.0,3.2679738562091503,0.0
Germany Bundesliga,2024,away_corners,0,0,306,0.0,0.0,0.0
Germany Bundesliga,2024,away_dangerous_attacks,0,10,306,0.0,3.2679738562091503,0.0
Germany Bundesliga,2024,away_fouls,0,2,306,0.0,0.6535947712418301,0.0
Germany Bundesliga,2024,away_possession,0,0,306,0.0,0.0,0.0
Germany Bundesliga,2024,away_prematch_xg,0,18,306,0.0,5.882352941176471,0.0
Germany Bundesliga,2024,away_red_cards,0,0,306,0.0,0.0,0.0
Germany Bundesliga,2024,away_shots_off_target,0,0,306,0.0,0.0,0.0
Germany Bundesliga,2024,away_shots_on_target,0,0,306,0.0,0.0,0.0
Germany Bundesliga,2024,away_total_shots,0,0,306,0.0,0.0,0.0
Germany Bundesliga,2024,away_xg,0,0,306,0.0,0.0,0.0
Germany Bundesliga,2024,away_yellow_cards,0,0,306,0.0,0.0,0.0
Germany Bundesliga,2024,home_attacks,0,10,306,0.0,3.2679738562091503,0.0
Germany Bundesliga,2024,home_corners,0,0,306,0.0,0.0,0.0
Germany Bundesliga,2024,home_dangerous_attacks,0,10,306,0.0,3.2679738562091503,0.0
Germany Bundesliga,2024,home_fouls,0,3,306,0.0,0.9803921568627451,0.0
Germany Bundesliga,2024,home_possession,0,0,306,0.0,0.0,0.0
Germany Bundesliga,2024,home_prematch_xg,0,18,306,0.0,5.882352941176471,0.0
Germany Bundesliga,2024,home_red_cards,0,0,306,0.0,0.0,0.0
Germany Bundesliga,2024,home_shots_off_target,0,0,306,0.0,0.0,0.0
Germany Bundesliga,2024,home_shots_on_target,0,0,306,0.0,0.0,0.0
Germany Bundesliga,2024,home_total_shots,0,1,306,0.0,0.32679738562091504,0.0
Germany Bundesliga,2024,home_xg,0,0,306,0.0,0.0,0.0
Germany Bundesliga,2024,home_yellow_cards,0,0,306,0.0,0.0,0.0
India Indian Super League,2021,away_attacks,0,2,115,0.0,1.7391304347826086,0.0
India Indian Super League,2021,away_corners,0,0,115,0.0,0.0,0.0
India Indian Super League,2021,away_dangerous_attacks,0,2,115,0.0,1.7391304347826086,0.0
India Indian Super League,2021,away_fouls,0,1,115,0.0,0.8695652173913043,0.0
India Indian Super League,2021,away_possession,0,0,115,0.0,0.0,0.0
India Indian Super League,2021,away_prematch_xg,0,11,115,0.0,9.565217391304348,0.0
India Indian Super League,2021,away_red_cards,0,0,115,0.0,0.0,0.0
India Indian Super League,2021,away_shots_off_target,1,0,115,0.8695652173913043,0.0,0.8695652173913043
India Indian Super League,2021,away_shots_on_target,1,0,115,0.8695652173913043,0.0,0.8695652173913043
India Indian Super League,2021,away_total_shots,1,0,115,0.8695652173913043,0.0,0.8695652173913043
India Indian Super League,2021,away_xg,0,0,115,0.0,0.0,0.0
India Indian Super League,2021,away_yellow_cards,0,0,115,0.0,0.0,0.0
India Indian Super League,2021,home_attacks,0,2,115,0.0,1.7391304347826086,0.0
India Indian Super League,2021,home_corners,0,0,115,0.0,0.0,0.0
India Indian Super League,2021,home_dangerous_attacks,0,2,115,0.0,1.7391304347826086,0.0
India Indian Super League,2021,home_fouls,0,1,115,0.0,0.8695652173913043,0.0
India Indian Super League,2021,home_possession,0,0,115,0.0,0.0,0.0
India Indian Super League,2021,home_prematch_xg,0,12,115,0.0,10.434782608695652,0.0
India Indian Super League,2021,home_red_cards,0,0,115,0.0,0.0,0.0
India Indian Super League,2021,home_shots_off_target,1,0,115,0.8695652173913043,0.0,0.8695652173913043
India Indian Super League,2021,home_shots_on_target,1,0,115,0.8695652173913043,0.0,0.8695652173913043
India Indian Super League,2021,home_total_shots,1,0,115,0.8695652173913043,0.0,0.8695652173913043
India Indian Super League,2021,home_xg,0,0,115,0.0,0.0,0.0
India Indian Super League,2021,home_yellow_cards,0,0,115,0.0,0.0,0.0
India Indian Super League,2022,away_attacks,0,2,117,0.0,1.7094017094017093,0.0
India Indian Super League,2022,away_corners,0,0,117,0.0,0.0,0.0
India Indian Super League,2022,away_dangerous_attacks,0,2,117,0.0,1.7094017094017093,0.0
India Indian Super League,2022,away_fouls,0,2,117,0.0,1.7094017094017093,0.0
India Indian Super League,2022,away_possession,0,0,117,0.0,0.0,0.0
India Indian Super League,2022,away_prematch_xg,0,11,117,0.0,9.401709401709402,0.0
India Indian Super League,2022,away_red_cards,0,0,117,0.0,0.0,0.0
India Indian Super League,2022,away_shots_off_target,0,0,117,0.0,0.0,0.0
India Indian Super League,2022,away_shots_on_target,0,0,117,0.0,0.0,0.0
India Indian Super League,2022,away_total_shots,0,0,117,0.0,0.0,0.0
India Indian Super League,2022,away_xg,0,0,117,0.0,0.0,0.0
India Indian Super League,2022,away_yellow_cards,0,0,117,0.0,0.0,0.0
India Indian Super League,2022,home_attacks,0,2,117,0.0,1.7094017094017093,0.0
India Indian Super League,2022,home_corners,0,0,117,0.0,0.0,0.0
India Indian Super League,2022,home_dangerous_attacks,0,2,117,0.0,1.7094017094017093,0.0
India Indian Super League,2022,home_fouls,0,1,117,0.0,0.8547008547008547,0.0
India Indian Super League,2022,home_possession,0,0,117,0.0,0.0,0.0
India Indian Super League,2022,home_prematch_xg,0,11,117,0.0,9.401709401709402,0.0
India Indian Super League,2022,home_red_cards,0,0,117,0.0,0.0,0.0
India Indian Super League,2022,home_shots_off_target,0,0,117,0.0,0.0,0.0
India Indian Super League,2022,home_shots_on_target,0,0,117,0.0,0.0,0.0
India Indian Super League,2022,home_total_shots,0,0,117,0.0,0.0,0.0
India Indian Super League,2022,home_xg,0,0,117,0.0,0.0,0.0
India Indian Super League,2022,home_yellow_cards,0,0,117,0.0,0.0,0.0
India Indian Super League,2023,away_attacks,0,1,139,0.0,0.7194244604316546,0.0
India Indian Super League,2023,away_corners,0,0,139,0.0,0.0,0.0
India Indian Super League,2023,away_dangerous_attacks,0,1,139,0.0,0.7194244604316546,0.0
India Indian Super League,2023,away_fouls,1,0,139,0.7194244604316546,0.0,0.7194244604316546
India Indian Super League,2023,away_possession,1,0,139,0.7194244604316546,0.0,0.7194244604316546
India Indian Super League,2023,away_prematch_xg,0,12,139,0.0,8.633093525179856,0.0
India Indian Super League,2023,away_red_cards,0,0,139,0.0,0.0,0.0
India Indian Super League,2023,away_shots_off_target,1,0,139,0.7194244604316546,0.0,0.7194244604316546
India Indian Super League,2023,away_shots_on_target,1,0,139,0.7194244604316546,0.0,0.7194244604316546
India Indian Super League,2023,away_total_shots,1,0,139,0.7194244604316546,0.0,0.7194244604316546
India Indian Super League,2023,away_xg,0,0,139,0.0,0.0,0.0
India Indian Super League,2023,away_yellow_cards,0,0,139,0.0,0.0,0.0
India Indian Super League,2023,home_attacks,0,1,139,0.0,0.7194244604316546,0.0
India Indian Super League,2023,home_corners,0,0,139,0.0,0.0,0.0
India Indian Super League,2023,home_dangerous_attacks,0,1,139,0.0,0.7194244604316546,0.0
India Indian Super League,2023,home_fouls,1,0,139,0.7194244604316546,0.0,0.7194244604316546
India Indian Super League,2023,home_possession,1,0,139,0.7194244604316546,0.0,0.7194244604316546
India Indian Super League,2023,home_prematch_xg,0,12,139,0.0,8.633093525179856,0.0
India Indian Super League,2023,home_red_cards,0,0,139,0.0,0.0,0.0
India Indian Super League,2023,home_shots_off_target,1,0,139,0.7194244604316546,0.0,0.7194244604316546
India Indian Super League,2023,home_shots_on_target,1,0,139,0.7194244604316546,0.0,0.7194244604316546
India Indian Super League,2023,home_total_shots,1,0,139,0.7194244604316546,0.0,0.7194244604316546
India Indian Super League,2023,home_xg,0,0,139,0.0,0.0,0.0
India Indian Super League,2023,home_yellow_cards,0,0,139,0.0,0.0,0.0
Italy Serie A,2021,away_attacks,0,1,380,0.0,0.2631578947368421,0.0
Italy Serie A,2021,away_corners,0,0,380,0.0,0.0,0.0
Italy Serie A,2021,away_dangerous_attacks,0,1,380,0.0,0.2631578947368421,0.0
Italy Serie A,2021,away_fouls,0,2,380,0.0,0.5263157894736842,0.0
Italy Serie A,2021,away_possession,0,0,380,0.0,0.0,0.0
Italy Serie A,2021,away_prematch_xg,0,20,380,0.0,5.2631578947368425,0.0
Italy Serie A,2021,away_red_cards,0,0,380,0.0,0.0,0.0
Italy Serie A,2021,away_shots_off_target,0,0,380,0.0,0.0,0.0
Italy Serie A,2021,away_shots_on_target,0,0,380,0.0,0.0,0.0
Italy Serie A,2021,away_total_shots,0,1,380,0.0,0.2631578947368421,0.0
Italy Serie A,2021,away_xg,0,0,380,0.0,0.0,0.0
Italy Serie A,2021,away_yellow_cards,0,0,380,0.0,0.0,0.0
Italy Serie A,2021,home_attacks,0,1,380,0.0,0.2631578947368421,0.0
Italy Serie A,2021,home_corners,0,0,380,0.0,0.0,0.0
Italy Serie A,2021,home_dangerous_attacks,0,1,380,0.0,0.2631578947368421,0.0
Italy Serie A,2021,home_fouls,0,2,380,0.0,0.5263157894736842,0.0
Italy Serie A,2021,home_possession,0,0,380,0.0,0.0,0.0
Italy Serie A,2021,home_prematch_xg,0,20,380,0.0,5.2631578947368425,0.0
Italy Serie A,2021,home_red_cards,0,0,380,0.0,0.0,0.0
Italy Serie A,2021,home_shots_off_target,0,0,380,0.0,0.0,0.0
Italy Serie A,2021,home_shots_on_target,0,0,380,0.0,0.0,0.0
Italy Serie A,2021,home_total_shots,0,0,380,0.0,0.0,0.0
Italy Serie A,2021,home_xg,0,0,380,0.0,0.0,0.0
Italy Serie A,2021,home_yellow_cards,0,0,380,0.0,0.0,0.0
Italy Serie A,2022,away_attacks,0,2,381,0.0,0.5249343832020997,0.0
Italy Serie A,2022,away_corners,0,0,381,0.0,0.0,0.0
Italy Serie A,2022,away_dangerous_attacks,0,2,381,0.0,0.5249343832020997,0.0
Italy Serie A,2022,away_fouls,0,7,381,0.0,1.837270341207349,0.0
Italy Serie A,2022,away_possession,0,0,381,0.0,0.0,0.0
Italy Serie A,2022,away_prematch_xg,0,20,381,0.0,5.2493438320209975,0.0
Italy Serie A,2022,away_red_cards,0,0,381,0.0,0.0,0.0
Italy Serie A,2022,away_shots_off_target,0,0,381,0.0,0.0,0.0
Italy Serie A,2022,away_shots_on_target,0,0,381,0.0,0.0,0.0
Italy Serie A,2022,away_total_shots,0,0,381,0.0,0.0,0.0
Italy Serie A,2022,away_xg,0,0,381,0.0,0.0,0.0
Italy Serie A,2022,away_yellow_cards,0,0,381,0.0,0.0,0.0
Italy Serie A,2022,home_attacks,0,2,381,0.0,0.5249343832020997,0.0
Italy Serie A,2022,home_corners,0,0,381,0.0,0.0,0.0
Italy Serie A,2022,home_dangerous_attacks,0,2,381,0.0,0.5249343832020997,0.0
Italy Serie A,2022,home_fouls,0,1,381,0.0,0.26246719160104987,0.0
Italy Serie A,2022,home_possession,0,0,381,0.0,0.0,0.0
Italy Serie A,2022,home_prematch_xg,0,20,381,0.0,5.2493438320209975,0.0
Italy Serie A,2022,home_red_cards,0,0,381,0.0,0.0,0.0
Italy Serie A,2022,home_shots_off_target,0,0,381,0.0,0.0,0.0
Italy Serie A,2022,home_shots_on_target,0,0,381,0.0,0.0,0.0
Italy Serie A,2022,home_total_shots,0,0,381,0.0,0.0,0.0
Italy Serie A,2022,home_xg,0,0,381,0.0,0.0,0.0
Italy Serie A,2022,home_yellow_cards,0,0,381,0.0,0.0,0.0
Italy Serie A,2023,away_attacks,0,0,380,0.0,0.0,0.0
Italy Serie A,2023,away_corners,0,0,380,0.0,0.0,0.0
Italy Serie A,2023,away_dangerous_attacks,0,0,380,0.0,0.0,0.0
Italy Serie A,2023,away_fouls,0,0,380,0.0,0.0,0.0
Italy Serie A,2023,away_possession,0,0,380,0.0,0.0,0.0
Italy Serie A,2023,away_prematch_xg,0,20,380,0.0,5.2631578947368425,0.0
Italy Serie A,2023,away_red_cards,0,0,380,0.0,0.0,0.0
Italy Serie A,2023,away_shots_off_target,0,0,380,0.0,0.0,0.0
Italy Serie A,2023,away_shots_on_target,0,0,380,0.0,0.0,0.0
Italy Serie A,2023,away_total_shots,0,0,380,0.0,0.0,0.0
Italy Serie A,2023,away_xg,0,0,380,0.0,0.0,0.0
Italy Serie A,2023,away_yellow_cards,0,0,380,0.0,0.0,0.0
Italy Serie A,2023,home_attacks,0,0,380,0.0,0.0,0.0
Italy Serie A,2023,home_corners,0,0,380,0.0,0.0,0.0
Italy Serie A,2023,home_dangerous_attacks,0,0,380,0.0,0.0,0.0
Italy Serie A,2023,home_fouls,0,0,380,0.0,0.0,0.0
Italy Serie A,2023,home_possession,0,0,380,0.0,0.0,0.0
Italy Serie A,2023,home_prematch_xg,0,20,380,0.0,5.2631578947368425,0.0
Italy Serie A,2023,home_red_cards,0,0,380,0.0,0.0,0.0
Italy Serie A,2023,home_shots_off_target,0,0,380,0.0,0.0,0.0
Italy Serie A,2023,home_shots_on_target,0,0,380,0.0,0.0,0.0
Italy Serie A,2023,home_total_shots,0,0,380,0.0,0.0,0.0
Italy Serie A,2023,home_xg,0,0,380,0.0,0.0,0.0
Italy Serie A,2023,home_yellow_cards,0,0,380,0.0,0.0,0.0
Italy Serie A,2024,away_attacks,0,14,380,0.0,3.6842105263157894,0.0
Italy Serie A,2024,away_corners,0,0,380,0.0,0.0,0.0
Italy Serie A,2024,away_dangerous_attacks,0,14,380,0.0,3.6842105263157894,0.0
Italy Serie A,2024,away_fouls,0,1,380,0.0,0.2631578947368421,0.0
Italy Serie A,2024,away_possession,0,0,380,0.0,0.0,0.0
Italy Serie A,2024,away_prematch_xg,0,20,380,0.0,5.2631578947368425,0.0
Italy Serie A,2024,away_red_cards,0,0,380,0.0,0.0,0.0
Italy Serie A,2024,away_shots_off_target,0,0,380,0.0,0.0,0.0
Italy Serie A,2024,away_shots_on_target,0,0,380,0.0,0.0,0.0
Italy Serie A,2024,away_total_shots,0,0,380,0.0,0.0,0.0
Italy Serie A,2024,away_xg,0,0,380,0.0,0.0,0.0
Italy Serie A,2024,away_yellow_cards,0,0,380,0.0,0.0,0.0
Italy Serie A,2024,home_attacks,0,14,380,0.0,3.6842105263157894,0.0
Italy Serie A,2024,home_corners,0,0,380,0.0,0.0,0.0
Italy Serie A,2024,home_dangerous_attacks,0,14,380,0.0,3.6842105263157894,0.0
Italy Serie A,2024,home_fouls,0,0,380,0.0,0.0,0.0
Italy Serie A,2024,home_possession,0,0,380,0.0,0.0,0.0
Italy Serie A,2024,home_prematch_xg,0,20,380,0.0,5.2631578947368425,0.0
Italy Serie A,2024,home_red_cards,0,0,380,0.0,0.0,0.0
Italy Serie A,2024,home_shots_off_target,0,0,380,0.0,0.0,0.0
Italy Serie A,2024,home_shots_on_target,0,0,380,0.0,0.0,0.0
Italy Serie A,2024,home_total_shots,0,0,380,0.0,0.0,0.0
Italy Serie A,2024,home_xg,0,0,380,0.0,0.0,0.0
Italy Serie A,2024,home_yellow_cards,0,0,380,0.0,0.0,0.0
Italy Serie B,2022,away_attacks,0,10,390,0.0,2.5641025641025643,0.0
Italy Serie B,2022,away_corners,0,0,390,0.0,0.0,0.0
Italy Serie B,2022,away_dangerous_attacks,0,10,390,0.0,2.5641025641025643,0.0
Italy Serie B,2022,away_fouls,0,7,390,0.0,1.794871794871795,0.0
Italy Serie B,2022,away_possession,0,0,390,0.0,0.0,0.0
Italy Serie B,2022,away_prematch_xg,0,20,390,0.0,5.128205128205129,0.0
Italy Serie B,2022,away_red_cards,0,0,390,0.0,0.0,0.0
Italy Serie B,2022,away_shots_off_target,0,0,390,0.0,0.0,0.0
Italy Serie B,2022,away_shots_on_target,0,0,390,0.0,0.0,0.0
Italy Serie B,2022,away_total_shots,0,0,390,0.0,0.0,0.0
Italy Serie B,2022,away_xg,0,0,390,0.0,0.0,0.0
Italy Serie B,2022,away_yellow_cards,0,0,390,0.0,0.0,0.0
Italy Serie B,2022,home_attacks,0,10,390,0.0,2.5641025641025643,0.0
Italy Serie B,2022,home_corners,0,0,390,0.0,0.0,0.0
Italy Serie B,2022,home_dangerous_attacks,0,10,390,0.0,2.5641025641025643,0.0
Italy Serie B,2022,home_fouls,0,10,390,0.0,2.5641025641025643,0.0
Italy Serie B,2022,home_possession,0,0,390,0.0,0.0,0.0
Italy Serie B,2022,home_prematch_xg,0,20,390,0.0,5.128205128205129,0.0
Italy Serie B,2022,home_red_cards,0,0,390,0.0,0.0,0.0
Italy Serie B,2022,home_shots_off_target,0,0,390,0.0,0.0,0.0
Italy Serie B,2022,home_shots_on_target,0,0,390,0.0,0.0,0.0
Italy Serie B,2022,home_total_shots,0,0,390,0.0,0.0,0.0
Italy Serie B,2022,home_xg,0,0,390,0.0,0.0,0.0
Italy Serie B,2022,home_yellow_cards,0,0,390,0.0,0.0,0.0
Italy Serie B,2023,away_attacks,0,0,390,0.0,0.0,0.0
Italy Serie B,2023,away_corners,0,0,390,0.0,0.0,0.0
Italy Serie B,2023,away_dangerous_attacks,0,0,390,0.0,0.0,0.0
Italy Serie B,2023,away_fouls,0,0,390,0.0,0.0,0.0
Italy Serie B,2023,away_possession,0,0,390,0.0,0.0,0.0
Italy Serie B,2023,away_prematch_xg,0,20,390,0.0,5.128205128205129,0.0
Italy Serie B,2023,away_red_cards,0,0,390,0.0,0.0,0.0
Italy Serie B,2023,away_shots_off_target,0,0,390,0.0,0.0,0.0
Italy Serie B,2023,away_shots_on_target,0,0,390,0.0,0.0,0.0
Italy Serie B,2023,away_total_shots,0,0,390,0.0,0.0,0.0
Italy Serie B,2023,away_xg,0,0,390,0.0,0.0,0.0
Italy Serie B,2023,away_yellow_cards,0,0,390,0.0,0.0,0.0
Italy Serie B,2023,home_attacks,0,0,390,0.0,0.0,0.0
Italy Serie B,2023,home_corners,0,0,390,0.0,0.0,0.0
Italy Serie B,2023,home_dangerous_attacks,0,0,390,0.0,0.0,0.0
Italy Serie B,2023,home_fouls,0,0,390,0.0,0.0,0.0
Italy Serie B,2023,home_possession,0,0,390,0.0,0.0,0.0
Italy Serie B,2023,home_prematch_xg,0,20,390,0.0,5.128205128205129,0.0
Italy Serie B,2023,home_red_cards,0,0,390,0.0,0.0,0.0
Italy Serie B,2023,home_shots_off_target,0,0,390,0.0,0.0,0.0
Italy Serie B,2023,home_shots_on_target,0,0,390,0.0,0.0,0.0
Italy Serie B,2023,home_total_shots,0,0,390,0.0,0.0,0.0
Italy Serie B,2023,home_xg,0,0,390,0.0,0.0,0.0
Italy Serie B,2023,home_yellow_cards,0,0,390,0.0,0.0,0.0
Italy Serie B,2024,away_attacks,0,23,390,0.0,5.897435897435898,0.0
Italy Serie B,2024,away_corners,1,0,390,0.2564102564102564,0.0,0.2564102564102564
Italy Serie B,2024,away_dangerous_attacks,0,23,390,0.0,5.897435897435898,0.0
Italy Serie B,2024,away_fouls,1,3,390,0.2564102564102564,0.7692307692307693,0.2564102564102564
Italy Serie B,2024,away_possession,1,0,390,0.2564102564102564,0.0,0.2564102564102564
Italy Serie B,2024,away_prematch_xg,0,20,390,0.0,5.128205128205129,0.0
Italy Serie B,2024,away_red_cards,0,0,390,0.0,0.0,0.0
Italy Serie B,2024,away_shots_off_target,1,0,390,0.2564102564102564,0.0,0.2564102564102564
Italy Serie B,2024,away_shots_on_target,1,0,390,0.2564102564102564,0.0,0.2564102564102564
Italy Serie B,2024,away_total_shots,1,0,390,0.2564102564102564,0.0,0.2564102564102564
Italy Serie B,2024,away_xg,0,0,390,0.0,0.0,0.0
Italy Serie B,2024,away_yellow_cards,0,0,390,0.0,0.0,0.0
Italy Serie B,2024,home_attacks,0,23,390,0.0,5.897435897435898,0.0
Italy Serie B,2024,home_corners,1,0,390,0.2564102564102564,0.0,0.2564102564102564
Italy Serie B,2024,home_dangerous_attacks,0,23,390,0.0,5.897435897435898,0.0
Italy Serie B,2024,home_fouls,1,0,390,0.2564102564102564,0.0,0.2564102564102564
Italy Serie B,2024,home_possession,1,0,390,0.2564102564102564,0.0,0.2564102564102564
Italy Serie B,2024,home_prematch_xg,0,20,390,0.0,5.128205128205129,0.0
Italy Serie B,2024,home_red_cards,0,0,390,0.0,0.0,0.0
Italy Serie B,2024,home_shots_off_target,1,0,390,0.2564102564102564,0.0,0.2564102564102564
Italy Serie B,2024,home_shots_on_target,1,0,390,0.2564102564102564,0.0,0.2564102564102564
Italy Serie B,2024,home_total_shots,1,0,390,0.2564102564102564,0.0,0.2564102564102564
Italy Serie B,2024,home_xg,0,0,390,0.0,0.0,0.0
Italy Serie B,2024,home_yellow_cards,0,0,390,0.0,0.0,0.0
Netherlands Eredivisie,2021,away_attacks,0,1,312,0.0,0.32051282051282054,0.0
Netherlands Eredivisie,2021,away_corners,0,0,312,0.0,0.0,0.0
Netherlands Eredivisie,2021,away_dangerous_attacks,0,1,312,0.0,0.32051282051282054,0.0
Netherlands Eredivisie,2021,away_fouls,0,2,312,0.0,0.6410256410256411,0.0
Netherlands Eredivisie,2021,away_possession,0,0,312,0.0,0.0,0.0
Netherlands Eredivisie,2021,away_prematch_xg,0,18,312,0.0,5.769230769230769,0.0
Netherlands Eredivisie,2021,away_red_cards,0,0,312,0.0,0.0,0.0
Netherlands Eredivisie,2021,away_shots_off_target,0,0,312,0.0,0.0,0.0
Netherlands Eredivisie,2021,away_shots_on_target,0,0,312,0.0,0.0,0.0
Netherlands Eredivisie,2021,away_total_shots,0,0,312,0.0,0.0,0.0
Netherlands Eredivisie,2021,away_xg,0,0,312,0.0,0.0,0.0
Netherlands Eredivisie,2021,away_yellow_cards,0,0,312,0.0,0.0,0.0
Netherlands Eredivisie,2021,home_attacks,0,1,312,0.0,0.32051282051282054,0.0
Netherlands Eredivisie,2021,home_corners,0,0,312,0.0,0.0,0.0
Netherlands Eredivisie,2021,home_dangerous_attacks,0,1,312,0.0,0.32051282051282054,0.0
Netherlands Eredivisie,2021,home_fouls,0,4,312,0.0,1.2820512820512822,0.0
Netherlands Eredivisie,2021,home_possession,0,0,312,0.0,0.0,0.0
Netherlands Eredivisie,2021,home_prematch_xg,0,18,312,0.0,5.769230769230769,0.0
Netherlands Eredivisie,2021,home_red_cards,0,0,312,0.0,0.0,0.0
Netherlands Eredivisie,2021,home_shots_off_target,0,0,312,0.0,0.0,0.0
Netherlands Eredivisie,2021,home_shots_on_target,0,0,312,0.0,0.0,0.0
Netherlands Eredivisie,2021,home_total_shots,0,0,312,0.0,0.0,0.0
Netherlands Eredivisie,2021,home_xg,0,0,312,0.0,0.0,0.0
Netherlands Eredivisie,2021,home_yellow_cards,0,0,312,0.0,0.0,0.0
Netherlands Eredivisie,2022,away_attacks,0,1,312,0.0,0.32051282051282054,0.0
Netherlands Eredivisie,2022,away_corners,0,0,312,0.0,0.0,0.0
Netherlands Eredivisie,2022,away_dangerous_attacks,0,1,312,0.0,0.32051282051282054,0.0
Netherlands Eredivisie,2022,away_fouls,0,2,312,0.0,0.6410256410256411,0.0
Netherlands Eredivisie,2022,away_possession,0,0,312,0.0,0.0,0.0
Netherlands Eredivisie,2022,away_prematch_xg,0,18,312,0.0,5.769230769230769,0.0
Netherlands Eredivisie,2022,away_red_cards,0,0,312,0.0,0.0,0.0
Netherlands Eredivisie,2022,away_shots_off_target,0,0,312,0.0,0.0,0.0
Netherlands Eredivisie,2022,away_shots_on_target,0,0,312,0.0,0.0,0.0
Netherlands Eredivisie,2022,away_total_shots,0,0,312,0.0,0.0,0.0
Netherlands Eredivisie,2022,away_xg,0,0,312,0.0,0.0,0.0
Netherlands Eredivisie,2022,away_yellow_cards,0,0,312,0.0,0.0,0.0
Netherlands Eredivisie,2022,home_attacks,0,1,312,0.0,0.32051282051282054,0.0
Netherlands Eredivisie,2022,home_corners,0,0,312,0.0,0.0,0.0
Netherlands Eredivisie,2022,home_dangerous_attacks,0,1,312,0.0,0.32051282051282054,0.0
Netherlands Eredivisie,2022,home_fouls,0,0,312,0.0,0.0,0.0
Netherlands Eredivisie,2022,home_possession,0,0,312,0.0,0.0,0.0
Netherlands Eredivisie,2022,home_prematch_xg,0,18,312,0.0,5.769230769230769,0.0
Netherlands Eredivisie,2022,home_red_cards,0,0,312,0.0,0.0,0.0
Netherlands Eredivisie,2022,home_shots_off_target,0,0,312,0.0,0.0,0.0
Netherlands Eredivisie,2022,home_shots_on_target,0,0,312,0.0,0.0,0.0
Netherlands Eredivisie,2022,home_total_shots,0,0,312,0.0,0.0,0.0
Netherlands Eredivisie,2022,home_xg,0,0,312,0.0,0.0,0.0
Netherlands Eredivisie,2022,home_yellow_cards,0,0,312,0.0,0.0,0.0
Netherlands Eredivisie,2023,away_attacks,0,0,309,0.0,0.0,0.0
Netherlands Eredivisie,2023,away_corners,0,0,309,0.0,0.0,0.0
Netherlands Eredivisie,2023,away_dangerous_attacks,0,0,309,0.0,0.0,0.0
Netherlands Eredivisie,2023,away_fouls,0,0,309,0.0,0.0,0.0
Netherlands Eredivisie,2023,away_possession,0,0,309,0.0,0.0,0.0
Netherlands Eredivisie,2023,away_prematch_xg,0,18,309,0.0,5.825242718446602,0.0
Netherlands Eredivisie,2023,away_red_cards,0,0,309,0.0,0.0,0.0
Netherlands Eredivisie,2023,away_shots_off_target,0,0,309,0.0,0.0,0.0
Netherlands Eredivisie,2023,away_shots_on_target,0,0,309,0.0,0.0,0.0
Netherlands Eredivisie,2023,away_total_shots,0,0,309,0.0,0.0,0.0
Netherlands Eredivisie,2023,away_xg,0,0,309,0.0,0.0,0.0
Netherlands Eredivisie,2023,away_yellow_cards,0,0,309,0.0,0.0,0.0
Netherlands Eredivisie,2023,home_attacks,0,0,309,0.0,0.0,0.0
Netherlands Eredivisie,2023,home_corners,0,0,309,0.0,0.0,0.0
Netherlands Eredivisie,2023,home_dangerous_attacks,0,0,309,0.0,0.0,0.0
Netherlands Eredivisie,2023,home_fouls,0,1,309,0.0,0.32362459546925565,0.0
Netherlands Eredivisie,2023,home_possession,0,0,309,0.0,0.0,0.0
Netherlands Eredivisie,2023,home_prematch_xg,0,18,309,0.0,5.825242718446602,0.0
Netherlands Eredivisie,2023,home_red_cards,0,0,309,0.0,0.0,0.0
Netherlands Eredivisie,2023,home_shots_off_target,0,0,309,0.0,0.0,0.0
Netherlands Eredivisie,2023,home_shots_on_target,0,0,309,0.0,0.0,0.0
Netherlands Eredivisie,2023,home_total_shots,0,0,309,0.0,0.0,0.0
Netherlands Eredivisie,2023,home_xg,0,0,309,0.0,0.0,0.0
Netherlands Eredivisie,2023,home_yellow_cards,0,0,309,0.0,0.0,0.0
Netherlands Eredivisie,2024,away_attacks,0,13,309,0.0,4.207119741100324,0.0
Netherlands Eredivisie,2024,away_corners,1,0,309,0.32362459546925565,0.0,0.32362459546925565
Netherlands Eredivisie,2024,away_dangerous_attacks,0,13,309,0.0,4.207119741100324,0.0
Netherlands Eredivisie,2024,away_fouls,1,2,309,0.32362459546925565,0.6472491909385113,0.32362459546925565
Netherlands Eredivisie,2024,away_possession,1,0,309,0.32362459546925565,0.0,0.32362459546925565
Netherlands Eredivisie,2024,away_prematch_xg,0,18,309,0.0,5.825242718446602,0.0
Netherlands Eredivisie,2024,away_red_cards,0,0,309,0.0,0.0,0.0
Netherlands Eredivisie,2024,away_shots_off_target,1,0,309,0.32362459546925565,0.0,0.32362459546925565
Netherlands Eredivisie,2024,away_shots_on_target,1,0,309,0.32362459546925565,0.0,0.32362459546925565
Netherlands Eredivisie,2024,away_total_shots,1,0,309,0.32362459546925565,0.0,0.32362459546925565
Netherlands Eredivisie,2024,away_xg,0,0,309,0.0,0.0,0.0
Netherlands Eredivisie,2024,away_yellow_cards,0,0,309,0.0,0.0,0.0
Netherlands Eredivisie,2024,home_attacks,0,13,309,0.0,4.207119741100324,0.0
Netherlands Eredivisie,2024,home_corners,1,0,309,0.32362459546925565,0.0,0.32362459546925565
Netherlands Eredivisie,2024,home_dangerous_attacks,0,13,309,0.0,4.207119741100324,0.0
Netherlands Eredivisie,2024,home_fouls,1,0,309,0.32362459546925565,0.0,0.32362459546925565
Netherlands Eredivisie,2024,home_possession,1,0,309,0.32362459546925565,0.0,0.32362459546925565
Netherlands Eredivisie,2024,home_prematch_xg,0,18,309,0.0,5.825242718446602,0.0
Netherlands Eredivisie,2024,home_red_cards,0,0,309,0.0,0.0,0.0
Netherlands Eredivisie,2024,home_shots_off_target,1,0,309,0.32362459546925565,0.0,0.32362459546925565
Netherlands Eredivisie,2024,home_shots_on_target,1,0,309,0.32362459546925565,0.0,0.32362459546925565
Netherlands Eredivisie,2024,home_total_shots,1,0,309,0.32362459546925565,0.0,0.32362459546925565
Netherlands Eredivisie,2024,home_xg,0,0,309,0.0,0.0,0.0
Netherlands Eredivisie,2024,home_yellow_cards,0,0,309,0.0,0.0,0.0
Poland Ekstraklasa,2022,away_attacks,0,1,306,0.0,0.32679738562091504,0.0
Poland Ekstraklasa,2022,away_corners,0,0,306,0.0,0.0,0.0
Poland Ekstraklasa,2022,away_dangerous_attacks,0,1,306,0.0,0.32679738562091504,0.0
Poland Ekstraklasa,2022,away_fouls,0,4,306,0.0,1.3071895424836601,0.0
Poland Ekstraklasa,2022,away_possession,0,0,306,0.0,0.0,0.0
Poland Ekstraklasa,2022,away_prematch_xg,0,18,306,0.0,5.882352941176471,0.0
Poland Ekstraklasa,2022,away_red_cards,0,0,306,0.0,0.0,0.0
Poland Ekstraklasa,2022,away_shots_off_target,0,0,306,0.0,0.0,0.0
Poland Ekstraklasa,2022,away_shots_on_target,0,0,306,0.0,0.0,0.0
Poland Ekstraklasa,2022,away_total_shots,0,0,306,0.0,0.0,0.0
Poland Ekstraklasa,2022,away_xg,0,0,306,0.0,0.0,0.0
Poland Ekstraklasa,2022,away_yellow_cards,0,0,306,0.0,0.0,0.0
Poland Ekstraklasa,2022,home_attacks,0,1,306,0.0,0.32679738562091504,0.0
Poland Ekstraklasa,2022,home_corners,0,0,306,0.0,0.0,0.0
Poland Ekstraklasa,2022,home_dangerous_attacks,0,1,306,0.0,0.32679738562091504,0.0
Poland Ekstraklasa,2022,home_fouls,0,3,306,0.0,0.9803921568627451,0.0
Poland Ekstraklasa,2022,home_possession,0,0,306,0.0,0.0,0.0
Poland Ekstraklasa,2022,home_prematch_xg,0,18,306,0.0,5.882352941176471,0.0
Poland Ekstraklasa,2022,home_red_cards,0,0,306,0.0,0.0,0.0
Poland Ekstraklasa,2022,home_shots_off_target,0,0,306,0.0,0.0,0.0
Poland Ekstraklasa,2022,home_shots_on_target,0,0,306,0.0,0.0,0.0
Poland Ekstraklasa,2022,home_total_shots,0,0,306,0.0,0.0,0.0
Poland Ekstraklasa,2022,home_xg,0,0,306,0.0,0.0,0.0
Poland Ekstraklasa,2022,home_yellow_cards,0,0,306,0.0,0.0,0.0
Poland Ekstraklasa,2023,away_attacks,0,3,306,0.0,0.9803921568627451,0.0
Poland Ekstraklasa,2023,away_corners,0,0,306,0.0,0.0,0.0
Poland Ekstraklasa,2023,away_dangerous_attacks,0,3,306,0.0,0.9803921568627451,0.0
Poland Ekstraklasa,2023,away_fouls,0,0,306,0.0,0.0,0.0
Poland Ekstraklasa,2023,away_possession,0,0,306,0.0,0.0,0.0
Poland Ekstraklasa,2023,away_prematch_xg,0,18,306,0.0,5.882352941176471,0.0
Poland Ekstraklasa,2023,away_red_cards,0,0,306,0.0,0.0,0.0
Poland Ekstraklasa,2023,away_shots_off_target,0,0,306,0.0,0.0,0.0
Poland Ekstraklasa,2023,away_shots_on_target,0,0,306,0.0,0.0,0.0
Poland Ekstraklasa,2023,away_total_shots,0,0,306,0.0,0.0,0.0
Poland Ekstraklasa,2023,away_xg,0,0,306,0.0,0.0,0.0
Poland Ekstraklasa,2023,away_yellow_cards,0,0,306,0.0,0.0,0.0
Poland Ekstraklasa,2023,home_attacks,0,3,306,0.0,0.9803921568627451,0.0
Poland Ekstraklasa,2023,home_corners,0,0,306,0.0,0.0,0.0
Poland Ekstraklasa,2023,home_dangerous_attacks,0,3,306,0.0,0.9803921568627451,0.0
Poland Ekstraklasa,2023,home_fouls,0,0,306,0.0,0.0,0.0
Poland Ekstraklasa,2023,home_possession,0,0,306,0.0,0.0,0.0
Poland Ekstraklasa,2023,home_prematch_xg,0,18,306,0.0,5.882352941176471,0.0
Poland Ekstraklasa,2023,home_red_cards,0,0,306,0.0,0.0,0.0
Poland Ekstraklasa,2023,home_shots_off_target,0,0,306,0.0,0.0,0.0
Poland Ekstraklasa,2023,home_shots_on_target,0,0,306,0.0,0.0,0.0
Poland Ekstraklasa,2023,home_total_shots,0,0,306,0.0,0.0,0.0
Poland Ekstraklasa,2023,home_xg,0,0,306,0.0,0.0,0.0
Poland Ekstraklasa,2023,home_yellow_cards,0,0,306,0.0,0.0,0.0
Poland Ekstraklasa,2024,away_attacks,0,1,306,0.0,0.32679738562091504,0.0
Poland Ekstraklasa,2024,away_corners,0,0,306,0.0,0.0,0.0
Poland Ekstraklasa,2024,away_dangerous_attacks,0,1,306,0.0,0.32679738562091504,0.0
Poland Ekstraklasa,2024,away_fouls,0,2,306,0.0,0.6535947712418301,0.0
Poland Ekstraklasa,2024,away_possession,0,0,306,0.0,0.0,0.0
Poland Ekstraklasa,2024,away_prematch_xg,0,18,306,0.0,5.882352941176471,0.0
Poland Ekstraklasa,2024,away_red_cards,0,0,306,0.0,0.0,0.0
Poland Ekstraklasa,2024,away_shots_off_target,0,0,306,0.0,0.0,0.0
Poland Ekstraklasa,2024,away_shots_on_target,0,0,306,0.0,0.0,0.0
Poland Ekstraklasa,2024,away_total_shots,0,0,306,0.0,0.0,0.0
Poland Ekstraklasa,2024,away_xg,0,0,306,0.0,0.0,0.0
Poland Ekstraklasa,2024,away_yellow_cards,0,0,306,0.0,0.0,0.0
Poland Ekstraklasa,2024,home_attacks,0,1,306,0.0,0.32679738562091504,0.0
Poland Ekstraklasa,2024,home_corners,0,0,306,0.0,0.0,0.0
Poland Ekstraklasa,2024,home_dangerous_attacks,0,1,306,0.0,0.32679738562091504,0.0
Poland Ekstraklasa,2024,home_fouls,0,1,306,0.0,0.32679738562091504,0.0
Poland Ekstraklasa,2024,home_possession,0,0,306,0.0,0.0,0.0
Poland Ekstraklasa,2024,home_prematch_xg,0,18,306,0.0,5.882352941176471,0.0
Poland Ekstraklasa,2024,home_red_cards,0,0,306,0.0,0.0,0.0
Poland Ekstraklasa,2024,home_shots_off_target,0,0,306,0.0,0.0,0.0
Poland Ekstraklasa,2024,home_shots_on_target,0,0,306,0.0,0.0,0.0
Poland Ekstraklasa,2024,home_total_shots,0,0,306,0.0,0.0,0.0
Poland Ekstraklasa,2024,home_xg,0,0,306,0.0,0.0,0.0
Poland Ekstraklasa,2024,home_yellow_cards,0,0,306,0.0,0.0,0.0
Portugal Liga NOS,2021,away_attacks,0,0,306,0.0,0.0,0.0
Portugal Liga NOS,2021,away_corners,0,0,306,0.0,0.0,0.0
Portugal Liga NOS,2021,away_dangerous_attacks,0,0,306,0.0,0.0,0.0
Portugal Liga NOS,2021,away_fouls,0,1,306,0.0,0.32679738562091504,0.0
Portugal Liga NOS,2021,away_possession,0,0,306,0.0,0.0,0.0
Portugal Liga NOS,2021,away_prematch_xg,0,18,306,0.0,5.882352941176471,0.0
Portugal Liga NOS,2021,away_red_cards,0,0,306,0.0,0.0,0.0
Portugal Liga NOS,2021,away_shots_off_target,0,0,306,0.0,0.0,0.0
Portugal Liga NOS,2021,away_shots_on_target,0,0,306,0.0,0.0,0.0
Portugal Liga NOS,2021,away_total_shots,0,0,306,0.0,0.0,0.0
Portugal Liga NOS,2021,away_xg,0,0,306,0.0,0.0,0.0
Portugal Liga NOS,2021,away_yellow_cards,0,0,306,0.0,0.0,0.0
Portugal Liga NOS,2021,home_attacks,0,0,306,0.0,0.0,0.0
Portugal Liga NOS,2021,home_corners,0,0,306,0.0,0.0,0.0
Portugal Liga NOS,2021,home_dangerous_attacks,0,0,306,0.0,0.0,0.0
Portugal Liga NOS,2021,home_fouls,0,3,306,0.0,0.9803921568627451,0.0
Portugal Liga NOS,2021,home_possession,0,0,306,0.0,0.0,0.0
Portugal Liga NOS,2021,home_prematch_xg,0,18,306,0.0,5.882352941176471,0.0
Portugal Liga NOS,2021,home_red_cards,0,0,306,0.0,0.0,0.0
Portugal Liga NOS,2021,home_shots_off_target,0,0,306,0.0,0.0,0.0
Portugal Liga NOS,2021,home_shots_on_target,0,0,306,0.0,0.0,0.0
Portugal Liga NOS,2021,home_total_shots,0,1,306,0.0,0.32679738562091504,0.0
Portugal Liga NOS,2021,home_xg,0,0,306,0.0,0.0,0.0
Portugal Liga NOS,2021,home_yellow_cards,0,0,306,0.0,0.0,0.0
Portugal Liga NOS,2022,away_attacks,0,0,306,0.0,0.0,0.0
Portugal Liga NOS,2022,away_corners,0,0,306,0.0,0.0,0.0
Portugal Liga NOS,2022,away_dangerous_attacks,0,0,306,0.0,0.0,0.0
Portugal Liga NOS,2022,away_fouls,0,4,306,0.0,1.3071895424836601,0.0
Portugal Liga NOS,2022,away_possession,0,0,306,0.0,0.0,0.0
Portugal Liga NOS,2022,away_prematch_xg,0,18,306,0.0,5.882352941176471,0.0
Portugal Liga NOS,2022,away_red_cards,0,0,306,0.0,0.0,0.0
Portugal Liga NOS,2022,away_shots_off_target,0,0,306,0.0,0.0,0.0
Portugal Liga NOS,2022,away_shots_on_target,0,0,306,0.0,0.0,0.0
Portugal Liga NOS,2022,away_total_shots,0,0,306,0.0,0.0,0.0
Portugal Liga NOS,2022,away_xg,0,0,306,0.0,0.0,0.0
Portugal Liga NOS,2022,away_yellow_cards,0,0,306,0.0,0.0,0.0
Portugal Liga NOS,2022,home_attacks,0,0,306,0.0,0.0,0.0
Portugal Liga NOS,2022,home_corners,0,0,306,0.0,0.0,0.0
Portugal Liga NOS,2022,home_dangerous_attacks,0,0,306,0.0,0.0,0.0
Portugal Liga NOS,2022,home_fouls,0,6,306,0.0,1.9607843137254901,0.0
Portugal Liga NOS,2022,home_possession,0,0,306,0.0,0.0,0.0
Portugal Liga NOS,2022,home_prematch_xg,0,18,306,0.0,5.882352941176471,0.0
Portugal Liga NOS,2022,home_red_cards,0,0,306,0.0,0.0,0.0
Portugal Liga NOS,2022,home_shots_off_target,0,0,306,0.0,0.0,0.0
Portugal Liga NOS,2022,home_shots_on_target,0,0,306,0.0,0.0,0.0
Portugal Liga NOS,2022,home_total_shots,0,0,306,0.0,0.0,0.0
Portugal Liga NOS,2022,home_xg,0,0,306,0.0,0.0,0.0
Portugal Liga NOS,2022,home_yellow_cards,0,0,306,0.0,0.0,0.0
Portugal Liga NOS,2023,away_attacks,0,0,306,0.0,0.0,0.0
Portugal Liga NOS,2023,away_corners,0,0,306,0.0,0.0,0.0
Portugal Liga NOS,2023,away_dangerous_attacks,0,0,306,0.0,0.0,0.0
Portugal Liga NOS,2023,away_fouls,0,0,306,0.0,0.0,0.0
Portugal Liga NOS,2023,away_possession,0,0,306,0.0,0.0,0.0
Portugal Liga NOS,2023,away_prematch_xg,0,18,306,0.0,5.882352941176471,0.0
Portugal Liga NOS,2023,away_red_cards,0,0,306,0.0,0.0,0.0
Portugal Liga NOS,2023,away_shots_off_target,0,0,306,0.0,0.0,0.0
Portugal Liga NOS,2023,away_shots_on_target,0,0,306,0.0,0.0,0.0
Portugal Liga NOS,2023,away_total_shots,0,0,306,0.0,0.0,0.0
Portugal Liga NOS,2023,away_xg,0,0,306,0.0,0.0,0.0
Portugal Liga NOS,2023,away_yellow_cards,0,0,306,0.0,0.0,0.0
Portugal Liga NOS,2023,home_attacks,0,0,306,0.0,0.0,0.0
Portugal Liga NOS,2023,home_corners,0,0,306,0.0,0.0,0.0
Portugal Liga NOS,2023,home_dangerous_attacks,0,0,306,0.0,0.0,0.0
Portugal Liga NOS,2023,home_fouls,0,0,306,0.0,0.0,0.0
Portugal Liga NOS,2023,home_possession,0,0,306,0.0,0.0,0.0
Portugal Liga NOS,2023,home_prematch_xg,0,18,306,0.0,5.882352941176471,0.0
Portugal Liga NOS,2023,home_red_cards,0,0,306,0.0,0.0,0.0
Portugal Liga NOS,2023,home_shots_off_target,0,0,306,0.0,0.0,0.0
Portugal Liga NOS,2023,home_shots_on_target,0,0,306,0.0,0.0,0.0
Portugal Liga NOS,2023,home_total_shots,0,0,306,0.0,0.0,0.0
Portugal Liga NOS,2023,home_xg,0,0,306,0.0,0.0,0.0
Portugal Liga NOS,2023,home_yellow_cards,0,0,306,0.0,0.0,0.0
Portugal Liga NOS,2024,away_attacks,0,14,306,0.0,4.57516339869281,0.0
Portugal Liga NOS,2024,away_corners,0,0,306,0.0,0.0,0.0
Portugal Liga NOS,2024,away_dangerous_attacks,0,14,306,0.0,4.57516339869281,0.0
Portugal Liga NOS,2024,away_fouls,0,2,306,0.0,0.6535947712418301,0.0
Portugal Liga NOS,2024,away_possession,0,0,306,0.0,0.0,0.0
Portugal Liga NOS,2024,away_prematch_xg,0,18,306,0.0,5.882352941176471,0.0
Portugal Liga NOS,2024,away_red_cards,0,0,306,0.0,0.0,0.0
Portugal Liga NOS,2024,away_shots_off_target,0,0,306,0.0,0.0,0.0
Portugal Liga NOS,2024,away_shots_on_target,0,0,306,0.0,0.0,0.0
Portugal Liga NOS,2024,away_total_shots,0,1,306,0.0,0.32679738562091504,0.0
Portugal Liga NOS,2024,away_xg,0,0,306,0.0,0.0,0.0
Portugal Liga NOS,2024,away_yellow_cards,0,0,306,0.0,0.0,0.0
Portugal Liga NOS,2024,home_attacks,0,14,306,0.0,4.57516339869281,0.0
Portugal Liga NOS,2024,home_corners,0,0,306,0.0,0.0,0.0
Portugal Liga NOS,2024,home_dangerous_attacks,0,14,306,0.0,4.57516339869281,0.0
Portugal Liga NOS,2024,home_fouls,0,2,306,0.0,0.6535947712418301,0.0
Portugal Liga NOS,2024,home_possession,0,0,306,0.0,0.0,0.0
Portugal Liga NOS,2024,home_prematch_xg,0,18,306,0.0,5.882352941176471,0.0
Portugal Liga NOS,2024,home_red_cards,0,0,306,0.0,0.0,0.0
Portugal Liga NOS,2024,home_shots_off_target,0,0,306,0.0,0.0,0.0
Portugal Liga NOS,2024,home_shots_on_target,0,0,306,0.0,0.0,0.0
Portugal Liga NOS,2024,home_total_shots,0,0,306,0.0,0.0,0.0
Portugal Liga NOS,2024,home_xg,0,0,306,0.0,0.0,0.0
Portugal Liga NOS,2024,home_yellow_cards,0,0,306,0.0,0.0,0.0
Saudi Arabia Professional League,2021,away_attacks,0,13,240,0.0,5.416666666666667,0.0
Saudi Arabia Professional League,2021,away_corners,2,0,240,0.8333333333333334,0.0,0.8333333333333334
Saudi Arabia Professional League,2021,away_dangerous_attacks,0,13,240,0.0,5.416666666666667,0.0
Saudi Arabia Professional League,2021,away_fouls,1,0,240,0.4166666666666667,0.0,0.4166666666666667
Saudi Arabia Professional League,2021,away_possession,2,0,240,0.8333333333333334,0.0,0.8333333333333334
Saudi Arabia Professional League,2021,away_prematch_xg,0,17,240,0.0,7.083333333333333,0.0
Saudi Arabia Professional League,2021,away_red_cards,1,0,240,0.4166666666666667,0.0,0.4166666666666667
Saudi Arabia Professional League,2021,away_shots_off_target,3,0,240,1.25,0.0,1.25
Saudi Arabia Professional League,2021,away_shots_on_target,3,0,240,1.25,0.0,1.25
Saudi Arabia Professional League,2021,away_total_shots,3,1,240,1.25,0.4166666666666667,1.25
Saudi Arabia Professional League,2021,away_xg,0,0,240,0.0,0.0,0.0
Saudi Arabia Professional League,2021,away_yellow_cards,1,0,240,0.4166666666666667,0.0,0.4166666666666667
Saudi Arabia Professional League,2021,home_attacks,0,13,240,0.0,5.416666666666667,0.0
Saudi Arabia Professional League,2021,home_corners,2,0,240,0.8333333333333334,0.0,0.8333333333333334
Saudi Arabia Professional League,2021,home_dangerous_attacks,0,13,240,0.0,5.416666666666667,0.0
Saudi Arabia Professional League,2021,home_fouls,1,0,240,0.4166666666666667,0.0,0.4166666666666667
Saudi Arabia Professional League,2021,home_possession,2,0,240,0.8333333333333334,0.0,0.8333333333333334
Saudi Arabia Professional League,2021,home_prematch_xg,0,17,240,0.0,7.083333333333333,0.0
Saudi Arabia Professional League,2021,home_red_cards,1,0,240,0.4166666666666667,0.0,0.4166666666666667
Saudi Arabia Professional League,2021,home_shots_off_target,3,0,240,1.25,0.0,1.25
Saudi Arabia Professional League,2021,home_shots_on_target,3,0,240,1.25,0.0,1.25
Saudi Arabia Professional League,2021,home_total_shots,3,1,240,1.25,0.4166666666666667,1.25
Saudi Arabia Professional League,2021,home_xg,0,0,240,0.0,0.0,0.0
Saudi Arabia Professional League,2021,home_yellow_cards,1,0,240,0.4166666666666667,0.0,0.4166666666666667
Saudi Arabia Professional League,2022,away_attacks,0,7,240,0.0,2.9166666666666665,0.0
Saudi Arabia Professional League,2022,away_corners,0,0,240,0.0,0.0,0.0
Saudi Arabia Professional League,2022,away_dangerous_attacks,0,6,240,0.0,2.5,0.0
Saudi Arabia Professional League,2022,away_fouls,0,0,240,0.0,0.0,0.0
Saudi Arabia Professional League,2022,away_possession,0,0,240,0.0,0.0,0.0
Saudi Arabia Professional League,2022,away_prematch_xg,0,18,240,0.0,7.5,0.0
Saudi Arabia Professional League,2022,away_red_cards,0,0,240,0.0,0.0,0.0
Saudi Arabia Professional League,2022,away_shots_off_target,0,0,240,0.0,0.0,0.0
Saudi Arabia Professional League,2022,away_shots_on_target,0,0,240,0.0,0.0,0.0
Saudi Arabia Professional League,2022,away_total_shots,0,2,240,0.0,0.8333333333333334,0.0
Saudi Arabia Professional League,2022,away_xg,0,0,240,0.0,0.0,0.0
Saudi Arabia Professional League,2022,away_yellow_cards,0,0,240,0.0,0.0,0.0
Saudi Arabia Professional League,2022,home_attacks,0,7,240,0.0,2.9166666666666665,0.0
Saudi Arabia Professional League,2022,home_corners,0,0,240,0.0,0.0,0.0
Saudi Arabia Professional League,2022,home_dangerous_attacks,0,6,240,0.0,2.5,0.0
Saudi Arabia Professional League,2022,home_fouls,0,0,240,0.0,0.0,0.0
Saudi Arabia Professional League,2022,home_possession,0,0,240,0.0,0.0,0.0
Saudi Arabia Professional League,2022,home_prematch_xg,0,17,240,0.0,7.083333333333333,0.0
Saudi Arabia Professional League,2022,home_red_cards,0,0,240,0.0,0.0,0.0
Saudi Arabia Professional League,2022,home_shots_off_target,0,0,240,0.0,0.0,0.0
Saudi Arabia Professional League,2022,home_shots_on_target,0,0,240,0.0,0.0,0.0
Saudi Arabia Professional League,2022,home_total_shots,0,2,240,0.0,0.8333333333333334,0.0
Saudi Arabia Professional League,2022,home_xg,0,0,240,0.0,0.0,0.0
Saudi Arabia Professional League,2022,home_yellow_cards,0,0,240,0.0,0.0,0.0
Saudi Arabia Professional League,2023,away_attacks,0,0,306,0.0,0.0,0.0
Saudi Arabia Professional League,2023,away_corners,0,0,306,0.0,0.0,0.0
Saudi Arabia Professional League,2023,away_dangerous_attacks,0,0,306,0.0,0.0,0.0
Saudi Arabia Professional League,2023,away_fouls,0,0,306,0.0,0.0,0.0
Saudi Arabia Professional League,2023,away_possession,0,0,306,0.0,0.0,0.0
Saudi Arabia Professional League,2023,away_prematch_xg,0,18,306,0.0,5.882352941176471,0.0
Saudi Arabia Professional League,2023,away_red_cards,0,0,306,0.0,0.0,0.0
Saudi Arabia Professional League,2023,away_shots_off_target,0,0,306,0.0,0.0,0.0
Saudi Arabia Professional League,2023,away_shots_on_target,0,0,306,0.0,0.0,0.0
Saudi Arabia Professional League,2023,away_total_shots,0,0,306,0.0,0.0,0.0
Saudi Arabia Professional League,2023,away_xg,0,0,306,0.0,0.0,0.0
Saudi Arabia Professional League,2023,away_yellow_cards,0,0,306,0.0,0.0,0.0
Saudi Arabia Professional League,2023,home_attacks,0,0,306,0.0,0.0,0.0
Saudi Arabia Professional League,2023,home_corners,0,0,306,0.0,0.0,0.0
Saudi Arabia Professional League,2023,home_dangerous_attacks,0,0,306,0.0,0.0,0.0
Saudi Arabia Professional League,2023,home_fouls,0,0,306,0.0,0.0,0.0
Saudi Arabia Professional League,2023,home_possession,0,0,306,0.0,0.0,0.0
Saudi Arabia Professional League,2023,home_prematch_xg,0,18,306,0.0,5.882352941176471,0.0
Saudi Arabia Professional League,2023,home_red_cards,0,0,306,0.0,0.0,0.0
Saudi Arabia Professional League,2023,home_shots_off_target,0,0,306,0.0,0.0,0.0
Saudi Arabia Professional League,2023,home_shots_on_target,0,0,306,0.0,0.0,0.0
Saudi Arabia Professional League,2023,home_total_shots,0,0,306,0.0,0.0,0.0
Saudi Arabia Professional League,2023,home_xg,0,0,306,0.0,0.0,0.0
Saudi Arabia Professional League,2023,home_yellow_cards,0,0,306,0.0,0.0,0.0
Saudi Arabia Professional League,2024,away_attacks,0,13,306,0.0,4.248366013071895,0.0
Saudi Arabia Professional League,2024,away_corners,4,0,306,1.3071895424836601,0.0,1.3071895424836601
Saudi Arabia Professional League,2024,away_dangerous_attacks,0,13,306,0.0,4.248366013071895,0.0
Saudi Arabia Professional League,2024,away_fouls,3,1,306,0.9803921568627451,0.32679738562091504,0.9803921568627451
Saudi Arabia Professional League,2024,away_possession,3,0,306,0.9803921568627451,0.0,0.9803921568627451
Saudi Arabia Professional League,2024,away_prematch_xg,0,9,306,0.0,2.9411764705882355,0.0
Saudi Arabia Professional League,2024,away_red_cards,0,0,306,0.0,0.0,0.0
Saudi Arabia Professional League,2024,away_shots_off_target,4,0,306,1.3071895424836601,0.0,1.3071895424836601
Saudi Arabia Professional League,2024,away_shots_on_target,4,0,306,1.3071895424836601,0.0,1.3071895424836601
Saudi Arabia Professional League,2024,away_total_shots,4,1,306,1.3071895424836601,0.32679738562091504,1.3071895424836601
Saudi Arabia Professional League,2024,away_xg,0,0,306,0.0,0.0,0.0
Saudi Arabia Professional League,2024,away_yellow_cards,0,0,306,0.0,0.0,0.0
Saudi Arabia Professional League,2024,home_attacks,0,13,306,0.0,4.248366013071895,0.0
Saudi Arabia Professional League,2024,home_corners,4,0,306,1.3071895424836601,0.0,1.3071895424836601
Saudi Arabia Professional League,2024,home_dangerous_attacks,0,13,306,0.0,4.248366013071895,0.0
Saudi Arabia Professional League,2024,home_fouls,3,0,306,0.9803921568627451,0.0,0.9803921568627451
Saudi Arabia Professional League,2024,home_possession,3,0,306,0.9803921568627451,0.0,0.9803921568627451
Saudi Arabia Professional League,2024,home_prematch_xg,0,9,306,0.0,2.9411764705882355,0.0
Saudi Arabia Professional League,2024,home_red_cards,0,0,306,0.0,0.0,0.0
Saudi Arabia Professional League,2024,home_shots_off_target,4,0,306,1.3071895424836601,0.0,1.3071895424836601
Saudi Arabia Professional League,2024,home_shots_on_target,4,0,306,1.3071895424836601,0.0,1.3071895424836601
Saudi Arabia Professional League,2024,home_total_shots,4,0,306,1.3071895424836601,0.0,1.3071895424836601
Saudi Arabia Professional League,2024,home_xg,0,0,306,0.0,0.0,0.0
Saudi Arabia Professional League,2024,home_yellow_cards,0,0,306,0.0,0.0,0.0
Scotland Premiership,2021,away_attacks,0,1,228,0.0,0.43859649122807015,0.0
Scotland Premiership,2021,away_corners,0,0,228,0.0,0.0,0.0
Scotland Premiership,2021,away_dangerous_attacks,0,1,228,0.0,0.43859649122807015,0.0
Scotland Premiership,2021,away_fouls,0,1,228,0.0,0.43859649122807015,0.0
Scotland Premiership,2021,away_possession,0,0,228,0.0,0.0,0.0
Scotland Premiership,2021,away_prematch_xg,0,12,228,0.0,5.2631578947368425,0.0
Scotland Premiership,2021,away_red_cards,0,0,228,0.0,0.0,0.0
Scotland Premiership,2021,away_shots_off_target,1,0,228,0.43859649122807015,0.0,0.43859649122807015
Scotland Premiership,2021,away_shots_on_target,1,0,228,0.43859649122807015,0.0,0.43859649122807015
Scotland Premiership,2021,away_total_shots,1,0,228,0.43859649122807015,0.0,0.43859649122807015
Scotland Premiership,2021,away_xg,0,0,228,0.0,0.0,0.0
Scotland Premiership,2021,away_yellow_cards,0,0,228,0.0,0.0,0.0
Scotland Premiership,2021,home_attacks,0,1,228,0.0,0.43859649122807015,0.0
Scotland Premiership,2021,home_corners,0,0,228,0.0,0.0,0.0
Scotland Premiership,2021,home_dangerous_attacks,0,1,228,0.0,0.43859649122807015,0.0
Scotland Premiership,2021,home_fouls,0,0,228,0.0,0.0,0.0
Scotland Premiership,2021,home_possession,0,0,228,0.0,0.0,0.0
Scotland Premiership,2021,home_prematch_xg,0,12,228,0.0,5.2631578947368425,0.0
Scotland Premiership,2021,home_red_cards,0,0,228,0.0,0.0,0.0
Scotland Premiership,2021,home_shots_off_target,1,0,228,0.43859649122807015,0.0,0.43859649122807015
Scotland Premiership,2021,home_shots_on_target,1,0,228,0.43859649122807015,0.0,0.43859649122807015
Scotland Premiership,2021,home_total_shots,1,0,228,0.43859649122807015,0.0,0.43859649122807015
Scotland Premiership,2021,home_xg,0,0,228,0.0,0.0,0.0
Scotland Premiership,2021,home_yellow_cards,0,0,228,0.0,0.0,0.0
Scotland Premiership,2022,away_attacks,0,1,228,0.0,0.43859649122807015,0.0
Scotland Premiership,2022,away_corners,0,0,228,0.0,0.0,0.0
Scotland Premiership,2022,away_dangerous_attacks,0,1,228,0.0,0.43859649122807015,0.0
Scotland Premiership,2022,away_fouls,1,0,228,0.43859649122807015,0.0,0.43859649122807015
Scotland Premiership,2022,away_possession,1,0,228,0.43859649122807015,0.0,0.43859649122807015
Scotland Premiership,2022,away_prematch_xg,0,12,228,0.0,5.2631578947368425,0.0
Scotland Premiership,2022,away_red_cards,0,0,228,0.0,0.0,0.0
Scotland Premiership,2022,away_shots_off_target,1,0,228,0.43859649122807015,0.0,0.43859649122807015
Scotland Premiership,2022,away_shots_on_target,1,0,228,0.43859649122807015,0.0,0.43859649122807015
Scotland Premiership,2022,away_total_shots,1,0,228,0.43859649122807015,0.0,0.43859649122807015
Scotland Premiership,2022,away_xg,0,0,228,0.0,0.0,0.0
Scotland Premiership,2022,away_yellow_cards,0,0,228,0.0,0.0,0.0
Scotland Premiership,2022,home_attacks,0,1,228,0.0,0.43859649122807015,0.0
Scotland Premiership,2022,home_corners,0,0,228,0.0,0.0,0.0
Scotland Premiership,2022,home_dangerous_attacks,0,1,228,0.0,0.43859649122807015,0.0
Scotland Premiership,2022,home_fouls,1,0,228,0.43859649122807015,0.0,0.43859649122807015
Scotland Premiership,2022,home_possession,1,0,228,0.43859649122807015,0.0,0.43859649122807015
Scotland Premiership,2022,home_prematch_xg,0,12,228,0.0,5.2631578947368425,0.0
Scotland Premiership,2022,home_red_cards,0,0,228,0.0,0.0,0.0
Scotland Premiership,2022,home_shots_off_target,1,0,228,0.43859649122807015,0.0,0.43859649122807015
Scotland Premiership,2022,home_shots_on_target,1,0,228,0.43859649122807015,0.0,0.43859649122807015
Scotland Premiership,2022,home_total_shots,1,0,228,0.43859649122807015,0.0,0.43859649122807015
Scotland Premiership,2022,home_xg,0,0,228,0.0,0.0,0.0
Scotland Premiership,2022,home_yellow_cards,0,0,228,0.0,0.0,0.0
Scotland Premiership,2023,away_attacks,0,1,228,0.0,0.43859649122807015,0.0
Scotland Premiership,2023,away_corners,0,0,228,0.0,0.0,0.0
Scotland Premiership,2023,away_dangerous_attacks,0,1,228,0.0,0.43859649122807015,0.0
Scotland Premiership,2023,away_fouls,1,0,228,0.43859649122807015,0.0,0.43859649122807015
Scotland Premiership,2023,away_possession,1,0,228,0.43859649122807015,0.0,0.43859649122807015
Scotland Premiership,2023,away_prematch_xg,0,12,228,0.0,5.2631578947368425,0.0
Scotland Premiership,2023,away_red_cards,1,0,228,0.43859649122807015,0.0,0.43859649122807015
Scotland Premiership,2023,away_shots_off_target,1,0,228,0.43859649122807015,0.0,0.43859649122807015
Scotland Premiership,2023,away_shots_on_target,1,0,228,0.43859649122807015,0.0,0.43859649122807015
Scotland Premiership,2023,away_total_shots,1,2,228,0.43859649122807015,0.8771929824561403,0.43859649122807015
Scotland Premiership,2023,away_xg,0,0,228,0.0,0.0,0.0
Scotland Premiership,2023,away_yellow_cards,1,0,228,0.43859649122807015,0.0,0.43859649122807015
Scotland Premiership,2023,home_attacks,0,1,228,0.0,0.43859649122807015,0.0
Scotland Premiership,2023,home_corners,0,0,228,0.0,0.0,0.0
Scotland Premiership,2023,home_dangerous_attacks,0,1,228,0.0,0.43859649122807015,0.0
Scotland Premiership,2023,home_fouls,1,0,228,0.43859649122807015,0.0,0.43859649122807015
Scotland Premiership,2023,home_possession,1,0,228,0.43859649122807015,0.0,0.43859649122807015
Scotland Premiership,2023,home_prematch_xg,0,12,228,0.0,5.2631578947368425,0.0
Scotland Premiership,2023,home_red_cards,1,0,228,0.43859649122807015,0.0,0.43859649122807015
Scotland Premiership,2023,home_shots_off_target,1,0,228,0.43859649122807015,0.0,0.43859649122807015
Scotland Premiership,2023,home_shots_on_target,1,0,228,0.43859649122807015,0.0,0.43859649122807015
Scotland Premiership,2023,home_total_shots,1,0,228,0.43859649122807015,0.0,0.43859649122807015
Scotland Premiership,2023,home_xg,0,0,228,0.0,0.0,0.0
Scotland Premiership,2023,home_yellow_cards,1,0,228,0.43859649122807015,0.0,0.43859649122807015
Scotland Premiership,2024,away_attacks,0,8,228,0.0,3.508771929824561,0.0
Scotland Premiership,2024,away_corners,4,0,228,1.7543859649122806,0.0,1.7543859649122806
Scotland Premiership,2024,away_dangerous_attacks,0,8,228,0.0,3.508771929824561,0.0
Scotland Premiership,2024,away_fouls,7,0,228,3.0701754385964914,0.0,3.0701754385964914
Scotland Premiership,2024,away_possession,4,0,228,1.7543859649122806,0.0,1.7543859649122806
Scotland Premiership,2024,away_prematch_xg,0,12,228,0.0,5.2631578947368425,0.0
Scotland Premiership,2024,away_red_cards,0,0,228,0.0,0.0,0.0
Scotland Premiership,2024,away_shots_off_target,4,0,228,1.7543859649122806,0.0,1.7543859649122806
Scotland Premiership,2024,away_shots_on_target,4,0,228,1.7543859649122806,0.0,1.7543859649122806
Scotland Premiership,2024,away_total_shots,4,1,228,1.7543859649122806,0.43859649122807015,1.7543859649122806
Scotland Premiership,2024,away_xg,0,0,228,0.0,0.0,0.0
Scotland Premiership,2024,away_yellow_cards,0,0,228,0.0,0.0,0.0
Scotland Premiership,2024,home_attacks,0,8,228,0.0,3.508771929824561,0.0
Scotland Premiership,2024,home_corners,4,0,228,1.7543859649122806,0.0,1.7543859649122806
Scotland Premiership,2024,home_dangerous_attacks,0,8,228,0.0,3.508771929824561,0.0
Scotland Premiership,2024,home_fouls,7,0,228,3.0701754385964914,0.0,3.0701754385964914
Scotland Premiership,2024,home_possession,4,0,228,1.7543859649122806,0.0,1.7543859649122806
Scotland Premiership,2024,home_prematch_xg,0,12,228,0.0,5.2631578947368425,0.0
Scotland Premiership,2024,home_red_cards,0,0,228,0.0,0.0,0.0
Scotland Premiership,2024,home_shots_off_target,4,0,228,1.7543859649122806,0.0,1.7543859649122806
Scotland Premiership,2024,home_shots_on_target,4,0,228,1.7543859649122806,0.0,1.7543859649122806
Scotland Premiership,2024,home_total_shots,4,0,228,1.7543859649122806,0.0,1.7543859649122806
Scotland Premiership,2024,home_xg,0,0,228,0.0,0.0,0.0
Scotland Premiership,2024,home_yellow_cards,0,0,228,0.0,0.0,0.0
Spain La Liga,2021,away_attacks,0,0,380,0.0,0.0,0.0
Spain La Liga,2021,away_corners,0,0,380,0.0,0.0,0.0
Spain La Liga,2021,away_dangerous_attacks,0,0,380,0.0,0.0,0.0
Spain La Liga,2021,away_fouls,0,1,380,0.0,0.2631578947368421,0.0
Spain La Liga,2021,away_possession,0,0,380,0.0,0.0,0.0
Spain La Liga,2021,away_prematch_xg,0,20,380,0.0,5.2631578947368425,0.0
Spain La Liga,2021,away_red_cards,0,0,380,0.0,0.0,0.0
Spain La Liga,2021,away_shots_off_target,0,0,380,0.0,0.0,0.0
Spain La Liga,2021,away_shots_on_target,0,0,380,0.0,0.0,0.0
Spain La Liga,2021,away_total_shots,0,0,380,0.0,0.0,0.0
Spain La Liga,2021,away_xg,0,0,380,0.0,0.0,0.0
Spain La Liga,2021,away_yellow_cards,0,0,380,0.0,0.0,0.0
Spain La Liga,2021,home_attacks,0,0,380,0.0,0.0,0.0
Spain La Liga,2021,home_corners,0,0,380,0.0,0.0,0.0
Spain La Liga,2021,home_dangerous_attacks,0,0,380,0.0,0.0,0.0
Spain La Liga,2021,home_fouls,0,1,380,0.0,0.2631578947368421,0.0
Spain La Liga,2021,home_possession,0,0,380,0.0,0.0,0.0
Spain La Liga,2021,home_prematch_xg,0,20,380,0.0,5.2631578947368425,0.0
Spain La Liga,2021,home_red_cards,0,0,380,0.0,0.0,0.0
Spain La Liga,2021,home_shots_off_target,0,0,380,0.0,0.0,0.0
Spain La Liga,2021,home_shots_on_target,0,0,380,0.0,0.0,0.0
Spain La Liga,2021,home_total_shots,0,0,380,0.0,0.0,0.0
Spain La Liga,2021,home_xg,0,0,380,0.0,0.0,0.0
Spain La Liga,2021,home_yellow_cards,0,0,380,0.0,0.0,0.0
Spain La Liga,2022,away_attacks,0,0,380,0.0,0.0,0.0
Spain La Liga,2022,away_corners,0,0,380,0.0,0.0,0.0
Spain La Liga,2022,away_dangerous_attacks,0,0,380,0.0,0.0,0.0
Spain La Liga,2022,away_fouls,0,1,380,0.0,0.2631578947368421,0.0
Spain La Liga,2022,away_possession,0,0,380,0.0,0.0,0.0
Spain La Liga,2022,away_prematch_xg,0,20,380,0.0,5.2631578947368425,0.0
Spain La Liga,2022,away_red_cards,0,0,380,0.0,0.0,0.0
Spain La Liga,2022,away_shots_off_target,0,0,380,0.0,0.0,0.0
Spain La Liga,2022,away_shots_on_target,0,0,380,0.0,0.0,0.0
Spain La Liga,2022,away_total_shots,0,0,380,0.0,0.0,0.0
Spain La Liga,2022,away_xg,0,0,380,0.0,0.0,0.0
Spain La Liga,2022,away_yellow_cards,0,0,380,0.0,0.0,0.0
Spain La Liga,2022,home_attacks,0,0,380,0.0,0.0,0.0
Spain La Liga,2022,home_corners,0,0,380,0.0,0.0,0.0
Spain La Liga,2022,home_dangerous_attacks,0,0,380,0.0,0.0,0.0
Spain La Liga,2022,home_fouls,0,2,380,0.0,0.5263157894736842,0.0
Spain La Liga,2022,home_possession,0,0,380,0.0,0.0,0.0
Spain La Liga,2022,home_prematch_xg,0,20,380,0.0,5.2631578947368425,0.0
Spain La Liga,2022,home_red_cards,0,0,380,0.0,0.0,0.0
Spain La Liga,2022,home_shots_off_target,0,0,380,0.0,0.0,0.0
Spain La Liga,2022,home_shots_on_target,0,0,380,0.0,0.0,0.0
Spain La Liga,2022,home_total_shots,0,0,380,0.0,0.0,0.0
Spain La Liga,2022,home_xg,0,0,380,0.0,0.0,0.0
Spain La Liga,2022,home_yellow_cards,0,0,380,0.0,0.0,0.0
Spain La Liga,2023,away_attacks,0,0,380,0.0,0.0,0.0
Spain La Liga,2023,away_corners,0,0,380,0.0,0.0,0.0
Spain La Liga,2023,away_dangerous_attacks,0,0,380,0.0,0.0,0.0
Spain La Liga,2023,away_fouls,0,0,380,0.0,0.0,0.0
Spain La Liga,2023,away_possession,0,0,380,0.0,0.0,0.0
Spain La Liga,2023,away_prematch_xg,0,20,380,0.0,5.2631578947368425,0.0
Spain La Liga,2023,away_red_cards,0,0,380,0.0,0.0,0.0
Spain La Liga,2023,away_shots_off_target,1,0,380,0.2631578947368421,0.0,0.2631578947368421
Spain La Liga,2023,away_shots_on_target,1,0,380,0.2631578947368421,0.0,0.2631578947368421
Spain La Liga,2023,away_total_shots,1,0,380,0.2631578947368421,0.0,0.2631578947368421
Spain La Liga,2023,away_xg,0,0,380,0.0,0.0,0.0
Spain La Liga,2023,away_yellow_cards,0,0,380,0.0,0.0,0.0
Spain La Liga,2023,home_attacks,0,0,380,0.0,0.0,0.0
Spain La Liga,2023,home_corners,0,0,380,0.0,0.0,0.0
Spain La Liga,2023,home_dangerous_attacks,0,0,380,0.0,0.0,0.0
Spain La Liga,2023,home_fouls,0,0,380,0.0,0.0,0.0
Spain La Liga,2023,home_possession,0,0,380,0.0,0.0,0.0
Spain La Liga,2023,home_prematch_xg,0,20,380,0.0,5.2631578947368425,0.0
Spain La Liga,2023,home_red_cards,0,0,380,0.0,0.0,0.0
Spain La Liga,2023,home_shots_off_target,1,0,380,0.2631578947368421,0.0,0.2631578947368421
Spain La Liga,2023,home_shots_on_target,1,0,380,0.2631578947368421,0.0,0.2631578947368421
Spain La Liga,2023,home_total_shots,1,0,380,0.2631578947368421,0.0,0.2631578947368421
Spain La Liga,2023,home_xg,0,0,380,0.0,0.0,0.0
Spain La Liga,2023,home_yellow_cards,0,0,380,0.0,0.0,0.0
Spain La Liga,2024,away_attacks,0,4,380,0.0,1.0526315789473684,0.0
Spain La Liga,2024,away_corners,1,0,380,0.2631578947368421,0.0,0.2631578947368421
Spain La Liga,2024,away_dangerous_attacks,0,4,380,0.0,1.0526315789473684,0.0
Spain La Liga,2024,away_fouls,1,0,380,0.2631578947368421,0.0,0.2631578947368421
Spain La Liga,2024,away_possession,1,0,380,0.2631578947368421,0.0,0.2631578947368421
Spain La Liga,2024,away_prematch_xg,0,20,380,0.0,5.2631578947368425,0.0
Spain La Liga,2024,away_red_cards,0,0,380,0.0,0.0,0.0
Spain La Liga,2024,away_shots_off_target,1,0,380,0.2631578947368421,0.0,0.2631578947368421
Spain La Liga,2024,away_shots_on_target,1,0,380,0.2631578947368421,0.0,0.2631578947368421
Spain La Liga,2024,away_total_shots,1,2,380,0.2631578947368421,0.5263157894736842,0.2631578947368421
Spain La Liga,2024,away_xg,0,0,380,0.0,0.0,0.0
Spain La Liga,2024,away_yellow_cards,0,0,380,0.0,0.0,0.0
Spain La Liga,2024,home_attacks,0,4,380,0.0,1.0526315789473684,0.0
Spain La Liga,2024,home_corners,1,0,380,0.2631578947368421,0.0,0.2631578947368421
Spain La Liga,2024,home_dangerous_attacks,0,4,380,0.0,1.0526315789473684,0.0
Spain La Liga,2024,home_fouls,1,0,380,0.2631578947368421,0.0,0.2631578947368421
Spain La Liga,2024,home_possession,1,0,380,0.2631578947368421,0.0,0.2631578947368421
Spain La Liga,2024,home_prematch_xg,0,20,380,0.0,5.2631578947368425,0.0
Spain La Liga,2024,home_red_cards,0,0,380,0.0,0.0,0.0
Spain La Liga,2024,home_shots_off_target,1,0,380,0.2631578947368421,0.0,0.2631578947368421
Spain La Liga,2024,home_shots_on_target,1,0,380,0.2631578947368421,0.0,0.2631578947368421
Spain La Liga,2024,home_total_shots,1,0,380,0.2631578947368421,0.0,0.2631578947368421
Spain La Liga,2024,home_xg,0,0,380,0.0,0.0,0.0
Spain La Liga,2024,home_yellow_cards,0,0,380,0.0,0.0,0.0
Spain Segunda División,2021,away_attacks,0,1,468,0.0,0.21367521367521367,0.0
Spain Segunda División,2021,away_corners,0,0,468,0.0,0.0,0.0
Spain Segunda División,2021,away_dangerous_attacks,0,1,468,0.0,0.21367521367521367,0.0
Spain Segunda División,2021,away_fouls,0,3,468,0.0,0.6410256410256411,0.0
Spain Segunda División,2021,away_possession,0,0,468,0.0,0.0,0.0
Spain Segunda División,2021,away_prematch_xg,0,22,468,0.0,4.700854700854701,0.0
Spain Segunda División,2021,away_red_cards,0,0,468,0.0,0.0,0.0
Spain Segunda División,2021,away_shots_off_target,0,0,468,0.0,0.0,0.0
Spain Segunda División,2021,away_shots_on_target,0,0,468,0.0,0.0,0.0
Spain Segunda División,2021,away_total_shots,0,0,468,0.0,0.0,0.0
Spain Segunda División,2021,away_xg,0,0,468,0.0,0.0,0.0
Spain Segunda División,2021,away_yellow_cards,0,0,468,0.0,0.0,0.0
Spain Segunda División,2021,home_attacks,0,1,468,0.0,0.21367521367521367,0.0
Spain Segunda División,2021,home_corners,0,0,468,0.0,0.0,0.0
Spain Segunda División,2021,home_dangerous_attacks,0,1,468,0.0,0.21367521367521367,0.0
Spain Segunda División,2021,home_fouls,0,4,468,0.0,0.8547008547008547,0.0
Spain Segunda División,2021,home_possession,0,0,468,0.0,0.0,0.0
Spain Segunda División,2021,home_prematch_xg,0,22,468,0.0,4.700854700854701,0.0
Spain Segunda División,2021,home_red_cards,0,0,468,0.0,0.0,0.0
Spain Segunda División,2021,home_shots_off_target,0,0,468,0.0,0.0,0.0
Spain Segunda División,2021,home_shots_on_target,0,0,468,0.0,0.0,0.0
Spain Segunda División,2021,home_total_shots,0,0,468,0.0,0.0,0.0
Spain Segunda División,2021,home_xg,0,0,468,0.0,0.0,0.0
Spain Segunda División,2021,home_yellow_cards,0,0,468,0.0,0.0,0.0
Spain Segunda División,2022,away_attacks,0,8,468,0.0,1.7094017094017093,0.0
Spain Segunda División,2022,away_corners,0,0,468,0.0,0.0,0.0
Spain Segunda División,2022,away_dangerous_attacks,0,8,468,0.0,1.7094017094017093,0.0
Spain Segunda División,2022,away_fouls,0,6,468,0.0,1.2820512820512822,0.0
Spain Segunda División,2022,away_possession,0,0,468,0.0,0.0,0.0
Spain Segunda División,2022,away_prematch_xg,0,22,468,0.0,4.700854700854701,0.0
Spain Segunda División,2022,away_red_cards,0,0,468,0.0,0.0,0.0
Spain Segunda División,2022,away_shots_off_target,0,0,468,0.0,0.0,0.0
Spain Segunda División,2022,away_shots_on_target,0,0,468,0.0,0.0,0.0
Spain Segunda División,2022,away_total_shots,0,1,468,0.0,0.21367521367521367,0.0
Spain Segunda División,2022,away_xg,0,0,468,0.0,0.0,0.0
Spain Segunda División,2022,away_yellow_cards,0,0,468,0.0,0.0,0.0
Spain Segunda División,2022,home_attacks,0,8,468,0.0,1.7094017094017093,0.0
Spain Segunda División,2022,home_corners,0,0,468,0.0,0.0,0.0
Spain Segunda División,2022,home_dangerous_attacks,0,8,468,0.0,1.7094017094017093,0.0
Spain Segunda División,2022,home_fouls,0,4,468,0.0,0.8547008547008547,0.0
Spain Segunda División,2022,home_possession,0,0,468,0.0,0.0,0.0
Spain Segunda División,2022,home_prematch_xg,0,22,468,0.0,4.700854700854701,0.0
Spain Segunda División,2022,home_red_cards,0,0,468,0.0,0.0,0.0
Spain Segunda División,2022,home_shots_off_target,0,0,468,0.0,0.0,0.0
Spain Segunda División,2022,home_shots_on_target,0,0,468,0.0,0.0,0.0
Spain Segunda División,2022,home_total_shots,0,0,468,0.0,0.0,0.0
Spain Segunda División,2022,home_xg,0,0,468,0.0,0.0,0.0
Spain Segunda División,2022,home_yellow_cards,0,0,468,0.0,0.0,0.0
Spain Segunda División,2023,away_attacks,0,2,468,0.0,0.42735042735042733,0.0
Spain Segunda División,2023,away_corners,0,0,468,0.0,0.0,0.0
Spain Segunda División,2023,away_dangerous_attacks,0,2,468,0.0,0.42735042735042733,0.0
Spain Segunda División,2023,away_fouls,0,0,468,0.0,0.0,0.0
Spain Segunda División,2023,away_possession,0,0,468,0.0,0.0,0.0
Spain Segunda División,2023,away_prematch_xg,0,22,468,0.0,4.700854700854701,0.0
Spain Segunda División,2023,away_red_cards,0,0,468,0.0,0.0,0.0
Spain Segunda División,2023,away_shots_off_target,0,0,468,0.0,0.0,0.0
Spain Segunda División,2023,away_shots_on_target,0,0,468,0.0,0.0,0.0
Spain Segunda División,2023,away_total_shots,0,0,468,0.0,0.0,0.0
Spain Segunda División,2023,away_xg,0,0,468,0.0,0.0,0.0
Spain Segunda División,2023,away_yellow_cards,0,0,468,0.0,0.0,0.0
Spain Segunda División,2023,home_attacks,0,2,468,0.0,0.42735042735042733,0.0
Spain Segunda División,2023,home_corners,0,0,468,0.0,0.0,0.0
Spain Segunda División,2023,home_dangerous_attacks,0,2,468,0.0,0.42735042735042733,0.0
Spain Segunda División,2023,home_fouls,0,0,468,0.0,0.0,0.0
Spain Segunda División,2023,home_possession,0,0,468,0.0,0.0,0.0
Spain Segunda División,2023,home_prematch_xg,0,22,468,0.0,4.700854700854701,0.0
Spain Segunda División,2023,home_red_cards,0,0,468,0.0,0.0,0.0
Spain Segunda División,2023,home_shots_off_target,0,0,468,0.0,0.0,0.0
Spain Segunda División,2023,home_shots_on_target,0,0,468,0.0,0.0,0.0
Spain Segunda División,2023,home_total_shots,0,0,468,0.0,0.0,0.0
Spain Segunda División,2023,home_xg,0,0,468,0.0,0.0,0.0
Spain Segunda División,2023,home_yellow_cards,0,0,468,0.0,0.0,0.0
Spain Segunda División,2024,away_attacks,0,25,464,0.0,5.387931034482759,0.0
Spain Segunda División,2024,away_corners,1,0,464,0.21551724137931033,0.0,0.21551724137931033
Spain Segunda División,2024,away_dangerous_attacks,0,25,464,0.0,5.387931034482759,0.0
Spain Segunda División,2024,away_fouls,1,3,464,0.21551724137931033,0.646551724137931,0.21551724137931033
Spain Segunda División,2024,away_possession,1,0,464,0.21551724137931033,0.0,0.21551724137931033
Spain Segunda División,2024,away_prematch_xg,0,22,464,0.0,4.741379310344827,0.0
Spain Segunda División,2024,away_red_cards,0,0,464,0.0,0.0,0.0
Spain Segunda División,2024,away_shots_off_target,1,0,464,0.21551724137931033,0.0,0.21551724137931033
Spain Segunda División,2024,away_shots_on_target,1,0,464,0.21551724137931033,0.0,0.21551724137931033
Spain Segunda División,2024,away_total_shots,1,0,464,0.21551724137931033,0.0,0.21551724137931033
Spain Segunda División,2024,away_xg,0,0,464,0.0,0.0,0.0
Spain Segunda División,2024,away_yellow_cards,0,0,464,0.0,0.0,0.0
Spain Segunda División,2024,home_attacks,0,25,464,0.0,5.387931034482759,0.0
Spain Segunda División,2024,home_corners,1,0,464,0.21551724137931033,0.0,0.21551724137931033
Spain Segunda División,2024,home_dangerous_attacks,0,25,464,0.0,5.387931034482759,0.0
Spain Segunda División,2024,home_fouls,1,1,464,0.21551724137931033,0.21551724137931033,0.21551724137931033
Spain Segunda División,2024,home_possession,1,0,464,0.21551724137931033,0.0,0.21551724137931033
Spain Segunda División,2024,home_prematch_xg,0,22,464,0.0,4.741379310344827,0.0
Spain Segunda División,2024,home_red_cards,0,0,464,0.0,0.0,0.0
Spain Segunda División,2024,home_shots_off_target,1,0,464,0.21551724137931033,0.0,0.21551724137931033
Spain Segunda División,2024,home_shots_on_target,1,0,464,0.21551724137931033,0.0,0.21551724137931033
Spain Segunda División,2024,home_total_shots,1,0,464,0.21551724137931033,0.0,0.21551724137931033
Spain Segunda División,2024,home_xg,0,0,464,0.0,0.0,0.0
Spain Segunda División,2024,home_yellow_cards,0,0,464,0.0,0.0,0.0
Switzerland Super League,2021,away_attacks,0,0,180,0.0,0.0,0.0
Switzerland Super League,2021,away_corners,0,0,180,0.0,0.0,0.0
Switzerland Super League,2021,away_dangerous_attacks,0,0,180,0.0,0.0,0.0
Switzerland Super League,2021,away_fouls,0,2,180,0.0,1.1111111111111112,0.0
Switzerland Super League,2021,away_possession,0,0,180,0.0,0.0,0.0
Switzerland Super League,2021,away_prematch_xg,0,10,180,0.0,5.555555555555555,0.0
Switzerland Super League,2021,away_red_cards,0,0,180,0.0,0.0,0.0
Switzerland Super League,2021,away_shots_off_target,0,0,180,0.0,0.0,0.0
Switzerland Super League,2021,away_shots_on_target,0,0,180,0.0,0.0,0.0
Switzerland Super League,2021,away_total_shots,0,0,180,0.0,0.0,0.0
Switzerland Super League,2021,away_xg,0,0,180,0.0,0.0,0.0
Switzerland Super League,2021,away_yellow_cards,0,0,180,0.0,0.0,0.0
Switzerland Super League,2021,home_attacks,0,0,180,0.0,0.0,0.0
Switzerland Super League,2021,home_corners,0,0,180,0.0,0.0,0.0
Switzerland Super League,2021,home_dangerous_attacks,0,0,180,0.0,0.0,0.0
Switzerland Super League,2021,home_fouls,0,0,180,0.0,0.0,0.0
Switzerland Super League,2021,home_possession,0,0,180,0.0,0.0,0.0
Switzerland Super League,2021,home_prematch_xg,0,10,180,0.0,5.555555555555555,0.0
Switzerland Super League,2021,home_red_cards,0,0,180,0.0,0.0,0.0
Switzerland Super League,2021,home_shots_off_target,0,0,180,0.0,0.0,0.0
Switzerland Super League,2021,home_shots_on_target,0,0,180,0.0,0.0,0.0
Switzerland Super League,2021,home_total_shots,0,0,180,0.0,0.0,0.0
Switzerland Super League,2021,home_xg,0,0,180,0.0,0.0,0.0
Switzerland Super League,2021,home_yellow_cards,0,0,180,0.0,0.0,0.0
Switzerland Super League,2022,away_attacks,0,0,180,0.0,0.0,0.0
Switzerland Super League,2022,away_corners,0,0,180,0.0,0.0,0.0
Switzerland Super League,2022,away_dangerous_attacks,0,0,180,0.0,0.0,0.0
Switzerland Super League,2022,away_fouls,0,0,180,0.0,0.0,0.0
Switzerland Super League,2022,away_possession,0,0,180,0.0,0.0,0.0
Switzerland Super League,2022,away_prematch_xg,0,10,180,0.0,5.555555555555555,0.0
Switzerland Super League,2022,away_red_cards,0,0,180,0.0,0.0,0.0
Switzerland Super League,2022,away_shots_off_target,0,0,180,0.0,0.0,0.0
Switzerland Super League,2022,away_shots_on_target,0,0,180,0.0,0.0,0.0
Switzerland Super League,2022,away_total_shots,0,0,180,0.0,0.0,0.0
Switzerland Super League,2022,away_xg,0,0,180,0.0,0.0,0.0
Switzerland Super League,2022,away_yellow_cards,0,0,180,0.0,0.0,0.0
Switzerland Super League,2022,home_attacks,0,0,180,0.0,0.0,0.0
Switzerland Super League,2022,home_corners,0,0,180,0.0,0.0,0.0
Switzerland Super League,2022,home_dangerous_attacks,0,0,180,0.0,0.0,0.0
Switzerland Super League,2022,home_fouls,0,1,180,0.0,0.5555555555555556,0.0
Switzerland Super League,2022,home_possession,0,0,180,0.0,0.0,0.0
Switzerland Super League,2022,home_prematch_xg,0,10,180,0.0,5.555555555555555,0.0
Switzerland Super League,2022,home_red_cards,0,0,180,0.0,0.0,0.0
Switzerland Super League,2022,home_shots_off_target,0,0,180,0.0,0.0,0.0
Switzerland Super League,2022,home_shots_on_target,0,0,180,0.0,0.0,0.0
Switzerland Super League,2022,home_total_shots,0,0,180,0.0,0.0,0.0
Switzerland Super League,2022,home_xg,0,0,180,0.0,0.0,0.0
Switzerland Super League,2022,home_yellow_cards,0,0,180,0.0,0.0,0.0
Switzerland Super League,2023,away_attacks,0,0,228,0.0,0.0,0.0
Switzerland Super League,2023,away_corners,0,0,228,0.0,0.0,0.0
Switzerland Super League,2023,away_dangerous_attacks,0,0,228,0.0,0.0,0.0
Switzerland Super League,2023,away_fouls,0,0,228,0.0,0.0,0.0
Switzerland Super League,2023,away_possession,0,0,228,0.0,0.0,0.0
Switzerland Super League,2023,away_prematch_xg,0,12,228,0.0,5.2631578947368425,0.0
Switzerland Super League,2023,away_red_cards,0,0,228,0.0,0.0,0.0
Switzerland Super League,2023,away_shots_off_target,0,0,228,0.0,0.0,0.0
Switzerland Super League,2023,away_shots_on_target,0,0,228,0.0,0.0,0.0
Switzerland Super League,2023,away_total_shots,0,0,228,0.0,0.0,0.0
Switzerland Super League,2023,away_xg,0,0,228,0.0,0.0,0.0
Switzerland Super League,2023,away_yellow_cards,0,0,228,0.0,0.0,0.0
Switzerland Super League,2023,home_attacks,0,0,228,0.0,0.0,0.0
Switzerland Super League,2023,home_corners,0,0,228,0.0,0.0,0.0
Switzerland Super League,2023,home_dangerous_attacks,0,0,228,0.0,0.0,0.0
Switzerland Super League,2023,home_fouls,0,0,228,0.0,0.0,0.0
Switzerland Super League,2023,home_possession,0,0,228,0.0,0.0,0.0
Switzerland Super League,2023,home_prematch_xg,0,12,228,0.0,5.2631578947368425,0.0
Switzerland Super League,2023,home_red_cards,0,0,228,0.0,0.0,0.0
Switzerland Super League,2023,home_shots_off_target,0,0,228,0.0,0.0,0.0
Switzerland Super League,2023,home_shots_on_target,0,0,228,0.0,0.0,0.0
Switzerland Super League,2023,home_total_shots,0,0,228,0.0,0.0,0.0
Switzerland Super League,2023,home_xg,0,0,228,0.0,0.0,0.0
Switzerland Super League,2023,home_yellow_cards,0,0,228,0.0,0.0,0.0
Switzerland Super League,2024,away_attacks,0,10,228,0.0,4.385964912280702,0.0
Switzerland Super League,2024,away_corners,1,0,228,0.43859649122807015,0.0,0.43859649122807015
Switzerland Super League,2024,away_dangerous_attacks,0,10,228,0.0,4.385964912280702,0.0
Switzerland Super League,2024,away_fouls,1,1,228,0.43859649122807015,0.43859649122807015,0.43859649122807015
Switzerland Super League,2024,away_possession,1,0,228,0.43859649122807015,0.0,0.43859649122807015
Switzerland Super League,2024,away_prematch_xg,0,12,228,0.0,5.2631578947368425,0.0
Switzerland Super League,2024,away_red_cards,0,0,228,0.0,0.0,0.0
Switzerland Super League,2024,away_shots_off_target,1,0,228,0.43859649122807015,0.0,0.43859649122807015
Switzerland Super League,2024,away_shots_on_target,1,0,228,0.43859649122807015,0.0,0.43859649122807015
Switzerland Super League,2024,away_total_shots,1,0,228,0.43859649122807015,0.0,0.43859649122807015
Switzerland Super League,2024,away_xg,0,0,228,0.0,0.0,0.0
Switzerland Super League,2024,away_yellow_cards,0,0,228,0.0,0.0,0.0
Switzerland Super League,2024,home_attacks,0,10,228,0.0,4.385964912280702,0.0
Switzerland Super League,2024,home_corners,1,0,228,0.43859649122807015,0.0,0.43859649122807015
Switzerland Super League,2024,home_dangerous_attacks,0,10,228,0.0,4.385964912280702,0.0
Switzerland Super League,2024,home_fouls,1,1,228,0.43859649122807015,0.43859649122807015,0.43859649122807015
Switzerland Super League,2024,home_possession,1,0,228,0.43859649122807015,0.0,0.43859649122807015
Switzerland Super League,2024,home_prematch_xg,0,12,228,0.0,5.2631578947368425,0.0
Switzerland Super League,2024,home_red_cards,0,0,228,0.0,0.0,0.0
Switzerland Super League,2024,home_shots_off_target,1,0,228,0.43859649122807015,0.0,0.43859649122807015
Switzerland Super League,2024,home_shots_on_target,1,0,228,0.43859649122807015,0.0,0.43859649122807015
Switzerland Super League,2024,home_total_shots,1,0,228,0.43859649122807015,0.0,0.43859649122807015
Switzerland Super League,2024,home_xg,0,0,228,0.0,0.0,0.0
Switzerland Super League,2024,home_yellow_cards,0,0,228,0.0,0.0,0.0
Turkey Süper Lig,2021,away_attacks,0,0,380,0.0,0.0,0.0
Turkey Süper Lig,2021,away_corners,0,0,380,0.0,0.0,0.0
Turkey Süper Lig,2021,away_dangerous_attacks,0,0,380,0.0,0.0,0.0
Turkey Süper Lig,2021,away_fouls,0,2,380,0.0,0.5263157894736842,0.0
Turkey Süper Lig,2021,away_possession,0,0,380,0.0,0.0,0.0
Turkey Süper Lig,2021,away_prematch_xg,0,20,380,0.0,5.2631578947368425,0.0
Turkey Süper Lig,2021,away_red_cards,0,0,380,0.0,0.0,0.0
Turkey Süper Lig,2021,away_shots_off_target,0,0,380,0.0,0.0,0.0
Turkey Süper Lig,2021,away_shots_on_target,0,0,380,0.0,0.0,0.0
Turkey Süper Lig,2021,away_total_shots,0,0,380,0.0,0.0,0.0
Turkey Süper Lig,2021,away_xg,0,0,380,0.0,0.0,0.0
Turkey Süper Lig,2021,away_yellow_cards,0,0,380,0.0,0.0,0.0
Turkey Süper Lig,2021,home_attacks,0,0,380,0.0,0.0,0.0
Turkey Süper Lig,2021,home_corners,0,0,380,0.0,0.0,0.0
Turkey Süper Lig,2021,home_dangerous_attacks,0,0,380,0.0,0.0,0.0
Turkey Süper Lig,2021,home_fouls,0,2,380,0.0,0.5263157894736842,0.0
Turkey Süper Lig,2021,home_possession,0,0,380,0.0,0.0,0.0
Turkey Süper Lig,2021,home_prematch_xg,0,20,380,0.0,5.2631578947368425,0.0
Turkey Süper Lig,2021,home_red_cards,0,0,380,0.0,0.0,0.0
Turkey Süper Lig,2021,home_shots_off_target,0,0,380,0.0,0.0,0.0
Turkey Süper Lig,2021,home_shots_on_target,0,0,380,0.0,0.0,0.0
Turkey Süper Lig,2021,home_total_shots,0,0,380,0.0,0.0,0.0
Turkey Süper Lig,2021,home_xg,0,0,380,0.0,0.0,0.0
Turkey Süper Lig,2021,home_yellow_cards,0,0,380,0.0,0.0,0.0
Turkey Süper Lig,2023,away_attacks,0,0,380,0.0,0.0,0.0
Turkey Süper Lig,2023,away_corners,0,0,380,0.0,0.0,0.0
Turkey Süper Lig,2023,away_dangerous_attacks,0,0,380,0.0,0.0,0.0
Turkey Süper Lig,2023,away_fouls,0,0,380,0.0,0.0,0.0
Turkey Süper Lig,2023,away_possession,0,0,380,0.0,0.0,0.0
Turkey Süper Lig,2023,away_prematch_xg,0,20,380,0.0,5.2631578947368425,0.0
Turkey Süper Lig,2023,away_red_cards,0,0,380,0.0,0.0,0.0
Turkey Süper Lig,2023,away_shots_off_target,0,0,380,0.0,0.0,0.0
Turkey Süper Lig,2023,away_shots_on_target,0,0,380,0.0,0.0,0.0
Turkey Süper Lig,2023,away_total_shots,0,0,380,0.0,0.0,0.0
Turkey Süper Lig,2023,away_xg,0,0,380,0.0,0.0,0.0
Turkey Süper Lig,2023,away_yellow_cards,0,0,380,0.0,0.0,0.0
Turkey Süper Lig,2023,home_attacks,0,0,380,0.0,0.0,0.0
Turkey Süper Lig,2023,home_corners,0,0,380,0.0,0.0,0.0
Turkey Süper Lig,2023,home_dangerous_attacks,0,0,380,0.0,0.0,0.0
Turkey Süper Lig,2023,home_fouls,0,0,380,0.0,0.0,0.0
Turkey Süper Lig,2023,home_possession,0,0,380,0.0,0.0,0.0
Turkey Süper Lig,2023,home_prematch_xg,0,20,380,0.0,5.2631578947368425,0.0
Turkey Süper Lig,2023,home_red_cards,0,0,380,0.0,0.0,0.0
Turkey Süper Lig,2023,home_shots_off_target,0,0,380,0.0,0.0,0.0
Turkey Süper Lig,2023,home_shots_on_target,0,0,380,0.0,0.0,0.0
Turkey Süper Lig,2023,home_total_shots,0,0,380,0.0,0.0,0.0
Turkey Süper Lig,2023,home_xg,0,0,380,0.0,0.0,0.0
Turkey Süper Lig,2023,home_yellow_cards,0,0,380,0.0,0.0,0.0
Turkey Süper Lig,2024,away_attacks,0,17,342,0.0,4.970760233918129,0.0
Turkey Süper Lig,2024,away_corners,2,0,342,0.5847953216374269,0.0,0.5847953216374269
Turkey Süper Lig,2024,away_dangerous_attacks,0,17,342,0.0,4.970760233918129,0.0
Turkey Süper Lig,2024,away_fouls,1,0,342,0.29239766081871343,0.0,0.29239766081871343
Turkey Süper Lig,2024,away_possession,1,0,342,0.29239766081871343,0.0,0.29239766081871343
Turkey Süper Lig,2024,away_prematch_xg,0,19,342,0.0,5.555555555555555,0.0
Turkey Süper Lig,2024,away_red_cards,0,0,342,0.0,0.0,0.0
Turkey Süper Lig,2024,away_shots_off_target,2,0,342,0.5847953216374269,0.0,0.5847953216374269
Turkey Süper Lig,2024,away_shots_on_target,2,0,342,0.5847953216374269,0.0,0.5847953216374269
Turkey Süper Lig,2024,away_total_shots,2,1,342,0.5847953216374269,0.29239766081871343,0.5847953216374269
Turkey Süper Lig,2024,away_xg,0,0,342,0.0,0.0,0.0
Turkey Süper Lig,2024,away_yellow_cards,0,0,342,0.0,0.0,0.0
Turkey Süper Lig,2024,home_attacks,0,17,342,0.0,4.970760233918129,0.0
Turkey Süper Lig,2024,home_corners,2,0,342,0.5847953216374269,0.0,0.5847953216374269
Turkey Süper Lig,2024,home_dangerous_attacks,0,17,342,0.0,4.970760233918129,0.0
Turkey Süper Lig,2024,home_fouls,1,2,342,0.29239766081871343,0.5847953216374269,0.29239766081871343
Turkey Süper Lig,2024,home_possession,1,0,342,0.29239766081871343,0.0,0.29239766081871343
Turkey Süper Lig,2024,home_prematch_xg,0,19,342,0.0,5.555555555555555,0.0
Turkey Süper Lig,2024,home_red_cards,0,0,342,0.0,0.0,0.0
Turkey Süper Lig,2024,home_shots_off_target,2,0,342,0.5847953216374269,0.0,0.5847953216374269
Turkey Süper Lig,2024,home_shots_on_target,2,0,342,0.5847953216374269,0.0,0.5847953216374269
Turkey Süper Lig,2024,home_total_shots,2,0,342,0.5847953216374269,0.0,0.5847953216374269
Turkey Süper Lig,2024,home_xg,0,0,342,0.0,0.0,0.0
Turkey Süper Lig,2024,home_yellow_cards,0,0,342,0.0,0.0,0.0
