competition,season,skill,n_missing,n_total,missing_pct
Australia A-League,2021,acceleration,5,1902,0.2628811777076761
Australia A-League,2021,aggression,8,1902,0.4206098843322818
Australia A-League,2021,agility,4,1902,0.2103049421661409
Australia A-League,2021,balance,2,1902,0.10515247108307045
Australia A-League,2021,ball_control,12,1902,0.6309148264984227
Australia A-League,2021,composure,7,1902,0.36803364879074657
Australia A-League,2021,crossing,9,1902,0.47318611987381703
Australia A-League,2021,curve,7,1902,0.36803364879074657
Australia A-League,2021,defensive_awareness,3,1902,0.15772870662460567
Australia A-League,2021,dribbling,12,1902,0.6309148264984227
Australia A-League,2021,finishing,7,1902,0.36803364879074657
Australia A-League,2021,fk_accuracy,5,1902,0.2628811777076761
Australia A-League,2021,gk_diving,3,1902,0.15772870662460567
Australia A-League,2021,gk_handling,2,1902,0.10515247108307045
Australia A-League,2021,gk_kicking,0,1902,0.0
Australia A-League,2021,gk_positioning,2,1902,0.10515247108307045
Australia A-League,2021,gk_reflexes,2,1902,0.10515247108307045
Australia A-League,2021,heading_accuracy,3,1902,0.15772870662460567
Australia A-League,2021,interceptions,5,1902,0.2628811777076761
Australia A-League,2021,jumping,4,1902,0.2103049421661409
Australia A-League,2021,long_passing,9,1902,0.47318611987381703
Australia A-League,2021,long_shots,5,1902,0.2628811777076761
Australia A-League,2021,penalties,2,1902,0.10515247108307045
Australia A-League,2021,positioning,7,1902,0.36803364879074657
Australia A-League,2021,reactions,12,1902,0.6309148264984227
Australia A-League,2021,short_passing,6,1902,0.31545741324921134
Australia A-League,2021,shot_power,3,1902,0.15772870662460567
Australia A-League,2021,sliding_tackle,5,1902,0.2628811777076761
Australia A-League,2021,sprint_speed,5,1902,0.2628811777076761
Australia A-League,2021,stamina,5,1902,0.2628811777076761
Australia A-League,2021,standing_tackle,7,1902,0.36803364879074657
Australia A-League,2021,strength,6,1902,0.31545741324921134
Australia A-League,2021,vision,9,1902,0.47318611987381703
Australia A-League,2021,volleys,5,1902,0.2628811777076761
Australia A-League,2022,acceleration,147,2366,6.21301775147929
Australia A-League,2022,aggression,51,2366,2.1555367709213864
Australia A-League,2022,agility,128,2366,5.409974640743871
Australia A-League,2022,balance,116,2366,4.902789518174133
Australia A-League,2022,ball_control,124,2366,5.240912933220626
Australia A-League,2022,composure,95,2366,4.015215553677092
Australia A-League,2022,crossing,71,2366,3.0008453085376163
Australia A-League,2022,curve,46,2366,1.944209636517329
Australia A-League,2022,defensive_awareness,82,2366,3.465765004226543
Australia A-League,2022,dribbling,109,2366,4.6069315300084535
Australia A-League,2022,finishing,79,2366,3.338968723584108
Australia A-League,2022,fk_accuracy,47,2366,1.9864750633981403
Australia A-League,2022,gk_diving,18,2366,0.760777683854607
Australia A-League,2022,gk_handling,16,2366,0.6762468300929839
Australia A-League,2022,gk_kicking,14,2366,0.591715976331361
Australia A-League,2022,gk_positioning,20,2366,0.8453085376162299
Australia A-League,2022,gk_reflexes,18,2366,0.760777683854607
Australia A-League,2022,heading_accuracy,42,2366,1.7751479289940828
Australia A-League,2022,interceptions,94,2366,3.9729501267962806
Australia A-League,2022,jumping,182,2366,7.6923076923076925
Australia A-League,2022,long_passing,101,2366,4.268808114961961
Australia A-League,2022,long_shots,59,2366,2.493660185967878
Australia A-League,2022,penalties,27,2366,1.1411665257819104
Australia A-League,2022,positioning,76,2366,3.212172442941674
Australia A-League,2022,reactions,94,2366,3.9729501267962806
Australia A-League,2022,short_passing,119,2366,5.029585798816568
Australia A-League,2022,shot_power,68,2366,2.8740490278951816
Australia A-League,2022,sliding_tackle,81,2366,3.4234995773457313
Australia A-League,2022,sprint_speed,190,2366,8.030431107354184
Australia A-League,2022,stamina,227,2366,9.59425190194421
Australia A-League,2022,standing_tackle,89,2366,3.761622992392223
Australia A-League,2022,strength,212,2366,8.960270498732037
Australia A-League,2022,vision,88,2366,3.7193575655114115
Australia A-League,2022,volleys,34,2366,1.4370245139475908
Australia A-League,2023,acceleration,8,2796,0.2861230329041488
Australia A-League,2023,aggression,10,2796,0.35765379113018597
Australia A-League,2023,agility,3,2796,0.1072961373390558
Australia A-League,2023,balance,8,2796,0.2861230329041488
Australia A-League,2023,ball_control,19,2796,0.6795422031473534
Australia A-League,2023,composure,27,2796,0.9656652360515021
Australia A-League,2023,crossing,10,2796,0.35765379113018597
Australia A-League,2023,curve,11,2796,0.39341917024320455
Australia A-League,2023,defensive_awareness,9,2796,0.3218884120171674
Australia A-League,2023,dribbling,29,2796,1.0371959942775393
Australia A-League,2023,finishing,21,2796,0.7510729613733905
Australia A-League,2023,fk_accuracy,10,2796,0.35765379113018597
Australia A-League,2023,gk_diving,0,2796,0.0
Australia A-League,2023,gk_handling,0,2796,0.0
Australia A-League,2023,gk_kicking,0,2796,0.0
Australia A-League,2023,gk_positioning,0,2796,0.0
Australia A-League,2023,gk_reflexes,0,2796,0.0
Australia A-League,2023,heading_accuracy,18,2796,0.6437768240343348
Australia A-League,2023,interceptions,12,2796,0.4291845493562232
Australia A-League,2023,jumping,8,2796,0.2861230329041488
Australia A-League,2023,long_passing,25,2796,0.894134477825465
Australia A-League,2023,long_shots,8,2796,0.2861230329041488
Australia A-League,2023,penalties,2,2796,0.0715307582260372
Australia A-League,2023,positioning,14,2796,0.5007153075822603
Australia A-League,2023,reactions,28,2796,1.0014306151645207
Australia A-League,2023,short_passing,29,2796,1.0371959942775393
Australia A-League,2023,shot_power,13,2796,0.46494992846924177
Australia A-League,2023,sliding_tackle,9,2796,0.3218884120171674
Australia A-League,2023,sprint_speed,10,2796,0.35765379113018597
Australia A-League,2023,stamina,25,2796,0.894134477825465
Australia A-League,2023,standing_tackle,10,2796,0.35765379113018597
Australia A-League,2023,strength,10,2796,0.35765379113018597
Australia A-League,2023,vision,20,2796,0.7153075822603719
Australia A-League,2023,volleys,2,2796,0.0715307582260372
Australia A-League,2024,acceleration,4,2773,0.144248106743599
Australia A-League,2024,aggression,5,2773,0.18031013342949873
Australia A-League,2024,agility,2,2773,0.0721240533717995
Australia A-League,2024,balance,4,2773,0.144248106743599
Australia A-League,2024,ball_control,9,2773,0.3245582401730977
Australia A-League,2024,composure,14,2773,0.5048683736025965
Australia A-League,2024,crossing,1,2773,0.03606202668589975
Australia A-League,2024,curve,4,2773,0.144248106743599
Australia A-League,2024,defensive_awareness,5,2773,0.18031013342949873
Australia A-League,2024,dribbling,13,2773,0.4688063469166967
Australia A-League,2024,finishing,10,2773,0.36062026685899745
Australia A-League,2024,fk_accuracy,5,2773,0.18031013342949873
Australia A-League,2024,gk_diving,0,2773,0.0
Australia A-League,2024,gk_handling,0,2773,0.0
Australia A-League,2024,gk_kicking,0,2773,0.0
Australia A-League,2024,gk_positioning,0,2773,0.0
Australia A-League,2024,gk_reflexes,0,2773,0.0
Australia A-League,2024,heading_accuracy,9,2773,0.3245582401730977
Australia A-League,2024,interceptions,5,2773,0.18031013342949873
Australia A-League,2024,jumping,6,2773,0.21637216011539848
Australia A-League,2024,long_passing,13,2773,0.4688063469166967
Australia A-League,2024,long_shots,2,2773,0.0721240533717995
Australia A-League,2024,penalties,0,2773,0.0
Australia A-League,2024,positioning,8,2773,0.288496213487198
Australia A-League,2024,reactions,15,2773,0.5409304002884963
Australia A-League,2024,short_passing,14,2773,0.5048683736025965
Australia A-League,2024,shot_power,5,2773,0.18031013342949873
Australia A-League,2024,sliding_tackle,6,2773,0.21637216011539848
Australia A-League,2024,sprint_speed,5,2773,0.18031013342949873
Australia A-League,2024,stamina,15,2773,0.5409304002884963
Australia A-League,2024,standing_tackle,6,2773,0.21637216011539848
Australia A-League,2024,strength,5,2773,0.18031013342949873
Australia A-League,2024,vision,10,2773,0.36062026685899745
Australia A-League,2024,volleys,0,2773,0.0
Austria Bundesliga,2021,acceleration,2,2116,0.0945179584120983
Austria Bundesliga,2021,aggression,1,2116,0.04725897920604915
Austria Bundesliga,2021,agility,0,2116,0.0
Austria Bundesliga,2021,balance,1,2116,0.04725897920604915
Austria Bundesliga,2021,ball_control,6,2116,0.2835538752362949
Austria Bundesliga,2021,composure,1,2116,0.04725897920604915
Austria Bundesliga,2021,crossing,2,2116,0.0945179584120983
Austria Bundesliga,2021,curve,0,2116,0.0
Austria Bundesliga,2021,defensive_awareness,1,2116,0.04725897920604915
Austria Bundesliga,2021,dribbling,6,2116,0.2835538752362949
Austria Bundesliga,2021,finishing,1,2116,0.04725897920604915
Austria Bundesliga,2021,fk_accuracy,0,2116,0.0
Austria Bundesliga,2021,gk_diving,3,2116,0.14177693761814744
Austria Bundesliga,2021,gk_handling,3,2116,0.14177693761814744
Austria Bundesliga,2021,gk_kicking,1,2116,0.04725897920604915
Austria Bundesliga,2021,gk_positioning,3,2116,0.14177693761814744
Austria Bundesliga,2021,gk_reflexes,3,2116,0.14177693761814744
Austria Bundesliga,2021,heading_accuracy,1,2116,0.04725897920604915
Austria Bundesliga,2021,interceptions,1,2116,0.04725897920604915
Austria Bundesliga,2021,jumping,3,2116,0.14177693761814744
Austria Bundesliga,2021,long_passing,0,2116,0.0
Austria Bundesliga,2021,long_shots,1,2116,0.04725897920604915
Austria Bundesliga,2021,penalties,0,2116,0.0
Austria Bundesliga,2021,positioning,2,2116,0.0945179584120983
Austria Bundesliga,2021,reactions,3,2116,0.14177693761814744
Austria Bundesliga,2021,short_passing,3,2116,0.14177693761814744
Austria Bundesliga,2021,shot_power,3,2116,0.14177693761814744
Austria Bundesliga,2021,sliding_tackle,1,2116,0.04725897920604915
Austria Bundesliga,2021,sprint_speed,4,2116,0.1890359168241966
Austria Bundesliga,2021,stamina,1,2116,0.04725897920604915
Austria Bundesliga,2021,standing_tackle,0,2116,0.0
Austria Bundesliga,2021,strength,6,2116,0.2835538752362949
Austria Bundesliga,2021,vision,4,2116,0.1890359168241966
Austria Bundesliga,2021,volleys,0,2116,0.0
Austria Bundesliga,2022,acceleration,112,2706,4.138950480413895
Austria Bundesliga,2022,aggression,65,2706,2.4020694752402068
Austria Bundesliga,2022,agility,99,2706,3.658536585365854
Austria Bundesliga,2022,balance,85,2706,3.1411677753141167
Austria Bundesliga,2022,ball_control,100,2706,3.695491500369549
Austria Bundesliga,2022,composure,64,2706,2.3651145602365116
Austria Bundesliga,2022,crossing,49,2706,1.810790835181079
Austria Bundesliga,2022,curve,39,2706,1.441241685144124
Austria Bundesliga,2022,defensive_awareness,57,2706,2.106430155210643
Austria Bundesliga,2022,dribbling,89,2706,3.288987435328899
Austria Bundesliga,2022,finishing,79,2706,2.919438285291944
Austria Bundesliga,2022,fk_accuracy,32,2706,1.1825572801182558
Austria Bundesliga,2022,gk_diving,11,2706,0.4065040650406504
Austria Bundesliga,2022,gk_handling,11,2706,0.4065040650406504
Austria Bundesliga,2022,gk_kicking,9,2706,0.3325942350332594
Austria Bundesliga,2022,gk_positioning,10,2706,0.36954915003695493
Austria Bundesliga,2022,gk_reflexes,12,2706,0.4434589800443459
Austria Bundesliga,2022,heading_accuracy,51,2706,1.8847006651884701
Austria Bundesliga,2022,interceptions,56,2706,2.0694752402069474
Austria Bundesliga,2022,jumping,122,2706,4.50849963045085
Austria Bundesliga,2022,long_passing,69,2706,2.549889135254989
Austria Bundesliga,2022,long_shots,52,2706,1.9216555801921655
Austria Bundesliga,2022,penalties,25,2706,0.9238728750923872
Austria Bundesliga,2022,positioning,63,2706,2.328159645232816
Austria Bundesliga,2022,reactions,110,2706,4.065040650406504
Austria Bundesliga,2022,short_passing,83,2706,3.067257945306726
Austria Bundesliga,2022,shot_power,56,2706,2.0694752402069474
Austria Bundesliga,2022,sliding_tackle,68,2706,2.512934220251293
Austria Bundesliga,2022,sprint_speed,136,2706,5.025868440502586
Austria Bundesliga,2022,stamina,131,2706,4.841093865484109
Austria Bundesliga,2022,standing_tackle,81,2706,2.9933481152993346
Austria Bundesliga,2022,strength,105,2706,3.8802660753880267
Austria Bundesliga,2022,vision,61,2706,2.254249815225425
Austria Bundesliga,2022,volleys,38,2706,1.4042867701404287
Austria Bundesliga,2023,acceleration,21,3150,0.6666666666666666
Austria Bundesliga,2023,aggression,22,3150,0.6984126984126984
Austria Bundesliga,2023,agility,12,3150,0.38095238095238093
Austria Bundesliga,2023,balance,13,3150,0.4126984126984127
Austria Bundesliga,2023,ball_control,38,3150,1.2063492063492063
Austria Bundesliga,2023,composure,13,3150,0.4126984126984127
Austria Bundesliga,2023,crossing,14,3150,0.4444444444444444
Austria Bundesliga,2023,curve,6,3150,0.19047619047619047
Austria Bundesliga,2023,defensive_awareness,31,3150,0.9841269841269841
Austria Bundesliga,2023,dribbling,27,3150,0.8571428571428571
Austria Bundesliga,2023,finishing,19,3150,0.6031746031746031
Austria Bundesliga,2023,fk_accuracy,2,3150,0.06349206349206349
Austria Bundesliga,2023,gk_diving,9,3150,0.2857142857142857
Austria Bundesliga,2023,gk_handling,5,3150,0.15873015873015872
Austria Bundesliga,2023,gk_kicking,1,3150,0.031746031746031744
Austria Bundesliga,2023,gk_positioning,7,3150,0.2222222222222222
Austria Bundesliga,2023,gk_reflexes,11,3150,0.3492063492063492
Austria Bundesliga,2023,heading_accuracy,15,3150,0.47619047619047616
Austria Bundesliga,2023,interceptions,32,3150,1.0158730158730158
Austria Bundesliga,2023,jumping,51,3150,1.619047619047619
Austria Bundesliga,2023,long_passing,25,3150,0.7936507936507936
Austria Bundesliga,2023,long_shots,12,3150,0.38095238095238093
Austria Bundesliga,2023,penalties,2,3150,0.06349206349206349
Austria Bundesliga,2023,positioning,33,3150,1.0476190476190477
Austria Bundesliga,2023,reactions,47,3150,1.492063492063492
Austria Bundesliga,2023,short_passing,32,3150,1.0158730158730158
Austria Bundesliga,2023,shot_power,17,3150,0.5396825396825397
Austria Bundesliga,2023,sliding_tackle,17,3150,0.5396825396825397
Austria Bundesliga,2023,sprint_speed,21,3150,0.6666666666666666
Austria Bundesliga,2023,stamina,39,3150,1.2380952380952381
Austria Bundesliga,2023,standing_tackle,19,3150,0.6031746031746031
Austria Bundesliga,2023,strength,26,3150,0.8253968253968254
Austria Bundesliga,2023,vision,29,3150,0.9206349206349206
Austria Bundesliga,2023,volleys,7,3150,0.2222222222222222
Austria Bundesliga,2024,acceleration,24,2984,0.8042895442359249
Austria Bundesliga,2024,aggression,20,2984,0.6702412868632708
Austria Bundesliga,2024,agility,13,2984,0.435656836461126
Austria Bundesliga,2024,balance,7,2984,0.23458445040214476
Austria Bundesliga,2024,ball_control,32,2984,1.0723860589812333
Austria Bundesliga,2024,composure,10,2984,0.3351206434316354
Austria Bundesliga,2024,crossing,18,2984,0.6032171581769437
Austria Bundesliga,2024,curve,6,2984,0.20107238605898123
Austria Bundesliga,2024,defensive_awareness,26,2984,0.871313672922252
Austria Bundesliga,2024,dribbling,23,2984,0.7707774798927614
Austria Bundesliga,2024,finishing,21,2984,0.7037533512064343
Austria Bundesliga,2024,fk_accuracy,6,2984,0.20107238605898123
Austria Bundesliga,2024,gk_diving,8,2984,0.2680965147453083
Austria Bundesliga,2024,gk_handling,8,2984,0.2680965147453083
Austria Bundesliga,2024,gk_kicking,2,2984,0.06702412868632708
Austria Bundesliga,2024,gk_positioning,7,2984,0.23458445040214476
Austria Bundesliga,2024,gk_reflexes,8,2984,0.2680965147453083
Austria Bundesliga,2024,heading_accuracy,17,2984,0.5697050938337802
Austria Bundesliga,2024,interceptions,24,2984,0.8042895442359249
Austria Bundesliga,2024,jumping,46,2984,1.5415549597855227
Austria Bundesliga,2024,long_passing,16,2984,0.5361930294906166
Austria Bundesliga,2024,long_shots,16,2984,0.5361930294906166
Austria Bundesliga,2024,penalties,1,2984,0.03351206434316354
Austria Bundesliga,2024,positioning,22,2984,0.7372654155495979
Austria Bundesliga,2024,reactions,31,2984,1.0388739946380696
Austria Bundesliga,2024,short_passing,30,2984,1.0053619302949062
Austria Bundesliga,2024,shot_power,16,2984,0.5361930294906166
Austria Bundesliga,2024,sliding_tackle,18,2984,0.6032171581769437
Austria Bundesliga,2024,sprint_speed,26,2984,0.871313672922252
Austria Bundesliga,2024,stamina,18,2984,0.6032171581769437
Austria Bundesliga,2024,standing_tackle,23,2984,0.7707774798927614
Austria Bundesliga,2024,strength,14,2984,0.4691689008042895
Austria Bundesliga,2024,vision,15,2984,0.5026809651474531
Austria Bundesliga,2024,volleys,10,2984,0.3351206434316354
Belgium Pro League,2021,acceleration,30,3210,0.9345794392523364
Belgium Pro League,2021,aggression,14,3210,0.43613707165109034
Belgium Pro League,2021,agility,10,3210,0.3115264797507788
Belgium Pro League,2021,balance,7,3210,0.21806853582554517
Belgium Pro League,2021,ball_control,29,3210,0.9034267912772586
Belgium Pro League,2021,composure,17,3210,0.5295950155763239
Belgium Pro League,2021,crossing,27,3210,0.8411214953271028
Belgium Pro League,2021,curve,8,3210,0.24922118380062305
Belgium Pro League,2021,defensive_awareness,30,3210,0.9345794392523364
Belgium Pro League,2021,dribbling,30,3210,0.9345794392523364
Belgium Pro League,2021,finishing,16,3210,0.4984423676012461
Belgium Pro League,2021,fk_accuracy,5,3210,0.1557632398753894
Belgium Pro League,2021,gk_diving,6,3210,0.18691588785046728
Belgium Pro League,2021,gk_handling,4,3210,0.12461059190031153
Belgium Pro League,2021,gk_kicking,4,3210,0.12461059190031153
Belgium Pro League,2021,gk_positioning,8,3210,0.24922118380062305
Belgium Pro League,2021,gk_reflexes,2,3210,0.06230529595015576
Belgium Pro League,2021,heading_accuracy,14,3210,0.43613707165109034
Belgium Pro League,2021,interceptions,29,3210,0.9034267912772586
Belgium Pro League,2021,jumping,7,3210,0.21806853582554517
Belgium Pro League,2021,long_passing,29,3210,0.9034267912772586
Belgium Pro League,2021,long_shots,8,3210,0.24922118380062305
Belgium Pro League,2021,penalties,0,3210,0.0
Belgium Pro League,2021,positioning,36,3210,1.1214953271028036
Belgium Pro League,2021,reactions,35,3210,1.0903426791277258
Belgium Pro League,2021,short_passing,36,3210,1.1214953271028036
Belgium Pro League,2021,shot_power,15,3210,0.4672897196261682
Belgium Pro League,2021,sliding_tackle,16,3210,0.4984423676012461
Belgium Pro League,2021,sprint_speed,39,3210,1.2149532710280373
Belgium Pro League,2021,stamina,39,3210,1.2149532710280373
Belgium Pro League,2021,standing_tackle,25,3210,0.778816199376947
Belgium Pro League,2021,strength,25,3210,0.778816199376947
Belgium Pro League,2021,vision,27,3210,0.8411214953271028
Belgium Pro League,2021,volleys,3,3210,0.09345794392523364
Belgium Pro League,2022,acceleration,234,3784,6.1839323467230445
Belgium Pro League,2022,aggression,102,3784,2.6955602536997887
Belgium Pro League,2022,agility,74,3784,1.9556025369978858
Belgium Pro League,2022,balance,94,3784,2.4841437632135306
Belgium Pro League,2022,ball_control,166,3784,4.386892177589852
Belgium Pro League,2022,composure,73,3784,1.9291754756871036
Belgium Pro League,2022,crossing,110,3784,2.9069767441860463
Belgium Pro League,2022,curve,56,3784,1.4799154334038056
Belgium Pro League,2022,defensive_awareness,103,3784,2.721987315010571
Belgium Pro League,2022,dribbling,143,3784,3.7790697674418605
Belgium Pro League,2022,finishing,113,3784,2.9862579281183934
Belgium Pro League,2022,fk_accuracy,46,3784,1.215644820295983
Belgium Pro League,2022,gk_diving,23,3784,0.6078224101479915
Belgium Pro League,2022,gk_handling,18,3784,0.47568710359408034
Belgium Pro League,2022,gk_kicking,12,3784,0.3171247357293869
Belgium Pro League,2022,gk_positioning,24,3784,0.6342494714587738
Belgium Pro League,2022,gk_reflexes,25,3784,0.6606765327695561
Belgium Pro League,2022,heading_accuracy,93,3784,2.4577167019027484
Belgium Pro League,2022,interceptions,102,3784,2.6955602536997887
Belgium Pro League,2022,jumping,161,3784,4.254756871035941
Belgium Pro League,2022,long_passing,153,3784,4.043340380549683
Belgium Pro League,2022,long_shots,94,3784,2.4841437632135306
Belgium Pro League,2022,penalties,34,3784,0.8985200845665962
Belgium Pro League,2022,positioning,92,3784,2.431289640591966
Belgium Pro League,2022,reactions,159,3784,4.201902748414376
Belgium Pro League,2022,short_passing,157,3784,4.149048625792812
Belgium Pro League,2022,shot_power,88,3784,2.3255813953488373
Belgium Pro League,2022,sliding_tackle,106,3784,2.8012684989429175
Belgium Pro League,2022,sprint_speed,325,3784,8.588794926004228
Belgium Pro League,2022,stamina,158,3784,4.175475687103594
Belgium Pro League,2022,standing_tackle,109,3784,2.880549682875264
Belgium Pro League,2022,strength,107,3784,2.8276955602536997
Belgium Pro League,2022,vision,120,3784,3.171247357293869
Belgium Pro League,2022,volleys,47,3784,1.2420718816067653
Belgium Pro League,2023,acceleration,45,4162,1.0812109562710235
Belgium Pro League,2023,aggression,22,4162,0.5285920230658337
Belgium Pro League,2023,agility,13,4162,0.312349831811629
Belgium Pro League,2023,balance,20,4162,0.48053820278712156
Belgium Pro League,2023,ball_control,46,4162,1.1052378664103797
Belgium Pro League,2023,composure,23,4162,0.5526189332051898
Belgium Pro League,2023,crossing,27,4162,0.6487265737626141
Belgium Pro League,2023,curve,12,4162,0.28832292167227297
Belgium Pro League,2023,defensive_awareness,30,4162,0.7208073041806824
Belgium Pro League,2023,dribbling,44,4162,1.0571840461316675
Belgium Pro League,2023,finishing,27,4162,0.6487265737626141
Belgium Pro League,2023,fk_accuracy,15,4162,0.3604036520903412
Belgium Pro League,2023,gk_diving,5,4162,0.12013455069678039
Belgium Pro League,2023,gk_handling,2,4162,0.048053820278712155
Belgium Pro League,2023,gk_kicking,2,4162,0.048053820278712155
Belgium Pro League,2023,gk_positioning,4,4162,0.09610764055742431
Belgium Pro League,2023,gk_reflexes,4,4162,0.09610764055742431
Belgium Pro League,2023,heading_accuracy,19,4162,0.4565112926477655
Belgium Pro League,2023,interceptions,21,4162,0.5045651129264777
Belgium Pro League,2023,jumping,40,4162,0.9610764055742431
Belgium Pro League,2023,long_passing,33,4162,0.7928880345987506
Belgium Pro League,2023,long_shots,27,4162,0.6487265737626141
Belgium Pro League,2023,penalties,10,4162,0.24026910139356078
Belgium Pro League,2023,positioning,15,4162,0.3604036520903412
Belgium Pro League,2023,reactions,39,4162,0.937049495434887
Belgium Pro League,2023,short_passing,33,4162,0.7928880345987506
Belgium Pro League,2023,shot_power,21,4162,0.5045651129264777
Belgium Pro League,2023,sliding_tackle,18,4162,0.4324843825084094
Belgium Pro League,2023,sprint_speed,65,4162,1.5617491590581452
Belgium Pro League,2023,stamina,32,4162,0.7688611244593945
Belgium Pro League,2023,standing_tackle,19,4162,0.4565112926477655
Belgium Pro League,2023,strength,18,4162,0.4324843825084094
Belgium Pro League,2023,vision,28,4162,0.6727534839019702
Belgium Pro League,2023,volleys,10,4162,0.24026910139356078
Belgium Pro League,2024,acceleration,49,3824,1.2813807531380754
Belgium Pro League,2024,aggression,26,3824,0.6799163179916318
Belgium Pro League,2024,agility,26,3824,0.6799163179916318
Belgium Pro League,2024,balance,23,3824,0.6014644351464435
Belgium Pro League,2024,ball_control,59,3824,1.542887029288703
Belgium Pro League,2024,composure,29,3824,0.7583682008368201
Belgium Pro League,2024,crossing,31,3824,0.8106694560669456
Belgium Pro League,2024,curve,15,3824,0.3922594142259414
Belgium Pro League,2024,defensive_awareness,36,3824,0.9414225941422594
Belgium Pro League,2024,dribbling,47,3824,1.2290794979079498
Belgium Pro League,2024,finishing,39,3824,1.0198744769874477
Belgium Pro League,2024,fk_accuracy,15,3824,0.3922594142259414
Belgium Pro League,2024,gk_diving,7,3824,0.18305439330543932
Belgium Pro League,2024,gk_handling,8,3824,0.20920502092050208
Belgium Pro League,2024,gk_kicking,6,3824,0.15690376569037656
Belgium Pro League,2024,gk_positioning,8,3824,0.20920502092050208
Belgium Pro League,2024,gk_reflexes,7,3824,0.18305439330543932
Belgium Pro League,2024,heading_accuracy,27,3824,0.7060669456066946
Belgium Pro League,2024,interceptions,40,3824,1.0460251046025104
Belgium Pro League,2024,jumping,50,3824,1.3075313807531381
Belgium Pro League,2024,long_passing,62,3824,1.6213389121338913
Belgium Pro League,2024,long_shots,30,3824,0.7845188284518828
Belgium Pro League,2024,penalties,9,3824,0.23535564853556484
Belgium Pro League,2024,positioning,35,3824,0.9152719665271967
Belgium Pro League,2024,reactions,70,3824,1.8305439330543933
Belgium Pro League,2024,short_passing,64,3824,1.6736401673640167
Belgium Pro League,2024,shot_power,24,3824,0.6276150627615062
Belgium Pro League,2024,sliding_tackle,25,3824,0.6537656903765691
Belgium Pro League,2024,sprint_speed,59,3824,1.542887029288703
Belgium Pro League,2024,stamina,40,3824,1.0460251046025104
Belgium Pro League,2024,standing_tackle,26,3824,0.6799163179916318
Belgium Pro League,2024,strength,30,3824,0.7845188284518828
Belgium Pro League,2024,vision,39,3824,1.0198744769874477
Belgium Pro League,2024,volleys,16,3824,0.41841004184100417
Denmark Superliga,2021,acceleration,23,2211,1.0402532790592491
Denmark Superliga,2021,aggression,5,2211,0.2261420171867933
Denmark Superliga,2021,agility,13,2211,0.5879692446856626
Denmark Superliga,2021,balance,11,2211,0.4975124378109453
Denmark Superliga,2021,ball_control,31,2211,1.4020805065581186
Denmark Superliga,2021,composure,24,2211,1.0854816824966078
Denmark Superliga,2021,crossing,15,2211,0.6784260515603799
Denmark Superliga,2021,curve,15,2211,0.6784260515603799
Denmark Superliga,2021,defensive_awareness,35,2211,1.582994120307553
Denmark Superliga,2021,dribbling,27,2211,1.2211668928086838
Denmark Superliga,2021,finishing,17,2211,0.7688828584350973
Denmark Superliga,2021,fk_accuracy,8,2211,0.3618272274988693
Denmark Superliga,2021,gk_diving,2,2211,0.09045680687471733
Denmark Superliga,2021,gk_handling,0,2211,0.0
Denmark Superliga,2021,gk_kicking,3,2211,0.13568521031207598
Denmark Superliga,2021,gk_positioning,2,2211,0.09045680687471733
Denmark Superliga,2021,gk_reflexes,1,2211,0.045228403437358664
Denmark Superliga,2021,heading_accuracy,10,2211,0.4522840343735866
Denmark Superliga,2021,interceptions,30,2211,1.3568521031207599
Denmark Superliga,2021,jumping,7,2211,0.31659882406151063
Denmark Superliga,2021,long_passing,21,2211,0.9497964721845319
Denmark Superliga,2021,long_shots,9,2211,0.40705563093622793
Denmark Superliga,2021,penalties,6,2211,0.27137042062415195
Denmark Superliga,2021,positioning,21,2211,0.9497964721845319
Denmark Superliga,2021,reactions,34,2211,1.5377657168701946
Denmark Superliga,2021,short_passing,23,2211,1.0402532790592491
Denmark Superliga,2021,shot_power,12,2211,0.5427408412483039
Denmark Superliga,2021,sliding_tackle,25,2211,1.1307100859339665
Denmark Superliga,2021,sprint_speed,21,2211,0.9497964721845319
Denmark Superliga,2021,stamina,18,2211,0.8141112618724559
Denmark Superliga,2021,standing_tackle,30,2211,1.3568521031207599
Denmark Superliga,2021,strength,18,2211,0.8141112618724559
Denmark Superliga,2021,vision,22,2211,0.9950248756218906
Denmark Superliga,2021,volleys,9,2211,0.40705563093622793
Denmark Superliga,2022,acceleration,150,2694,5.567928730512249
Denmark Superliga,2022,aggression,106,2694,3.9346696362286564
Denmark Superliga,2022,agility,115,2694,4.268745360059391
Denmark Superliga,2022,balance,104,2694,3.860430586488493
Denmark Superliga,2022,ball_control,174,2694,6.458797327394209
Denmark Superliga,2022,composure,124,2694,4.6028210838901265
Denmark Superliga,2022,crossing,95,2694,3.526354862657758
Denmark Superliga,2022,curve,65,2694,2.412769116555308
Denmark Superliga,2022,defensive_awareness,130,2694,4.825538233110616
Denmark Superliga,2022,dribbling,136,2694,5.0482553823311065
Denmark Superliga,2022,finishing,118,2694,4.380103934669636
Denmark Superliga,2022,fk_accuracy,57,2694,2.115812917594655
Denmark Superliga,2022,gk_diving,21,2694,0.779510022271715
Denmark Superliga,2022,gk_handling,24,2694,0.89086859688196
Denmark Superliga,2022,gk_kicking,14,2694,0.5196733481811433
Denmark Superliga,2022,gk_positioning,22,2694,0.8166295471417966
Denmark Superliga,2022,gk_reflexes,20,2694,0.7423904974016332
Denmark Superliga,2022,heading_accuracy,92,2694,3.414996288047513
Denmark Superliga,2022,interceptions,125,2694,4.639940608760208
Denmark Superliga,2022,jumping,179,2694,6.6443949517446175
Denmark Superliga,2022,long_passing,122,2694,4.528582034149963
Denmark Superliga,2022,long_shots,77,2694,2.858203414996288
Denmark Superliga,2022,penalties,45,2694,1.670378619153675
Denmark Superliga,2022,positioning,126,2694,4.67706013363029
Denmark Superliga,2022,reactions,185,2694,6.867112100965108
Denmark Superliga,2022,short_passing,152,2694,5.642167780252413
Denmark Superliga,2022,shot_power,86,2694,3.192279138827023
Denmark Superliga,2022,sliding_tackle,117,2694,4.342984409799555
Denmark Superliga,2022,sprint_speed,188,2694,6.978470675575353
Denmark Superliga,2022,stamina,193,2694,7.164068299925761
Denmark Superliga,2022,standing_tackle,126,2694,4.67706013363029
Denmark Superliga,2022,strength,138,2694,5.122494432071269
Denmark Superliga,2022,vision,123,2694,4.565701559020044
Denmark Superliga,2022,volleys,67,2694,2.4870081662954715
Denmark Superliga,2023,acceleration,30,3082,0.9733939000648929
Denmark Superliga,2023,aggression,25,3082,0.8111615833874107
Denmark Superliga,2023,agility,15,3082,0.48669695003244645
Denmark Superliga,2023,balance,11,3082,0.3569110966904607
Denmark Superliga,2023,ball_control,39,3082,1.2654120700843607
Denmark Superliga,2023,composure,16,3082,0.5191434133679429
Denmark Superliga,2023,crossing,14,3082,0.45425048669695
Denmark Superliga,2023,curve,6,3082,0.1946787800129786
Denmark Superliga,2023,defensive_awareness,30,3082,0.9733939000648929
Denmark Superliga,2023,dribbling,28,3082,0.9085009733939
Denmark Superliga,2023,finishing,17,3082,0.5515898767034393
Denmark Superliga,2023,fk_accuracy,10,3082,0.3244646333549643
Denmark Superliga,2023,gk_diving,9,3082,0.2920181700194679
Denmark Superliga,2023,gk_handling,9,3082,0.2920181700194679
Denmark Superliga,2023,gk_kicking,4,3082,0.12978585334198572
Denmark Superliga,2023,gk_positioning,10,3082,0.3244646333549643
Denmark Superliga,2023,gk_reflexes,10,3082,0.3244646333549643
Denmark Superliga,2023,heading_accuracy,28,3082,0.9085009733939
Denmark Superliga,2023,interceptions,29,3082,0.9409474367293965
Denmark Superliga,2023,jumping,63,3082,2.044127190136275
Denmark Superliga,2023,long_passing,8,3082,0.25957170668397145
Denmark Superliga,2023,long_shots,8,3082,0.25957170668397145
Denmark Superliga,2023,penalties,5,3082,0.16223231667748214
Denmark Superliga,2023,positioning,18,3082,0.5840363400389358
Denmark Superliga,2023,reactions,44,3082,1.427644386761843
Denmark Superliga,2023,short_passing,31,3082,1.0058403634003894
Denmark Superliga,2023,shot_power,23,3082,0.746268656716418
Denmark Superliga,2023,sliding_tackle,27,3082,0.8760545100584036
Denmark Superliga,2023,sprint_speed,35,3082,1.1356262167423752
Denmark Superliga,2023,stamina,33,3082,1.0707332900713822
Denmark Superliga,2023,standing_tackle,28,3082,0.9085009733939
Denmark Superliga,2023,strength,31,3082,1.0058403634003894
Denmark Superliga,2023,vision,30,3082,0.9733939000648929
Denmark Superliga,2023,volleys,4,3082,0.12978585334198572
Denmark Superliga,2024,acceleration,23,2813,0.8176324209029506
Denmark Superliga,2024,aggression,21,2813,0.7465339495200853
Denmark Superliga,2024,agility,16,2813,0.5687877710629221
Denmark Superliga,2024,balance,17,2813,0.6043370067543548
Denmark Superliga,2024,ball_control,26,2813,0.9242801279772485
Denmark Superliga,2024,composure,18,2813,0.6398862424457874
Denmark Superliga,2024,crossing,20,2813,0.7109847138286527
Denmark Superliga,2024,curve,14,2813,0.4976892996800569
Denmark Superliga,2024,defensive_awareness,25,2813,0.8887308922858158
Denmark Superliga,2024,dribbling,20,2813,0.7109847138286527
Denmark Superliga,2024,finishing,19,2813,0.67543547813722
Denmark Superliga,2024,fk_accuracy,10,2813,0.35549235691432635
Denmark Superliga,2024,gk_diving,4,2813,0.14219694276573053
Denmark Superliga,2024,gk_handling,5,2813,0.17774617845716317
Denmark Superliga,2024,gk_kicking,2,2813,0.07109847138286526
Denmark Superliga,2024,gk_positioning,5,2813,0.17774617845716317
Denmark Superliga,2024,gk_reflexes,5,2813,0.17774617845716317
Denmark Superliga,2024,heading_accuracy,22,2813,0.782083185211518
Denmark Superliga,2024,interceptions,24,2813,0.8531816565943833
Denmark Superliga,2024,jumping,39,2813,1.3864201919658727
Denmark Superliga,2024,long_passing,14,2813,0.4976892996800569
Denmark Superliga,2024,long_shots,11,2813,0.391041592605759
Denmark Superliga,2024,penalties,10,2813,0.35549235691432635
Denmark Superliga,2024,positioning,18,2813,0.6398862424457874
Denmark Superliga,2024,reactions,28,2813,0.9953785993601137
Denmark Superliga,2024,short_passing,20,2813,0.7109847138286527
Denmark Superliga,2024,shot_power,20,2813,0.7109847138286527
Denmark Superliga,2024,sliding_tackle,17,2813,0.6043370067543548
Denmark Superliga,2024,sprint_speed,29,2813,1.0309278350515463
Denmark Superliga,2024,stamina,37,2813,1.3153217205830074
Denmark Superliga,2024,standing_tackle,16,2813,0.5687877710629221
Denmark Superliga,2024,strength,29,2813,1.0309278350515463
Denmark Superliga,2024,vision,22,2813,0.782083185211518
Denmark Superliga,2024,volleys,13,2813,0.46214006398862423
England Championship,2021,acceleration,11,4633,0.23742715303259226
England Championship,2021,aggression,3,4633,0.06475285991797972
England Championship,2021,agility,7,4633,0.151090006475286
England Championship,2021,balance,1,4633,0.021584286639326572
England Championship,2021,ball_control,8,4633,0.17267429311461258
England Championship,2021,composure,5,4633,0.10792143319663285
England Championship,2021,crossing,8,4633,0.17267429311461258
England Championship,2021,curve,3,4633,0.06475285991797972
England Championship,2021,defensive_awareness,5,4633,0.10792143319663285
England Championship,2021,dribbling,10,4633,0.2158428663932657
England Championship,2021,finishing,9,4633,0.19425857975393912
England Championship,2021,fk_accuracy,2,4633,0.043168573278653144
England Championship,2021,gk_diving,0,4633,0.0
England Championship,2021,gk_handling,1,4633,0.021584286639326572
England Championship,2021,gk_kicking,1,4633,0.021584286639326572
England Championship,2021,gk_positioning,0,4633,0.0
England Championship,2021,gk_reflexes,1,4633,0.021584286639326572
England Championship,2021,heading_accuracy,6,4633,0.12950571983595943
England Championship,2021,interceptions,5,4633,0.10792143319663285
England Championship,2021,jumping,2,4633,0.043168573278653144
England Championship,2021,long_passing,6,4633,0.12950571983595943
England Championship,2021,long_shots,5,4633,0.10792143319663285
England Championship,2021,penalties,0,4633,0.0
England Championship,2021,positioning,10,4633,0.2158428663932657
England Championship,2021,reactions,10,4633,0.2158428663932657
England Championship,2021,short_passing,9,4633,0.19425857975393912
England Championship,2021,shot_power,4,4633,0.08633714655730629
England Championship,2021,sliding_tackle,2,4633,0.043168573278653144
England Championship,2021,sprint_speed,9,4633,0.19425857975393912
England Championship,2021,stamina,12,4633,0.25901143967191886
England Championship,2021,standing_tackle,5,4633,0.10792143319663285
England Championship,2021,strength,7,4633,0.151090006475286
England Championship,2021,vision,8,4633,0.17267429311461258
England Championship,2021,volleys,0,4633,0.0
England Championship,2022,acceleration,251,5157,4.867170835757223
England Championship,2022,aggression,104,5157,2.0166763622261006
England Championship,2022,agility,119,5157,2.3075431452394803
England Championship,2022,balance,102,5157,1.9778941244909831
England Championship,2022,ball_control,186,5157,3.6067481093659106
England Championship,2022,composure,130,5157,2.5208454527826256
England Championship,2022,crossing,99,5157,1.9197207678883073
England Championship,2022,curve,88,5157,1.706418460345162
England Championship,2022,defensive_awareness,153,5157,2.966841186736475
England Championship,2022,dribbling,165,5157,3.1995346131471787
England Championship,2022,finishing,126,5157,2.443280977312391
England Championship,2022,fk_accuracy,67,5157,1.29920496412643
England Championship,2022,gk_diving,20,5157,0.38782237735117314
England Championship,2022,gk_handling,18,5157,0.34904013961605584
England Championship,2022,gk_kicking,23,5157,0.4459957339538491
England Championship,2022,gk_positioning,21,5157,0.4072134962187318
England Championship,2022,gk_reflexes,23,5157,0.4459957339538491
England Championship,2022,heading_accuracy,129,5157,2.501454333915067
England Championship,2022,interceptions,136,5157,2.6371921659879773
England Championship,2022,jumping,141,5157,2.734147760325771
England Championship,2022,long_passing,141,5157,2.734147760325771
England Championship,2022,long_shots,94,5157,1.822765173550514
England Championship,2022,penalties,43,5157,0.8338181113050223
England Championship,2022,positioning,132,5157,2.559627690517743
England Championship,2022,reactions,188,5157,3.645530347101028
England Championship,2022,short_passing,192,5157,3.7230948225712623
England Championship,2022,shot_power,94,5157,1.822765173550514
England Championship,2022,sliding_tackle,144,5157,2.7923211169284468
England Championship,2022,sprint_speed,281,5157,5.448904401783983
England Championship,2022,stamina,223,5157,4.324219507465581
England Championship,2022,standing_tackle,167,5157,3.238316850882296
England Championship,2022,strength,162,5157,3.141361256544503
England Championship,2022,vision,119,5157,2.3075431452394803
England Championship,2022,volleys,42,5157,0.8144269924374636
England Championship,2023,acceleration,25,5409,0.4621926418931411
England Championship,2023,aggression,21,5409,0.3882418191902385
England Championship,2023,agility,6,5409,0.11092623405435385
England Championship,2023,balance,5,5409,0.09243852837862822
England Championship,2023,ball_control,29,5409,0.5361434645960437
England Championship,2023,composure,28,5409,0.517655758920318
England Championship,2023,crossing,20,5409,0.36975411351451287
England Championship,2023,curve,15,5409,0.2773155851358846
England Championship,2023,defensive_awareness,32,5409,0.5916065816232206
England Championship,2023,dribbling,38,5409,0.7025328156775744
England Championship,2023,finishing,25,5409,0.4621926418931411
England Championship,2023,fk_accuracy,6,5409,0.11092623405435385
England Championship,2023,gk_diving,4,5409,0.07395082270290257
England Championship,2023,gk_handling,0,5409,0.0
England Championship,2023,gk_kicking,1,5409,0.018487705675725642
England Championship,2023,gk_positioning,3,5409,0.05546311702717693
England Championship,2023,gk_reflexes,4,5409,0.07395082270290257
England Championship,2023,heading_accuracy,24,5409,0.4437049362174154
England Championship,2023,interceptions,29,5409,0.5361434645960437
England Championship,2023,jumping,42,5409,0.776483638380477
England Championship,2023,long_passing,21,5409,0.3882418191902385
England Championship,2023,long_shots,13,5409,0.24034017378443334
England Championship,2023,penalties,3,5409,0.05546311702717693
England Championship,2023,positioning,18,5409,0.33277870216306155
England Championship,2023,reactions,44,5409,0.8134590497319283
England Championship,2023,short_passing,30,5409,0.5546311702717692
England Championship,2023,shot_power,17,5409,0.31429099648733594
England Championship,2023,sliding_tackle,24,5409,0.4437049362174154
England Championship,2023,sprint_speed,33,5409,0.6100942872989462
England Championship,2023,stamina,42,5409,0.776483638380477
England Championship,2023,standing_tackle,35,5409,0.6470696986503975
England Championship,2023,strength,27,5409,0.49916805324459235
England Championship,2023,vision,25,5409,0.4621926418931411
England Championship,2023,volleys,6,5409,0.11092623405435385
England Championship,2024,acceleration,70,5175,1.3526570048309179
England Championship,2024,aggression,38,5175,0.7342995169082126
England Championship,2024,agility,59,5175,1.1400966183574879
England Championship,2024,balance,50,5175,0.966183574879227
England Championship,2024,ball_control,100,5175,1.932367149758454
England Championship,2024,composure,93,5175,1.7971014492753623
England Championship,2024,crossing,75,5175,1.4492753623188406
England Championship,2024,curve,63,5175,1.2173913043478262
England Championship,2024,defensive_awareness,98,5175,1.893719806763285
England Championship,2024,dribbling,91,5175,1.7584541062801933
England Championship,2024,finishing,69,5175,1.3333333333333333
England Championship,2024,fk_accuracy,40,5175,0.7729468599033816
England Championship,2024,gk_diving,9,5175,0.17391304347826086
England Championship,2024,gk_handling,9,5175,0.17391304347826086
England Championship,2024,gk_kicking,5,5175,0.0966183574879227
England Championship,2024,gk_positioning,7,5175,0.13526570048309178
England Championship,2024,gk_reflexes,9,5175,0.17391304347826086
England Championship,2024,heading_accuracy,61,5175,1.178743961352657
England Championship,2024,interceptions,86,5175,1.6618357487922706
England Championship,2024,jumping,119,5175,2.2995169082125604
England Championship,2024,long_passing,73,5175,1.4106280193236715
England Championship,2024,long_shots,61,5175,1.178743961352657
England Championship,2024,penalties,30,5175,0.5797101449275363
England Championship,2024,positioning,87,5175,1.681159420289855
England Championship,2024,reactions,111,5175,2.1449275362318843
England Championship,2024,short_passing,100,5175,1.932367149758454
England Championship,2024,shot_power,56,5175,1.0821256038647342
England Championship,2024,sliding_tackle,67,5175,1.2946859903381642
England Championship,2024,sprint_speed,76,5175,1.4685990338164252
England Championship,2024,stamina,92,5175,1.7777777777777777
England Championship,2024,standing_tackle,81,5175,1.565217391304348
England Championship,2024,strength,74,5175,1.429951690821256
England Championship,2024,vision,80,5175,1.5458937198067633
England Championship,2024,volleys,52,5175,1.0048309178743962
England EFL League One,2021,acceleration,5,4140,0.12077294685990338
England EFL League One,2021,aggression,12,4140,0.2898550724637681
England EFL League One,2021,agility,8,4140,0.1932367149758454
England EFL League One,2021,balance,3,4140,0.07246376811594203
England EFL League One,2021,ball_control,14,4140,0.33816425120772947
England EFL League One,2021,composure,20,4140,0.4830917874396135
England EFL League One,2021,crossing,9,4140,0.21739130434782608
England EFL League One,2021,curve,8,4140,0.1932367149758454
England EFL League One,2021,defensive_awareness,21,4140,0.5072463768115942
England EFL League One,2021,dribbling,17,4140,0.4106280193236715
England EFL League One,2021,finishing,14,4140,0.33816425120772947
England EFL League One,2021,fk_accuracy,5,4140,0.12077294685990338
England EFL League One,2021,gk_diving,14,4140,0.33816425120772947
England EFL League One,2021,gk_handling,8,4140,0.1932367149758454
England EFL League One,2021,gk_kicking,10,4140,0.24154589371980675
England EFL League One,2021,gk_positioning,13,4140,0.3140096618357488
England EFL League One,2021,gk_reflexes,13,4140,0.3140096618357488
England EFL League One,2021,heading_accuracy,14,4140,0.33816425120772947
England EFL League One,2021,interceptions,20,4140,0.4830917874396135
England EFL League One,2021,jumping,5,4140,0.12077294685990338
England EFL League One,2021,long_passing,16,4140,0.3864734299516908
England EFL League One,2021,long_shots,18,4140,0.43478260869565216
England EFL League One,2021,penalties,5,4140,0.12077294685990338
England EFL League One,2021,positioning,12,4140,0.2898550724637681
England EFL League One,2021,reactions,28,4140,0.6763285024154589
England EFL League One,2021,short_passing,12,4140,0.2898550724637681
England EFL League One,2021,shot_power,23,4140,0.5555555555555556
England EFL League One,2021,sliding_tackle,19,4140,0.45893719806763283
England EFL League One,2021,sprint_speed,2,4140,0.04830917874396135
England EFL League One,2021,stamina,17,4140,0.4106280193236715
England EFL League One,2021,standing_tackle,22,4140,0.5314009661835749
England EFL League One,2021,strength,10,4140,0.24154589371980675
England EFL League One,2021,vision,17,4140,0.4106280193236715
England EFL League One,2021,volleys,6,4140,0.14492753623188406
England EFL League One,2022,acceleration,235,4710,4.989384288747346
England EFL League One,2022,aggression,180,4710,3.821656050955414
England EFL League One,2022,agility,214,4710,4.543524416135881
England EFL League One,2022,balance,171,4710,3.6305732484076434
England EFL League One,2022,ball_control,299,4710,6.348195329087049
England EFL League One,2022,composure,214,4710,4.543524416135881
England EFL League One,2022,crossing,177,4710,3.7579617834394905
England EFL League One,2022,curve,122,4710,2.5902335456475583
England EFL League One,2022,defensive_awareness,181,4710,3.842887473460722
England EFL League One,2022,dribbling,237,4710,5.031847133757962
England EFL League One,2022,finishing,206,4710,4.373673036093418
England EFL League One,2022,fk_accuracy,68,4710,1.443736730360934
England EFL League One,2022,gk_diving,33,4710,0.7006369426751592
England EFL League One,2022,gk_handling,32,4710,0.6794055201698513
England EFL League One,2022,gk_kicking,35,4710,0.7430997876857749
England EFL League One,2022,gk_positioning,34,4710,0.721868365180467
England EFL League One,2022,gk_reflexes,32,4710,0.6794055201698513
England EFL League One,2022,heading_accuracy,174,4710,3.694267515923567
England EFL League One,2022,interceptions,195,4710,4.140127388535032
England EFL League One,2022,jumping,175,4710,3.715498938428875
England EFL League One,2022,long_passing,258,4710,5.477707006369426
England EFL League One,2022,long_shots,181,4710,3.842887473460722
England EFL League One,2022,penalties,57,4710,1.2101910828025477
England EFL League One,2022,positioning,198,4710,4.203821656050955
England EFL League One,2022,reactions,278,4710,5.902335456475583
England EFL League One,2022,short_passing,307,4710,6.518046709129512
England EFL League One,2022,shot_power,173,4710,3.673036093418259
England EFL League One,2022,sliding_tackle,205,4710,4.352441613588111
England EFL League One,2022,sprint_speed,285,4710,6.050955414012739
England EFL League One,2022,stamina,284,4710,6.029723991507431
England EFL League One,2022,standing_tackle,239,4710,5.074309978768578
England EFL League One,2022,strength,241,4710,5.116772823779193
England EFL League One,2022,vision,231,4710,4.904458598726115
England EFL League One,2022,volleys,79,4710,1.6772823779193207
England EFL League One,2023,acceleration,35,5305,0.6597549481621112
England EFL League One,2023,aggression,24,5305,0.4524033930254477
England EFL League One,2023,agility,23,5305,0.43355325164938735
England EFL League One,2023,balance,18,5305,0.3393025447690858
England EFL League One,2023,ball_control,39,5305,0.7351555136663525
England EFL League One,2023,composure,30,5305,0.5655042412818096
England EFL League One,2023,crossing,13,5305,0.24505183788878418
England EFL League One,2023,curve,20,5305,0.3770028275212064
England EFL League One,2023,defensive_awareness,27,5305,0.5089538171536286
England EFL League One,2023,dribbling,27,5305,0.5089538171536286
England EFL League One,2023,finishing,24,5305,0.4524033930254477
England EFL League One,2023,fk_accuracy,11,5305,0.20735155513666353
England EFL League One,2023,gk_diving,11,5305,0.20735155513666353
England EFL League One,2023,gk_handling,5,5305,0.0942507068803016
England EFL League One,2023,gk_kicking,10,5305,0.1885014137606032
England EFL League One,2023,gk_positioning,3,5305,0.05655042412818096
England EFL League One,2023,gk_reflexes,12,5305,0.22620169651272384
England EFL League One,2023,heading_accuracy,23,5305,0.43355325164938735
England EFL League One,2023,interceptions,28,5305,0.527803958529689
England EFL League One,2023,jumping,32,5305,0.6032045240339302
England EFL League One,2023,long_passing,38,5305,0.7163053722902922
England EFL League One,2023,long_shots,16,5305,0.3016022620169651
England EFL League One,2023,penalties,12,5305,0.22620169651272384
England EFL League One,2023,positioning,23,5305,0.43355325164938735
England EFL League One,2023,reactions,28,5305,0.527803958529689
England EFL League One,2023,short_passing,46,5305,0.8671065032987747
England EFL League One,2023,shot_power,25,5305,0.471253534401508
England EFL League One,2023,sliding_tackle,30,5305,0.5655042412818096
England EFL League One,2023,sprint_speed,30,5305,0.5655042412818096
England EFL League One,2023,stamina,17,5305,0.32045240339302544
England EFL League One,2023,standing_tackle,32,5305,0.6032045240339302
England EFL League One,2023,strength,28,5305,0.527803958529689
England EFL League One,2023,vision,33,5305,0.6220546654099905
England EFL League One,2023,volleys,6,5305,0.11310084825636192
England EFL League One,2024,acceleration,73,5143,1.4194050165273187
England EFL League One,2024,aggression,49,5143,0.9527513124635427
England EFL League One,2024,agility,45,5143,0.8749756951195801
England EFL League One,2024,balance,43,5143,0.8360878864475987
England EFL League One,2024,ball_control,79,5143,1.5360684425432627
England EFL League One,2024,composure,73,5143,1.4194050165273187
England EFL League One,2024,crossing,46,5143,0.8944195994555707
England EFL League One,2024,curve,43,5143,0.8360878864475987
England EFL League One,2024,defensive_awareness,56,5143,1.0888586428154774
England EFL League One,2024,dribbling,75,5143,1.4582928251993
England EFL League One,2024,finishing,63,5143,1.224965973167412
England EFL League One,2024,fk_accuracy,33,5143,0.641648843087692
England EFL League One,2024,gk_diving,14,5143,0.27221466070386935
England EFL League One,2024,gk_handling,8,5143,0.15555123468792534
England EFL League One,2024,gk_kicking,13,5143,0.25277075636787866
England EFL League One,2024,gk_positioning,8,5143,0.15555123468792534
England EFL League One,2024,gk_reflexes,16,5143,0.3111024693758507
England EFL League One,2024,heading_accuracy,54,5143,1.0499708341434961
England EFL League One,2024,interceptions,54,5143,1.0499708341434961
England EFL League One,2024,jumping,114,5143,2.216605094302936
England EFL League One,2024,long_passing,57,5143,1.108302547151468
England EFL League One,2024,long_shots,50,5143,0.9721952167995334
England EFL League One,2024,penalties,20,5143,0.38887808671981333
England EFL League One,2024,positioning,56,5143,1.0888586428154774
England EFL League One,2024,reactions,80,5143,1.5555123468792533
England EFL League One,2024,short_passing,72,5143,1.399961112191328
England EFL League One,2024,shot_power,48,5143,0.933307408127552
England EFL League One,2024,sliding_tackle,36,5143,0.699980556095664
England EFL League One,2024,sprint_speed,69,5143,1.341629399183356
England EFL League One,2024,stamina,70,5143,1.3610733035193467
England EFL League One,2024,standing_tackle,48,5143,0.933307408127552
England EFL League One,2024,strength,77,5143,1.4971806338712814
England EFL League One,2024,vision,62,5143,1.2055220688314214
England EFL League One,2024,volleys,32,5143,0.6222049387517014
England EFL League Two,2021,acceleration,6,4079,0.14709487619514586
England EFL League Two,2021,aggression,13,4079,0.3187055650894827
England EFL League Two,2021,agility,11,4079,0.26967393969110076
England EFL League Two,2021,balance,9,4079,0.2206423142927188
England EFL League Two,2021,ball_control,24,4079,0.5883795047805834
England EFL League Two,2021,composure,24,4079,0.5883795047805834
England EFL League Two,2021,crossing,11,4079,0.26967393969110076
England EFL League Two,2021,curve,9,4079,0.2206423142927188
England EFL League Two,2021,defensive_awareness,21,4079,0.5148320666830105
England EFL League Two,2021,dribbling,22,4079,0.5393478793822015
England EFL League Two,2021,finishing,13,4079,0.3187055650894827
England EFL League Two,2021,fk_accuracy,7,4079,0.17161068889433684
England EFL League Two,2021,gk_diving,9,4079,0.2206423142927188
England EFL League Two,2021,gk_handling,8,4079,0.19612650159352782
England EFL League Two,2021,gk_kicking,7,4079,0.17161068889433684
England EFL League Two,2021,gk_positioning,7,4079,0.17161068889433684
England EFL League Two,2021,gk_reflexes,6,4079,0.14709487619514586
England EFL League Two,2021,heading_accuracy,18,4079,0.4412846285854376
England EFL League Two,2021,interceptions,21,4079,0.5148320666830105
England EFL League Two,2021,jumping,11,4079,0.26967393969110076
England EFL League Two,2021,long_passing,18,4079,0.4412846285854376
England EFL League Two,2021,long_shots,6,4079,0.14709487619514586
England EFL League Two,2021,penalties,9,4079,0.2206423142927188
England EFL League Two,2021,positioning,12,4079,0.2941897523902917
England EFL League Two,2021,reactions,32,4079,0.7845060063741113
England EFL League Two,2021,short_passing,19,4079,0.4658004412846286
England EFL League Two,2021,shot_power,13,4079,0.3187055650894827
England EFL League Two,2021,sliding_tackle,18,4079,0.4412846285854376
England EFL League Two,2021,sprint_speed,9,4079,0.2206423142927188
England EFL League Two,2021,stamina,14,4079,0.3432213777886737
England EFL League Two,2021,standing_tackle,21,4079,0.5148320666830105
England EFL League Two,2021,strength,9,4079,0.2206423142927188
England EFL League Two,2021,vision,12,4079,0.2941897523902917
England EFL League Two,2021,volleys,6,4079,0.14709487619514586
England EFL League Two,2022,acceleration,229,5475,4.1826484018264845
England EFL League Two,2022,aggression,114,5475,2.0821917808219177
England EFL League Two,2022,agility,163,5475,2.9771689497716896
England EFL League Two,2022,balance,136,5475,2.4840182648401825
England EFL League Two,2022,ball_control,244,5475,4.45662100456621
England EFL League Two,2022,composure,172,5475,3.141552511415525
England EFL League Two,2022,crossing,137,5475,2.502283105022831
England EFL League Two,2022,curve,74,5475,1.3515981735159817
England EFL League Two,2022,defensive_awareness,185,5475,3.3789954337899544
England EFL League Two,2022,dribbling,246,5475,4.493150684931507
England EFL League Two,2022,finishing,151,5475,2.7579908675799087
England EFL League Two,2022,fk_accuracy,35,5475,0.639269406392694
England EFL League Two,2022,gk_diving,32,5475,0.5844748858447488
England EFL League Two,2022,gk_handling,31,5475,0.5662100456621004
England EFL League Two,2022,gk_kicking,31,5475,0.5662100456621004
England EFL League Two,2022,gk_positioning,23,5475,0.4200913242009132
England EFL League Two,2022,gk_reflexes,29,5475,0.5296803652968036
England EFL League Two,2022,heading_accuracy,134,5475,2.4474885844748857
England EFL League Two,2022,interceptions,162,5475,2.958904109589041
England EFL League Two,2022,jumping,174,5475,3.1780821917808217
England EFL League Two,2022,long_passing,168,5475,3.0684931506849313
England EFL League Two,2022,long_shots,124,5475,2.2648401826484017
England EFL League Two,2022,penalties,42,5475,0.7671232876712328
England EFL League Two,2022,positioning,171,5475,3.1232876712328768
England EFL League Two,2022,reactions,212,5475,3.872146118721461
England EFL League Two,2022,short_passing,250,5475,4.566210045662101
England EFL League Two,2022,shot_power,125,5475,2.2831050228310503
England EFL League Two,2022,sliding_tackle,161,5475,2.9406392694063928
England EFL League Two,2022,sprint_speed,218,5475,3.9817351598173514
England EFL League Two,2022,stamina,234,5475,4.273972602739726
England EFL League Two,2022,standing_tackle,174,5475,3.1780821917808217
England EFL League Two,2022,strength,213,5475,3.8904109589041096
England EFL League Two,2022,vision,164,5475,2.9954337899543377
England EFL League Two,2022,volleys,42,5475,0.7671232876712328
England EFL League Two,2023,acceleration,22,6718,0.3274784161952962
England EFL League Two,2023,aggression,7,6718,0.10419767788032153
England EFL League Two,2023,agility,17,6718,0.25305150342363797
England EFL League Two,2023,balance,11,6718,0.1637392080976481
England EFL League Two,2023,ball_control,7,6718,0.10419767788032153
England EFL League Two,2023,composure,12,6718,0.17862459065197975
England EFL League Two,2023,crossing,13,6718,0.19350997320631141
England EFL League Two,2023,curve,6,6718,0.08931229532598987
England EFL League Two,2023,defensive_awareness,11,6718,0.1637392080976481
England EFL League Two,2023,dribbling,18,6718,0.2679368859779696
England EFL League Two,2023,finishing,8,6718,0.11908306043465317
England EFL League Two,2023,fk_accuracy,6,6718,0.08931229532598987
England EFL League Two,2023,gk_diving,1,6718,0.014885382554331646
England EFL League Two,2023,gk_handling,7,6718,0.10419767788032153
England EFL League Two,2023,gk_kicking,1,6718,0.014885382554331646
England EFL League Two,2023,gk_positioning,2,6718,0.02977076510866329
England EFL League Two,2023,gk_reflexes,2,6718,0.02977076510866329
England EFL League Two,2023,heading_accuracy,5,6718,0.07442691277165824
England EFL League Two,2023,interceptions,6,6718,0.08931229532598987
England EFL League Two,2023,jumping,30,6718,0.4465614766299494
England EFL League Two,2023,long_passing,10,6718,0.14885382554331647
England EFL League Two,2023,long_shots,8,6718,0.11908306043465317
England EFL League Two,2023,penalties,2,6718,0.02977076510866329
England EFL League Two,2023,positioning,19,6718,0.2828222685323013
England EFL League Two,2023,reactions,17,6718,0.25305150342363797
England EFL League Two,2023,short_passing,28,6718,0.4167907115212861
England EFL League Two,2023,shot_power,7,6718,0.10419767788032153
England EFL League Two,2023,sliding_tackle,6,6718,0.08931229532598987
England EFL League Two,2023,sprint_speed,18,6718,0.2679368859779696
England EFL League Two,2023,stamina,10,6718,0.14885382554331647
England EFL League Two,2023,standing_tackle,10,6718,0.14885382554331647
England EFL League Two,2023,strength,11,6718,0.1637392080976481
England EFL League Two,2023,vision,1,6718,0.014885382554331646
England EFL League Two,2023,volleys,1,6718,0.014885382554331646
England EFL League Two,2024,acceleration,33,6242,0.5286767061839154
England EFL League Two,2024,aggression,44,6242,0.7049022749118872
England EFL League Two,2024,agility,26,6242,0.41653316244793337
England EFL League Two,2024,balance,14,6242,0.2242870874719641
England EFL League Two,2024,ball_control,50,6242,0.8010253123998718
England EFL League Two,2024,composure,34,6242,0.5446972124319128
England EFL League Two,2024,crossing,36,6242,0.5767382249279077
England EFL League Two,2024,curve,22,6242,0.3524511374559436
England EFL League Two,2024,defensive_awareness,39,6242,0.6247997436719
England EFL League Two,2024,dribbling,54,6242,0.8651073373918616
England EFL League Two,2024,finishing,45,6242,0.7209227811598846
England EFL League Two,2024,fk_accuracy,10,6242,0.16020506247997437
England EFL League Two,2024,gk_diving,2,6242,0.03204101249599487
England EFL League Two,2024,gk_handling,5,6242,0.08010253123998719
England EFL League Two,2024,gk_kicking,1,6242,0.016020506247997435
England EFL League Two,2024,gk_positioning,3,6242,0.04806151874399231
England EFL League Two,2024,gk_reflexes,4,6242,0.06408202499198974
England EFL League Two,2024,heading_accuracy,34,6242,0.5446972124319128
England EFL League Two,2024,interceptions,61,6242,0.9772508811278436
England EFL League Two,2024,jumping,74,6242,1.1855174623518103
England EFL League Two,2024,long_passing,46,6242,0.7369432874078821
England EFL League Two,2024,long_shots,24,6242,0.3844921499519385
England EFL League Two,2024,penalties,6,6242,0.09612303748798462
England EFL League Two,2024,positioning,46,6242,0.7369432874078821
England EFL League Two,2024,reactions,67,6242,1.0733739186158282
England EFL League Two,2024,short_passing,55,6242,0.881127843639859
England EFL League Two,2024,shot_power,26,6242,0.41653316244793337
England EFL League Two,2024,sliding_tackle,38,6242,0.6087792374239026
England EFL League Two,2024,sprint_speed,26,6242,0.41653316244793337
England EFL League Two,2024,stamina,55,6242,0.881127843639859
England EFL League Two,2024,standing_tackle,55,6242,0.881127843639859
England EFL League Two,2024,strength,33,6242,0.5286767061839154
England EFL League Two,2024,vision,40,6242,0.6408202499198975
England EFL League Two,2024,volleys,5,6242,0.08010253123998719
England Premier League,2021,acceleration,17,4088,0.4158512720156556
England Premier League,2021,aggression,22,4088,0.538160469667319
England Premier League,2021,agility,14,4088,0.3424657534246575
England Premier League,2021,balance,1,4088,0.02446183953033268
England Premier League,2021,ball_control,30,4088,0.7338551859099804
England Premier League,2021,composure,41,4088,1.0029354207436398
England Premier League,2021,crossing,19,4088,0.46477495107632094
England Premier League,2021,curve,9,4088,0.22015655577299412
England Premier League,2021,defensive_awareness,30,4088,0.7338551859099804
England Premier League,2021,dribbling,34,4088,0.8317025440313112
England Premier League,2021,finishing,24,4088,0.5870841487279843
England Premier League,2021,fk_accuracy,4,4088,0.09784735812133072
England Premier League,2021,gk_diving,9,4088,0.22015655577299412
England Premier League,2021,gk_handling,7,4088,0.17123287671232876
England Premier League,2021,gk_kicking,8,4088,0.19569471624266144
England Premier League,2021,gk_positioning,10,4088,0.2446183953033268
England Premier League,2021,gk_reflexes,8,4088,0.19569471624266144
England Premier League,2021,heading_accuracy,19,4088,0.46477495107632094
England Premier League,2021,interceptions,20,4088,0.4892367906066536
England Premier League,2021,jumping,5,4088,0.1223091976516634
England Premier League,2021,long_passing,24,4088,0.5870841487279843
England Premier League,2021,long_shots,18,4088,0.44031311154598823
England Premier League,2021,penalties,5,4088,0.1223091976516634
England Premier League,2021,positioning,29,4088,0.7093933463796478
England Premier League,2021,reactions,38,4088,0.9295499021526419
England Premier League,2021,short_passing,32,4088,0.7827788649706457
England Premier League,2021,shot_power,15,4088,0.3669275929549902
England Premier League,2021,sliding_tackle,18,4088,0.44031311154598823
England Premier League,2021,sprint_speed,14,4088,0.3424657534246575
England Premier League,2021,stamina,31,4088,0.7583170254403131
England Premier League,2021,standing_tackle,22,4088,0.538160469667319
England Premier League,2021,strength,15,4088,0.3669275929549902
England Premier League,2021,vision,35,4088,0.8561643835616438
England Premier League,2021,volleys,6,4088,0.14677103718199608
England Premier League,2022,acceleration,444,4465,9.944008958566629
England Premier League,2022,aggression,120,4465,2.687569988801792
England Premier League,2022,agility,322,4465,7.211646136618141
England Premier League,2022,balance,187,4465,4.1881298992161256
England Premier League,2022,ball_control,241,4465,5.397536394176932
England Premier League,2022,composure,197,4465,4.412094064949608
England Premier League,2022,crossing,140,4465,3.135498320268757
England Premier League,2022,curve,103,4465,2.3068309070548714
England Premier League,2022,defensive_awareness,188,4465,4.2105263157894735
England Premier League,2022,dribbling,207,4465,4.636058230683091
England Premier League,2022,finishing,150,4465,3.3594624860022395
England Premier League,2022,fk_accuracy,65,4465,1.4557670772676372
England Premier League,2022,gk_diving,33,4465,0.7390817469204927
England Premier League,2022,gk_handling,32,4465,0.7166853303471444
England Premier League,2022,gk_kicking,38,4465,0.851063829787234
England Premier League,2022,gk_positioning,39,4465,0.8734602463605823
England Premier League,2022,gk_reflexes,32,4465,0.7166853303471444
England Premier League,2022,heading_accuracy,115,4465,2.5755879059350506
England Premier League,2022,interceptions,183,4465,4.098544232922732
England Premier League,2022,jumping,146,4465,3.2698768197088466
England Premier League,2022,long_passing,199,4465,4.456886898096305
England Premier League,2022,long_shots,123,4465,2.7547592385218365
England Premier League,2022,penalties,41,4465,0.9182530795072789
England Premier League,2022,positioning,168,4465,3.7625979843225084
England Premier League,2022,reactions,287,4465,6.427771556550952
England Premier League,2022,short_passing,248,4465,5.55431131019037
England Premier League,2022,shot_power,133,4465,2.978723404255319
England Premier League,2022,sliding_tackle,137,4465,3.0683090705487124
England Premier League,2022,sprint_speed,506,4465,11.332586786114222
England Premier League,2022,stamina,549,4465,12.295632698768197
England Premier League,2022,standing_tackle,179,4465,4.00895856662934
England Premier League,2022,strength,220,4465,4.927211646136618
England Premier League,2022,vision,218,4465,4.882418812989922
England Premier League,2022,volleys,76,4465,1.702127659574468
England Premier League,2023,acceleration,48,4530,1.0596026490066226
England Premier League,2023,aggression,20,4530,0.44150110375275936
England Premier League,2023,agility,29,4530,0.6401766004415012
England Premier League,2023,balance,29,4530,0.6401766004415012
England Premier League,2023,ball_control,46,4530,1.0154525386313467
England Premier League,2023,composure,47,4530,1.0375275938189845
England Premier League,2023,crossing,19,4530,0.4194260485651214
England Premier League,2023,curve,10,4530,0.22075055187637968
England Premier League,2023,defensive_awareness,36,4530,0.7947019867549668
England Premier League,2023,dribbling,44,4530,0.9713024282560706
England Premier League,2023,finishing,34,4530,0.7505518763796909
England Premier League,2023,fk_accuracy,10,4530,0.22075055187637968
England Premier League,2023,gk_diving,8,4530,0.17660044150110377
England Premier League,2023,gk_handling,7,4530,0.1545253863134658
England Premier League,2023,gk_kicking,6,4530,0.13245033112582782
England Premier League,2023,gk_positioning,7,4530,0.1545253863134658
England Premier League,2023,gk_reflexes,7,4530,0.1545253863134658
England Premier League,2023,heading_accuracy,32,4530,0.7064017660044151
England Premier League,2023,interceptions,39,4530,0.8609271523178808
England Premier League,2023,jumping,76,4530,1.6777041942604856
England Premier League,2023,long_passing,36,4530,0.7947019867549668
England Premier League,2023,long_shots,31,4530,0.6843267108167771
England Premier League,2023,penalties,11,4530,0.24282560706401765
England Premier League,2023,positioning,48,4530,1.0596026490066226
England Premier League,2023,reactions,53,4530,1.1699779249448123
England Premier League,2023,short_passing,51,4530,1.1258278145695364
England Premier League,2023,shot_power,23,4530,0.5077262693156733
England Premier League,2023,sliding_tackle,34,4530,0.7505518763796909
England Premier League,2023,sprint_speed,54,4530,1.1920529801324504
England Premier League,2023,stamina,58,4530,1.2803532008830023
England Premier League,2023,standing_tackle,36,4530,0.7947019867549668
England Premier League,2023,strength,34,4530,0.7505518763796909
England Premier League,2023,vision,46,4530,1.0154525386313467
England Premier League,2023,volleys,17,4530,0.37527593818984545
England Premier League,2024,acceleration,49,4053,1.2089810017271156
England Premier League,2024,aggression,41,4053,1.0115963483839132
England Premier League,2024,agility,30,4053,0.7401924500370096
England Premier League,2024,balance,28,4053,0.690846286701209
England Premier League,2024,ball_control,50,4053,1.233654083395016
England Premier League,2024,composure,45,4053,1.1102886750555145
England Premier League,2024,crossing,41,4053,1.0115963483839132
England Premier League,2024,curve,31,4053,0.7648655317049099
England Premier League,2024,defensive_awareness,55,4053,1.3570194917345177
England Premier League,2024,dribbling,43,4053,1.0609425117197138
England Premier League,2024,finishing,53,4053,1.307673328398717
England Premier League,2024,fk_accuracy,19,4053,0.4687885516901061
England Premier League,2024,gk_diving,9,4053,0.22205773501110287
England Premier League,2024,gk_handling,6,4053,0.14803849000740193
England Premier League,2024,gk_kicking,7,4053,0.17271157167530224
England Premier League,2024,gk_positioning,8,4053,0.19738465334320257
England Premier League,2024,gk_reflexes,7,4053,0.17271157167530224
England Premier League,2024,heading_accuracy,38,4053,0.9375771033802122
England Premier League,2024,interceptions,51,4053,1.2583271650629164
England Premier League,2024,jumping,74,4053,1.8258080434246238
England Premier League,2024,long_passing,36,4053,0.8882309400444115
England Premier League,2024,long_shots,27,4053,0.6661732050333087
England Premier League,2024,penalties,14,4053,0.3454231433506045
England Premier League,2024,positioning,58,4053,1.4310387367382187
England Premier League,2024,reactions,75,4053,1.8504811250925242
England Premier League,2024,short_passing,52,4053,1.2830002467308166
England Premier League,2024,shot_power,35,4053,0.8635578583765112
England Premier League,2024,sliding_tackle,36,4053,0.8882309400444115
England Premier League,2024,sprint_speed,52,4053,1.2830002467308166
England Premier League,2024,stamina,52,4053,1.2830002467308166
England Premier League,2024,standing_tackle,51,4053,1.2583271650629164
England Premier League,2024,strength,41,4053,1.0115963483839132
England Premier League,2024,vision,55,4053,1.3570194917345177
England Premier League,2024,volleys,18,4053,0.44411547002220575
France Ligue 1,2021,acceleration,14,3687,0.3797125033902902
France Ligue 1,2021,aggression,15,3687,0.40683482506102525
France Ligue 1,2021,agility,9,3687,0.24410089503661514
France Ligue 1,2021,balance,5,3687,0.13561160835367508
France Ligue 1,2021,ball_control,50,3687,1.3561160835367507
France Ligue 1,2021,composure,32,3687,0.8679142934635204
France Ligue 1,2021,crossing,27,3687,0.7323026851098454
France Ligue 1,2021,curve,10,3687,0.27122321670735017
France Ligue 1,2021,defensive_awareness,32,3687,0.8679142934635204
France Ligue 1,2021,dribbling,41,3687,1.1120151885001357
France Ligue 1,2021,finishing,24,3687,0.6509357200976403
France Ligue 1,2021,fk_accuracy,3,3687,0.08136696501220504
France Ligue 1,2021,gk_diving,5,3687,0.13561160835367508
France Ligue 1,2021,gk_handling,4,3687,0.10848928668294006
France Ligue 1,2021,gk_kicking,4,3687,0.10848928668294006
France Ligue 1,2021,gk_positioning,6,3687,0.16273393002441008
France Ligue 1,2021,gk_reflexes,5,3687,0.13561160835367508
France Ligue 1,2021,heading_accuracy,33,3687,0.8950366151342555
France Ligue 1,2021,interceptions,37,3687,1.0035259018171956
France Ligue 1,2021,jumping,7,3687,0.1898562516951451
France Ligue 1,2021,long_passing,35,3687,0.9492812584757255
France Ligue 1,2021,long_shots,11,3687,0.29834553837808514
France Ligue 1,2021,penalties,9,3687,0.24410089503661514
France Ligue 1,2021,positioning,30,3687,0.8136696501220505
France Ligue 1,2021,reactions,36,3687,0.9764035801464606
France Ligue 1,2021,short_passing,42,3687,1.1391375101708707
France Ligue 1,2021,shot_power,10,3687,0.27122321670735017
France Ligue 1,2021,sliding_tackle,28,3687,0.7594250067805804
France Ligue 1,2021,sprint_speed,18,3687,0.4882017900732303
France Ligue 1,2021,stamina,33,3687,0.8950366151342555
France Ligue 1,2021,standing_tackle,37,3687,1.0035259018171956
France Ligue 1,2021,strength,20,3687,0.5424464334147003
France Ligue 1,2021,vision,20,3687,0.5424464334147003
France Ligue 1,2021,volleys,10,3687,0.27122321670735017
France Ligue 1,2022,acceleration,479,3930,12.188295165394402
France Ligue 1,2022,aggression,96,3930,2.4427480916030535
France Ligue 1,2022,agility,444,3930,11.297709923664122
France Ligue 1,2022,balance,397,3930,10.101781170483461
France Ligue 1,2022,ball_control,206,3930,5.241730279898219
France Ligue 1,2022,composure,118,3930,3.0025445292620865
France Ligue 1,2022,crossing,126,3930,3.2061068702290076
France Ligue 1,2022,curve,67,3930,1.7048346055979644
France Ligue 1,2022,defensive_awareness,136,3930,3.460559796437659
France Ligue 1,2022,dribbling,186,3930,4.732824427480916
France Ligue 1,2022,finishing,115,3930,2.926208651399491
France Ligue 1,2022,fk_accuracy,22,3930,0.5597964376590331
France Ligue 1,2022,gk_diving,28,3930,0.712468193384224
France Ligue 1,2022,gk_handling,24,3930,0.6106870229007634
France Ligue 1,2022,gk_kicking,20,3930,0.5089058524173028
France Ligue 1,2022,gk_positioning,23,3930,0.5852417302798982
France Ligue 1,2022,gk_reflexes,29,3930,0.7379134860050891
France Ligue 1,2022,heading_accuracy,96,3930,2.4427480916030535
France Ligue 1,2022,interceptions,114,3930,2.900763358778626
France Ligue 1,2022,jumping,334,3930,8.498727735368957
France Ligue 1,2022,long_passing,146,3930,3.7150127226463106
France Ligue 1,2022,long_shots,89,3930,2.2646310432569976
France Ligue 1,2022,penalties,30,3930,0.7633587786259542
France Ligue 1,2022,positioning,128,3930,3.2569974554707377
France Ligue 1,2022,reactions,183,3930,4.656488549618321
France Ligue 1,2022,short_passing,190,3930,4.8346055979643765
France Ligue 1,2022,shot_power,102,3930,2.595419847328244
France Ligue 1,2022,sliding_tackle,136,3930,3.460559796437659
France Ligue 1,2022,sprint_speed,479,3930,12.188295165394402
France Ligue 1,2022,stamina,472,3930,12.010178117048346
France Ligue 1,2022,standing_tackle,138,3930,3.5114503816793894
France Ligue 1,2022,strength,336,3930,8.549618320610687
France Ligue 1,2022,vision,135,3930,3.435114503816794
France Ligue 1,2022,volleys,54,3930,1.3740458015267176
France Ligue 1,2023,acceleration,43,3955,1.0872313527180784
France Ligue 1,2023,aggression,10,3955,0.2528445006321112
France Ligue 1,2023,agility,36,3955,0.9102402022756005
France Ligue 1,2023,balance,24,3955,0.606826801517067
France Ligue 1,2023,ball_control,28,3955,0.7079646017699115
France Ligue 1,2023,composure,21,3955,0.5309734513274337
France Ligue 1,2023,crossing,22,3955,0.5562579013906448
France Ligue 1,2023,curve,12,3955,0.3034134007585335
France Ligue 1,2023,defensive_awareness,21,3955,0.5309734513274337
France Ligue 1,2023,dribbling,40,3955,1.011378002528445
France Ligue 1,2023,finishing,21,3955,0.5309734513274337
France Ligue 1,2023,fk_accuracy,4,3955,0.1011378002528445
France Ligue 1,2023,gk_diving,1,3955,0.025284450063211124
France Ligue 1,2023,gk_handling,2,3955,0.05056890012642225
France Ligue 1,2023,gk_kicking,2,3955,0.05056890012642225
France Ligue 1,2023,gk_positioning,2,3955,0.05056890012642225
France Ligue 1,2023,gk_reflexes,2,3955,0.05056890012642225
France Ligue 1,2023,heading_accuracy,6,3955,0.15170670037926676
France Ligue 1,2023,interceptions,15,3955,0.37926675094816686
France Ligue 1,2023,jumping,37,3955,0.9355246523388117
France Ligue 1,2023,long_passing,37,3955,0.9355246523388117
France Ligue 1,2023,long_shots,16,3955,0.404551201011378
France Ligue 1,2023,penalties,2,3955,0.05056890012642225
France Ligue 1,2023,positioning,20,3955,0.5056890012642224
France Ligue 1,2023,reactions,28,3955,0.7079646017699115
France Ligue 1,2023,short_passing,31,3955,0.7838179519595448
France Ligue 1,2023,shot_power,18,3955,0.45512010113780027
France Ligue 1,2023,sliding_tackle,26,3955,0.6573957016434893
France Ligue 1,2023,sprint_speed,41,3955,1.0366624525916561
France Ligue 1,2023,stamina,48,3955,1.213653603034134
France Ligue 1,2023,standing_tackle,23,3955,0.5815423514538559
France Ligue 1,2023,strength,31,3955,0.7838179519595448
France Ligue 1,2023,vision,22,3955,0.5562579013906448
France Ligue 1,2023,volleys,4,3955,0.1011378002528445
France Ligue 1,2024,acceleration,53,3697,1.433594806599946
France Ligue 1,2024,aggression,16,3697,0.4327833378414931
France Ligue 1,2024,agility,26,3697,0.7032729239924262
France Ligue 1,2024,balance,19,3697,0.513930213686773
France Ligue 1,2024,ball_control,37,3697,1.0008114687584528
France Ligue 1,2024,composure,26,3697,0.7032729239924262
France Ligue 1,2024,crossing,21,3697,0.5680281309169597
France Ligue 1,2024,curve,13,3697,0.3516364619962131
France Ligue 1,2024,defensive_awareness,28,3697,0.7573708412226129
France Ligue 1,2024,dribbling,40,3697,1.0819583446037329
France Ligue 1,2024,finishing,38,3697,1.027860427373546
France Ligue 1,2024,fk_accuracy,7,3697,0.18934271030565322
France Ligue 1,2024,gk_diving,2,3697,0.054097917230186636
France Ligue 1,2024,gk_handling,0,3697,0.0
France Ligue 1,2024,gk_kicking,2,3697,0.054097917230186636
France Ligue 1,2024,gk_positioning,2,3697,0.054097917230186636
France Ligue 1,2024,gk_reflexes,2,3697,0.054097917230186636
France Ligue 1,2024,heading_accuracy,24,3697,0.6491750067622396
France Ligue 1,2024,interceptions,31,3697,0.8385177170678929
France Ligue 1,2024,jumping,61,3697,1.6499864755206926
France Ligue 1,2024,long_passing,38,3697,1.027860427373546
France Ligue 1,2024,long_shots,18,3697,0.48688125507167973
France Ligue 1,2024,penalties,6,3697,0.1622937516905599
France Ligue 1,2024,positioning,35,3697,0.9467135515282662
France Ligue 1,2024,reactions,58,3697,1.5688395996754125
France Ligue 1,2024,short_passing,49,3697,1.3253989721395727
France Ligue 1,2024,shot_power,21,3697,0.5680281309169597
France Ligue 1,2024,sliding_tackle,30,3697,0.8114687584527995
France Ligue 1,2024,sprint_speed,67,3697,1.8122802272112524
France Ligue 1,2024,stamina,58,3697,1.5688395996754125
France Ligue 1,2024,standing_tackle,35,3697,0.9467135515282662
France Ligue 1,2024,strength,35,3697,0.9467135515282662
France Ligue 1,2024,vision,37,3697,1.0008114687584528
France Ligue 1,2024,volleys,7,3697,0.18934271030565322
France Ligue 2,2021,acceleration,6,3520,0.17045454545454544
France Ligue 2,2021,aggression,4,3520,0.11363636363636363
France Ligue 2,2021,agility,3,3520,0.08522727272727272
France Ligue 2,2021,balance,1,3520,0.028409090909090908
France Ligue 2,2021,ball_control,14,3520,0.3977272727272727
France Ligue 2,2021,composure,11,3520,0.3125
France Ligue 2,2021,crossing,9,3520,0.2556818181818182
France Ligue 2,2021,curve,3,3520,0.08522727272727272
France Ligue 2,2021,defensive_awareness,10,3520,0.2840909090909091
France Ligue 2,2021,dribbling,11,3520,0.3125
France Ligue 2,2021,finishing,9,3520,0.2556818181818182
France Ligue 2,2021,fk_accuracy,1,3520,0.028409090909090908
France Ligue 2,2021,gk_diving,2,3520,0.056818181818181816
France Ligue 2,2021,gk_handling,1,3520,0.028409090909090908
France Ligue 2,2021,gk_kicking,2,3520,0.056818181818181816
France Ligue 2,2021,gk_positioning,1,3520,0.028409090909090908
France Ligue 2,2021,gk_reflexes,3,3520,0.08522727272727272
France Ligue 2,2021,heading_accuracy,4,3520,0.11363636363636363
France Ligue 2,2021,interceptions,7,3520,0.19886363636363635
France Ligue 2,2021,jumping,1,3520,0.028409090909090908
France Ligue 2,2021,long_passing,12,3520,0.3409090909090909
France Ligue 2,2021,long_shots,4,3520,0.11363636363636363
France Ligue 2,2021,penalties,2,3520,0.056818181818181816
France Ligue 2,2021,positioning,9,3520,0.2556818181818182
France Ligue 2,2021,reactions,11,3520,0.3125
France Ligue 2,2021,short_passing,11,3520,0.3125
France Ligue 2,2021,shot_power,7,3520,0.19886363636363635
France Ligue 2,2021,sliding_tackle,8,3520,0.22727272727272727
France Ligue 2,2021,sprint_speed,8,3520,0.22727272727272727
France Ligue 2,2021,stamina,8,3520,0.22727272727272727
France Ligue 2,2021,standing_tackle,7,3520,0.19886363636363635
France Ligue 2,2021,strength,3,3520,0.08522727272727272
France Ligue 2,2021,vision,9,3520,0.2556818181818182
France Ligue 2,2021,volleys,4,3520,0.11363636363636363
France Ligue 2,2022,acceleration,345,4442,7.766771724448446
France Ligue 2,2022,aggression,69,4442,1.5533543448896894
France Ligue 2,2022,agility,382,4442,8.59972985141828
France Ligue 2,2022,balance,350,4442,7.879333633498424
France Ligue 2,2022,ball_control,213,4442,4.795137325529041
France Ligue 2,2022,composure,70,4442,1.5758667266996849
France Ligue 2,2022,crossing,113,4442,2.543899144529491
France Ligue 2,2022,curve,52,4442,1.170643854119766
France Ligue 2,2022,defensive_awareness,118,4442,2.6564610535794686
France Ligue 2,2022,dribbling,164,4442,3.692030616839262
France Ligue 2,2022,finishing,104,4442,2.341287708239532
France Ligue 2,2022,fk_accuracy,33,4442,0.7429085997298515
France Ligue 2,2022,gk_diving,21,4442,0.47276001800990547
France Ligue 2,2022,gk_handling,15,4442,0.33768572714993245
France Ligue 2,2022,gk_kicking,11,4442,0.24763619990995048
France Ligue 2,2022,gk_positioning,22,4442,0.49527239981990095
France Ligue 2,2022,gk_reflexes,18,4442,0.40522287257991896
France Ligue 2,2022,heading_accuracy,128,4442,2.881584871679424
France Ligue 2,2022,interceptions,91,4442,2.04862674470959
France Ligue 2,2022,jumping,339,4442,7.6316974335884735
France Ligue 2,2022,long_passing,132,4442,2.971634398919406
France Ligue 2,2022,long_shots,68,4442,1.530841963079694
France Ligue 2,2022,penalties,26,4442,0.585321927059883
France Ligue 2,2022,positioning,84,4442,1.8910400720396219
France Ligue 2,2022,reactions,95,4442,2.1386762719495724
France Ligue 2,2022,short_passing,167,4442,3.7595677622692483
France Ligue 2,2022,shot_power,69,4442,1.5533543448896894
France Ligue 2,2022,sliding_tackle,140,4442,3.1517334533993697
France Ligue 2,2022,sprint_speed,369,4442,8.307068887888338
France Ligue 2,2022,stamina,420,4442,9.45520036019811
France Ligue 2,2022,standing_tackle,143,4442,3.219270598829356
France Ligue 2,2022,strength,400,4442,9.0049527239982
France Ligue 2,2022,vision,58,4442,1.3057181449797388
France Ligue 2,2022,volleys,40,4442,0.9004952723998199
France Ligue 2,2023,acceleration,39,5314,0.7339104252916824
France Ligue 2,2023,aggression,9,5314,0.16936394429808055
France Ligue 2,2023,agility,34,5314,0.6398193451260821
France Ligue 2,2023,balance,33,5314,0.621001129092962
France Ligue 2,2023,ball_control,33,5314,0.621001129092962
France Ligue 2,2023,composure,18,5314,0.3387278885961611
France Ligue 2,2023,crossing,16,5314,0.301091456529921
France Ligue 2,2023,curve,3,5314,0.05645464809936018
France Ligue 2,2023,defensive_awareness,16,5314,0.301091456529921
France Ligue 2,2023,dribbling,24,5314,0.45163718479488146
France Ligue 2,2023,finishing,16,5314,0.301091456529921
France Ligue 2,2023,fk_accuracy,0,5314,0.0
France Ligue 2,2023,gk_diving,7,5314,0.13172751223184043
France Ligue 2,2023,gk_handling,1,5314,0.01881821603312006
France Ligue 2,2023,gk_kicking,1,5314,0.01881821603312006
France Ligue 2,2023,gk_positioning,7,5314,0.13172751223184043
France Ligue 2,2023,gk_reflexes,1,5314,0.01881821603312006
France Ligue 2,2023,heading_accuracy,24,5314,0.45163718479488146
France Ligue 2,2023,interceptions,3,5314,0.05645464809936018
France Ligue 2,2023,jumping,32,5314,0.602182913059842
France Ligue 2,2023,long_passing,12,5314,0.22581859239744073
France Ligue 2,2023,long_shots,5,5314,0.0940910801656003
France Ligue 2,2023,penalties,3,5314,0.05645464809936018
France Ligue 2,2023,positioning,15,5314,0.2822732404968009
France Ligue 2,2023,reactions,16,5314,0.301091456529921
France Ligue 2,2023,short_passing,18,5314,0.3387278885961611
France Ligue 2,2023,shot_power,6,5314,0.11290929619872037
France Ligue 2,2023,sliding_tackle,28,5314,0.5269100489273617
France Ligue 2,2023,sprint_speed,32,5314,0.602182913059842
France Ligue 2,2023,stamina,44,5314,0.8280015054572827
France Ligue 2,2023,standing_tackle,28,5314,0.5269100489273617
France Ligue 2,2023,strength,43,5314,0.8091832894241626
France Ligue 2,2023,vision,11,5314,0.20700037636432067
France Ligue 2,2023,volleys,1,5314,0.01881821603312006
France Ligue 2,2024,acceleration,22,4731,0.4650179666032551
France Ligue 2,2024,aggression,7,4731,0.14796026210103572
France Ligue 2,2024,agility,17,4731,0.3593320651025153
France Ligue 2,2024,balance,17,4731,0.3593320651025153
France Ligue 2,2024,ball_control,40,4731,0.8454872120059184
France Ligue 2,2024,composure,11,4731,0.23250898330162756
France Ligue 2,2024,crossing,17,4731,0.3593320651025153
France Ligue 2,2024,curve,0,4731,0.0
France Ligue 2,2024,defensive_awareness,12,4731,0.2536461636017755
France Ligue 2,2024,dribbling,27,4731,0.570703868103995
France Ligue 2,2024,finishing,16,4731,0.33819488480236737
France Ligue 2,2024,fk_accuracy,6,4731,0.12682308180088775
France Ligue 2,2024,gk_diving,7,4731,0.14796026210103572
France Ligue 2,2024,gk_handling,4,4731,0.08454872120059184
France Ligue 2,2024,gk_kicking,4,4731,0.08454872120059184
France Ligue 2,2024,gk_positioning,5,4731,0.1056859015007398
France Ligue 2,2024,gk_reflexes,1,4731,0.02113718030014796
France Ligue 2,2024,heading_accuracy,19,4731,0.40160642570281124
France Ligue 2,2024,interceptions,4,4731,0.08454872120059184
France Ligue 2,2024,jumping,22,4731,0.4650179666032551
France Ligue 2,2024,long_passing,7,4731,0.14796026210103572
France Ligue 2,2024,long_shots,3,4731,0.06341154090044387
France Ligue 2,2024,penalties,6,4731,0.12682308180088775
France Ligue 2,2024,positioning,9,4731,0.19023462270133165
France Ligue 2,2024,reactions,10,4731,0.2113718030014796
France Ligue 2,2024,short_passing,12,4731,0.2536461636017755
France Ligue 2,2024,shot_power,9,4731,0.19023462270133165
France Ligue 2,2024,sliding_tackle,22,4731,0.4650179666032551
France Ligue 2,2024,sprint_speed,17,4731,0.3593320651025153
France Ligue 2,2024,stamina,26,4731,0.549566687803847
France Ligue 2,2024,standing_tackle,25,4731,0.528429507503699
France Ligue 2,2024,strength,26,4731,0.549566687803847
France Ligue 2,2024,vision,7,4731,0.14796026210103572
France Ligue 2,2024,volleys,1,4731,0.02113718030014796
Germany 2. Bundesliga,2021,acceleration,5,3228,0.15489467162329615
Germany 2. Bundesliga,2021,aggression,12,3228,0.37174721189591076
Germany 2. Bundesliga,2021,agility,4,3228,0.12391573729863693
Germany 2. Bundesliga,2021,balance,3,3228,0.09293680297397769
Germany 2. Bundesliga,2021,ball_control,17,3228,0.5266418835192069
Germany 2. Bundesliga,2021,composure,9,3228,0.2788104089219331
Germany 2. Bundesliga,2021,crossing,7,3228,0.21685254027261464
Germany 2. Bundesliga,2021,curve,5,3228,0.15489467162329615
Germany 2. Bundesliga,2021,defensive_awareness,15,3228,0.4646840148698885
Germany 2. Bundesliga,2021,dribbling,14,3228,0.43370508054522927
Germany 2. Bundesliga,2021,finishing,8,3228,0.24783147459727387
Germany 2. Bundesliga,2021,fk_accuracy,4,3228,0.12391573729863693
Germany 2. Bundesliga,2021,gk_diving,4,3228,0.12391573729863693
Germany 2. Bundesliga,2021,gk_handling,5,3228,0.15489467162329615
Germany 2. Bundesliga,2021,gk_kicking,4,3228,0.12391573729863693
Germany 2. Bundesliga,2021,gk_positioning,5,3228,0.15489467162329615
Germany 2. Bundesliga,2021,gk_reflexes,4,3228,0.12391573729863693
Germany 2. Bundesliga,2021,heading_accuracy,10,3228,0.3097893432465923
Germany 2. Bundesliga,2021,interceptions,10,3228,0.3097893432465923
Germany 2. Bundesliga,2021,jumping,2,3228,0.061957868649318466
Germany 2. Bundesliga,2021,long_passing,10,3228,0.3097893432465923
Germany 2. Bundesliga,2021,long_shots,11,3228,0.34076827757125155
Germany 2. Bundesliga,2021,penalties,11,3228,0.34076827757125155
Germany 2. Bundesliga,2021,positioning,11,3228,0.34076827757125155
Germany 2. Bundesliga,2021,reactions,19,3228,0.5885997521685254
Germany 2. Bundesliga,2021,short_passing,20,3228,0.6195786864931846
Germany 2. Bundesliga,2021,shot_power,10,3228,0.3097893432465923
Germany 2. Bundesliga,2021,sliding_tackle,11,3228,0.34076827757125155
Germany 2. Bundesliga,2021,sprint_speed,5,3228,0.15489467162329615
Germany 2. Bundesliga,2021,stamina,15,3228,0.4646840148698885
Germany 2. Bundesliga,2021,standing_tackle,13,3228,0.40272614622057
Germany 2. Bundesliga,2021,strength,3,3228,0.09293680297397769
Germany 2. Bundesliga,2021,vision,12,3228,0.37174721189591076
Germany 2. Bundesliga,2021,volleys,6,3228,0.18587360594795538
Germany 2. Bundesliga,2022,acceleration,138,3781,3.6498280878074585
Germany 2. Bundesliga,2022,aggression,111,3781,2.9357312880190425
Germany 2. Bundesliga,2022,agility,132,3781,3.4911399100766993
Germany 2. Bundesliga,2022,balance,73,3781,1.9307061623909019
Germany 2. Bundesliga,2022,ball_control,211,3781,5.58053425019836
Germany 2. Bundesliga,2022,composure,118,3781,3.120867495371595
Germany 2. Bundesliga,2022,crossing,135,3781,3.5704839989420787
Germany 2. Bundesliga,2022,curve,64,3781,1.6926738957947634
Germany 2. Bundesliga,2022,defensive_awareness,155,3781,4.099444591377942
Germany 2. Bundesliga,2022,dribbling,186,3781,4.919333509653531
Germany 2. Bundesliga,2022,finishing,139,3781,3.6762761174292513
Germany 2. Bundesliga,2022,fk_accuracy,58,3781,1.5339857180640042
Germany 2. Bundesliga,2022,gk_diving,29,3781,0.7669928590320021
Germany 2. Bundesliga,2022,gk_handling,26,3781,0.6876487701666226
Germany 2. Bundesliga,2022,gk_kicking,20,3781,0.5289605924358636
Germany 2. Bundesliga,2022,gk_positioning,25,3781,0.6612007405448294
Germany 2. Bundesliga,2022,gk_reflexes,32,3781,0.8463369478973817
Germany 2. Bundesliga,2022,heading_accuracy,105,3781,2.7770431102882833
Germany 2. Bundesliga,2022,interceptions,151,3781,3.9936524728907696
Germany 2. Bundesliga,2022,jumping,113,3781,2.988627347262629
Germany 2. Bundesliga,2022,long_passing,145,3781,3.8349642951600105
Germany 2. Bundesliga,2022,long_shots,99,3781,2.6183549325575246
Germany 2. Bundesliga,2022,penalties,40,3781,1.0579211848717271
Germany 2. Bundesliga,2022,positioning,144,3781,3.808516265538217
Germany 2. Bundesliga,2022,reactions,211,3781,5.58053425019836
Germany 2. Bundesliga,2022,short_passing,202,3781,5.342501983602221
Germany 2. Bundesliga,2022,shot_power,100,3781,2.6448029621793174
Germany 2. Bundesliga,2022,sliding_tackle,133,3781,3.5175879396984926
Germany 2. Bundesliga,2022,sprint_speed,318,3781,8.41047341973023
Germany 2. Bundesliga,2022,stamina,178,3781,4.707749272679186
Germany 2. Bundesliga,2022,standing_tackle,156,3781,4.1258926209997355
Germany 2. Bundesliga,2022,strength,156,3781,4.1258926209997355
Germany 2. Bundesliga,2022,vision,129,3781,3.41179582121132
Germany 2. Bundesliga,2022,volleys,52,3781,1.3752975403332452
Germany 2. Bundesliga,2023,acceleration,11,4161,0.26435952895938475
Germany 2. Bundesliga,2023,aggression,3,4161,0.07209805335255948
Germany 2. Bundesliga,2023,agility,11,4161,0.26435952895938475
Germany 2. Bundesliga,2023,balance,12,4161,0.2883922134102379
Germany 2. Bundesliga,2023,ball_control,18,4161,0.43258832011535686
Germany 2. Bundesliga,2023,composure,12,4161,0.2883922134102379
Germany 2. Bundesliga,2023,crossing,9,4161,0.21629416005767843
Germany 2. Bundesliga,2023,curve,7,4161,0.1682287911559721
Germany 2. Bundesliga,2023,defensive_awareness,15,4161,0.3604902667627974
Germany 2. Bundesliga,2023,dribbling,12,4161,0.2883922134102379
Germany 2. Bundesliga,2023,finishing,12,4161,0.2883922134102379
Germany 2. Bundesliga,2023,fk_accuracy,9,4161,0.21629416005767843
Germany 2. Bundesliga,2023,gk_diving,1,4161,0.02403268445085316
Germany 2. Bundesliga,2023,gk_handling,1,4161,0.02403268445085316
Germany 2. Bundesliga,2023,gk_kicking,1,4161,0.02403268445085316
Germany 2. Bundesliga,2023,gk_positioning,2,4161,0.04806536890170632
Germany 2. Bundesliga,2023,gk_reflexes,2,4161,0.04806536890170632
Germany 2. Bundesliga,2023,heading_accuracy,9,4161,0.21629416005767843
Germany 2. Bundesliga,2023,interceptions,8,4161,0.19226147560682527
Germany 2. Bundesliga,2023,jumping,11,4161,0.26435952895938475
Germany 2. Bundesliga,2023,long_passing,7,4161,0.1682287911559721
Germany 2. Bundesliga,2023,long_shots,11,4161,0.26435952895938475
Germany 2. Bundesliga,2023,penalties,4,4161,0.09613073780341264
Germany 2. Bundesliga,2023,positioning,14,4161,0.3364575823119442
Germany 2. Bundesliga,2023,reactions,19,4161,0.45662100456621
Germany 2. Bundesliga,2023,short_passing,11,4161,0.26435952895938475
Germany 2. Bundesliga,2023,shot_power,10,4161,0.2403268445085316
Germany 2. Bundesliga,2023,sliding_tackle,14,4161,0.3364575823119442
Germany 2. Bundesliga,2023,sprint_speed,23,4161,0.5527517423696227
Germany 2. Bundesliga,2023,stamina,11,4161,0.26435952895938475
Germany 2. Bundesliga,2023,standing_tackle,17,4161,0.4085556356645037
Germany 2. Bundesliga,2023,strength,24,4161,0.5767844268204758
Germany 2. Bundesliga,2023,vision,8,4161,0.19226147560682527
Germany 2. Bundesliga,2023,volleys,7,4161,0.1682287911559721
Germany 2. Bundesliga,2024,acceleration,6,4105,0.146163215590743
Germany 2. Bundesliga,2024,aggression,7,4105,0.1705237515225335
Germany 2. Bundesliga,2024,agility,8,4105,0.19488428745432398
Germany 2. Bundesliga,2024,balance,5,4105,0.1218026796589525
Germany 2. Bundesliga,2024,ball_control,24,4105,0.584652862362972
Germany 2. Bundesliga,2024,composure,15,4105,0.3654080389768575
Germany 2. Bundesliga,2024,crossing,16,4105,0.38976857490864797
Germany 2. Bundesliga,2024,curve,13,4105,0.3166869671132765
Germany 2. Bundesliga,2024,defensive_awareness,12,4105,0.292326431181486
Germany 2. Bundesliga,2024,dribbling,19,4105,0.4628501827040195
Germany 2. Bundesliga,2024,finishing,18,4105,0.438489646772229
Germany 2. Bundesliga,2024,fk_accuracy,15,4105,0.3654080389768575
Germany 2. Bundesliga,2024,gk_diving,0,4105,0.0
Germany 2. Bundesliga,2024,gk_handling,1,4105,0.024360535931790498
Germany 2. Bundesliga,2024,gk_kicking,1,4105,0.024360535931790498
Germany 2. Bundesliga,2024,gk_positioning,1,4105,0.024360535931790498
Germany 2. Bundesliga,2024,gk_reflexes,1,4105,0.024360535931790498
Germany 2. Bundesliga,2024,heading_accuracy,9,4105,0.2192448233861145
Germany 2. Bundesliga,2024,interceptions,5,4105,0.1218026796589525
Germany 2. Bundesliga,2024,jumping,13,4105,0.3166869671132765
Germany 2. Bundesliga,2024,long_passing,10,4105,0.243605359317905
Germany 2. Bundesliga,2024,long_shots,11,4105,0.2679658952496955
Germany 2. Bundesliga,2024,penalties,12,4105,0.292326431181486
Germany 2. Bundesliga,2024,positioning,15,4105,0.3654080389768575
Germany 2. Bundesliga,2024,reactions,22,4105,0.535931790499391
Germany 2. Bundesliga,2024,short_passing,17,4105,0.41412911084043846
Germany 2. Bundesliga,2024,shot_power,11,4105,0.2679658952496955
Germany 2. Bundesliga,2024,sliding_tackle,14,4105,0.341047503045067
Germany 2. Bundesliga,2024,sprint_speed,14,4105,0.341047503045067
Germany 2. Bundesliga,2024,stamina,8,4105,0.19488428745432398
Germany 2. Bundesliga,2024,standing_tackle,15,4105,0.3654080389768575
Germany 2. Bundesliga,2024,strength,15,4105,0.3654080389768575
Germany 2. Bundesliga,2024,vision,16,4105,0.38976857490864797
Germany 2. Bundesliga,2024,volleys,8,4105,0.19488428745432398
Germany Bundesliga,2021,acceleration,3,3377,0.08883624518803672
Germany Bundesliga,2021,aggression,9,3377,0.26650873556411014
Germany Bundesliga,2021,agility,3,3377,0.08883624518803672
Germany Bundesliga,2021,balance,2,3377,0.059224163458691144
Germany Bundesliga,2021,ball_control,8,3377,0.23689665383476458
Germany Bundesliga,2021,composure,11,3377,0.3257328990228013
Germany Bundesliga,2021,crossing,11,3377,0.3257328990228013
Germany Bundesliga,2021,curve,9,3377,0.26650873556411014
Germany Bundesliga,2021,defensive_awareness,14,3377,0.414569144210838
Germany Bundesliga,2021,dribbling,14,3377,0.414569144210838
Germany Bundesliga,2021,finishing,10,3377,0.29612081729345574
Germany Bundesliga,2021,fk_accuracy,2,3377,0.059224163458691144
Germany Bundesliga,2021,gk_diving,2,3377,0.059224163458691144
Germany Bundesliga,2021,gk_handling,1,3377,0.029612081729345572
Germany Bundesliga,2021,gk_kicking,2,3377,0.059224163458691144
Germany Bundesliga,2021,gk_positioning,3,3377,0.08883624518803672
Germany Bundesliga,2021,gk_reflexes,0,3377,0.0
Germany Bundesliga,2021,heading_accuracy,12,3377,0.3553449807521469
Germany Bundesliga,2021,interceptions,14,3377,0.414569144210838
Germany Bundesliga,2021,jumping,4,3377,0.11844832691738229
Germany Bundesliga,2021,long_passing,17,3377,0.5034053893988747
Germany Bundesliga,2021,long_shots,8,3377,0.23689665383476458
Germany Bundesliga,2021,penalties,4,3377,0.11844832691738229
Germany Bundesliga,2021,positioning,9,3377,0.26650873556411014
Germany Bundesliga,2021,reactions,15,3377,0.4441812259401836
Germany Bundesliga,2021,short_passing,16,3377,0.47379330766952915
Germany Bundesliga,2021,shot_power,13,3377,0.3849570624814925
Germany Bundesliga,2021,sliding_tackle,9,3377,0.26650873556411014
Germany Bundesliga,2021,sprint_speed,4,3377,0.11844832691738229
Germany Bundesliga,2021,stamina,11,3377,0.3257328990228013
Germany Bundesliga,2021,standing_tackle,14,3377,0.414569144210838
Germany Bundesliga,2021,strength,3,3377,0.08883624518803672
Germany Bundesliga,2021,vision,12,3377,0.3553449807521469
Germany Bundesliga,2021,volleys,6,3377,0.17767249037607344
Germany Bundesliga,2022,acceleration,183,3652,5.0109529025191675
Germany Bundesliga,2022,aggression,102,3652,2.792990142387733
Germany Bundesliga,2022,agility,181,3652,4.95618838992333
Germany Bundesliga,2022,balance,141,3652,3.8608981380065717
Germany Bundesliga,2022,ball_control,187,3652,5.120481927710843
Germany Bundesliga,2022,composure,122,3652,3.340635268346112
Germany Bundesliga,2022,crossing,104,3652,2.8477546549835706
Germany Bundesliga,2022,curve,55,3652,1.5060240963855422
Germany Bundesliga,2022,defensive_awareness,144,3652,3.9430449069003286
Germany Bundesliga,2022,dribbling,169,3652,4.627601314348302
Germany Bundesliga,2022,finishing,152,3652,4.16210295728368
Germany Bundesliga,2022,fk_accuracy,61,3652,1.670317634173056
Germany Bundesliga,2022,gk_diving,23,3652,0.6297918948521358
Germany Bundesliga,2022,gk_handling,29,3652,0.7940854326396495
Germany Bundesliga,2022,gk_kicking,21,3652,0.5750273822562979
Germany Bundesliga,2022,gk_positioning,31,3652,0.8488499452354874
Germany Bundesliga,2022,gk_reflexes,28,3652,0.7667031763417306
Germany Bundesliga,2022,heading_accuracy,114,3652,3.12157721796276
Germany Bundesliga,2022,interceptions,127,3652,3.4775465498357065
Germany Bundesliga,2022,jumping,108,3652,2.9572836801752462
Germany Bundesliga,2022,long_passing,118,3652,3.2311062431544357
Germany Bundesliga,2022,long_shots,101,3652,2.7656078860898137
Germany Bundesliga,2022,penalties,53,3652,1.4512595837897042
Germany Bundesliga,2022,positioning,151,3652,4.134720700985762
Germany Bundesliga,2022,reactions,232,3652,6.352683461117196
Germany Bundesliga,2022,short_passing,193,3652,5.284775465498357
Germany Bundesliga,2022,shot_power,104,3652,2.8477546549835706
Germany Bundesliga,2022,sliding_tackle,117,3652,3.203723986856517
Germany Bundesliga,2022,sprint_speed,355,3652,9.720700985761226
Germany Bundesliga,2022,stamina,184,3652,5.038335158817087
Germany Bundesliga,2022,standing_tackle,141,3652,3.8608981380065717
Germany Bundesliga,2022,strength,191,3652,5.23001095290252
Germany Bundesliga,2022,vision,133,3652,3.64184008762322
Germany Bundesliga,2022,volleys,59,3652,1.6155531215772179
Germany Bundesliga,2023,acceleration,16,3829,0.4178636719770175
Germany Bundesliga,2023,aggression,11,3829,0.28728127448419954
Germany Bundesliga,2023,agility,7,3829,0.18281535648994515
Germany Bundesliga,2023,balance,4,3829,0.10446591799425438
Germany Bundesliga,2023,ball_control,29,3829,0.7573779054583443
Germany Bundesliga,2023,composure,15,3829,0.3917471924784539
Germany Bundesliga,2023,crossing,14,3829,0.3656307129798903
Germany Bundesliga,2023,curve,10,3829,0.26116479498563594
Germany Bundesliga,2023,defensive_awareness,11,3829,0.28728127448419954
Germany Bundesliga,2023,dribbling,28,3829,0.7312614259597806
Germany Bundesliga,2023,finishing,17,3829,0.44398015147558106
Germany Bundesliga,2023,fk_accuracy,5,3829,0.13058239749281797
Germany Bundesliga,2023,gk_diving,3,3829,0.07834943849569079
Germany Bundesliga,2023,gk_handling,2,3829,0.05223295899712719
Germany Bundesliga,2023,gk_kicking,1,3829,0.026116479498563595
Germany Bundesliga,2023,gk_positioning,1,3829,0.026116479498563595
Germany Bundesliga,2023,gk_reflexes,3,3829,0.07834943849569079
Germany Bundesliga,2023,heading_accuracy,13,3829,0.3395142334813267
Germany Bundesliga,2023,interceptions,10,3829,0.26116479498563594
Germany Bundesliga,2023,jumping,23,3829,0.6006790284669626
Germany Bundesliga,2023,long_passing,22,3829,0.5745625489683991
Germany Bundesliga,2023,long_shots,9,3829,0.23504831548707233
Germany Bundesliga,2023,penalties,4,3829,0.10446591799425438
Germany Bundesliga,2023,positioning,20,3829,0.5223295899712719
Germany Bundesliga,2023,reactions,19,3829,0.4962131104727083
Germany Bundesliga,2023,short_passing,25,3829,0.6529119874640898
Germany Bundesliga,2023,shot_power,19,3829,0.4962131104727083
Germany Bundesliga,2023,sliding_tackle,9,3829,0.23504831548707233
Germany Bundesliga,2023,sprint_speed,13,3829,0.3395142334813267
Germany Bundesliga,2023,stamina,28,3829,0.7312614259597806
Germany Bundesliga,2023,standing_tackle,12,3829,0.31339775398276315
Germany Bundesliga,2023,strength,5,3829,0.13058239749281797
Germany Bundesliga,2023,vision,25,3829,0.6529119874640898
Germany Bundesliga,2023,volleys,7,3829,0.18281535648994515
Germany Bundesliga,2024,acceleration,8,3621,0.22093344380005522
Germany Bundesliga,2024,aggression,15,3621,0.4142502071251036
Germany Bundesliga,2024,agility,14,3621,0.38663352665009665
Germany Bundesliga,2024,balance,7,3621,0.19331676332504832
Germany Bundesliga,2024,ball_control,28,3621,0.7732670533001933
Germany Bundesliga,2024,composure,21,3621,0.579950289975145
Germany Bundesliga,2024,crossing,17,3621,0.4694835680751174
Germany Bundesliga,2024,curve,8,3621,0.22093344380005522
Germany Bundesliga,2024,defensive_awareness,18,3621,0.4971002485501243
Germany Bundesliga,2024,dribbling,25,3621,0.6904170118751726
Germany Bundesliga,2024,finishing,19,3621,0.5247169290251312
Germany Bundesliga,2024,fk_accuracy,8,3621,0.22093344380005522
Germany Bundesliga,2024,gk_diving,1,3621,0.027616680475006903
Germany Bundesliga,2024,gk_handling,2,3621,0.055233360950013806
Germany Bundesliga,2024,gk_kicking,1,3621,0.027616680475006903
Germany Bundesliga,2024,gk_positioning,0,3621,0.0
Germany Bundesliga,2024,gk_reflexes,1,3621,0.027616680475006903
Germany Bundesliga,2024,heading_accuracy,21,3621,0.579950289975145
Germany Bundesliga,2024,interceptions,19,3621,0.5247169290251312
Germany Bundesliga,2024,jumping,31,3621,0.856117094725214
Germany Bundesliga,2024,long_passing,20,3621,0.5523336095001381
Germany Bundesliga,2024,long_shots,14,3621,0.38663352665009665
Germany Bundesliga,2024,penalties,11,3621,0.3037834852250759
Germany Bundesliga,2024,positioning,25,3621,0.6904170118751726
Germany Bundesliga,2024,reactions,26,3621,0.7180336923501796
Germany Bundesliga,2024,short_passing,20,3621,0.5523336095001381
Germany Bundesliga,2024,shot_power,17,3621,0.4694835680751174
Germany Bundesliga,2024,sliding_tackle,15,3621,0.4142502071251036
Germany Bundesliga,2024,sprint_speed,14,3621,0.38663352665009665
Germany Bundesliga,2024,stamina,11,3621,0.3037834852250759
Germany Bundesliga,2024,standing_tackle,19,3621,0.5247169290251312
Germany Bundesliga,2024,strength,15,3621,0.4142502071251036
Germany Bundesliga,2024,vision,21,3621,0.579950289975145
Germany Bundesliga,2024,volleys,10,3621,0.27616680475006905
India Indian Super League,2021,acceleration,1,1506,0.06640106241699867
India Indian Super League,2021,aggression,0,1506,0.0
India Indian Super League,2021,agility,1,1506,0.06640106241699867
India Indian Super League,2021,balance,0,1506,0.0
India Indian Super League,2021,ball_control,1,1506,0.06640106241699867
India Indian Super League,2021,composure,0,1506,0.0
India Indian Super League,2021,crossing,0,1506,0.0
India Indian Super League,2021,curve,0,1506,0.0
India Indian Super League,2021,defensive_awareness,2,1506,0.13280212483399734
India Indian Super League,2021,dribbling,2,1506,0.13280212483399734
India Indian Super League,2021,finishing,0,1506,0.0
India Indian Super League,2021,fk_accuracy,0,1506,0.0
India Indian Super League,2021,gk_diving,0,1506,0.0
India Indian Super League,2021,gk_handling,0,1506,0.0
India Indian Super League,2021,gk_kicking,0,1506,0.0
India Indian Super League,2021,gk_positioning,0,1506,0.0
India Indian Super League,2021,gk_reflexes,0,1506,0.0
India Indian Super League,2021,heading_accuracy,1,1506,0.06640106241699867
India Indian Super League,2021,interceptions,1,1506,0.06640106241699867
India Indian Super League,2021,jumping,0,1506,0.0
India Indian Super League,2021,long_passing,0,1506,0.0
India Indian Super League,2021,long_shots,3,1506,0.199203187250996
India Indian Super League,2021,penalties,1,1506,0.06640106241699867
India Indian Super League,2021,positioning,3,1506,0.199203187250996
India Indian Super League,2021,reactions,3,1506,0.199203187250996
India Indian Super League,2021,short_passing,0,1506,0.0
India Indian Super League,2021,shot_power,1,1506,0.06640106241699867
India Indian Super League,2021,sliding_tackle,0,1506,0.0
India Indian Super League,2021,sprint_speed,1,1506,0.06640106241699867
India Indian Super League,2021,stamina,0,1506,0.0
India Indian Super League,2021,standing_tackle,0,1506,0.0
India Indian Super League,2021,strength,0,1506,0.0
India Indian Super League,2021,vision,0,1506,0.0
India Indian Super League,2021,volleys,1,1506,0.06640106241699867
India Indian Super League,2022,acceleration,79,2339,3.37751175716118
India Indian Super League,2022,aggression,74,2339,3.1637451902522447
India Indian Super League,2022,agility,90,2339,3.847798204360838
India Indian Super League,2022,balance,85,2339,3.6340316374519026
India Indian Super League,2022,ball_control,87,2339,3.7195382642154766
India Indian Super League,2022,composure,46,2339,1.966652415562206
India Indian Super League,2022,crossing,48,2339,2.0521590423257803
India Indian Super League,2022,curve,37,2339,1.5818725951261223
India Indian Super League,2022,defensive_awareness,65,2339,2.7789653698161607
India Indian Super League,2022,dribbling,89,2339,3.805044890979051
India Indian Super League,2022,finishing,60,2339,2.5651988029072252
India Indian Super League,2022,fk_accuracy,36,2339,1.539119281744335
India Indian Super League,2022,gk_diving,18,2339,0.7695596408721675
India Indian Super League,2022,gk_handling,23,2339,0.983326207781103
India Indian Super League,2022,gk_kicking,19,2339,0.8123129542539547
India Indian Super League,2022,gk_positioning,20,2339,0.8550662676357418
India Indian Super League,2022,gk_reflexes,22,2339,0.9405728943993159
India Indian Super League,2022,heading_accuracy,39,2339,1.6673792218896966
India Indian Super League,2022,interceptions,54,2339,2.3086789226165028
India Indian Super League,2022,jumping,81,2339,3.463018383924754
India Indian Super League,2022,long_passing,71,2339,3.035485250106883
India Indian Super League,2022,long_shots,46,2339,1.966652415562206
India Indian Super League,2022,penalties,25,2339,1.0688328345446771
India Indian Super League,2022,positioning,48,2339,2.0521590423257803
India Indian Super League,2022,reactions,50,2339,2.1376656690893543
India Indian Super League,2022,short_passing,77,2339,3.2920051303976057
India Indian Super League,2022,shot_power,60,2339,2.5651988029072252
India Indian Super League,2022,sliding_tackle,78,2339,3.334758443779393
India Indian Super League,2022,sprint_speed,104,2339,4.4463445917058575
India Indian Super League,2022,stamina,130,2339,5.557930739632321
India Indian Super League,2022,standing_tackle,85,2339,3.6340316374519026
India Indian Super League,2022,strength,94,2339,4.0188114578879865
India Indian Super League,2022,vision,45,2339,1.923899102180419
India Indian Super League,2022,volleys,13,2339,0.5557930739632322
India Indian Super League,2023,acceleration,2,2978,0.0671591672263264
India Indian Super League,2023,aggression,2,2978,0.0671591672263264
India Indian Super League,2023,agility,7,2978,0.23505708529214236
India Indian Super League,2023,balance,7,2978,0.23505708529214236
India Indian Super League,2023,ball_control,2,2978,0.0671591672263264
India Indian Super League,2023,composure,0,2978,0.0
India Indian Super League,2023,crossing,3,2978,0.10073875083948959
India Indian Super League,2023,curve,0,2978,0.0
India Indian Super League,2023,defensive_awareness,0,2978,0.0
India Indian Super League,2023,dribbling,2,2978,0.0671591672263264
India Indian Super League,2023,finishing,0,2978,0.0
India Indian Super League,2023,fk_accuracy,0,2978,0.0
India Indian Super League,2023,gk_diving,6,2978,0.20147750167897918
India Indian Super League,2023,gk_handling,12,2978,0.40295500335795836
India Indian Super League,2023,gk_kicking,12,2978,0.40295500335795836
India Indian Super League,2023,gk_positioning,12,2978,0.40295500335795836
India Indian Super League,2023,gk_reflexes,12,2978,0.40295500335795836
India Indian Super League,2023,heading_accuracy,1,2978,0.0335795836131632
India Indian Super League,2023,interceptions,0,2978,0.0
India Indian Super League,2023,jumping,1,2978,0.0335795836131632
India Indian Super League,2023,long_passing,2,2978,0.0671591672263264
India Indian Super League,2023,long_shots,0,2978,0.0
India Indian Super League,2023,penalties,1,2978,0.0335795836131632
India Indian Super League,2023,positioning,1,2978,0.0335795836131632
India Indian Super League,2023,reactions,7,2978,0.23505708529214236
India Indian Super League,2023,short_passing,1,2978,0.0335795836131632
India Indian Super League,2023,shot_power,12,2978,0.40295500335795836
India Indian Super League,2023,sliding_tackle,0,2978,0.0
India Indian Super League,2023,sprint_speed,8,2978,0.2686366689053056
India Indian Super League,2023,stamina,9,2978,0.3022162525184688
India Indian Super League,2023,standing_tackle,7,2978,0.23505708529214236
India Indian Super League,2023,strength,0,2978,0.0
India Indian Super League,2023,vision,0,2978,0.0
India Indian Super League,2023,volleys,0,2978,0.0
India Indian Super League,2024,acceleration,0,3097,0.0
India Indian Super League,2024,aggression,0,3097,0.0
India Indian Super League,2024,agility,1,3097,0.03228931223764934
India Indian Super League,2024,balance,1,3097,0.03228931223764934
India Indian Super League,2024,ball_control,0,3097,0.0
India Indian Super League,2024,composure,0,3097,0.0
India Indian Super League,2024,crossing,0,3097,0.0
India Indian Super League,2024,curve,0,3097,0.0
India Indian Super League,2024,defensive_awareness,0,3097,0.0
India Indian Super League,2024,dribbling,0,3097,0.0
India Indian Super League,2024,finishing,0,3097,0.0
India Indian Super League,2024,fk_accuracy,0,3097,0.0
India Indian Super League,2024,gk_diving,3,3097,0.09686793671294801
India Indian Super League,2024,gk_handling,6,3097,0.19373587342589602
India Indian Super League,2024,gk_kicking,6,3097,0.19373587342589602
India Indian Super League,2024,gk_positioning,6,3097,0.19373587342589602
India Indian Super League,2024,gk_reflexes,6,3097,0.19373587342589602
India Indian Super League,2024,heading_accuracy,0,3097,0.0
India Indian Super League,2024,interceptions,0,3097,0.0
India Indian Super League,2024,jumping,0,3097,0.0
India Indian Super League,2024,long_passing,0,3097,0.0
India Indian Super League,2024,long_shots,0,3097,0.0
India Indian Super League,2024,penalties,0,3097,0.0
India Indian Super League,2024,positioning,0,3097,0.0
India Indian Super League,2024,reactions,3,3097,0.09686793671294801
India Indian Super League,2024,short_passing,1,3097,0.03228931223764934
India Indian Super League,2024,shot_power,6,3097,0.19373587342589602
India Indian Super League,2024,sliding_tackle,0,3097,0.0
India Indian Super League,2024,sprint_speed,1,3097,0.03228931223764934
India Indian Super League,2024,stamina,1,3097,0.03228931223764934
India Indian Super League,2024,standing_tackle,1,3097,0.03228931223764934
India Indian Super League,2024,strength,0,3097,0.0
India Indian Super League,2024,vision,1,3097,0.03228931223764934
India Indian Super League,2024,volleys,0,3097,0.0
Italy Serie A,2021,acceleration,19,3764,0.5047821466524973
Italy Serie A,2021,aggression,15,3764,0.3985122210414453
Italy Serie A,2021,agility,20,3764,0.5313496280552603
Italy Serie A,2021,balance,14,3764,0.37194473963868224
Italy Serie A,2021,ball_control,22,3764,0.5844845908607864
Italy Serie A,2021,composure,22,3764,0.5844845908607864
Italy Serie A,2021,crossing,16,3764,0.4250797024442083
Italy Serie A,2021,curve,10,3764,0.26567481402763016
Italy Serie A,2021,defensive_awareness,22,3764,0.5844845908607864
Italy Serie A,2021,dribbling,17,3764,0.45164718384697133
Italy Serie A,2021,finishing,15,3764,0.3985122210414453
Italy Serie A,2021,fk_accuracy,2,3764,0.053134962805526036
Italy Serie A,2021,gk_diving,5,3764,0.13283740701381508
Italy Serie A,2021,gk_handling,2,3764,0.053134962805526036
Italy Serie A,2021,gk_kicking,2,3764,0.053134962805526036
Italy Serie A,2021,gk_positioning,3,3764,0.07970244420828905
Italy Serie A,2021,gk_reflexes,4,3764,0.10626992561105207
Italy Serie A,2021,heading_accuracy,17,3764,0.45164718384697133
Italy Serie A,2021,interceptions,19,3764,0.5047821466524973
Italy Serie A,2021,jumping,11,3764,0.2922422954303932
Italy Serie A,2021,long_passing,20,3764,0.5313496280552603
Italy Serie A,2021,long_shots,14,3764,0.37194473963868224
Italy Serie A,2021,penalties,1,3764,0.026567481402763018
Italy Serie A,2021,positioning,19,3764,0.5047821466524973
Italy Serie A,2021,reactions,34,3764,0.9032943676939427
Italy Serie A,2021,short_passing,23,3764,0.6110520722635494
Italy Serie A,2021,shot_power,19,3764,0.5047821466524973
Italy Serie A,2021,sliding_tackle,19,3764,0.5047821466524973
Italy Serie A,2021,sprint_speed,17,3764,0.45164718384697133
Italy Serie A,2021,stamina,24,3764,0.6376195536663124
Italy Serie A,2021,standing_tackle,24,3764,0.6376195536663124
Italy Serie A,2021,strength,9,3764,0.23910733262486716
Italy Serie A,2021,vision,15,3764,0.3985122210414453
Italy Serie A,2021,volleys,11,3764,0.2922422954303932
Italy Serie A,2022,acceleration,335,3941,8.500380614057345
Italy Serie A,2022,aggression,126,3941,3.197158081705151
Italy Serie A,2022,agility,165,3941,4.186754630804364
Italy Serie A,2022,balance,131,3941,3.324029434153768
Italy Serie A,2022,ball_control,255,3941,6.470438974879472
Italy Serie A,2022,composure,164,3941,4.161380360314641
Italy Serie A,2022,crossing,159,3941,4.034509007866024
Italy Serie A,2022,curve,118,3941,2.994163917787364
Italy Serie A,2022,defensive_awareness,190,3941,4.82111139304745
Italy Serie A,2022,dribbling,227,3941,5.759959401167216
Italy Serie A,2022,finishing,166,3941,4.212128901294088
Italy Serie A,2022,fk_accuracy,89,3941,2.2583100735853843
Italy Serie A,2022,gk_diving,34,3941,0.8627251966505963
Italy Serie A,2022,gk_handling,30,3941,0.7612281146917026
Italy Serie A,2022,gk_kicking,22,3941,0.5582339507739152
Italy Serie A,2022,gk_positioning,29,3941,0.7358538442019792
Italy Serie A,2022,gk_reflexes,38,3941,0.96422227860949
Italy Serie A,2022,heading_accuracy,154,3941,3.907637655417407
Italy Serie A,2022,interceptions,214,3941,5.430093884800812
Italy Serie A,2022,jumping,129,3941,3.2732808931743214
Italy Serie A,2022,long_passing,185,3941,4.6942400405988325
Italy Serie A,2022,long_shots,128,3941,3.2479066226845976
Italy Serie A,2022,penalties,52,3941,1.319462065465618
Italy Serie A,2022,positioning,174,3941,4.415123065211875
Italy Serie A,2022,reactions,266,3941,6.74955595026643
Italy Serie A,2022,short_passing,232,3941,5.8868307536158335
Italy Serie A,2022,shot_power,125,3941,3.1717838112154277
Italy Serie A,2022,sliding_tackle,173,3941,4.389748794722152
Italy Serie A,2022,sprint_speed,405,3941,10.276579548337985
Italy Serie A,2022,stamina,443,3941,11.240801826947475
Italy Serie A,2022,standing_tackle,203,3941,5.150976909413854
Italy Serie A,2022,strength,162,3941,4.110631819335194
Italy Serie A,2022,vision,185,3941,4.6942400405988325
Italy Serie A,2022,volleys,83,3941,2.106064450647044
Italy Serie A,2023,acceleration,46,4101,1.1216776396000976
Italy Serie A,2023,aggression,25,4101,0.60960741282614
Italy Serie A,2023,agility,33,4101,0.8046817849305048
Italy Serie A,2023,balance,32,4101,0.7802974884174592
Italy Serie A,2023,ball_control,71,4101,1.7312850524262375
Italy Serie A,2023,composure,38,4101,0.9266032674957327
Italy Serie A,2023,crossing,38,4101,0.9266032674957327
Italy Serie A,2023,curve,28,4101,0.6827603023652767
Italy Serie A,2023,defensive_awareness,32,4101,0.7802974884174592
Italy Serie A,2023,dribbling,53,4101,1.2923677151914168
Italy Serie A,2023,finishing,46,4101,1.1216776396000976
Italy Serie A,2023,fk_accuracy,26,4101,0.6339917093391856
Italy Serie A,2023,gk_diving,5,4101,0.12192148256522799
Italy Serie A,2023,gk_handling,4,4101,0.0975371860521824
Italy Serie A,2023,gk_kicking,2,4101,0.0487685930260912
Italy Serie A,2023,gk_positioning,3,4101,0.07315288953913679
Italy Serie A,2023,gk_reflexes,4,4101,0.0975371860521824
Italy Serie A,2023,heading_accuracy,43,4101,1.0485247500609607
Italy Serie A,2023,interceptions,41,4101,0.9997561570348695
Italy Serie A,2023,jumping,47,4101,1.1460619361131432
Italy Serie A,2023,long_passing,34,4101,0.8290660814435503
Italy Serie A,2023,long_shots,38,4101,0.9266032674957327
Italy Serie A,2023,penalties,18,4101,0.4389173372348208
Italy Serie A,2023,positioning,42,4101,1.024140453547915
Italy Serie A,2023,reactions,58,4101,1.4142891977566447
Italy Serie A,2023,short_passing,49,4101,1.1948305291392343
Italy Serie A,2023,shot_power,28,4101,0.6827603023652767
Italy Serie A,2023,sliding_tackle,31,4101,0.7559131919044135
Italy Serie A,2023,sprint_speed,65,4101,1.584979273347964
Italy Serie A,2023,stamina,60,4101,1.463057790782736
Italy Serie A,2023,standing_tackle,36,4101,0.8778346744696416
Italy Serie A,2023,strength,33,4101,0.8046817849305048
Italy Serie A,2023,vision,46,4101,1.1216776396000976
Italy Serie A,2023,volleys,17,4101,0.41453304072177516
Italy Serie A,2024,acceleration,39,3938,0.9903504316912138
Italy Serie A,2024,aggression,38,3938,0.9649568308786186
Italy Serie A,2024,agility,23,3938,0.5840528186896902
Italy Serie A,2024,balance,21,3938,0.5332656170644997
Italy Serie A,2024,ball_control,74,3938,1.8791264601320468
Italy Serie A,2024,composure,30,3938,0.7618080243778568
Italy Serie A,2024,crossing,36,3938,0.9141696292534282
Italy Serie A,2024,curve,24,3938,0.6094464195022854
Italy Serie A,2024,defensive_awareness,56,3938,1.4220416455053326
Italy Serie A,2024,dribbling,70,3938,1.7775520568816658
Italy Serie A,2024,finishing,54,3938,1.3712544438801422
Italy Serie A,2024,fk_accuracy,23,3938,0.5840528186896902
Italy Serie A,2024,gk_diving,5,3938,0.12696800406297612
Italy Serie A,2024,gk_handling,4,3938,0.1015744032503809
Italy Serie A,2024,gk_kicking,4,3938,0.1015744032503809
Italy Serie A,2024,gk_positioning,1,3938,0.025393600812595226
Italy Serie A,2024,gk_reflexes,5,3938,0.12696800406297612
Italy Serie A,2024,heading_accuracy,42,3938,1.0665312341289994
Italy Serie A,2024,interceptions,67,3938,1.7013712544438802
Italy Serie A,2024,jumping,59,3938,1.4982224479431183
Italy Serie A,2024,long_passing,41,3938,1.0411376333164042
Italy Serie A,2024,long_shots,43,3938,1.0919248349415946
Italy Serie A,2024,penalties,17,3938,0.43169121381411885
Italy Serie A,2024,positioning,27,3938,0.6856272219400711
Italy Serie A,2024,reactions,65,3938,1.6505840528186897
Italy Serie A,2024,short_passing,51,3938,1.2950736414423565
Italy Serie A,2024,shot_power,28,3938,0.7110208227526663
Italy Serie A,2024,sliding_tackle,49,3938,1.244286439817166
Italy Serie A,2024,sprint_speed,50,3938,1.2696800406297613
Italy Serie A,2024,stamina,40,3938,1.015744032503809
Italy Serie A,2024,standing_tackle,51,3938,1.2950736414423565
Italy Serie A,2024,strength,26,3938,0.6602336211274759
Italy Serie A,2024,vision,40,3938,1.015744032503809
Italy Serie A,2024,volleys,33,3938,0.8379888268156425
Italy Serie B,2021,acceleration,15,1112,1.3489208633093526
Italy Serie B,2021,aggression,9,1112,0.8093525179856115
Italy Serie B,2021,agility,10,1112,0.8992805755395683
Italy Serie B,2021,balance,3,1112,0.2697841726618705
Italy Serie B,2021,ball_control,9,1112,0.8093525179856115
Italy Serie B,2021,composure,5,1112,0.44964028776978415
Italy Serie B,2021,crossing,8,1112,0.7194244604316546
Italy Serie B,2021,curve,7,1112,0.6294964028776978
Italy Serie B,2021,defensive_awareness,7,1112,0.6294964028776978
Italy Serie B,2021,dribbling,7,1112,0.6294964028776978
Italy Serie B,2021,finishing,6,1112,0.539568345323741
Italy Serie B,2021,fk_accuracy,4,1112,0.3597122302158273
Italy Serie B,2021,gk_diving,0,1112,0.0
Italy Serie B,2021,gk_handling,0,1112,0.0
Italy Serie B,2021,gk_kicking,0,1112,0.0
Italy Serie B,2021,gk_positioning,0,1112,0.0
Italy Serie B,2021,gk_reflexes,0,1112,0.0
Italy Serie B,2021,heading_accuracy,5,1112,0.44964028776978415
Italy Serie B,2021,interceptions,7,1112,0.6294964028776978
Italy Serie B,2021,jumping,5,1112,0.44964028776978415
Italy Serie B,2021,long_passing,10,1112,0.8992805755395683
Italy Serie B,2021,long_shots,4,1112,0.3597122302158273
Italy Serie B,2021,penalties,2,1112,0.17985611510791366
Italy Serie B,2021,positioning,7,1112,0.6294964028776978
Italy Serie B,2021,reactions,8,1112,0.7194244604316546
Italy Serie B,2021,short_passing,10,1112,0.8992805755395683
Italy Serie B,2021,shot_power,7,1112,0.6294964028776978
Italy Serie B,2021,sliding_tackle,9,1112,0.8093525179856115
Italy Serie B,2021,sprint_speed,12,1112,1.079136690647482
Italy Serie B,2021,stamina,11,1112,0.9892086330935251
Italy Serie B,2021,standing_tackle,10,1112,0.8992805755395683
Italy Serie B,2021,strength,16,1112,1.4388489208633093
Italy Serie B,2021,vision,6,1112,0.539568345323741
Italy Serie B,2021,volleys,1,1112,0.08992805755395683
Italy Serie B,2022,acceleration,103,3315,3.1070889894419307
Italy Serie B,2022,aggression,63,3315,1.9004524886877827
Italy Serie B,2022,agility,99,3315,2.986425339366516
Italy Serie B,2022,balance,94,3315,2.8355957767722475
Italy Serie B,2022,ball_control,144,3315,4.343891402714932
Italy Serie B,2022,composure,59,3315,1.779788838612368
Italy Serie B,2022,crossing,69,3315,2.081447963800905
Italy Serie B,2022,curve,34,3315,1.0256410256410255
Italy Serie B,2022,defensive_awareness,80,3315,2.4132730015082955
Italy Serie B,2022,dribbling,108,3315,3.257918552036199
Italy Serie B,2022,finishing,80,3315,2.4132730015082955
Italy Serie B,2022,fk_accuracy,27,3315,0.8144796380090498
Italy Serie B,2022,gk_diving,13,3315,0.39215686274509803
Italy Serie B,2022,gk_handling,13,3315,0.39215686274509803
Italy Serie B,2022,gk_kicking,12,3315,0.36199095022624433
Italy Serie B,2022,gk_positioning,14,3315,0.42232277526395173
Italy Serie B,2022,gk_reflexes,15,3315,0.45248868778280543
Italy Serie B,2022,heading_accuracy,75,3315,2.262443438914027
Italy Serie B,2022,interceptions,92,3315,2.77526395173454
Italy Serie B,2022,jumping,97,3315,2.9260935143288083
Italy Serie B,2022,long_passing,99,3315,2.986425339366516
Italy Serie B,2022,long_shots,61,3315,1.8401206636500753
Italy Serie B,2022,penalties,8,3315,0.24132730015082957
Italy Serie B,2022,positioning,99,3315,2.986425339366516
Italy Serie B,2022,reactions,138,3315,4.16289592760181
Italy Serie B,2022,short_passing,129,3315,3.8914027149321266
Italy Serie B,2022,shot_power,67,3315,2.0211161387631975
Italy Serie B,2022,sliding_tackle,110,3315,3.3182503770739067
Italy Serie B,2022,sprint_speed,133,3315,4.012066365007541
Italy Serie B,2022,stamina,139,3315,4.193061840120664
Italy Serie B,2022,standing_tackle,102,3315,3.076923076923077
Italy Serie B,2022,strength,102,3315,3.076923076923077
Italy Serie B,2022,vision,72,3315,2.171945701357466
Italy Serie B,2022,volleys,15,3315,0.45248868778280543
Italy Serie B,2023,acceleration,20,4664,0.4288164665523156
Italy Serie B,2023,aggression,15,4664,0.3216123499142367
Italy Serie B,2023,agility,15,4664,0.3216123499142367
Italy Serie B,2023,balance,16,4664,0.34305317324185247
Italy Serie B,2023,ball_control,41,4664,0.8790737564322469
Italy Serie B,2023,composure,7,4664,0.15008576329331047
Italy Serie B,2023,crossing,18,4664,0.38593481989708406
Italy Serie B,2023,curve,9,4664,0.19296740994854203
Italy Serie B,2023,defensive_awareness,21,4664,0.4502572898799314
Italy Serie B,2023,dribbling,23,4664,0.49313893653516294
Italy Serie B,2023,finishing,20,4664,0.4288164665523156
Italy Serie B,2023,fk_accuracy,1,4664,0.02144082332761578
Italy Serie B,2023,gk_diving,3,4664,0.06432246998284734
Italy Serie B,2023,gk_handling,2,4664,0.04288164665523156
Italy Serie B,2023,gk_kicking,2,4664,0.04288164665523156
Italy Serie B,2023,gk_positioning,3,4664,0.06432246998284734
Italy Serie B,2023,gk_reflexes,3,4664,0.06432246998284734
Italy Serie B,2023,heading_accuracy,16,4664,0.34305317324185247
Italy Serie B,2023,interceptions,26,4664,0.5574614065180102
Italy Serie B,2023,jumping,46,4664,0.9862778730703259
Italy Serie B,2023,long_passing,23,4664,0.49313893653516294
Italy Serie B,2023,long_shots,25,4664,0.5360205831903945
Italy Serie B,2023,penalties,1,4664,0.02144082332761578
Italy Serie B,2023,positioning,21,4664,0.4502572898799314
Italy Serie B,2023,reactions,43,4664,0.9219554030874786
Italy Serie B,2023,short_passing,22,4664,0.4716981132075472
Italy Serie B,2023,shot_power,20,4664,0.4288164665523156
Italy Serie B,2023,sliding_tackle,30,4664,0.6432246998284734
Italy Serie B,2023,sprint_speed,33,4664,0.7075471698113207
Italy Serie B,2023,stamina,31,4664,0.6646655231560892
Italy Serie B,2023,standing_tackle,29,4664,0.6217838765008576
Italy Serie B,2023,strength,22,4664,0.4716981132075472
Italy Serie B,2023,vision,21,4664,0.4502572898799314
Italy Serie B,2023,volleys,10,4664,0.2144082332761578
Italy Serie B,2024,acceleration,20,4682,0.42716787697565145
Italy Serie B,2024,aggression,26,4682,0.5553182400683468
Italy Serie B,2024,agility,13,4682,0.2776591200341734
Italy Serie B,2024,balance,10,4682,0.21358393848782573
Italy Serie B,2024,ball_control,49,4682,1.046561298590346
Italy Serie B,2024,composure,15,4682,0.3203759077317386
Italy Serie B,2024,crossing,29,4682,0.6193934216146946
Italy Serie B,2024,curve,15,4682,0.3203759077317386
Italy Serie B,2024,defensive_awareness,29,4682,0.6193934216146946
Italy Serie B,2024,dribbling,35,4682,0.74754378470739
Italy Serie B,2024,finishing,31,4682,0.6621102093122597
Italy Serie B,2024,fk_accuracy,8,4682,0.17086715079026057
Italy Serie B,2024,gk_diving,3,4682,0.06407518154634771
Italy Serie B,2024,gk_handling,7,4682,0.149508756941478
Italy Serie B,2024,gk_kicking,5,4682,0.10679196924391286
Italy Serie B,2024,gk_positioning,5,4682,0.10679196924391286
Italy Serie B,2024,gk_reflexes,5,4682,0.10679196924391286
Italy Serie B,2024,heading_accuracy,17,4682,0.3630926954293037
Italy Serie B,2024,interceptions,34,4682,0.7261853908586074
Italy Serie B,2024,jumping,46,4682,0.9824861170439982
Italy Serie B,2024,long_passing,31,4682,0.6621102093122597
Italy Serie B,2024,long_shots,30,4682,0.6407518154634771
Italy Serie B,2024,penalties,7,4682,0.149508756941478
Italy Serie B,2024,positioning,26,4682,0.5553182400683468
Italy Serie B,2024,reactions,47,4682,1.003844510892781
Italy Serie B,2024,short_passing,25,4682,0.5339598462195643
Italy Serie B,2024,shot_power,29,4682,0.6193934216146946
Italy Serie B,2024,sliding_tackle,32,4682,0.6834686031610423
Italy Serie B,2024,sprint_speed,37,4682,0.7902605724049552
Italy Serie B,2024,stamina,22,4682,0.4698846646732166
Italy Serie B,2024,standing_tackle,28,4682,0.598035027765912
Italy Serie B,2024,strength,16,4682,0.34173430158052115
Italy Serie B,2024,vision,24,4682,0.5126014523707817
Italy Serie B,2024,volleys,20,4682,0.42716787697565145
Netherlands Eredivisie,2021,acceleration,6,3371,0.17798872738059923
Netherlands Eredivisie,2021,aggression,4,3371,0.11865915158706615
Netherlands Eredivisie,2021,agility,4,3371,0.11865915158706615
Netherlands Eredivisie,2021,balance,1,3371,0.029664787896766538
Netherlands Eredivisie,2021,ball_control,6,3371,0.17798872738059923
Netherlands Eredivisie,2021,composure,2,3371,0.059329575793533075
Netherlands Eredivisie,2021,crossing,4,3371,0.11865915158706615
Netherlands Eredivisie,2021,curve,1,3371,0.029664787896766538
Netherlands Eredivisie,2021,defensive_awareness,5,3371,0.14832393948383268
Netherlands Eredivisie,2021,dribbling,6,3371,0.17798872738059923
Netherlands Eredivisie,2021,finishing,3,3371,0.08899436369029962
Netherlands Eredivisie,2021,fk_accuracy,1,3371,0.029664787896766538
Netherlands Eredivisie,2021,gk_diving,0,3371,0.0
Netherlands Eredivisie,2021,gk_handling,2,3371,0.059329575793533075
Netherlands Eredivisie,2021,gk_kicking,1,3371,0.029664787896766538
Netherlands Eredivisie,2021,gk_positioning,0,3371,0.0
Netherlands Eredivisie,2021,gk_reflexes,1,3371,0.029664787896766538
Netherlands Eredivisie,2021,heading_accuracy,1,3371,0.029664787896766538
Netherlands Eredivisie,2021,interceptions,8,3371,0.2373183031741323
Netherlands Eredivisie,2021,jumping,3,3371,0.08899436369029962
Netherlands Eredivisie,2021,long_passing,3,3371,0.08899436369029962
Netherlands Eredivisie,2021,long_shots,3,3371,0.08899436369029962
Netherlands Eredivisie,2021,penalties,0,3371,0.0
Netherlands Eredivisie,2021,positioning,7,3371,0.20765351527736578
Netherlands Eredivisie,2021,reactions,9,3371,0.26698309107089885
Netherlands Eredivisie,2021,short_passing,4,3371,0.11865915158706615
Netherlands Eredivisie,2021,shot_power,4,3371,0.11865915158706615
Netherlands Eredivisie,2021,sliding_tackle,1,3371,0.029664787896766538
Netherlands Eredivisie,2021,sprint_speed,6,3371,0.17798872738059923
Netherlands Eredivisie,2021,stamina,7,3371,0.20765351527736578
Netherlands Eredivisie,2021,standing_tackle,3,3371,0.08899436369029962
Netherlands Eredivisie,2021,strength,8,3371,0.2373183031741323
Netherlands Eredivisie,2021,vision,4,3371,0.11865915158706615
Netherlands Eredivisie,2021,volleys,2,3371,0.059329575793533075
Netherlands Eredivisie,2022,acceleration,172,4241,4.0556472530063665
Netherlands Eredivisie,2022,aggression,90,4241,2.1221410044800755
Netherlands Eredivisie,2022,agility,129,4241,3.041735439754775
Netherlands Eredivisie,2022,balance,79,4241,1.8627682150436218
Netherlands Eredivisie,2022,ball_control,140,4241,3.3011082291912284
Netherlands Eredivisie,2022,composure,132,4241,3.112473473237444
Netherlands Eredivisie,2022,crossing,124,4241,2.9238387172836595
Netherlands Eredivisie,2022,curve,82,4241,1.933506248526291
Netherlands Eredivisie,2022,defensive_awareness,129,4241,3.041735439754775
Netherlands Eredivisie,2022,dribbling,151,4241,3.5604810186276823
Netherlands Eredivisie,2022,finishing,120,4241,2.8295213393067673
Netherlands Eredivisie,2022,fk_accuracy,36,4241,0.8488564017920301
Netherlands Eredivisie,2022,gk_diving,26,4241,0.6130629568497996
Netherlands Eredivisie,2022,gk_handling,24,4241,0.5659042678613535
Netherlands Eredivisie,2022,gk_kicking,25,4241,0.5894836123555766
Netherlands Eredivisie,2022,gk_positioning,27,4241,0.6366423013440227
Netherlands Eredivisie,2022,gk_reflexes,28,4241,0.6602216458382457
Netherlands Eredivisie,2022,heading_accuracy,73,4241,1.7212921480782835
Netherlands Eredivisie,2022,interceptions,127,4241,2.9945767507663286
Netherlands Eredivisie,2022,jumping,206,4241,4.857344965809951
Netherlands Eredivisie,2022,long_passing,137,4241,3.2303701957085593
Netherlands Eredivisie,2022,long_shots,89,4241,2.0985616599858523
Netherlands Eredivisie,2022,penalties,36,4241,0.8488564017920301
Netherlands Eredivisie,2022,positioning,137,4241,3.2303701957085593
Netherlands Eredivisie,2022,reactions,172,4241,4.0556472530063665
Netherlands Eredivisie,2022,short_passing,156,4241,3.6783777410987977
Netherlands Eredivisie,2022,shot_power,105,4241,2.475831171893421
Netherlands Eredivisie,2022,sliding_tackle,123,4241,2.9002593727894364
Netherlands Eredivisie,2022,sprint_speed,370,4241,8.724357462862532
Netherlands Eredivisie,2022,stamina,313,4241,7.380334826691818
Netherlands Eredivisie,2022,standing_tackle,135,4241,3.183211506720113
Netherlands Eredivisie,2022,strength,153,4241,3.607639707616128
Netherlands Eredivisie,2022,vision,111,4241,2.6173072388587597
Netherlands Eredivisie,2022,volleys,44,4241,1.0374911577458146
Netherlands Eredivisie,2023,acceleration,25,4842,0.5163155720776539
Netherlands Eredivisie,2023,aggression,13,4842,0.26848409748038
Netherlands Eredivisie,2023,agility,11,4842,0.2271788517141677
Netherlands Eredivisie,2023,balance,13,4842,0.26848409748038
Netherlands Eredivisie,2023,ball_control,40,4842,0.8261049153242461
Netherlands Eredivisie,2023,composure,22,4842,0.4543577034283354
Netherlands Eredivisie,2023,crossing,24,4842,0.49566294919454773
Netherlands Eredivisie,2023,curve,21,4842,0.43370508054522927
Netherlands Eredivisie,2023,defensive_awareness,24,4842,0.49566294919454773
Netherlands Eredivisie,2023,dribbling,56,4842,1.1565468814539446
Netherlands Eredivisie,2023,finishing,28,4842,0.5782734407269723
Netherlands Eredivisie,2023,fk_accuracy,5,4842,0.10326311441553077
Netherlands Eredivisie,2023,gk_diving,4,4842,0.08261049153242461
Netherlands Eredivisie,2023,gk_handling,3,4842,0.061957868649318466
Netherlands Eredivisie,2023,gk_kicking,3,4842,0.061957868649318466
Netherlands Eredivisie,2023,gk_positioning,4,4842,0.08261049153242461
Netherlands Eredivisie,2023,gk_reflexes,6,4842,0.12391573729863693
Netherlands Eredivisie,2023,heading_accuracy,14,4842,0.28913672036348614
Netherlands Eredivisie,2023,interceptions,20,4842,0.41305245766212306
Netherlands Eredivisie,2023,jumping,31,4842,0.6402313093762908
Netherlands Eredivisie,2023,long_passing,24,4842,0.49566294919454773
Netherlands Eredivisie,2023,long_shots,18,4842,0.37174721189591076
Netherlands Eredivisie,2023,penalties,4,4842,0.08261049153242461
Netherlands Eredivisie,2023,positioning,19,4842,0.3923998347790169
Netherlands Eredivisie,2023,reactions,23,4842,0.4750103263114416
Netherlands Eredivisie,2023,short_passing,43,4842,0.8880627839735646
Netherlands Eredivisie,2023,shot_power,26,4842,0.53696819496076
Netherlands Eredivisie,2023,sliding_tackle,21,4842,0.43370508054522927
Netherlands Eredivisie,2023,sprint_speed,23,4842,0.4750103263114416
Netherlands Eredivisie,2023,stamina,35,4842,0.7228418009087154
Netherlands Eredivisie,2023,standing_tackle,17,4842,0.3510945890128046
Netherlands Eredivisie,2023,strength,12,4842,0.24783147459727387
Netherlands Eredivisie,2023,vision,24,4842,0.49566294919454773
Netherlands Eredivisie,2023,volleys,7,4842,0.14456836018174307
Netherlands Eredivisie,2024,acceleration,18,4532,0.3971756398940865
Netherlands Eredivisie,2024,aggression,17,4532,0.37511032656663723
Netherlands Eredivisie,2024,agility,8,4532,0.176522506619594
Netherlands Eredivisie,2024,balance,11,4532,0.24271844660194175
Netherlands Eredivisie,2024,ball_control,27,4532,0.5957634598411298
Netherlands Eredivisie,2024,composure,13,4532,0.2868490732568402
Netherlands Eredivisie,2024,crossing,12,4532,0.264783759929391
Netherlands Eredivisie,2024,curve,9,4532,0.19858781994704325
Netherlands Eredivisie,2024,defensive_awareness,17,4532,0.37511032656663723
Netherlands Eredivisie,2024,dribbling,29,4532,0.6398940864960282
Netherlands Eredivisie,2024,finishing,15,4532,0.33097969991173876
Netherlands Eredivisie,2024,fk_accuracy,2,4532,0.0441306266548985
Netherlands Eredivisie,2024,gk_diving,2,4532,0.0441306266548985
Netherlands Eredivisie,2024,gk_handling,2,4532,0.0441306266548985
Netherlands Eredivisie,2024,gk_kicking,2,4532,0.0441306266548985
Netherlands Eredivisie,2024,gk_positioning,2,4532,0.0441306266548985
Netherlands Eredivisie,2024,gk_reflexes,2,4532,0.0441306266548985
Netherlands Eredivisie,2024,heading_accuracy,14,4532,0.3089143865842895
Netherlands Eredivisie,2024,interceptions,16,4532,0.353045013239188
Netherlands Eredivisie,2024,jumping,30,4532,0.6619593998234775
Netherlands Eredivisie,2024,long_passing,14,4532,0.3089143865842895
Netherlands Eredivisie,2024,long_shots,9,4532,0.19858781994704325
Netherlands Eredivisie,2024,penalties,5,4532,0.11032656663724624
Netherlands Eredivisie,2024,positioning,14,4532,0.3089143865842895
Netherlands Eredivisie,2024,reactions,17,4532,0.37511032656663723
Netherlands Eredivisie,2024,short_passing,19,4532,0.41924095322153576
Netherlands Eredivisie,2024,shot_power,13,4532,0.2868490732568402
Netherlands Eredivisie,2024,sliding_tackle,14,4532,0.3089143865842895
Netherlands Eredivisie,2024,sprint_speed,16,4532,0.353045013239188
Netherlands Eredivisie,2024,stamina,25,4532,0.5516328331862312
Netherlands Eredivisie,2024,standing_tackle,14,4532,0.3089143865842895
Netherlands Eredivisie,2024,strength,13,4532,0.2868490732568402
Netherlands Eredivisie,2024,vision,12,4532,0.264783759929391
Netherlands Eredivisie,2024,volleys,5,4532,0.11032656663724624
Poland Ekstraklasa,2021,acceleration,21,3221,0.6519714374417883
Poland Ekstraklasa,2021,aggression,7,3221,0.2173238124805961
Poland Ekstraklasa,2021,agility,9,3221,0.279416330332195
Poland Ekstraklasa,2021,balance,4,3221,0.12418503570319776
Poland Ekstraklasa,2021,ball_control,13,3221,0.40360136603539276
Poland Ekstraklasa,2021,composure,9,3221,0.279416330332195
Poland Ekstraklasa,2021,crossing,14,3221,0.4346476249611922
Poland Ekstraklasa,2021,curve,3,3221,0.09313877677739832
Poland Ekstraklasa,2021,defensive_awareness,11,3221,0.34150884818379384
Poland Ekstraklasa,2021,dribbling,9,3221,0.279416330332195
Poland Ekstraklasa,2021,finishing,11,3221,0.34150884818379384
Poland Ekstraklasa,2021,fk_accuracy,2,3221,0.06209251785159888
Poland Ekstraklasa,2021,gk_diving,7,3221,0.2173238124805961
Poland Ekstraklasa,2021,gk_handling,4,3221,0.12418503570319776
Poland Ekstraklasa,2021,gk_kicking,3,3221,0.09313877677739832
Poland Ekstraklasa,2021,gk_positioning,4,3221,0.12418503570319776
Poland Ekstraklasa,2021,gk_reflexes,5,3221,0.1552312946289972
Poland Ekstraklasa,2021,heading_accuracy,5,3221,0.1552312946289972
Poland Ekstraklasa,2021,interceptions,8,3221,0.24837007140639553
Poland Ekstraklasa,2021,jumping,4,3221,0.12418503570319776
Poland Ekstraklasa,2021,long_passing,11,3221,0.34150884818379384
Poland Ekstraklasa,2021,long_shots,6,3221,0.18627755355479664
Poland Ekstraklasa,2021,penalties,0,3221,0.0
Poland Ekstraklasa,2021,positioning,8,3221,0.24837007140639553
Poland Ekstraklasa,2021,reactions,21,3221,0.6519714374417883
Poland Ekstraklasa,2021,short_passing,14,3221,0.4346476249611922
Poland Ekstraklasa,2021,shot_power,10,3221,0.3104625892579944
Poland Ekstraklasa,2021,sliding_tackle,12,3221,0.3725551071095933
Poland Ekstraklasa,2021,sprint_speed,28,3221,0.8692952499223844
Poland Ekstraklasa,2021,stamina,20,3221,0.6209251785159888
Poland Ekstraklasa,2021,standing_tackle,15,3221,0.4656938838869916
Poland Ekstraklasa,2021,strength,16,3221,0.49674014281279105
Poland Ekstraklasa,2021,vision,13,3221,0.40360136603539276
Poland Ekstraklasa,2021,volleys,2,3221,0.06209251785159888
Poland Ekstraklasa,2022,acceleration,137,4401,3.1129288798000454
Poland Ekstraklasa,2022,aggression,55,4401,1.249715973642354
Poland Ekstraklasa,2022,agility,84,4401,1.9086571233810499
Poland Ekstraklasa,2022,balance,51,4401,1.1588275391956373
Poland Ekstraklasa,2022,ball_control,168,4401,3.8173142467620997
Poland Ekstraklasa,2022,composure,89,4401,2.0222676664394457
Poland Ekstraklasa,2022,crossing,64,4401,1.4542149511474665
Poland Ekstraklasa,2022,curve,51,4401,1.1588275391956373
Poland Ekstraklasa,2022,defensive_awareness,79,4401,1.7950465803226539
Poland Ekstraklasa,2022,dribbling,115,4401,2.613042490343104
Poland Ekstraklasa,2022,finishing,79,4401,1.7950465803226539
Poland Ekstraklasa,2022,fk_accuracy,30,4401,0.6816632583503749
Poland Ekstraklasa,2022,gk_diving,13,4401,0.2953874119518291
Poland Ekstraklasa,2022,gk_handling,9,4401,0.20449897750511248
Poland Ekstraklasa,2022,gk_kicking,14,4401,0.3181095205635083
Poland Ekstraklasa,2022,gk_positioning,13,4401,0.2953874119518291
Poland Ekstraklasa,2022,gk_reflexes,19,4401,0.4317200636219041
Poland Ekstraklasa,2022,heading_accuracy,45,4401,1.0224948875255624
Poland Ekstraklasa,2022,interceptions,73,4401,1.658713928652579
Poland Ekstraklasa,2022,jumping,104,4401,2.363099295614633
Poland Ekstraklasa,2022,long_passing,75,4401,1.7041581458759374
Poland Ekstraklasa,2022,long_shots,63,4401,1.4314928425357873
Poland Ekstraklasa,2022,penalties,25,4401,0.5680527152919791
Poland Ekstraklasa,2022,positioning,77,4401,1.7496023630992956
Poland Ekstraklasa,2022,reactions,133,4401,3.022040445353329
Poland Ekstraklasa,2022,short_passing,98,4401,2.226766643944558
Poland Ekstraklasa,2022,shot_power,85,4401,1.931379231992729
Poland Ekstraklasa,2022,sliding_tackle,74,4401,1.681436037264258
Poland Ekstraklasa,2022,sprint_speed,112,4401,2.544876164508066
Poland Ekstraklasa,2022,stamina,145,4401,3.2947057486934788
Poland Ekstraklasa,2022,standing_tackle,83,4401,1.8859350147693705
Poland Ekstraklasa,2022,strength,121,4401,2.7493751420131787
Poland Ekstraklasa,2022,vision,70,4401,1.5905476028175414
Poland Ekstraklasa,2022,volleys,19,4401,0.4317200636219041
Poland Ekstraklasa,2023,acceleration,19,5351,0.35507381797794807
Poland Ekstraklasa,2023,aggression,13,5351,0.24294524387964866
Poland Ekstraklasa,2023,agility,22,5351,0.41113810502709774
Poland Ekstraklasa,2023,balance,9,5351,0.16819286114744908
Poland Ekstraklasa,2023,ball_control,44,5351,0.8222762100541955
Poland Ekstraklasa,2023,composure,5,5351,0.09344047841524948
Poland Ekstraklasa,2023,crossing,17,5351,0.31769762661184825
Poland Ekstraklasa,2023,curve,9,5351,0.16819286114744908
Poland Ekstraklasa,2023,defensive_awareness,22,5351,0.41113810502709774
Poland Ekstraklasa,2023,dribbling,25,5351,0.4672023920762474
Poland Ekstraklasa,2023,finishing,6,5351,0.11212857409829938
Poland Ekstraklasa,2023,fk_accuracy,1,5351,0.018688095683049896
Poland Ekstraklasa,2023,gk_diving,3,5351,0.05606428704914969
Poland Ekstraklasa,2023,gk_handling,2,5351,0.03737619136609979
Poland Ekstraklasa,2023,gk_kicking,2,5351,0.03737619136609979
Poland Ekstraklasa,2023,gk_positioning,2,5351,0.03737619136609979
Poland Ekstraklasa,2023,gk_reflexes,4,5351,0.07475238273219958
Poland Ekstraklasa,2023,heading_accuracy,3,5351,0.05606428704914969
Poland Ekstraklasa,2023,interceptions,18,5351,0.33638572229489816
Poland Ekstraklasa,2023,jumping,12,5351,0.22425714819659875
Poland Ekstraklasa,2023,long_passing,4,5351,0.07475238273219958
Poland Ekstraklasa,2023,long_shots,4,5351,0.07475238273219958
Poland Ekstraklasa,2023,penalties,0,5351,0.0
Poland Ekstraklasa,2023,positioning,6,5351,0.11212857409829938
Poland Ekstraklasa,2023,reactions,28,5351,0.5232666791253971
Poland Ekstraklasa,2023,short_passing,14,5351,0.2616333395626986
Poland Ekstraklasa,2023,shot_power,12,5351,0.22425714819659875
Poland Ekstraklasa,2023,sliding_tackle,12,5351,0.22425714819659875
Poland Ekstraklasa,2023,sprint_speed,17,5351,0.31769762661184825
Poland Ekstraklasa,2023,stamina,30,5351,0.560642870491497
Poland Ekstraklasa,2023,standing_tackle,22,5351,0.41113810502709774
Poland Ekstraklasa,2023,strength,11,5351,0.20556905251354887
Poland Ekstraklasa,2023,vision,6,5351,0.11212857409829938
Poland Ekstraklasa,2023,volleys,1,5351,0.018688095683049896
Poland Ekstraklasa,2024,acceleration,30,4827,0.6215040397762586
Poland Ekstraklasa,2024,aggression,23,4827,0.47648643049513156
Poland Ekstraklasa,2024,agility,24,4827,0.49720323182100684
Poland Ekstraklasa,2024,balance,12,4827,0.24860161591050342
Poland Ekstraklasa,2024,ball_control,42,4827,0.870105655686762
Poland Ekstraklasa,2024,composure,18,4827,0.3729024238657551
Poland Ekstraklasa,2024,crossing,24,4827,0.49720323182100684
Poland Ekstraklasa,2024,curve,14,4827,0.290035218562254
Poland Ekstraklasa,2024,defensive_awareness,32,4827,0.6629376424280091
Poland Ekstraklasa,2024,dribbling,19,4827,0.3936192251916304
Poland Ekstraklasa,2024,finishing,28,4827,0.580070437124508
Poland Ekstraklasa,2024,fk_accuracy,6,4827,0.12430080795525171
Poland Ekstraklasa,2024,gk_diving,9,4827,0.18645121193287756
Poland Ekstraklasa,2024,gk_handling,7,4827,0.145017609281127
Poland Ekstraklasa,2024,gk_kicking,9,4827,0.18645121193287756
Poland Ekstraklasa,2024,gk_positioning,9,4827,0.18645121193287756
Poland Ekstraklasa,2024,gk_reflexes,9,4827,0.18645121193287756
Poland Ekstraklasa,2024,heading_accuracy,16,4827,0.33146882121400456
Poland Ekstraklasa,2024,interceptions,28,4827,0.580070437124508
Poland Ekstraklasa,2024,jumping,41,4827,0.8493888543608866
Poland Ekstraklasa,2024,long_passing,28,4827,0.580070437124508
Poland Ekstraklasa,2024,long_shots,15,4827,0.3107520198881293
Poland Ekstraklasa,2024,penalties,2,4827,0.04143360265175057
Poland Ekstraklasa,2024,positioning,27,4827,0.5593536357986327
Poland Ekstraklasa,2024,reactions,35,4827,0.725088046405635
Poland Ekstraklasa,2024,short_passing,39,4827,0.8079552517091361
Poland Ekstraklasa,2024,shot_power,23,4827,0.47648643049513156
Poland Ekstraklasa,2024,sliding_tackle,22,4827,0.4557696291692563
Poland Ekstraklasa,2024,sprint_speed,27,4827,0.5593536357986327
Poland Ekstraklasa,2024,stamina,45,4827,0.9322560596643878
Poland Ekstraklasa,2024,standing_tackle,27,4827,0.5593536357986327
Poland Ekstraklasa,2024,strength,26,4827,0.5386368344727575
Poland Ekstraklasa,2024,vision,28,4827,0.580070437124508
Poland Ekstraklasa,2024,volleys,6,4827,0.12430080795525171
Portugal Liga NOS,2021,acceleration,8,3380,0.23668639053254437
Portugal Liga NOS,2021,aggression,6,3380,0.17751479289940827
Portugal Liga NOS,2021,agility,6,3380,0.17751479289940827
Portugal Liga NOS,2021,balance,2,3380,0.05917159763313609
Portugal Liga NOS,2021,ball_control,13,3380,0.38461538461538464
Portugal Liga NOS,2021,composure,6,3380,0.17751479289940827
Portugal Liga NOS,2021,crossing,5,3380,0.14792899408284024
Portugal Liga NOS,2021,curve,5,3380,0.14792899408284024
Portugal Liga NOS,2021,defensive_awareness,5,3380,0.14792899408284024
Portugal Liga NOS,2021,dribbling,12,3380,0.35502958579881655
Portugal Liga NOS,2021,finishing,4,3380,0.11834319526627218
Portugal Liga NOS,2021,fk_accuracy,2,3380,0.05917159763313609
Portugal Liga NOS,2021,gk_diving,0,3380,0.0
Portugal Liga NOS,2021,gk_handling,0,3380,0.0
Portugal Liga NOS,2021,gk_kicking,1,3380,0.029585798816568046
Portugal Liga NOS,2021,gk_positioning,0,3380,0.0
Portugal Liga NOS,2021,gk_reflexes,0,3380,0.0
Portugal Liga NOS,2021,heading_accuracy,4,3380,0.11834319526627218
Portugal Liga NOS,2021,interceptions,7,3380,0.20710059171597633
Portugal Liga NOS,2021,jumping,6,3380,0.17751479289940827
Portugal Liga NOS,2021,long_passing,11,3380,0.3254437869822485
Portugal Liga NOS,2021,long_shots,6,3380,0.17751479289940827
Portugal Liga NOS,2021,penalties,2,3380,0.05917159763313609
Portugal Liga NOS,2021,positioning,7,3380,0.20710059171597633
Portugal Liga NOS,2021,reactions,14,3380,0.41420118343195267
Portugal Liga NOS,2021,short_passing,11,3380,0.3254437869822485
Portugal Liga NOS,2021,shot_power,5,3380,0.14792899408284024
Portugal Liga NOS,2021,sliding_tackle,6,3380,0.17751479289940827
Portugal Liga NOS,2021,sprint_speed,6,3380,0.17751479289940827
Portugal Liga NOS,2021,stamina,18,3380,0.5325443786982249
Portugal Liga NOS,2021,standing_tackle,11,3380,0.3254437869822485
Portugal Liga NOS,2021,strength,5,3380,0.14792899408284024
Portugal Liga NOS,2021,vision,8,3380,0.23668639053254437
Portugal Liga NOS,2021,volleys,3,3380,0.08875739644970414
Portugal Liga NOS,2022,acceleration,196,4345,4.5109321058688145
Portugal Liga NOS,2022,aggression,88,4345,2.0253164556962027
Portugal Liga NOS,2022,agility,121,4345,2.7848101265822787
Portugal Liga NOS,2022,balance,69,4345,1.5880322209436133
Portugal Liga NOS,2022,ball_control,184,4345,4.234752589182969
Portugal Liga NOS,2022,composure,100,4345,2.3014959723820483
Portugal Liga NOS,2022,crossing,95,4345,2.186421173762946
Portugal Liga NOS,2022,curve,69,4345,1.5880322209436133
Portugal Liga NOS,2022,defensive_awareness,145,4345,3.33716915995397
Portugal Liga NOS,2022,dribbling,162,4345,3.7284234752589183
Portugal Liga NOS,2022,finishing,128,4345,2.945914844649022
Portugal Liga NOS,2022,fk_accuracy,47,4345,1.0817031070195626
Portugal Liga NOS,2022,gk_diving,31,4345,0.713463751438435
Portugal Liga NOS,2022,gk_handling,27,4345,0.6214039125431531
Portugal Liga NOS,2022,gk_kicking,29,4345,0.667433831990794
Portugal Liga NOS,2022,gk_positioning,29,4345,0.667433831990794
Portugal Liga NOS,2022,gk_reflexes,33,4345,0.759493670886076
Portugal Liga NOS,2022,heading_accuracy,77,4345,1.7721518987341771
Portugal Liga NOS,2022,interceptions,157,4345,3.613348676639816
Portugal Liga NOS,2022,jumping,182,4345,4.188722669735328
Portugal Liga NOS,2022,long_passing,145,4345,3.33716915995397
Portugal Liga NOS,2022,long_shots,113,4345,2.6006904487917146
Portugal Liga NOS,2022,penalties,33,4345,0.759493670886076
Portugal Liga NOS,2022,positioning,132,4345,3.037974683544304
Portugal Liga NOS,2022,reactions,217,4345,4.994246260069045
Portugal Liga NOS,2022,short_passing,165,4345,3.7974683544303796
Portugal Liga NOS,2022,shot_power,101,4345,2.324510932105869
Portugal Liga NOS,2022,sliding_tackle,143,4345,3.2911392405063293
Portugal Liga NOS,2022,sprint_speed,185,4345,4.25776754890679
Portugal Liga NOS,2022,stamina,237,4345,5.454545454545454
Portugal Liga NOS,2022,standing_tackle,154,4345,3.5443037974683542
Portugal Liga NOS,2022,strength,161,4345,3.705408515535098
Portugal Liga NOS,2022,vision,140,4345,3.2220943613348676
Portugal Liga NOS,2022,volleys,62,4345,1.42692750287687
Portugal Liga NOS,2023,acceleration,35,5072,0.6900630914826499
Portugal Liga NOS,2023,aggression,12,5072,0.23659305993690852
Portugal Liga NOS,2023,agility,11,5072,0.21687697160883282
Portugal Liga NOS,2023,balance,14,5072,0.27602523659305994
Portugal Liga NOS,2023,ball_control,28,5072,0.5520504731861199
Portugal Liga NOS,2023,composure,15,5072,0.29574132492113564
Portugal Liga NOS,2023,crossing,21,5072,0.4140378548895899
Portugal Liga NOS,2023,curve,9,5072,0.1774447949526814
Portugal Liga NOS,2023,defensive_awareness,14,5072,0.27602523659305994
Portugal Liga NOS,2023,dribbling,27,5072,0.5323343848580442
Portugal Liga NOS,2023,finishing,17,5072,0.3351735015772871
Portugal Liga NOS,2023,fk_accuracy,3,5072,0.05914826498422713
Portugal Liga NOS,2023,gk_diving,7,5072,0.13801261829652997
Portugal Liga NOS,2023,gk_handling,7,5072,0.13801261829652997
Portugal Liga NOS,2023,gk_kicking,6,5072,0.11829652996845426
Portugal Liga NOS,2023,gk_positioning,6,5072,0.11829652996845426
Portugal Liga NOS,2023,gk_reflexes,6,5072,0.11829652996845426
Portugal Liga NOS,2023,heading_accuracy,1,5072,0.01971608832807571
Portugal Liga NOS,2023,interceptions,15,5072,0.29574132492113564
Portugal Liga NOS,2023,jumping,43,5072,0.8477917981072555
Portugal Liga NOS,2023,long_passing,19,5072,0.3746056782334385
Portugal Liga NOS,2023,long_shots,16,5072,0.31545741324921134
Portugal Liga NOS,2023,penalties,1,5072,0.01971608832807571
Portugal Liga NOS,2023,positioning,22,5072,0.43375394321766564
Portugal Liga NOS,2023,reactions,31,5072,0.611198738170347
Portugal Liga NOS,2023,short_passing,24,5072,0.47318611987381703
Portugal Liga NOS,2023,shot_power,13,5072,0.25630914826498424
Portugal Liga NOS,2023,sliding_tackle,12,5072,0.23659305993690852
Portugal Liga NOS,2023,sprint_speed,33,5072,0.6506309148264984
Portugal Liga NOS,2023,stamina,52,5072,1.025236593059937
Portugal Liga NOS,2023,standing_tackle,15,5072,0.29574132492113564
Portugal Liga NOS,2023,strength,19,5072,0.3746056782334385
Portugal Liga NOS,2023,vision,21,5072,0.4140378548895899
Portugal Liga NOS,2023,volleys,2,5072,0.03943217665615142
Portugal Liga NOS,2024,acceleration,51,4651,1.0965383788432594
Portugal Liga NOS,2024,aggression,39,4651,0.8385293485271984
Portugal Liga NOS,2024,agility,37,4651,0.7955278434745217
Portugal Liga NOS,2024,balance,24,4651,0.5160180606321221
Portugal Liga NOS,2024,ball_control,84,4651,1.8060632122124274
Portugal Liga NOS,2024,composure,60,4651,1.2900451515803053
Portugal Liga NOS,2024,crossing,44,4651,0.9460331111588905
Portugal Liga NOS,2024,curve,25,4651,0.5375188131584605
Portugal Liga NOS,2024,defensive_awareness,51,4651,1.0965383788432594
Portugal Liga NOS,2024,dribbling,67,4651,1.4405504192646743
Portugal Liga NOS,2024,finishing,43,4651,0.9245323586325521
Portugal Liga NOS,2024,fk_accuracy,14,4651,0.3010105353687379
Portugal Liga NOS,2024,gk_diving,12,4651,0.25800903031606104
Portugal Liga NOS,2024,gk_handling,11,4651,0.23650827778972264
Portugal Liga NOS,2024,gk_kicking,8,4651,0.17200602021070738
Portugal Liga NOS,2024,gk_positioning,12,4651,0.25800903031606104
Portugal Liga NOS,2024,gk_reflexes,11,4651,0.23650827778972264
Portugal Liga NOS,2024,heading_accuracy,28,4651,0.6020210707374758
Portugal Liga NOS,2024,interceptions,50,4651,1.075037626316921
Portugal Liga NOS,2024,jumping,94,4651,2.0210707374758115
Portugal Liga NOS,2024,long_passing,42,4651,0.9030316061062137
Portugal Liga NOS,2024,long_shots,29,4651,0.6235218232638142
Portugal Liga NOS,2024,penalties,10,4651,0.2150075252633842
Portugal Liga NOS,2024,positioning,62,4651,1.3330466566329822
Portugal Liga NOS,2024,reactions,80,4651,1.7200602021070737
Portugal Liga NOS,2024,short_passing,59,4651,1.2685443990539669
Portugal Liga NOS,2024,shot_power,30,4651,0.6450225757901527
Portugal Liga NOS,2024,sliding_tackle,40,4651,0.8600301010535368
Portugal Liga NOS,2024,sprint_speed,50,4651,1.075037626316921
Portugal Liga NOS,2024,stamina,83,4651,1.784562459686089
Portugal Liga NOS,2024,standing_tackle,53,4651,1.1395398838959363
Portugal Liga NOS,2024,strength,47,4651,1.0105353687379057
Portugal Liga NOS,2024,vision,52,4651,1.1180391313695979
Portugal Liga NOS,2024,volleys,14,4651,0.3010105353687379
Saudi Arabia Professional League,2021,acceleration,8,3014,0.26542800265428
Saudi Arabia Professional League,2021,aggression,3,3014,0.099535500995355
Saudi Arabia Professional League,2021,agility,4,3014,0.13271400132714
Saudi Arabia Professional League,2021,balance,2,3014,0.06635700066357
Saudi Arabia Professional League,2021,ball_control,15,3014,0.49767750497677504
Saudi Arabia Professional League,2021,composure,4,3014,0.13271400132714
Saudi Arabia Professional League,2021,crossing,4,3014,0.13271400132714
Saudi Arabia Professional League,2021,curve,4,3014,0.13271400132714
Saudi Arabia Professional League,2021,defensive_awareness,2,3014,0.06635700066357
Saudi Arabia Professional League,2021,dribbling,12,3014,0.39814200398142
Saudi Arabia Professional League,2021,finishing,6,3014,0.19907100199071
Saudi Arabia Professional League,2021,fk_accuracy,1,3014,0.033178500331785
Saudi Arabia Professional League,2021,gk_diving,2,3014,0.06635700066357
Saudi Arabia Professional League,2021,gk_handling,1,3014,0.033178500331785
Saudi Arabia Professional League,2021,gk_kicking,1,3014,0.033178500331785
Saudi Arabia Professional League,2021,gk_positioning,2,3014,0.06635700066357
Saudi Arabia Professional League,2021,gk_reflexes,4,3014,0.13271400132714
Saudi Arabia Professional League,2021,heading_accuracy,3,3014,0.099535500995355
Saudi Arabia Professional League,2021,interceptions,4,3014,0.13271400132714
Saudi Arabia Professional League,2021,jumping,1,3014,0.033178500331785
Saudi Arabia Professional League,2021,long_passing,5,3014,0.16589250165892502
Saudi Arabia Professional League,2021,long_shots,3,3014,0.099535500995355
Saudi Arabia Professional League,2021,penalties,2,3014,0.06635700066357
Saudi Arabia Professional League,2021,positioning,4,3014,0.13271400132714
Saudi Arabia Professional League,2021,reactions,9,3014,0.298606502986065
Saudi Arabia Professional League,2021,short_passing,8,3014,0.26542800265428
Saudi Arabia Professional League,2021,shot_power,2,3014,0.06635700066357
Saudi Arabia Professional League,2021,sliding_tackle,6,3014,0.19907100199071
Saudi Arabia Professional League,2021,sprint_speed,18,3014,0.59721300597213
Saudi Arabia Professional League,2021,stamina,17,3014,0.5640345056403451
Saudi Arabia Professional League,2021,standing_tackle,7,3014,0.23224950232249503
Saudi Arabia Professional League,2021,strength,14,3014,0.46449900464499005
Saudi Arabia Professional League,2021,vision,9,3014,0.298606502986065
Saudi Arabia Professional League,2021,volleys,0,3014,0.0
Saudi Arabia Professional League,2022,acceleration,131,3908,3.3520982599795293
Saudi Arabia Professional League,2022,aggression,50,3908,1.2794268167860798
Saudi Arabia Professional League,2022,agility,97,3908,2.482088024564995
Saudi Arabia Professional League,2022,balance,59,3908,1.5097236438075743
Saudi Arabia Professional League,2022,ball_control,129,3908,3.300921187308086
Saudi Arabia Professional League,2022,composure,45,3908,1.1514841351074718
Saudi Arabia Professional League,2022,crossing,80,3908,2.0470829068577276
Saudi Arabia Professional League,2022,curve,27,3908,0.6908904810644831
Saudi Arabia Professional League,2022,defensive_awareness,83,3908,2.1238485158648923
Saudi Arabia Professional League,2022,dribbling,99,3908,2.533265097236438
Saudi Arabia Professional League,2022,finishing,70,3908,1.7911975435005119
Saudi Arabia Professional League,2022,fk_accuracy,28,3908,0.7164790174002047
Saudi Arabia Professional League,2022,gk_diving,15,3908,0.38382804503582396
Saudi Arabia Professional League,2022,gk_handling,13,3908,0.33265097236438074
Saudi Arabia Professional League,2022,gk_kicking,8,3908,0.2047082906857728
Saudi Arabia Professional League,2022,gk_positioning,17,3908,0.43500511770726713
Saudi Arabia Professional League,2022,gk_reflexes,16,3908,0.4094165813715456
Saudi Arabia Professional League,2022,heading_accuracy,53,3908,1.3561924257932447
Saudi Arabia Professional League,2022,interceptions,69,3908,1.76560900716479
Saudi Arabia Professional League,2022,jumping,120,3908,3.0706243602865917
Saudi Arabia Professional League,2022,long_passing,82,3908,2.0982599795291708
Saudi Arabia Professional League,2022,long_shots,47,3908,1.202661207778915
Saudi Arabia Professional League,2022,penalties,26,3908,0.6653019447287615
Saudi Arabia Professional League,2022,positioning,80,3908,2.0470829068577276
Saudi Arabia Professional League,2022,reactions,129,3908,3.300921187308086
Saudi Arabia Professional League,2022,short_passing,98,3908,2.5076765609007166
Saudi Arabia Professional League,2022,shot_power,54,3908,1.3817809621289663
Saudi Arabia Professional League,2022,sliding_tackle,74,3908,1.893551688843398
Saudi Arabia Professional League,2022,sprint_speed,183,3908,4.682702149437052
Saudi Arabia Professional League,2022,stamina,203,3908,5.194472876151484
Saudi Arabia Professional League,2022,standing_tackle,80,3908,2.0470829068577276
Saudi Arabia Professional League,2022,strength,255,3908,6.525076765609007
Saudi Arabia Professional League,2022,vision,65,3908,1.6632548618219039
Saudi Arabia Professional League,2022,volleys,25,3908,0.6397134083930399
Saudi Arabia Professional League,2023,acceleration,15,4795,0.31282586027111575
Saudi Arabia Professional League,2023,aggression,13,4795,0.2711157455683003
Saudi Arabia Professional League,2023,agility,17,4795,0.3545359749739312
Saudi Arabia Professional League,2023,balance,9,4795,0.18769551616266944
Saudi Arabia Professional League,2023,ball_control,14,4795,0.291970802919708
Saudi Arabia Professional League,2023,composure,5,4795,0.10427528675703858
Saudi Arabia Professional League,2023,crossing,24,4795,0.5005213764337852
Saudi Arabia Professional League,2023,curve,4,4795,0.08342022940563086
Saudi Arabia Professional League,2023,defensive_awareness,19,4795,0.3962460896767466
Saudi Arabia Professional League,2023,dribbling,9,4795,0.18769551616266944
Saudi Arabia Professional League,2023,finishing,8,4795,0.16684045881126172
Saudi Arabia Professional League,2023,fk_accuracy,2,4795,0.04171011470281543
Saudi Arabia Professional League,2023,gk_diving,2,4795,0.04171011470281543
Saudi Arabia Professional League,2023,gk_handling,2,4795,0.04171011470281543
Saudi Arabia Professional League,2023,gk_kicking,2,4795,0.04171011470281543
Saudi Arabia Professional League,2023,gk_positioning,3,4795,0.06256517205422316
Saudi Arabia Professional League,2023,gk_reflexes,4,4795,0.08342022940563086
Saudi Arabia Professional League,2023,heading_accuracy,8,4795,0.16684045881126172
Saudi Arabia Professional League,2023,interceptions,9,4795,0.18769551616266944
Saudi Arabia Professional League,2023,jumping,37,4795,0.7716371220020855
Saudi Arabia Professional League,2023,long_passing,10,4795,0.20855057351407716
Saudi Arabia Professional League,2023,long_shots,6,4795,0.1251303441084463
Saudi Arabia Professional League,2023,penalties,2,4795,0.04171011470281543
Saudi Arabia Professional League,2023,positioning,7,4795,0.145985401459854
Saudi Arabia Professional League,2023,reactions,21,4795,0.43795620437956206
Saudi Arabia Professional League,2023,short_passing,18,4795,0.3753910323253389
Saudi Arabia Professional League,2023,shot_power,6,4795,0.1251303441084463
Saudi Arabia Professional League,2023,sliding_tackle,15,4795,0.31282586027111575
Saudi Arabia Professional League,2023,sprint_speed,27,4795,0.5630865484880083
Saudi Arabia Professional League,2023,stamina,21,4795,0.43795620437956206
Saudi Arabia Professional League,2023,standing_tackle,23,4795,0.4796663190823775
Saudi Arabia Professional League,2023,strength,53,4795,1.105318039624609
Saudi Arabia Professional League,2023,vision,7,4795,0.145985401459854
Saudi Arabia Professional League,2023,volleys,2,4795,0.04171011470281543
Saudi Arabia Professional League,2024,acceleration,26,4442,0.585321927059883
Saudi Arabia Professional League,2024,aggression,13,4442,0.2926609635299415
Saudi Arabia Professional League,2024,agility,24,4442,0.540297163439892
Saudi Arabia Professional League,2024,balance,15,4442,0.33768572714993245
Saudi Arabia Professional League,2024,ball_control,13,4442,0.2926609635299415
Saudi Arabia Professional League,2024,composure,5,4442,0.11256190904997748
Saudi Arabia Professional League,2024,crossing,15,4442,0.33768572714993245
Saudi Arabia Professional League,2024,curve,6,4442,0.135074290859973
Saudi Arabia Professional League,2024,defensive_awareness,14,4442,0.31517334533993696
Saudi Arabia Professional League,2024,dribbling,12,4442,0.270148581719946
Saudi Arabia Professional League,2024,finishing,7,4442,0.15758667266996848
Saudi Arabia Professional League,2024,fk_accuracy,5,4442,0.11256190904997748
Saudi Arabia Professional League,2024,gk_diving,3,4442,0.0675371454299865
Saudi Arabia Professional League,2024,gk_handling,3,4442,0.0675371454299865
Saudi Arabia Professional League,2024,gk_kicking,3,4442,0.0675371454299865
Saudi Arabia Professional League,2024,gk_positioning,3,4442,0.0675371454299865
Saudi Arabia Professional League,2024,gk_reflexes,3,4442,0.0675371454299865
Saudi Arabia Professional League,2024,heading_accuracy,8,4442,0.180099054479964
Saudi Arabia Professional League,2024,interceptions,12,4442,0.270148581719946
Saudi Arabia Professional League,2024,jumping,38,4442,0.8554705087798289
Saudi Arabia Professional League,2024,long_passing,21,4442,0.47276001800990547
Saudi Arabia Professional League,2024,long_shots,7,4442,0.15758667266996848
Saudi Arabia Professional League,2024,penalties,5,4442,0.11256190904997748
Saudi Arabia Professional League,2024,positioning,7,4442,0.15758667266996848
Saudi Arabia Professional League,2024,reactions,23,4442,0.5177847816298965
Saudi Arabia Professional League,2024,short_passing,18,4442,0.40522287257991896
Saudi Arabia Professional League,2024,shot_power,10,4442,0.22512381809995496
Saudi Arabia Professional League,2024,sliding_tackle,19,4442,0.42773525438991444
Saudi Arabia Professional League,2024,sprint_speed,29,4442,0.6528590724898694
Saudi Arabia Professional League,2024,stamina,15,4442,0.33768572714993245
Saudi Arabia Professional League,2024,standing_tackle,18,4442,0.40522287257991896
Saudi Arabia Professional League,2024,strength,40,4442,0.9004952723998199
Saudi Arabia Professional League,2024,vision,10,4442,0.22512381809995496
Saudi Arabia Professional League,2024,volleys,3,4442,0.0675371454299865
Scotland Premiership,2021,acceleration,7,2053,0.34096444227959083
Scotland Premiership,2021,aggression,13,2053,0.6332196785192401
Scotland Premiership,2021,agility,7,2053,0.34096444227959083
Scotland Premiership,2021,balance,7,2053,0.34096444227959083
Scotland Premiership,2021,ball_control,35,2053,1.7048222113979543
Scotland Premiership,2021,composure,8,2053,0.3896736483195324
Scotland Premiership,2021,crossing,16,2053,0.7793472966390648
Scotland Premiership,2021,curve,7,2053,0.34096444227959083
Scotland Premiership,2021,defensive_awareness,23,2053,1.1203117389186557
Scotland Premiership,2021,dribbling,23,2053,1.1203117389186557
Scotland Premiership,2021,finishing,26,2053,1.2664393570384802
Scotland Premiership,2021,fk_accuracy,8,2053,0.3896736483195324
Scotland Premiership,2021,gk_diving,10,2053,0.4870920603994155
Scotland Premiership,2021,gk_handling,9,2053,0.43838285435947394
Scotland Premiership,2021,gk_kicking,9,2053,0.43838285435947394
Scotland Premiership,2021,gk_positioning,7,2053,0.34096444227959083
Scotland Premiership,2021,gk_reflexes,10,2053,0.4870920603994155
Scotland Premiership,2021,heading_accuracy,22,2053,1.071602532878714
Scotland Premiership,2021,interceptions,19,2053,0.9254749147588894
Scotland Premiership,2021,jumping,10,2053,0.4870920603994155
Scotland Premiership,2021,long_passing,21,2053,1.0228933268387725
Scotland Premiership,2021,long_shots,19,2053,0.9254749147588894
Scotland Premiership,2021,penalties,9,2053,0.43838285435947394
Scotland Premiership,2021,positioning,20,2053,0.974184120798831
Scotland Premiership,2021,reactions,24,2053,1.169020944958597
Scotland Premiership,2021,short_passing,37,2053,1.8022406234778372
Scotland Premiership,2021,shot_power,17,2053,0.8280565026790063
Scotland Premiership,2021,sliding_tackle,24,2053,1.169020944958597
Scotland Premiership,2021,sprint_speed,8,2053,0.3896736483195324
Scotland Premiership,2021,stamina,15,2053,0.7306380905991232
Scotland Premiership,2021,standing_tackle,33,2053,1.6074037993180712
Scotland Premiership,2021,strength,7,2053,0.34096444227959083
Scotland Premiership,2021,vision,20,2053,0.974184120798831
Scotland Premiership,2021,volleys,10,2053,0.4870920603994155
Scotland Premiership,2022,acceleration,95,2476,3.8368336025848144
Scotland Premiership,2022,aggression,102,2476,4.119547657512117
Scotland Premiership,2022,agility,73,2476,2.9483037156704364
Scotland Premiership,2022,balance,98,2476,3.9579967689822295
Scotland Premiership,2022,ball_control,109,2476,4.402261712439419
Scotland Premiership,2022,composure,71,2476,2.867528271405493
Scotland Premiership,2022,crossing,79,2476,3.1906300484652665
Scotland Premiership,2022,curve,47,2476,1.8982229402261712
Scotland Premiership,2022,defensive_awareness,69,2476,2.7867528271405493
Scotland Premiership,2022,dribbling,108,2476,4.361873990306947
Scotland Premiership,2022,finishing,98,2476,3.9579967689822295
Scotland Premiership,2022,fk_accuracy,42,2476,1.6962843295638126
Scotland Premiership,2022,gk_diving,8,2476,0.32310177705977383
Scotland Premiership,2022,gk_handling,9,2476,0.36348949919224555
Scotland Premiership,2022,gk_kicking,6,2476,0.24232633279483037
Scotland Premiership,2022,gk_positioning,6,2476,0.24232633279483037
Scotland Premiership,2022,gk_reflexes,8,2476,0.32310177705977383
Scotland Premiership,2022,heading_accuracy,69,2476,2.7867528271405493
Scotland Premiership,2022,interceptions,56,2476,2.261712439418417
Scotland Premiership,2022,jumping,65,2476,2.625201938610662
Scotland Premiership,2022,long_passing,110,2476,4.44264943457189
Scotland Premiership,2022,long_shots,72,2476,2.9079159935379644
Scotland Premiership,2022,penalties,43,2476,1.7366720516962844
Scotland Premiership,2022,positioning,67,2476,2.7059773828756057
Scotland Premiership,2022,reactions,80,2476,3.231017770597738
Scotland Premiership,2022,short_passing,116,2476,4.684975767366721
Scotland Premiership,2022,shot_power,65,2476,2.625201938610662
Scotland Premiership,2022,sliding_tackle,87,2476,3.5137318255250403
Scotland Premiership,2022,sprint_speed,115,2476,4.644588045234249
Scotland Premiership,2022,stamina,107,2476,4.321486268174475
Scotland Premiership,2022,standing_tackle,95,2476,3.8368336025848144
Scotland Premiership,2022,strength,99,2476,3.998384491114701
Scotland Premiership,2022,vision,74,2476,2.988691437802908
Scotland Premiership,2022,volleys,45,2476,1.8174474959612277
Scotland Premiership,2023,acceleration,3,2769,0.10834236186348863
Scotland Premiership,2023,aggression,5,2769,0.18057060310581438
Scotland Premiership,2023,agility,3,2769,0.10834236186348863
Scotland Premiership,2023,balance,11,2769,0.39725532683279163
Scotland Premiership,2023,ball_control,6,2769,0.21668472372697725
Scotland Premiership,2023,composure,3,2769,0.10834236186348863
Scotland Premiership,2023,crossing,6,2769,0.21668472372697725
Scotland Premiership,2023,curve,5,2769,0.18057060310581438
Scotland Premiership,2023,defensive_awareness,5,2769,0.18057060310581438
Scotland Premiership,2023,dribbling,7,2769,0.25279884434814015
Scotland Premiership,2023,finishing,7,2769,0.25279884434814015
Scotland Premiership,2023,fk_accuracy,3,2769,0.10834236186348863
Scotland Premiership,2023,gk_diving,0,2769,0.0
Scotland Premiership,2023,gk_handling,0,2769,0.0
Scotland Premiership,2023,gk_kicking,0,2769,0.0
Scotland Premiership,2023,gk_positioning,0,2769,0.0
Scotland Premiership,2023,gk_reflexes,0,2769,0.0
Scotland Premiership,2023,heading_accuracy,6,2769,0.21668472372697725
Scotland Premiership,2023,interceptions,8,2769,0.288912964969303
Scotland Premiership,2023,jumping,10,2769,0.36114120621162876
Scotland Premiership,2023,long_passing,11,2769,0.39725532683279163
Scotland Premiership,2023,long_shots,5,2769,0.18057060310581438
Scotland Premiership,2023,penalties,2,2769,0.07222824124232576
Scotland Premiership,2023,positioning,5,2769,0.18057060310581438
Scotland Premiership,2023,reactions,4,2769,0.1444564824846515
Scotland Premiership,2023,short_passing,9,2769,0.3250270855904659
Scotland Premiership,2023,shot_power,7,2769,0.25279884434814015
Scotland Premiership,2023,sliding_tackle,10,2769,0.36114120621162876
Scotland Premiership,2023,sprint_speed,11,2769,0.39725532683279163
Scotland Premiership,2023,stamina,13,2769,0.4694835680751174
Scotland Premiership,2023,standing_tackle,8,2769,0.288912964969303
Scotland Premiership,2023,strength,10,2769,0.36114120621162876
Scotland Premiership,2023,vision,10,2769,0.36114120621162876
Scotland Premiership,2023,volleys,4,2769,0.1444564824846515
Scotland Premiership,2024,acceleration,15,2667,0.562429696287964
Scotland Premiership,2024,aggression,19,2667,0.7124109486314211
Scotland Premiership,2024,agility,14,2667,0.5249343832020997
Scotland Premiership,2024,balance,10,2667,0.3749531308586427
Scotland Premiership,2024,ball_control,25,2667,0.9373828271466067
Scotland Premiership,2024,composure,21,2667,0.7874015748031497
Scotland Premiership,2024,crossing,26,2667,0.974878140232471
Scotland Premiership,2024,curve,20,2667,0.7499062617172854
Scotland Premiership,2024,defensive_awareness,20,2667,0.7499062617172854
Scotland Premiership,2024,dribbling,26,2667,0.974878140232471
Scotland Premiership,2024,finishing,29,2667,1.0873640794900636
Scotland Premiership,2024,fk_accuracy,6,2667,0.2249718785151856
Scotland Premiership,2024,gk_diving,5,2667,0.18747656542932134
Scotland Premiership,2024,gk_handling,4,2667,0.14998125234345708
Scotland Premiership,2024,gk_kicking,3,2667,0.1124859392575928
Scotland Premiership,2024,gk_positioning,4,2667,0.14998125234345708
Scotland Premiership,2024,gk_reflexes,4,2667,0.14998125234345708
Scotland Premiership,2024,heading_accuracy,28,2667,1.0498687664041995
Scotland Premiership,2024,interceptions,21,2667,0.7874015748031497
Scotland Premiership,2024,jumping,38,2667,1.4248218972628421
Scotland Premiership,2024,long_passing,23,2667,0.8623922009748781
Scotland Premiership,2024,long_shots,19,2667,0.7124109486314211
Scotland Premiership,2024,penalties,12,2667,0.4499437570303712
Scotland Premiership,2024,positioning,23,2667,0.8623922009748781
Scotland Premiership,2024,reactions,25,2667,0.9373828271466067
Scotland Premiership,2024,short_passing,22,2667,0.8248968878890138
Scotland Premiership,2024,shot_power,17,2667,0.6374203224596925
Scotland Premiership,2024,sliding_tackle,23,2667,0.8623922009748781
Scotland Premiership,2024,sprint_speed,20,2667,0.7499062617172854
Scotland Premiership,2024,stamina,14,2667,0.5249343832020997
Scotland Premiership,2024,standing_tackle,25,2667,0.9373828271466067
Scotland Premiership,2024,strength,27,2667,1.0123734533183353
Scotland Premiership,2024,vision,23,2667,0.8623922009748781
Scotland Premiership,2024,volleys,15,2667,0.562429696287964
Spain La Liga,2021,acceleration,5,4049,0.12348728081007657
Spain La Liga,2021,aggression,9,4049,0.2222771054581378
Spain La Liga,2021,agility,5,4049,0.12348728081007657
Spain La Liga,2021,balance,4,4049,0.09878982464806126
Spain La Liga,2021,ball_control,11,4049,0.27167201778216843
Spain La Liga,2021,composure,7,4049,0.1728821931341072
Spain La Liga,2021,crossing,3,4049,0.07409236848604593
Spain La Liga,2021,curve,4,4049,0.09878982464806126
Spain La Liga,2021,defensive_awareness,9,4049,0.2222771054581378
Spain La Liga,2021,dribbling,7,4049,0.1728821931341072
Spain La Liga,2021,finishing,8,4049,0.1975796492961225
Spain La Liga,2021,fk_accuracy,3,4049,0.07409236848604593
Spain La Liga,2021,gk_diving,11,4049,0.27167201778216843
Spain La Liga,2021,gk_handling,10,4049,0.24697456162015313
Spain La Liga,2021,gk_kicking,9,4049,0.2222771054581378
Spain La Liga,2021,gk_positioning,10,4049,0.24697456162015313
Spain La Liga,2021,gk_reflexes,9,4049,0.2222771054581378
Spain La Liga,2021,heading_accuracy,9,4049,0.2222771054581378
Spain La Liga,2021,interceptions,9,4049,0.2222771054581378
Spain La Liga,2021,jumping,2,4049,0.04939491232403063
Spain La Liga,2021,long_passing,10,4049,0.24697456162015313
Spain La Liga,2021,long_shots,5,4049,0.12348728081007657
Spain La Liga,2021,penalties,1,4049,0.024697456162015314
Spain La Liga,2021,positioning,3,4049,0.07409236848604593
Spain La Liga,2021,reactions,18,4049,0.4445542109162756
Spain La Liga,2021,short_passing,13,4049,0.3210669301061991
Spain La Liga,2021,shot_power,10,4049,0.24697456162015313
Spain La Liga,2021,sliding_tackle,9,4049,0.2222771054581378
Spain La Liga,2021,sprint_speed,6,4049,0.14818473697209186
Spain La Liga,2021,stamina,13,4049,0.3210669301061991
Spain La Liga,2021,standing_tackle,9,4049,0.2222771054581378
Spain La Liga,2021,strength,7,4049,0.1728821931341072
Spain La Liga,2021,vision,6,4049,0.14818473697209186
Spain La Liga,2021,volleys,4,4049,0.09878982464806126
Spain La Liga,2022,acceleration,524,4377,11.971670093671465
Spain La Liga,2022,aggression,185,4377,4.226639250628284
Spain La Liga,2022,agility,426,4377,9.732693625771075
Spain La Liga,2022,balance,321,4377,7.333790267306374
Spain La Liga,2022,ball_control,438,4377,10.006854009595614
Spain La Liga,2022,composure,173,4377,3.9524788668037467
Spain La Liga,2022,crossing,213,4377,4.866346812885538
Spain La Liga,2022,curve,122,4377,2.787297235549463
Spain La Liga,2022,defensive_awareness,202,4377,4.615033127713046
Spain La Liga,2022,dribbling,334,4377,7.630797349782957
Spain La Liga,2022,finishing,258,4377,5.894448252227553
Spain La Liga,2022,fk_accuracy,80,4377,1.8277358921635825
Spain La Liga,2022,gk_diving,43,4377,0.9824080420379255
Spain La Liga,2022,gk_handling,43,4377,0.9824080420379255
Spain La Liga,2022,gk_kicking,30,4377,0.6854009595613434
Spain La Liga,2022,gk_positioning,50,4377,1.142334932602239
Spain La Liga,2022,gk_reflexes,41,4377,0.9367146447338359
Spain La Liga,2022,heading_accuracy,211,4377,4.820653415581448
Spain La Liga,2022,interceptions,213,4377,4.866346812885538
Spain La Liga,2022,jumping,276,4377,6.305688827964359
Spain La Liga,2022,long_passing,264,4377,6.031528444139822
Spain La Liga,2022,long_shots,212,4377,4.8435001142334935
Spain La Liga,2022,penalties,55,4377,1.256568425862463
Spain La Liga,2022,positioning,201,4377,4.592186429061001
Spain La Liga,2022,reactions,309,4377,7.059629883481837
Spain La Liga,2022,short_passing,422,4377,9.641306831162897
Spain La Liga,2022,shot_power,196,4377,4.477952935800777
Spain La Liga,2022,sliding_tackle,241,4377,5.506054375142792
Spain La Liga,2022,sprint_speed,561,4377,12.816997943797121
Spain La Liga,2022,stamina,545,4377,12.451450765364404
Spain La Liga,2022,standing_tackle,268,4377,6.122915238748001
Spain La Liga,2022,strength,456,4377,10.418094585332419
Spain La Liga,2022,vision,213,4377,4.866346812885538
Spain La Liga,2022,volleys,90,4377,2.0562028786840303
Spain La Liga,2023,acceleration,48,4661,1.0298219266251878
Spain La Liga,2023,aggression,11,4661,0.23600085818493885
Spain La Liga,2023,agility,36,4661,0.7723664449688908
Spain La Liga,2023,balance,27,4661,0.5792748337266681
Spain La Liga,2023,ball_control,35,4661,0.7509118214975328
Spain La Liga,2023,composure,15,4661,0.32181935207037116
Spain La Liga,2023,crossing,15,4661,0.32181935207037116
Spain La Liga,2023,curve,13,4661,0.278910105127655
Spain La Liga,2023,defensive_awareness,11,4661,0.23600085818493885
Spain La Liga,2023,dribbling,27,4661,0.5792748337266681
Spain La Liga,2023,finishing,20,4661,0.42909246942716156
Spain La Liga,2023,fk_accuracy,14,4661,0.3003647285990131
Spain La Liga,2023,gk_diving,11,4661,0.23600085818493885
Spain La Liga,2023,gk_handling,11,4661,0.23600085818493885
Spain La Liga,2023,gk_kicking,10,4661,0.21454623471358078
Spain La Liga,2023,gk_positioning,11,4661,0.23600085818493885
Spain La Liga,2023,gk_reflexes,11,4661,0.23600085818493885
Spain La Liga,2023,heading_accuracy,8,4661,0.1716369877708646
Spain La Liga,2023,interceptions,13,4661,0.278910105127655
Spain La Liga,2023,jumping,41,4661,0.8796395623256812
Spain La Liga,2023,long_passing,19,4661,0.4076378459558035
Spain La Liga,2023,long_shots,22,4661,0.4720017163698777
Spain La Liga,2023,penalties,2,4661,0.04290924694271615
Spain La Liga,2023,positioning,18,4661,0.3861832224844454
Spain La Liga,2023,reactions,27,4661,0.5792748337266681
Spain La Liga,2023,short_passing,31,4661,0.6650933276121004
Spain La Liga,2023,shot_power,30,4661,0.6436387041407423
Spain La Liga,2023,sliding_tackle,7,4661,0.15018236429950654
Spain La Liga,2023,sprint_speed,54,4661,1.1585496674533362
Spain La Liga,2023,stamina,52,4661,1.11564042051062
Spain La Liga,2023,standing_tackle,9,4661,0.1930916112422227
Spain La Liga,2023,strength,51,4661,1.0941857970392619
Spain La Liga,2023,vision,11,4661,0.23600085818493885
Spain La Liga,2023,volleys,10,4661,0.21454623471358078
Spain La Liga,2024,acceleration,61,4392,1.3888888888888888
Spain La Liga,2024,aggression,30,4392,0.6830601092896175
Spain La Liga,2024,agility,40,4392,0.9107468123861566
Spain La Liga,2024,balance,33,4392,0.7513661202185792
Spain La Liga,2024,ball_control,52,4392,1.1839708561020037
Spain La Liga,2024,composure,32,4392,0.7285974499089253
Spain La Liga,2024,crossing,28,4392,0.6375227686703097
Spain La Liga,2024,curve,24,4392,0.546448087431694
Spain La Liga,2024,defensive_awareness,25,4392,0.569216757741348
Spain La Liga,2024,dribbling,35,4392,0.7969034608378871
Spain La Liga,2024,finishing,35,4392,0.7969034608378871
Spain La Liga,2024,fk_accuracy,7,4392,0.15938069216757741
Spain La Liga,2024,gk_diving,7,4392,0.15938069216757741
Spain La Liga,2024,gk_handling,9,4392,0.20491803278688525
Spain La Liga,2024,gk_kicking,8,4392,0.18214936247723132
Spain La Liga,2024,gk_positioning,10,4392,0.22768670309653916
Spain La Liga,2024,gk_reflexes,10,4392,0.22768670309653916
Spain La Liga,2024,heading_accuracy,23,4392,0.52367941712204
Spain La Liga,2024,interceptions,30,4392,0.6830601092896175
Spain La Liga,2024,jumping,67,4392,1.5255009107468125
Spain La Liga,2024,long_passing,46,4392,1.04735883424408
Spain La Liga,2024,long_shots,28,4392,0.6375227686703097
Spain La Liga,2024,penalties,4,4392,0.09107468123861566
Spain La Liga,2024,positioning,40,4392,0.9107468123861566
Spain La Liga,2024,reactions,45,4392,1.0245901639344261
Spain La Liga,2024,short_passing,49,4392,1.115664845173042
Spain La Liga,2024,shot_power,36,4392,0.819672131147541
Spain La Liga,2024,sliding_tackle,26,4392,0.5919854280510018
Spain La Liga,2024,sprint_speed,69,4392,1.5710382513661203
Spain La Liga,2024,stamina,78,4392,1.7759562841530054
Spain La Liga,2024,standing_tackle,24,4392,0.546448087431694
Spain La Liga,2024,strength,44,4392,1.0018214936247722
Spain La Liga,2024,vision,41,4392,0.9335154826958105
Spain La Liga,2024,volleys,10,4392,0.22768670309653916
Spain Segunda División,2021,acceleration,29,4146,0.6994693680656054
Spain Segunda División,2021,aggression,24,4146,0.5788712011577424
Spain Segunda División,2021,agility,26,4146,0.6271104679208876
Spain Segunda División,2021,balance,11,4146,0.2653159671972986
Spain Segunda División,2021,ball_control,30,4146,0.723589001447178
Spain Segunda División,2021,composure,27,4146,0.6512301013024602
Spain Segunda División,2021,crossing,12,4146,0.2894356005788712
Spain Segunda División,2021,curve,15,4146,0.361794500723589
Spain Segunda División,2021,defensive_awareness,11,4146,0.2653159671972986
Spain Segunda División,2021,dribbling,28,4146,0.6753497346840328
Spain Segunda División,2021,finishing,28,4146,0.6753497346840328
Spain Segunda División,2021,fk_accuracy,8,4146,0.1929570670525808
Spain Segunda División,2021,gk_diving,4,4146,0.0964785335262904
Spain Segunda División,2021,gk_handling,5,4146,0.120598166907863
Spain Segunda División,2021,gk_kicking,3,4146,0.0723589001447178
Spain Segunda División,2021,gk_positioning,5,4146,0.120598166907863
Spain Segunda División,2021,gk_reflexes,2,4146,0.0482392667631452
Spain Segunda División,2021,heading_accuracy,16,4146,0.3859141341051616
Spain Segunda División,2021,interceptions,16,4146,0.3859141341051616
Spain Segunda División,2021,jumping,21,4146,0.5065123010130246
Spain Segunda División,2021,long_passing,26,4146,0.6271104679208876
Spain Segunda División,2021,long_shots,21,4146,0.5065123010130246
Spain Segunda División,2021,penalties,11,4146,0.2653159671972986
Spain Segunda División,2021,positioning,18,4146,0.4341534008683068
Spain Segunda División,2021,reactions,25,4146,0.602990834539315
Spain Segunda División,2021,short_passing,32,4146,0.7718282682103232
Spain Segunda División,2021,shot_power,24,4146,0.5788712011577424
Spain Segunda División,2021,sliding_tackle,13,4146,0.3135552339604438
Spain Segunda División,2021,sprint_speed,22,4146,0.5306319343945972
Spain Segunda División,2021,stamina,33,4146,0.7959479015918958
Spain Segunda División,2021,standing_tackle,19,4146,0.4582730342498794
Spain Segunda División,2021,strength,33,4146,0.7959479015918958
Spain Segunda División,2021,vision,20,4146,0.482392667631452
Spain Segunda División,2021,volleys,11,4146,0.2653159671972986
Spain Segunda División,2022,acceleration,389,5364,7.252050708426547
Spain Segunda División,2022,aggression,137,5364,2.5540641312453394
Spain Segunda División,2022,agility,344,5364,6.413124533929903
Spain Segunda División,2022,balance,302,5364,5.630126771066369
Spain Segunda División,2022,ball_control,528,5364,9.843400447427292
Spain Segunda División,2022,composure,139,5364,2.5913497390007456
Spain Segunda División,2022,crossing,259,5364,4.828486204325131
Spain Segunda División,2022,curve,76,5364,1.4168530947054436
Spain Segunda División,2022,defensive_awareness,178,5364,3.318419090231171
Spain Segunda División,2022,dribbling,396,5364,7.382550335570469
Spain Segunda División,2022,finishing,288,5364,5.369127516778524
Spain Segunda División,2022,fk_accuracy,48,5364,0.8948545861297539
Spain Segunda División,2022,gk_diving,47,5364,0.8762117822520508
Spain Segunda División,2022,gk_handling,44,5364,0.8202833706189411
Spain Segunda División,2022,gk_kicking,45,5364,0.8389261744966443
Spain Segunda División,2022,gk_positioning,45,5364,0.8389261744966443
Spain Segunda División,2022,gk_reflexes,42,5364,0.7829977628635347
Spain Segunda División,2022,heading_accuracy,273,5364,5.089485458612975
Spain Segunda División,2022,interceptions,208,5364,3.8777032065622667
Spain Segunda División,2022,jumping,327,5364,6.096196868008948
Spain Segunda División,2022,long_passing,275,5364,5.126771066368382
Spain Segunda División,2022,long_shots,211,5364,3.9336316181953768
Spain Segunda División,2022,penalties,49,5364,0.9134973900074571
Spain Segunda División,2022,positioning,174,5364,3.243847874720358
Spain Segunda División,2022,reactions,282,5364,5.257270693512305
Spain Segunda División,2022,short_passing,448,5364,8.351976137211036
Spain Segunda División,2022,shot_power,187,5364,3.4862043251304997
Spain Segunda División,2022,sliding_tackle,279,5364,5.201342281879195
Spain Segunda División,2022,sprint_speed,460,5364,8.575689783743474
Spain Segunda División,2022,stamina,479,5364,8.929903057419835
Spain Segunda División,2022,standing_tackle,308,5364,5.741983594332588
Spain Segunda División,2022,strength,454,5364,8.463832960477255
Spain Segunda División,2022,vision,187,5364,3.4862043251304997
Spain Segunda División,2022,volleys,52,5364,0.9694258016405667
Spain Segunda División,2023,acceleration,65,6276,1.035691523263225
Spain Segunda División,2023,aggression,38,6276,0.6054811982154238
Spain Segunda División,2023,agility,72,6276,1.147227533460803
Spain Segunda División,2023,balance,50,6276,0.7966857871255577
Spain Segunda División,2023,ball_control,121,6276,1.9279796048438496
Spain Segunda División,2023,composure,22,6276,0.3505417463352454
Spain Segunda División,2023,crossing,59,6276,0.940089228808158
Spain Segunda División,2023,curve,14,6276,0.22307202039515614
Spain Segunda División,2023,defensive_awareness,26,6276,0.41427660930529
Spain Segunda División,2023,dribbling,100,6276,1.5933715742511154
Spain Segunda División,2023,finishing,83,6276,1.3224984066284258
Spain Segunda División,2023,fk_accuracy,11,6276,0.1752708731676227
Spain Segunda División,2023,gk_diving,9,6276,0.14340344168260039
Spain Segunda División,2023,gk_handling,11,6276,0.1752708731676227
Spain Segunda División,2023,gk_kicking,11,6276,0.1752708731676227
Spain Segunda División,2023,gk_positioning,12,6276,0.19120458891013384
Spain Segunda División,2023,gk_reflexes,11,6276,0.1752708731676227
Spain Segunda División,2023,heading_accuracy,63,6276,1.0038240917782026
Spain Segunda División,2023,interceptions,39,6276,0.621414913957935
Spain Segunda División,2023,jumping,100,6276,1.5933715742511154
Spain Segunda División,2023,long_passing,62,6276,0.9878903760356915
Spain Segunda División,2023,long_shots,41,6276,0.6532823454429573
Spain Segunda División,2023,penalties,9,6276,0.14340344168260039
Spain Segunda División,2023,positioning,34,6276,0.5417463352453792
Spain Segunda División,2023,reactions,60,6276,0.9560229445506692
Spain Segunda División,2023,short_passing,114,6276,1.8164435946462716
Spain Segunda División,2023,shot_power,41,6276,0.6532823454429573
Spain Segunda División,2023,sliding_tackle,60,6276,0.9560229445506692
Spain Segunda División,2023,sprint_speed,75,6276,1.1950286806883366
Spain Segunda División,2023,stamina,98,6276,1.561504142766093
Spain Segunda División,2023,standing_tackle,75,6276,1.1950286806883366
Spain Segunda División,2023,strength,83,6276,1.3224984066284258
Spain Segunda División,2023,vision,42,6276,0.6692160611854685
Spain Segunda División,2023,volleys,14,6276,0.22307202039515614
Spain Segunda División,2024,acceleration,133,5857,2.2707870923681064
Spain Segunda División,2024,aggression,86,5857,1.4683284958169711
Spain Segunda División,2024,agility,103,5857,1.7585794775482329
Spain Segunda División,2024,balance,88,5857,1.502475670138296
Spain Segunda División,2024,ball_control,156,5857,2.663479597063343
Spain Segunda División,2024,composure,74,5857,1.2634454498890217
Spain Segunda División,2024,crossing,76,5857,1.2975926242103466
Spain Segunda División,2024,curve,51,5857,0.8707529451937852
Spain Segunda División,2024,defensive_awareness,78,5857,1.3317397985316715
Spain Segunda División,2024,dribbling,142,5857,2.4244493768140685
Spain Segunda División,2024,finishing,95,5857,1.6219907802629332
Spain Segunda División,2024,fk_accuracy,10,5857,0.17073587160662454
Spain Segunda División,2024,gk_diving,17,5857,0.29025098173126174
Spain Segunda División,2024,gk_handling,12,5857,0.20488304592794945
Spain Segunda División,2024,gk_kicking,9,5857,0.15366228444596208
Spain Segunda División,2024,gk_positioning,18,5857,0.30732456889192417
Spain Segunda División,2024,gk_reflexes,14,5857,0.23903022024927437
Spain Segunda División,2024,heading_accuracy,61,5857,1.0414888168004097
Spain Segunda División,2024,interceptions,73,5857,1.2463718627283593
Spain Segunda División,2024,jumping,203,5857,3.465938193614478
Spain Segunda División,2024,long_passing,90,5857,1.536622844459621
Spain Segunda División,2024,long_shots,57,5857,0.9731944681577599
Spain Segunda División,2024,penalties,9,5857,0.15366228444596208
Spain Segunda División,2024,positioning,86,5857,1.4683284958169711
Spain Segunda División,2024,reactions,143,5857,2.441522963974731
Spain Segunda División,2024,short_passing,123,5857,2.100051220761482
Spain Segunda División,2024,shot_power,69,5857,1.1780775140857094
Spain Segunda División,2024,sliding_tackle,71,5857,1.2122246884070342
Spain Segunda División,2024,sprint_speed,142,5857,2.4244493768140685
Spain Segunda División,2024,stamina,170,5857,2.9025098173126174
Spain Segunda División,2024,standing_tackle,95,5857,1.6219907802629332
Spain Segunda División,2024,strength,144,5857,2.4585965511353933
Spain Segunda División,2024,vision,98,5857,1.6732115417449207
Spain Segunda División,2024,volleys,22,5857,0.375618917534574
Switzerland Super League,2021,acceleration,18,1738,1.0356731875719218
Switzerland Super League,2021,aggression,12,1738,0.6904487917146145
Switzerland Super League,2021,agility,18,1738,1.0356731875719218
Switzerland Super League,2021,balance,11,1738,0.6329113924050633
Switzerland Super League,2021,ball_control,13,1738,0.7479861910241657
Switzerland Super League,2021,composure,9,1738,0.5178365937859609
Switzerland Super League,2021,crossing,10,1738,0.5753739930955121
Switzerland Super League,2021,curve,6,1738,0.34522439585730724
Switzerland Super League,2021,defensive_awareness,11,1738,0.6329113924050633
Switzerland Super League,2021,dribbling,11,1738,0.6329113924050633
Switzerland Super League,2021,finishing,14,1738,0.8055235903337169
Switzerland Super League,2021,fk_accuracy,4,1738,0.23014959723820483
Switzerland Super League,2021,gk_diving,1,1738,0.05753739930955121
Switzerland Super League,2021,gk_handling,2,1738,0.11507479861910241
Switzerland Super League,2021,gk_kicking,2,1738,0.11507479861910241
Switzerland Super League,2021,gk_positioning,2,1738,0.11507479861910241
Switzerland Super League,2021,gk_reflexes,2,1738,0.11507479861910241
Switzerland Super League,2021,heading_accuracy,5,1738,0.28768699654775604
Switzerland Super League,2021,interceptions,10,1738,0.5753739930955121
Switzerland Super League,2021,jumping,7,1738,0.40276179516685845
Switzerland Super League,2021,long_passing,7,1738,0.40276179516685845
Switzerland Super League,2021,long_shots,7,1738,0.40276179516685845
Switzerland Super League,2021,penalties,4,1738,0.23014959723820483
Switzerland Super League,2021,positioning,10,1738,0.5753739930955121
Switzerland Super League,2021,reactions,10,1738,0.5753739930955121
Switzerland Super League,2021,short_passing,11,1738,0.6329113924050633
Switzerland Super League,2021,shot_power,9,1738,0.5178365937859609
Switzerland Super League,2021,sliding_tackle,11,1738,0.6329113924050633
Switzerland Super League,2021,sprint_speed,17,1738,0.9781357882623706
Switzerland Super League,2021,stamina,17,1738,0.9781357882623706
Switzerland Super League,2021,standing_tackle,12,1738,0.6904487917146145
Switzerland Super League,2021,strength,12,1738,0.6904487917146145
Switzerland Super League,2021,vision,17,1738,0.9781357882623706
Switzerland Super League,2021,volleys,2,1738,0.11507479861910241
Switzerland Super League,2022,acceleration,103,2222,4.635463546354636
Switzerland Super League,2022,aggression,44,2222,1.9801980198019802
Switzerland Super League,2022,agility,89,2222,4.005400540054006
Switzerland Super League,2022,balance,59,2222,2.6552655265526552
Switzerland Super League,2022,ball_control,63,2222,2.8352835283528353
Switzerland Super League,2022,composure,38,2222,1.7101710171017102
Switzerland Super League,2022,crossing,36,2222,1.6201620162016201
Switzerland Super League,2022,curve,45,2222,2.025202520252025
Switzerland Super League,2022,defensive_awareness,43,2222,1.9351935193519352
Switzerland Super League,2022,dribbling,77,2222,3.4653465346534653
Switzerland Super League,2022,finishing,59,2222,2.6552655265526552
Switzerland Super League,2022,fk_accuracy,31,2222,1.3951395139513951
Switzerland Super League,2022,gk_diving,7,2222,0.31503150315031503
Switzerland Super League,2022,gk_handling,10,2222,0.45004500450045004
Switzerland Super League,2022,gk_kicking,6,2222,0.27002700270027
Switzerland Super League,2022,gk_positioning,9,2222,0.40504050405040504
Switzerland Super League,2022,gk_reflexes,5,2222,0.22502250225022502
Switzerland Super League,2022,heading_accuracy,45,2222,2.025202520252025
Switzerland Super League,2022,interceptions,51,2222,2.295229522952295
Switzerland Super League,2022,jumping,107,2222,4.815481548154816
Switzerland Super League,2022,long_passing,50,2222,2.25022502250225
Switzerland Super League,2022,long_shots,44,2222,1.9801980198019802
Switzerland Super League,2022,penalties,22,2222,0.9900990099009901
Switzerland Super League,2022,positioning,60,2222,2.7002700270027002
Switzerland Super League,2022,reactions,50,2222,2.25022502250225
Switzerland Super League,2022,short_passing,70,2222,3.1503150315031503
Switzerland Super League,2022,shot_power,47,2222,2.115211521152115
Switzerland Super League,2022,sliding_tackle,52,2222,2.34023402340234
Switzerland Super League,2022,sprint_speed,102,2222,4.59045904590459
Switzerland Super League,2022,stamina,99,2222,4.455445544554456
Switzerland Super League,2022,standing_tackle,37,2222,1.6651665166516652
Switzerland Super League,2022,strength,92,2222,4.14041404140414
Switzerland Super League,2022,vision,42,2222,1.8901890189018902
Switzerland Super League,2022,volleys,32,2222,1.4401440144014401
Switzerland Super League,2023,acceleration,50,2827,1.7686593562079944
Switzerland Super League,2023,aggression,10,2827,0.3537318712415989
Switzerland Super League,2023,agility,32,2827,1.1319419879731163
Switzerland Super League,2023,balance,17,2827,0.6013441811107181
Switzerland Super League,2023,ball_control,21,2827,0.7428369296073576
Switzerland Super League,2023,composure,12,2827,0.42447824548991864
Switzerland Super League,2023,crossing,7,2827,0.2476123098691192
Switzerland Super League,2023,curve,13,2827,0.4598514326140785
Switzerland Super League,2023,defensive_awareness,14,2827,0.4952246197382384
Switzerland Super League,2023,dribbling,31,2827,1.0965688008489565
Switzerland Super League,2023,finishing,22,2827,0.7782101167315175
Switzerland Super League,2023,fk_accuracy,9,2827,0.318358684117439
Switzerland Super League,2023,gk_diving,0,2827,0.0
Switzerland Super League,2023,gk_handling,2,2827,0.07074637424831977
Switzerland Super League,2023,gk_kicking,1,2827,0.035373187124159884
Switzerland Super League,2023,gk_positioning,2,2827,0.07074637424831977
Switzerland Super League,2023,gk_reflexes,1,2827,0.035373187124159884
Switzerland Super League,2023,heading_accuracy,17,2827,0.6013441811107181
Switzerland Super League,2023,interceptions,15,2827,0.5305978068623983
Switzerland Super League,2023,jumping,47,2827,1.6625397948355147
Switzerland Super League,2023,long_passing,15,2827,0.5305978068623983
Switzerland Super League,2023,long_shots,14,2827,0.4952246197382384
Switzerland Super League,2023,penalties,10,2827,0.3537318712415989
Switzerland Super League,2023,positioning,25,2827,0.8843296781039972
Switzerland Super League,2023,reactions,11,2827,0.38910505836575876
Switzerland Super League,2023,short_passing,27,2827,0.955076052352317
Switzerland Super League,2023,shot_power,14,2827,0.4952246197382384
Switzerland Super League,2023,sliding_tackle,18,2827,0.636717368234878
Switzerland Super League,2023,sprint_speed,29,2827,1.0258224266006368
Switzerland Super League,2023,stamina,31,2827,1.0965688008489565
Switzerland Super League,2023,standing_tackle,9,2827,0.318358684117439
Switzerland Super League,2023,strength,31,2827,1.0965688008489565
Switzerland Super League,2023,vision,15,2827,0.5305978068623983
Switzerland Super League,2023,volleys,18,2827,0.636717368234878
Switzerland Super League,2024,acceleration,31,2864,1.0824022346368716
Switzerland Super League,2024,aggression,10,2864,0.34916201117318435
Switzerland Super League,2024,agility,14,2864,0.4888268156424581
Switzerland Super League,2024,balance,7,2864,0.24441340782122906
Switzerland Super League,2024,ball_control,35,2864,1.2220670391061452
Switzerland Super League,2024,composure,17,2864,0.5935754189944135
Switzerland Super League,2024,crossing,13,2864,0.45391061452513964
Switzerland Super League,2024,curve,5,2864,0.17458100558659218
Switzerland Super League,2024,defensive_awareness,24,2864,0.8379888268156425
Switzerland Super League,2024,dribbling,28,2864,0.9776536312849162
Switzerland Super League,2024,finishing,33,2864,1.1522346368715084
Switzerland Super League,2024,fk_accuracy,8,2864,0.27932960893854747
Switzerland Super League,2024,gk_diving,0,2864,0.0
Switzerland Super League,2024,gk_handling,0,2864,0.0
Switzerland Super League,2024,gk_kicking,0,2864,0.0
Switzerland Super League,2024,gk_positioning,1,2864,0.034916201117318434
Switzerland Super League,2024,gk_reflexes,0,2864,0.0
Switzerland Super League,2024,heading_accuracy,23,2864,0.803072625698324
Switzerland Super League,2024,interceptions,25,2864,0.8729050279329609
Switzerland Super League,2024,jumping,45,2864,1.5712290502793296
Switzerland Super League,2024,long_passing,30,2864,1.047486033519553
Switzerland Super League,2024,long_shots,14,2864,0.4888268156424581
Switzerland Super League,2024,penalties,7,2864,0.24441340782122906
Switzerland Super League,2024,positioning,26,2864,0.9078212290502793
Switzerland Super League,2024,reactions,41,2864,1.431564245810056
Switzerland Super League,2024,short_passing,43,2864,1.5013966480446927
Switzerland Super League,2024,shot_power,16,2864,0.5586592178770949
Switzerland Super League,2024,sliding_tackle,17,2864,0.5935754189944135
Switzerland Super League,2024,sprint_speed,21,2864,0.7332402234636871
Switzerland Super League,2024,stamina,22,2864,0.7681564245810056
Switzerland Super League,2024,standing_tackle,15,2864,0.5237430167597765
Switzerland Super League,2024,strength,22,2864,0.7681564245810056
Switzerland Super League,2024,vision,20,2864,0.6983240223463687
Switzerland Super League,2024,volleys,11,2864,0.3840782122905028
Turkey Süper Lig,2021,acceleration,7,3517,0.199033266988911
Turkey Süper Lig,2021,aggression,3,3517,0.08529997156667614
Turkey Süper Lig,2021,agility,1,3517,0.028433323855558714
Turkey Süper Lig,2021,balance,1,3517,0.028433323855558714
Turkey Süper Lig,2021,ball_control,17,3517,0.48336650554449817
Turkey Süper Lig,2021,composure,7,3517,0.199033266988911
Turkey Süper Lig,2021,crossing,7,3517,0.199033266988911
Turkey Süper Lig,2021,curve,1,3517,0.028433323855558714
Turkey Süper Lig,2021,defensive_awareness,12,3517,0.34119988626670456
Turkey Süper Lig,2021,dribbling,16,3517,0.4549331816889394
Turkey Süper Lig,2021,finishing,5,3517,0.1421666192777936
Turkey Süper Lig,2021,fk_accuracy,6,3517,0.17059994313335228
Turkey Süper Lig,2021,gk_diving,5,3517,0.1421666192777936
Turkey Süper Lig,2021,gk_handling,2,3517,0.05686664771111743
Turkey Süper Lig,2021,gk_kicking,2,3517,0.05686664771111743
Turkey Süper Lig,2021,gk_positioning,3,3517,0.08529997156667614
Turkey Süper Lig,2021,gk_reflexes,4,3517,0.11373329542223486
Turkey Süper Lig,2021,heading_accuracy,5,3517,0.1421666192777936
Turkey Süper Lig,2021,interceptions,10,3517,0.2843332385555872
Turkey Süper Lig,2021,jumping,1,3517,0.028433323855558714
Turkey Süper Lig,2021,long_passing,7,3517,0.199033266988911
Turkey Süper Lig,2021,long_shots,2,3517,0.05686664771111743
Turkey Süper Lig,2021,penalties,2,3517,0.05686664771111743
Turkey Süper Lig,2021,positioning,4,3517,0.11373329542223486
Turkey Süper Lig,2021,reactions,17,3517,0.48336650554449817
Turkey Süper Lig,2021,short_passing,13,3517,0.3696332101222633
Turkey Süper Lig,2021,shot_power,4,3517,0.11373329542223486
Turkey Süper Lig,2021,sliding_tackle,7,3517,0.199033266988911
Turkey Süper Lig,2021,sprint_speed,15,3517,0.42649985783338074
Turkey Süper Lig,2021,stamina,17,3517,0.48336650554449817
Turkey Süper Lig,2021,standing_tackle,8,3517,0.2274665908444697
Turkey Süper Lig,2021,strength,2,3517,0.05686664771111743
Turkey Süper Lig,2021,vision,10,3517,0.2843332385555872
Turkey Süper Lig,2021,volleys,1,3517,0.028433323855558714
Turkey Süper Lig,2022,acceleration,174,4328,4.020332717190388
Turkey Süper Lig,2022,aggression,73,4328,1.6866913123844731
Turkey Süper Lig,2022,agility,108,4328,2.4953789279112755
Turkey Süper Lig,2022,balance,78,4328,1.8022181146025877
Turkey Süper Lig,2022,ball_control,132,4328,3.0499075785582255
Turkey Süper Lig,2022,composure,44,4328,1.0166358595194085
Turkey Süper Lig,2022,crossing,84,4328,1.9408502772643252
Turkey Süper Lig,2022,curve,26,4328,0.600739371534196
Turkey Süper Lig,2022,defensive_awareness,91,4328,2.102587800369686
Turkey Süper Lig,2022,dribbling,123,4328,2.8419593345656193
Turkey Süper Lig,2022,finishing,125,4328,2.888170055452865
Turkey Süper Lig,2022,fk_accuracy,14,4328,0.3234750462107209
Turkey Süper Lig,2022,gk_diving,18,4328,0.41589648798521256
Turkey Süper Lig,2022,gk_handling,15,4328,0.3465804066543438
Turkey Süper Lig,2022,gk_kicking,16,4328,0.36968576709796674
Turkey Süper Lig,2022,gk_positioning,18,4328,0.41589648798521256
Turkey Süper Lig,2022,gk_reflexes,23,4328,0.5314232902033271
Turkey Süper Lig,2022,heading_accuracy,65,4328,1.5018484288354899
Turkey Süper Lig,2022,interceptions,93,4328,2.1487985212569316
Turkey Süper Lig,2022,jumping,90,4328,2.0794824399260627
Turkey Süper Lig,2022,long_passing,91,4328,2.102587800369686
Turkey Süper Lig,2022,long_shots,48,4328,1.1090573012939002
Turkey Süper Lig,2022,penalties,18,4328,0.41589648798521256
Turkey Süper Lig,2022,positioning,85,4328,1.9639556377079483
Turkey Süper Lig,2022,reactions,168,4328,3.8817005545286505
Turkey Süper Lig,2022,short_passing,140,4328,3.234750462107209
Turkey Süper Lig,2022,shot_power,55,4328,1.2707948243992606
Turkey Süper Lig,2022,sliding_tackle,79,4328,1.8253234750462106
Turkey Süper Lig,2022,sprint_speed,189,4328,4.366913123844732
Turkey Süper Lig,2022,stamina,202,4328,4.66728280961183
Turkey Süper Lig,2022,standing_tackle,116,4328,2.680221811460259
Turkey Süper Lig,2022,strength,154,4328,3.5582255083179297
Turkey Süper Lig,2022,vision,85,4328,1.9639556377079483
Turkey Süper Lig,2022,volleys,11,4328,0.2541589648798521
Turkey Süper Lig,2023,acceleration,52,5374,0.9676218831410495
Turkey Süper Lig,2023,aggression,13,5374,0.24190547078526237
Turkey Süper Lig,2023,agility,23,5374,0.4279866021585411
Turkey Süper Lig,2023,balance,26,5374,0.48381094157052473
Turkey Süper Lig,2023,ball_control,40,5374,0.744324525493115
Turkey Süper Lig,2023,composure,11,5374,0.20468924451060663
Turkey Süper Lig,2023,crossing,17,5374,0.3163379233345739
Turkey Süper Lig,2023,curve,3,5374,0.05582433941198362
Turkey Süper Lig,2023,defensive_awareness,18,5374,0.33494603647190174
Turkey Süper Lig,2023,dribbling,38,5374,0.7071082992184593
Turkey Süper Lig,2023,finishing,38,5374,0.7071082992184593
Turkey Süper Lig,2023,fk_accuracy,1,5374,0.018608113137327874
Turkey Süper Lig,2023,gk_diving,1,5374,0.018608113137327874
Turkey Süper Lig,2023,gk_handling,2,5374,0.03721622627465575
Turkey Süper Lig,2023,gk_kicking,9,5374,0.16747301823595087
Turkey Süper Lig,2023,gk_positioning,8,5374,0.148864905098623
Turkey Süper Lig,2023,gk_reflexes,7,5374,0.13025679196129514
Turkey Süper Lig,2023,heading_accuracy,17,5374,0.3163379233345739
Turkey Süper Lig,2023,interceptions,18,5374,0.33494603647190174
Turkey Süper Lig,2023,jumping,31,5374,0.5768515072571642
Turkey Süper Lig,2023,long_passing,18,5374,0.33494603647190174
Turkey Süper Lig,2023,long_shots,5,5374,0.09304056568663938
Turkey Süper Lig,2023,penalties,1,5374,0.018608113137327874
Turkey Süper Lig,2023,positioning,16,5374,0.297729810197246
Turkey Süper Lig,2023,reactions,48,5374,0.8931894305917379
Turkey Süper Lig,2023,short_passing,40,5374,0.744324525493115
Turkey Süper Lig,2023,shot_power,17,5374,0.3163379233345739
Turkey Süper Lig,2023,sliding_tackle,16,5374,0.297729810197246
Turkey Süper Lig,2023,sprint_speed,42,5374,0.7815407517677707
Turkey Süper Lig,2023,stamina,41,5374,0.7629326386304429
Turkey Süper Lig,2023,standing_tackle,30,5374,0.5582433941198363
Turkey Süper Lig,2023,strength,45,5374,0.8373650911797543
Turkey Süper Lig,2023,vision,13,5374,0.24190547078526237
Turkey Süper Lig,2023,volleys,1,5374,0.018608113137327874
Turkey Süper Lig,2024,acceleration,47,4828,0.9734879867439934
Turkey Süper Lig,2024,aggression,20,4828,0.4142502071251036
Turkey Süper Lig,2024,agility,31,4828,0.6420878210439105
Turkey Süper Lig,2024,balance,18,4828,0.3728251864125932
Turkey Süper Lig,2024,ball_control,79,4828,1.636288318144159
Turkey Süper Lig,2024,composure,4,4828,0.08285004142502071
Turkey Süper Lig,2024,crossing,27,4828,0.5592377796188898
Turkey Süper Lig,2024,curve,6,4828,0.12427506213753108
Turkey Süper Lig,2024,defensive_awareness,31,4828,0.6420878210439105
Turkey Süper Lig,2024,dribbling,66,4828,1.3670256835128418
Turkey Süper Lig,2024,finishing,58,4828,1.2013256006628004
Turkey Süper Lig,2024,fk_accuracy,5,4828,0.1035625517812759
Turkey Süper Lig,2024,gk_diving,2,4828,0.041425020712510356
Turkey Süper Lig,2024,gk_handling,2,4828,0.041425020712510356
Turkey Süper Lig,2024,gk_kicking,5,4828,0.1035625517812759
Turkey Süper Lig,2024,gk_positioning,6,4828,0.12427506213753108
Turkey Süper Lig,2024,gk_reflexes,6,4828,0.12427506213753108
Turkey Süper Lig,2024,heading_accuracy,32,4828,0.6628003314001657
Turkey Süper Lig,2024,interceptions,29,4828,0.6006628003314002
Turkey Süper Lig,2024,jumping,46,4828,0.9527754763877382
Turkey Süper Lig,2024,long_passing,41,4828,0.8492129246064622
Turkey Süper Lig,2024,long_shots,29,4828,0.6006628003314002
Turkey Süper Lig,2024,penalties,3,4828,0.06213753106876554
Turkey Süper Lig,2024,positioning,26,4828,0.5385252692626347
Turkey Süper Lig,2024,reactions,59,4828,1.2220381110190555
Turkey Süper Lig,2024,short_passing,81,4828,1.6777133388566694
Turkey Süper Lig,2024,shot_power,22,4828,0.45567522783761394
Turkey Süper Lig,2024,sliding_tackle,31,4828,0.6420878210439105
Turkey Süper Lig,2024,sprint_speed,30,4828,0.6213753106876554
Turkey Süper Lig,2024,stamina,33,4828,0.6835128417564209
Turkey Süper Lig,2024,standing_tackle,35,4828,0.7249378624689312
Turkey Süper Lig,2024,strength,36,4828,0.7456503728251864
Turkey Süper Lig,2024,vision,28,4828,0.579950289975145
Turkey Süper Lig,2024,volleys,11,4828,0.22783761391880697
