accuracy_at_0_5,binary_log_loss,brier_score,competition,fold_number,model_name,positive_class_prevalence,prediction_count,roc_auc,round_index,scope_key,scope_type,season
0.5308787327410895,0.7012716754974176,0.25306492437486977,,,v2-benchmark,0.4878518677084448,28029,0.5453902631037189,,all,pooled,
0.5167148310678226,0.6927963529850488,0.2498242076899306,,,training-prevalence,0.4878518677084448,28029,0.5116092967827698,,all,pooled,
0.5167148310678226,7.789636631275824,0.4832851689321774,,,training-majority,0.4878518677084448,28029,0.5107725971338264,,all,pooled,
0.5423668343501373,0.7025574087901059,0.2526685875823116,,,logistic-regression,0.4878518677084448,28029,0.5584138021716512,,all,pooled,
0.4772727272727273,0.6896719300886054,0.24826495198340853,,75,v2-benchmark,0.5227272727272727,44,0.7080745341614907,100,100,fold,
0.4772727272727273,0.6970671692986314,0.25195773015141154,,75,training-prevalence,0.5227272727272727,44,0.5,100,100,fold,
0.4772727272727273,8.425368228910035,0.5227272727272727,,75,training-majority,0.5227272727272727,44,0.5,100,100,fold,
0.45454545454545453,0.7164473041158397,0.26052483413050154,,75,logistic-regression,0.5227272727272727,44,0.5196687370600415,100,100,fold,
0.5238095238095238,0.6910728932054885,0.2489638832119418,,76,v2-benchmark,0.47619047619047616,189,0.5380471380471381,101,101,fold,
0.5238095238095238,0.6920280765589031,0.2494406425580624,,76,training-prevalence,0.47619047619047616,189,0.5,101,101,fold,
0.5238095238095238,7.675283695694442,0.47619047619047616,,76,training-majority,0.47619047619047616,189,0.5,101,101,fold,
0.4973544973544973,0.70255539711455,0.2542515962072744,,76,logistic-regression,0.47619047619047616,189,0.5298540965207632,101,101,fold,
0.5166666666666667,0.6932618195339215,0.25005634789246506,,77,v2-benchmark,0.48333333333333334,60,0.5083426028921023,102,102,fold,
0.5166666666666667,0.6927215405378824,0.2497871042306338,,77,training-prevalence,0.48333333333333334,60,0.5,102,102,fold,
0.5166666666666667,7.790412949629859,0.48333333333333334,,77,training-majority,0.48333333333333334,60,0.5,102,102,fold,
0.4666666666666667,0.6897880882344791,0.24848949122482272,,77,logistic-regression,0.48333333333333334,60,0.5595105672969967,102,102,fold,
0.46357615894039733,0.6967505452453571,0.25179935286956795,,78,v2-benchmark,0.5364238410596026,151,0.5270723104056436,103,103,fold,
0.46357615894039733,0.6976268982435169,0.2522380430709558,,78,training-prevalence,0.5364238410596026,151,0.5,103,103,fold,
0.46357615894039733,8.64613082601076,0.5364238410596026,,78,training-majority,0.5364238410596026,151,0.5,103,103,fold,
0.5231788079470199,0.7015413585547852,0.25396577078282445,,78,logistic-regression,0.5364238410596026,151,0.546031746031746,103,103,fold,
0.4528301886792453,0.697749546966142,0.2522985180688199,,79,v2-benchmark,0.5471698113207547,53,0.4992816091954023,104,104,fold,
0.4528301886792453,0.6961379749389889,0.251494991856701,,79,training-prevalence,0.5471698113207547,53,0.5,104,104,fold,
0.4528301886792453,8.819335401467763,0.5471698113207547,,79,training-majority,0.5471698113207547,53,0.5,104,104,fold,
0.5283018867924528,0.671484543474763,0.23968868753432332,,79,logistic-regression,0.5471698113207547,53,0.5775862068965517,104,104,fold,
0.5347593582887701,0.6919752385873778,0.249414131405961,,80,v2-benchmark,0.46524064171123,187,0.4842528735632184,105,105,fold,
0.5347593582887701,0.6919242150632428,0.24938859666513194,,80,training-prevalence,0.46524064171123,187,0.5,105,105,fold,
0.5347593582887701,7.498793217290775,0.46524064171123,,80,training-majority,0.46524064171123,187,0.5,105,105,fold,
0.5187165775401069,0.7191876794144807,0.26206962040864334,,80,logistic-regression,0.46524064171123,187,0.4925287356321839,105,105,fold,
0.3333333333333333,0.7004434742463105,0.25364787350515205,,81,v2-benchmark,0.6666666666666666,63,0.4852607709750567,106,106,fold,
0.3333333333333333,0.7000876792923608,0.25346977007829385,,81,training-prevalence,0.6666666666666666,63,0.5,106,106,fold,
0.3333333333333333,10.745397133972219,0.6666666666666666,,81,training-majority,0.6666666666666666,63,0.5,106,106,fold,
0.5873015873015873,0.6861835096640084,0.24639963103315185,,81,logistic-regression,0.6666666666666666,63,0.5941043083900227,106,106,fold,
0.5067567567567568,0.6913600858091861,0.2491089763032061,,82,v2-benchmark,0.49324324324324326,148,0.5444748858447489,107,107,fold,
0.5067567567567568,0.6930568464911848,0.24995483427790605,,82,training-prevalence,0.49324324324324326,148,0.5,107,107,fold,
0.5067567567567568,7.950141824459178,0.49324324324324326,,82,training-majority,0.49324324324324326,148,0.5,107,107,fold,
0.5675675675675675,0.6679234433563401,0.23769108598240035,,82,logistic-regression,0.49324324324324326,148,0.6208219178082192,107,107,fold,
0.3953488372093023,0.6992555147549733,0.2530525642023836,,83,v2-benchmark,0.6046511627906976,43,0.5113122171945701,108,108,fold,
0.3953488372093023,0.6956133023905187,0.2512330061383917,,83,training-prevalence,0.6046511627906976,43,0.5,108,108,fold,
0.3953488372093023,9.745825316858522,0.6046511627906976,,83,training-majority,0.6046511627906976,43,0.5,108,108,fold,
0.627906976744186,0.654024900128913,0.23098511322742896,,83,logistic-regression,0.6046511627906976,43,0.5814479638009049,108,108,fold,
0.4935897435897436,0.6905308160071881,0.24869368253773835,,84,v2-benchmark,0.5064102564102564,156,0.6208285385500576,109,109,fold,
0.4935897435897436,0.6933321353654401,0.25009247366862314,,84,training-prevalence,0.5064102564102564,156,0.5,109,109,fold,
0.4935897435897436,8.162369000805821,0.5064102564102564,,84,training-majority,0.5064102564102564,156,0.5,109,109,fold,
0.5256410256410257,0.6966732521314989,0.25125092751835343,,84,logistic-regression,0.5064102564102564,156,0.5492355745520303,109,109,fold,
0.46153846153846156,0.6968278475966668,0.25183947430658615,,85,v2-benchmark,0.5384615384615384,65,0.4457142857142857,110,110,fold,
0.46153846153846156,0.6937357623239467,0.2502942855291186,,85,training-prevalence,0.5384615384615384,65,0.5,110,110,fold,
0.46153846153846156,8.6789746274391,0.5384615384615384,,85,training-majority,0.5384615384615384,65,0.5,110,110,fold,
0.4461538461538462,0.73759676392891,0.27119876249969466,,85,logistic-regression,0.5384615384615384,65,0.41333333333333333,110,110,fold,
0.5178571428571429,0.6917162258789405,0.24928498969375246,,86,v2-benchmark,0.4880952380952381,168,0.5546653431650596,111,111,fold,
0.5119047619047619,0.692950004516471,0.24990141518142603,,86,training-prevalence,0.4880952380952381,168,0.5,111,111,fold,
0.5119047619047619,7.867165785586803,0.4880952380952381,,86,training-majority,0.4880952380952381,168,0.5,111,111,fold,
0.5238095238095238,0.6870264568077211,0.2468144057791679,,86,logistic-regression,0.4880952380952381,168,0.5801191151446399,111,111,fold,
0.5121951219512195,0.6891086603143869,0.24798210040817537,,87,v2-benchmark,0.5121951219512195,41,0.780952380952381,112,112,fold,
0.4878048780487805,0.6934867044789742,0.2501697540519577,,87,training-prevalence,0.5121951219512195,41,0.5,112,112,fold,
0.4878048780487805,8.255610016344509,0.5121951219512195,,87,training-majority,0.5121951219512195,41,0.5,112,112,fold,
0.34146341463414637,0.711871897428256,0.25967258326910997,,87,logistic-regression,0.5121951219512195,41,0.3976190476190476,112,112,fold,
0.48148148148148145,0.6941490129347995,0.2505006884440679,,88,v2-benchmark,0.5555555555555556,27,0.5916666666666666,113,113,fold,
0.4444444444444444,0.6940392522554327,0.25044602674900457,,88,training-prevalence,0.5555555555555556,27,0.5,113,113,fold,
0.4444444444444444,8.954497628310177,0.5555555555555556,,88,training-majority,0.5555555555555556,27,0.5,113,113,fold,
0.5925925925925926,0.6692312566333777,0.2383694301408276,,88,logistic-regression,0.5555555555555556,27,0.5944444444444446,113,113,fold,
0.47058823529411764,0.6946183791568435,0.2507353300299586,,89,v2-benchmark,0.5882352941176471,51,0.503968253968254,114,114,fold,
0.4117647058823529,0.694112667096421,0.25048273856031367,,89,training-prevalence,0.5882352941176471,51,0.5,114,114,fold,
0.4117647058823529,9.48123277703431,0.5882352941176471,,89,training-majority,0.5882352941176471,51,0.5,114,114,fold,
0.45098039215686275,0.7288587225751811,0.26657613182368833,,89,logistic-regression,0.5882352941176471,51,0.4460317460317461,114,114,fold,
0.49056603773584906,0.6931743079485728,0.250013235832774,,90,v2-benchmark,0.660377358490566,53,0.6079365079365079,115,115,fold,
0.660377358490566,0.6927753174464458,0.24981406852677798,,90,training-prevalence,0.660377358490566,53,0.5,115,115,fold,
0.660377358490566,5.474070287296688,0.33962264150943394,,90,training-majority,0.660377358490566,53,0.5,115,115,fold,
0.6226415094339622,0.6745293765397767,0.24061379145416759,,90,logistic-regression,0.660377358490566,53,0.5841269841269842,115,115,fold,
0.46875,0.6920798805660847,0.2494669133740816,,91,v2-benchmark,0.59375,32,0.5748987854251012,116,116,fold,
0.59375,0.6911286002151096,0.24899075060088757,,91,training-prevalence,0.59375,32,0.5,116,116,fold,
0.59375,6.547976417790652,0.40625,,91,training-majority,0.59375,32,0.5,116,116,fold,
0.53125,0.6909147506261235,0.24857078156632512,,91,logistic-regression,0.59375,32,0.5141700404858299,116,116,fold,
0.5344827586206896,0.6946423041317205,0.2507452763429541,,92,v2-benchmark,0.5172413793103449,58,0.5011904761904762,117,117,fold,
0.5172413793103449,0.6927001184708305,0.2497764875364348,,92,training-prevalence,0.5172413793103449,58,0.5,117,117,fold,
0.5172413793103449,7.781149676578813,0.4827586206896552,,92,training-majority,0.5172413793103449,58,0.5,117,117,fold,
0.6206896551724138,0.6870915020076637,0.2467985990993307,,92,logistic-regression,0.5172413793103449,58,0.5702380952380953,117,117,fold,
0.6,0.688199205588875,0.24752710855736212,,93,v2-benchmark,0.4,10,0.6666666666666666,118,118,fold,
0.4,0.6973346831245336,0.2520934671527,,93,training-prevalence,0.4,10,0.5,118,118,fold,
0.4,9.670857430890809,0.6,,93,training-majority,0.4,10,0.5,118,118,fold,
0.5,0.693918082708765,0.25048032986201674,,93,logistic-regression,0.4,10,0.5416666666666667,118,118,fold,
0.5416666666666666,0.6916635872413123,0.2492577327958083,,94,v2-benchmark,0.53125,96,0.5446623093681917,119,119,fold,
0.53125,0.6922321215951325,0.24954251082636447,,94,training-prevalence,0.53125,96,0.5,119,119,fold,
0.53125,7.555357389758446,0.46875,,94,training-majority,0.53125,96,0.5,119,119,fold,
0.6354166666666666,0.6599414920784673,0.2334143082807055,,94,logistic-regression,0.53125,96,0.6601307189542482,119,119,fold,
0.5376344086021505,0.6924573565360507,0.2496550617014894,,95,v2-benchmark,0.46236559139784944,93,0.5334883720930232,120,120,fold,
0.46236559139784944,0.6950017054915374,0.2509271099226093,,95,training-prevalence,0.46236559139784944,93,0.5,120,120,fold,
0.46236559139784944,8.66564286961542,0.5376344086021505,,95,training-majority,0.46236559139784944,93,0.5,120,120,fold,
0.5698924731182796,0.684275916192098,0.2457275214298486,,95,logistic-regression,0.46236559139784944,93,0.5897674418604651,120,120,fold,
0.3582089552238806,0.7004673711799019,0.2536523034907085,,96,v2-benchmark,0.4626865671641791,67,0.3835125448028674,121,121,fold,
0.4626865671641791,0.6945529821790092,0.25070283032811663,,96,training-prevalence,0.4626865671641791,67,0.5,121,121,fold,
0.4626865671641791,8.660469351544009,0.5373134328358209,,96,training-majority,0.4626865671641791,67,0.5,121,121,fold,
0.4925373134328358,0.7123777340531655,0.25886160253127266,,96,logistic-regression,0.4626865671641791,67,0.5456989247311829,121,121,fold,
0.6222222222222222,0.68703085602922,0.24694143079820183,,97,v2-benchmark,0.5333333333333333,45,0.621031746031746,122,122,fold,
0.5333333333333333,0.6922398158069752,0.24954635108481255,,97,training-prevalence,0.5333333333333333,45,0.5,122,122,fold,
0.5333333333333333,7.521778024026186,0.4666666666666667,,97,training-majority,0.5333333333333333,45,0.5,122,122,fold,
0.6888888888888889,0.6399965848167698,0.22243012397027676,,97,logistic-regression,0.5333333333333333,45,0.7222222222222222,122,122,fold,
0.4625,0.6966050311698938,0.2517235133622713,,98,v2-benchmark,0.625,80,0.534,123,123,fold,
0.625,0.68899656665301,0.24792489388428662,,98,training-prevalence,0.625,80,0.5,123,123,fold,
0.625,6.044285931806758,0.375,,98,training-majority,0.625,80,0.5,123,123,fold,
0.5375,0.6983873728530208,0.25204920171643763,,98,logistic-regression,0.625,80,0.5246666666666666,123,123,fold,
0.6,0.6875600250687876,0.2471845306320933,,99,v2-benchmark,0.36666666666666664,30,0.6746411483253589,124,124,fold,
0.36666666666666664,0.7025195622107627,0.25468443092089205,,99,training-prevalence,0.36666666666666664,30,0.5,124,124,fold,
0.36666666666666664,10.208127282606963,0.6333333333333333,,99,training-majority,0.36666666666666664,30,0.5,124,124,fold,
0.4666666666666667,0.8477114608510383,0.3200250961228216,,99,logistic-regression,0.36666666666666664,30,0.3875598086124402,124,124,fold,
0.5777777777777777,0.6862547366551515,0.2465625881188421,,100,v2-benchmark,0.5777777777777777,135,0.5598290598290598,125,125,fold,
0.5777777777777777,0.6883344198537433,0.24759453148849447,,100,training-prevalence,0.5777777777777777,135,0.5,125,125,fold,
0.5777777777777777,6.8054182217379795,0.4222222222222222,,100,training-majority,0.5777777777777777,135,0.5,125,125,fold,
0.4962962962962963,0.7243622332407231,0.26412407718644626,,100,logistic-regression,0.5777777777777777,135,0.47615834457939726,125,125,fold,
0.49056603773584906,0.6924684213806548,0.24968004920288925,,101,v2-benchmark,0.49056603773584906,53,0.46296296296296297,126,126,fold,
0.49056603773584906,0.6948449429897717,0.25084823893832914,,101,training-prevalence,0.49056603773584906,53,0.5,126,126,fold,
0.49056603773584906,8.211105380945028,0.5094339622641509,,101,training-majority,0.49056603773584906,53,0.5,126,126,fold,
0.5471698113207547,0.7000269301745785,0.2541990627318873,,101,logistic-regression,0.49056603773584906,53,0.5256410256410258,126,126,fold,
0.5384615384615384,0.6840425235669788,0.24546037664700035,,102,v2-benchmark,0.5604395604395604,91,0.5779411764705882,127,127,fold,
0.5604395604395604,0.6883951483251344,0.24762566739374625,,102,training-prevalence,0.5604395604395604,91,0.5,127,127,fold,
0.5604395604395604,7.084877265487772,0.43956043956043955,,102,training-majority,0.5604395604395604,91,0.5,127,127,fold,
0.5384615384615384,0.7107743005632018,0.2574424384794081,,102,logistic-regression,0.5604395604395604,91,0.5269607843137255,127,127,fold,
0.6904761904761905,0.6739532036367109,0.2404308198759988,,103,v2-benchmark,0.5476190476190477,42,0.6819221967963387,128,128,fold,
0.5476190476190477,0.6894141437971919,0.24813498788779012,,103,training-prevalence,0.5476190476190477,42,0.5,128,128,fold,
0.5476190476190477,7.291519516147833,0.4523809523809524,,103,training-majority,0.5476190476190477,42,0.5,128,128,fold,
0.5476190476190477,0.7561853133643018,0.27895505320710634,,103,logistic-regression,0.5476190476190477,42,0.437070938215103,128,128,fold,
0.49295774647887325,0.6900695410745125,0.24849431951189335,,104,v2-benchmark,0.5492957746478874,142,0.524238782051282,129,129,fold,
0.5492957746478874,0.689252235625657,0.24805409279390545,,104,training-prevalence,0.5492957746478874,142,0.5,129,129,fold,
0.5492957746478874,7.264493869683238,0.4507042253521127,,104,training-majority,0.5492957746478874,142,0.5,129,129,fold,
0.5211267605633803,0.7094036203332357,0.25701585915782,,104,logistic-regression,0.5492957746478874,142,0.5344551282051282,129,129,fold,
0.4117647058823529,0.7094586574148348,0.25810098152724464,,105,v2-benchmark,0.45098039215686275,51,0.41149068322981364,130,130,fold,
0.45098039215686275,0.7003189276141664,0.2535815995004273,,105,training-prevalence,0.45098039215686275,51,0.5,130,130,fold,
0.45098039215686275,8.849150598854335,0.5490196078431373,,105,training-majority,0.45098039215686275,51,0.5,130,130,fold,
0.5098039215686274,0.7311626966214029,0.26703050505819736,,105,logistic-regression,0.45098039215686275,51,0.546583850931677,130,130,fold,
0.5698324022346368,0.6853716765078355,0.24609332473438303,,106,v2-benchmark,0.6033519553072626,179,0.5697704747000522,131,131,fold,
0.6033519553072626,0.6817785188915508,0.2443229821207929,,106,training-prevalence,0.6033519553072626,179,0.5,131,131,fold,
0.6033519553072626,6.393211184667111,0.39664804469273746,,106,training-majority,0.6033519553072626,179,0.5,131,131,fold,
0.6368715083798883,0.6643589355092814,0.23564485934595453,,106,logistic-regression,0.6033519553072626,179,0.5963745435576422,131,131,fold,
0.5161290322580645,0.6876531977552887,0.24726074092091951,,107,v2-benchmark,0.5161290322580645,62,0.5572916666666667,132,132,fold,
0.5161290322580645,0.6933237116702035,0.2500871471333651,,107,training-prevalence,0.5161290322580645,62,0.5,132,132,fold,
0.5161290322580645,7.7990785926538795,0.4838709677419355,,107,training-majority,0.5161290322580645,62,0.5,132,132,fold,
0.5645161290322581,0.6981718848641191,0.25244866375395314,,107,logistic-regression,0.5161290322580645,62,0.5541666666666666,132,132,fold,
0.562962962962963,0.6822777134001452,0.24454109410289337,,108,v2-benchmark,0.5703703703703704,135,0.5472458575906852,133,133,fold,
0.5703703703703704,0.6854010537003095,0.24613287112500692,,108,training-prevalence,0.5703703703703704,135,0.5,133,133,fold,
0.5703703703703704,6.924811522119347,0.42962962962962964,,108,training-majority,0.5703703703703704,135,0.5,133,133,fold,
0.562962962962963,0.6915050276886094,0.24859830663758806,,108,logistic-regression,0.5703703703703704,135,0.5591133004926108,133,133,fold,
0.5833333333333334,0.6917439728103969,0.24910550315489058,,109,v2-benchmark,0.4166666666666667,60,0.6342857142857143,134,134,fold,
0.4166666666666667,0.7088452681559843,0.2578322999373416,,109,training-prevalence,0.4166666666666667,60,0.5,134,134,fold,
0.4166666666666667,9.402222505032729,0.5833333333333334,,109,training-majority,0.4166666666666667,60,0.5,134,134,fold,
0.45,0.7459094681106915,0.2755782147330691,,109,logistic-regression,0.4166666666666667,60,0.4171428571428572,134,134,fold,
0.554945054945055,0.6784153340789602,0.24273459365750188,,110,v2-benchmark,0.554945054945055,182,0.5806136169172473,135,135,fold,
0.554945054945055,0.6877475697630347,0.24730387425665595,,110,training-prevalence,0.554945054945055,182,0.5,135,135,fold,
0.554945054945055,7.17343823005637,0.44505494505494503,,110,training-majority,0.554945054945055,182,0.5,135,135,fold,
0.5274725274725275,0.6834877802841197,0.24581166682937972,,110,logistic-regression,0.554945054945055,182,0.5631340911868965,135,135,fold,
0.42857142857142855,0.7026725652308199,0.25471983746041765,,111,v2-benchmark,0.4523809523809524,42,0.46910755148741423,136,136,fold,
0.4523809523809524,0.7034953934669472,0.25516234219523826,,111,training-prevalence,0.4523809523809524,42,0.5,136,136,fold,
0.4523809523809524,8.82657623533685,0.5476190476190477,,111,training-majority,0.4523809523809524,42,0.5,136,136,fold,
0.5476190476190477,0.6873694210924872,0.24650372650707053,,111,logistic-regression,0.4523809523809524,42,0.5903890160183066,136,136,fold,
0.5272727272727272,0.6857281082642843,0.24632191522618752,,112,v2-benchmark,0.5212121212121212,165,0.5712393288195466,137,137,fold,
0.5212121212121212,0.6930495723713174,0.2499493804052463,,112,training-prevalence,0.5212121212121212,165,0.5,137,137,fold,
0.5212121212121212,7.717148879195697,0.47878787878787876,,112,training-majority,0.5212121212121212,165,0.5,137,137,fold,
0.509090909090909,0.7012218994025845,0.25374116655278023,,112,logistic-regression,0.5212121212121212,165,0.5256108330880188,137,137,fold,
0.5925925925925926,0.6536452763157697,0.2304346472730775,,113,v2-benchmark,0.6296296296296297,54,0.6573529411764706,138,138,fold,
0.6296296296296297,0.6755249822781524,0.24120611964314412,,113,training-prevalence,0.6296296296296297,54,0.5,138,138,fold,
0.6296296296296297,5.969665119068403,0.37037037037037035,,113,training-majority,0.6296296296296297,54,0.5,138,138,fold,
0.5740740740740741,0.680483756295294,0.24395420764291822,,113,logistic-regression,0.6296296296296297,54,0.5617647058823529,138,138,fold,
0.591715976331361,0.6763184117888572,0.2417181094417675,,114,v2-benchmark,0.5680473372781065,169,0.5784817351598174,139,139,fold,
0.5680473372781065,0.6851942516191384,0.2460309064902605,,114,training-prevalence,0.5680473372781065,169,0.5,139,139,fold,
0.5680473372781065,6.962254391469716,0.4319526627218935,,114,training-majority,0.5680473372781065,169,0.5,139,139,fold,
0.5798816568047337,0.7118817406234318,0.2562133552463956,,114,logistic-regression,0.5680473372781065,169,0.524115296803653,139,139,fold,
0.4782608695652174,0.695829770106812,0.25138031098181796,,115,v2-benchmark,0.45652173913043476,46,0.5161904761904761,140,140,fold,
0.45652173913043476,0.7044512591332651,0.2556355528337503,,115,training-prevalence,0.45652173913043476,46,0.5,140,140,fold,
0.45652173913043476,8.759834638850371,0.5434782608695652,,115,training-majority,0.45652173913043476,46,0.5,140,140,fold,
0.5869565217391305,0.68081716912605,0.24204958423772127,,115,logistic-regression,0.45652173913043476,46,0.6685714285714286,140,140,fold,
0.5432098765432098,0.6841601893987395,0.24556733068258038,,116,v2-benchmark,0.5555555555555556,162,0.5611111111111111,141,141,fold,
0.5555555555555556,0.6875506216627828,0.2472057856673241,,116,training-prevalence,0.5555555555555556,162,0.5,141,141,fold,
0.5555555555555556,7.163598122882082,0.4444444444444444,,116,training-majority,0.5555555555555556,162,0.5,141,141,fold,
0.6358024691358025,0.6635730906360296,0.23550830018196187,,116,logistic-regression,0.5555555555555556,162,0.6220679012345678,141,141,fold,
0.5471698113207547,0.680692567048285,0.24386456465388065,,117,v2-benchmark,0.5094339622641509,53,0.5883190883190883,142,142,fold,
0.5094339622641509,0.6947126328469059,0.25077961200519466,,117,training-prevalence,0.5094339622641509,53,0.5,142,142,fold,
0.5094339622641509,7.906990370539657,0.49056603773584906,,117,training-majority,0.5094339622641509,53,0.5,142,142,fold,
0.5283018867924528,0.6857680707541203,0.24649952437454528,,117,logistic-regression,0.5094339622641509,53,0.5698005698005697,142,142,fold,
0.546583850931677,0.6850908743013555,0.24605400486926762,,118,v2-benchmark,0.5279503105590062,161,0.5726006191950463,143,143,fold,
0.5279503105590062,0.6918192297766425,0.24933584697644354,,118,training-prevalence,0.5279503105590062,161,0.5,143,143,fold,
0.5279503105590062,7.608542099458609,0.4720496894409938,,118,training-majority,0.5279503105590062,161,0.5,143,143,fold,
0.5217391304347826,0.6964930132173888,0.2519394416578194,,118,logistic-regression,0.5279503105590062,161,0.5311145510835913,143,143,fold,
0.5,0.6841672765568014,0.2454204062104247,,119,v2-benchmark,0.75,8,0.25,144,144,fold,
0.75,0.657440233340264,0.23218060416403347,,119,training-prevalence,0.75,8,0.5,144,144,fold,
0.75,4.029523987871173,0.25,,119,training-majority,0.75,8,0.5,144,144,fold,
0.75,0.6930731527317546,0.24727586715227978,,119,logistic-regression,0.75,8,0.08333333333333333,144,144,fold,
0.8076923076923077,0.5468782155542512,0.17868079297959527,,120,v2-benchmark,0.8076923076923077,26,0.9238095238095239,145,145,fold,
0.8076923076923077,0.6473858352551234,0.22716574400148393,,120,training-prevalence,0.8076923076923077,26,0.5,145,145,fold,
0.8076923076923077,3.099633859900904,0.19230769230769232,,120,training-majority,0.8076923076923077,26,0.5,145,145,fold,
0.8076923076923077,0.5996260593932028,0.202550381297335,,120,logistic-regression,0.8076923076923077,26,0.47619047619047616,145,145,fold,
0.5806451612903226,0.6389270013712545,0.22371496947418856,,121,v2-benchmark,0.6129032258064516,31,0.6754385964912281,146,146,fold,
0.6129032258064516,0.6765689083768598,0.24173129294560564,,121,training-prevalence,0.6129032258064516,31,0.5,146,146,fold,
0.6129032258064516,6.239262894123103,0.3870967741935484,,121,training-majority,0.6129032258064516,31,0.5,146,146,fold,
0.6451612903225806,0.6348789372185162,0.22248068491658773,,121,logistic-regression,0.6129032258064516,31,0.6096491228070176,146,146,fold,
0.5802469135802469,0.6758947863575384,0.24138279757337877,,122,v2-benchmark,0.5123456790123457,162,0.6161354277870977,147,147,fold,
0.5123456790123457,0.6956127062328342,0.25122472565010906,,122,training-prevalence,0.5123456790123457,162,0.5,147,147,fold,
0.5123456790123457,7.860059041773396,0.4876543209876543,,122,training-majority,0.5123456790123457,162,0.5,147,147,fold,
0.5432098765432098,0.6883218357759122,0.24764048427725113,,122,logistic-regression,0.5123456790123457,162,0.586091200244014,147,147,fold,
0.5362318840579711,0.6808323505244518,0.24417316211901322,,123,v2-benchmark,0.4927536231884058,69,0.5882352941176471,148,148,fold,
0.4927536231884058,0.6989901876935247,0.2529094963426038,,123,training-prevalence,0.4927536231884058,69,0.5,148,148,fold,
0.4927536231884058,8.175845669593677,0.5072463768115942,,123,training-majority,0.4927536231884058,69,0.5,148,148,fold,
0.5072463768115942,0.7227923672942365,0.264207077288578,,123,logistic-regression,0.4927536231884058,69,0.48991596638655466,148,148,fold,
0.5224719101123596,0.6994348753929857,0.2530348877225013,,124,v2-benchmark,0.4943820224719101,178,0.545959595959596,149,149,fold,
0.4943820224719101,0.6977996616679132,0.2523182756248567,,124,training-prevalence,0.4943820224719101,178,0.5,149,149,fold,
0.4943820224719101,8.149598974346189,0.5056179775280899,,124,training-majority,0.4943820224719101,178,0.5,149,149,fold,
0.5168539325842697,0.7053359574309064,0.255781564313041,,124,logistic-regression,0.4943820224719101,178,0.5313131313131312,149,149,fold,
0.5833333333333334,0.7107855237737951,0.25780130925267025,,125,v2-benchmark,0.2916666666666667,24,0.5798319327731093,150,150,fold,
0.2916666666666667,0.7312638123158978,0.26901249370217045,,125,training-prevalence,0.2916666666666667,24,0.5,150,150,fold,
0.2916666666666667,11.416984448968314,0.7083333333333334,,125,training-majority,0.2916666666666667,24,0.5,150,150,fold,
0.625,0.6560463035135703,0.23203973926981405,,125,logistic-regression,0.2916666666666667,24,0.6554621848739496,150,150,fold,
0.5348837209302325,0.7109561673703922,0.25813798525960746,,126,v2-benchmark,0.4883720930232558,172,0.5266504329004329,151,151,fold,
0.4883720930232558,0.6975885792109628,0.25221543837751964,,126,training-prevalence,0.4883720930232558,172,0.5,151,151,fold,
0.4883720930232558,8.24646759145728,0.5116279069767442,,126,training-majority,0.4883720930232558,172,0.5,151,151,fold,
0.5465116279069767,0.6984583355937612,0.2515396197184679,,126,logistic-regression,0.4883720930232558,172,0.5768398268398268,151,151,fold,
0.5512820512820513,0.6780679284750006,0.24273306516697404,,127,v2-benchmark,0.47435897435897434,78,0.6209624258404746,152,152,fold,
0.47435897435897434,0.6990699130913316,0.2529557259786184,,127,training-prevalence,0.47435897435897434,78,0.5,152,152,fold,
0.47435897435897434,8.47233237706246,0.5256410256410257,,127,training-majority,0.47435897435897434,78,0.5,152,152,fold,
0.5256410256410257,0.6903995321995041,0.2488392136749805,,127,logistic-regression,0.47435897435897434,78,0.5596572181938037,152,152,fold,
0.541095890410959,0.7033233207078505,0.25421261393288713,,128,v2-benchmark,0.4726027397260274,146,0.5791454921889705,153,153,fold,
0.4726027397260274,0.6986145057247258,0.2527293549742195,,128,training-prevalence,0.4726027397260274,146,0.5,153,153,fold,
0.4726027397260274,8.500639534687126,0.5273972602739726,,128,training-majority,0.4726027397260274,146,0.5,153,153,fold,
0.5616438356164384,0.6789261480287176,0.24318382004456668,,128,logistic-regression,0.4726027397260274,146,0.5915678524374177,153,153,fold,
0.5254237288135594,0.6846079706091174,0.24585947831205704,,129,v2-benchmark,0.4406779661016949,59,0.5815850815850816,154,154,fold,
0.4406779661016949,0.7013555184528325,0.2540994784715218,,129,training-prevalence,0.4406779661016949,59,0.5,154,154,fold,
0.4406779661016949,9.015206086423634,0.559322033898305,,129,training-majority,0.4406779661016949,59,0.5,154,154,fold,
0.559322033898305,0.7018558095417758,0.25368910459912675,,129,logistic-regression,0.4406779661016949,59,0.534965034965035,154,154,fold,
0.4563758389261745,0.7446650551944591,0.2743603340556093,,130,v2-benchmark,0.44966442953020136,149,0.45668001456133966,155,155,fold,
0.44966442953020136,0.6993329512726125,0.25309013000586195,,130,training-prevalence,0.44966442953020136,149,0.5,155,155,fold,
0.44966442953020136,8.870361410213047,0.5503355704697986,,130,training-majority,0.44966442953020136,149,0.5,155,155,fold,
0.5234899328859061,0.7044336262962193,0.2544182001199196,,130,logistic-regression,0.44966442953020136,149,0.5351292318893338,155,155,fold,
0.5614035087719298,0.6757887730892924,0.24175360458685635,,131,v2-benchmark,0.5087719298245614,57,0.6391625615763545,156,156,fold,
0.5087719298245614,0.6933317561877178,0.25009207949575063,,131,training-prevalence,0.5087719298245614,57,0.5,156,156,fold,
0.5087719298245614,7.9176610726591425,0.49122807017543857,,131,training-majority,0.5087719298245614,57,0.5,156,156,fold,
0.5263157894736842,0.7297189893241461,0.2673527350453998,,131,logistic-regression,0.5087719298245614,57,0.5541871921182266,156,156,fold,
0.47651006711409394,0.7111081602914628,0.25881254627274075,,132,v2-benchmark,0.5167785234899329,149,0.490981240981241,157,157,fold,
0.5167785234899329,0.6925872576804913,0.2497200897836193,,132,training-prevalence,0.5167785234899329,149,0.5,157,157,fold,
0.5167785234899329,7.788610030918771,0.48322147651006714,,132,training-majority,0.5167785234899329,149,0.5,157,157,fold,
0.4966442953020134,0.7431608655595233,0.27289863997358565,,132,logistic-regression,0.5167785234899329,149,0.48917748917748916,157,157,fold,
0.589041095890411,0.6766242876410719,0.24173785873776915,,133,v2-benchmark,0.4726027397260274,146,0.6092603049124788,158,158,fold,
0.4726027397260274,0.6953390449022435,0.25109553866409634,,133,training-prevalence,0.4726027397260274,146,0.5,158,158,fold,
0.4726027397260274,8.500639534687128,0.5273972602739726,,133,training-majority,0.4726027397260274,146,0.5,158,158,fold,
0.6575342465753424,0.6444265840348467,0.22655614005056948,,133,logistic-regression,0.4726027397260274,146,0.6851119894598156,158,158,fold,
0.47368421052631576,0.7307597153042931,0.26734568409553605,,134,v2-benchmark,0.38596491228070173,114,0.45292207792207795,159,159,fold,
0.38596491228070173,0.6980106102285474,0.2524313699701148,,134,training-prevalence,0.38596491228070173,114,0.5,159,159,fold,
0.38596491228070173,9.897076315823927,0.6140350877192983,,134,training-majority,0.38596491228070173,114,0.5,159,159,fold,
0.5350877192982456,0.6876615873941572,0.24732045604774333,,134,logistic-regression,0.38596491228070173,114,0.5327922077922078,159,159,fold,
0.475,0.7150272943106156,0.26031610146093104,,135,v2-benchmark,0.45,40,0.4621212121212121,160,160,fold,
0.45,0.6946265398110588,0.2507396308994264,,135,training-prevalence,0.45,40,0.5,160,160,fold,
0.45,8.864952653316575,0.55,,135,training-majority,0.45,40,0.5,160,160,fold,
0.5,0.6945790822111599,0.2509407000799288,,135,logistic-regression,0.45,40,0.5328282828282829,160,160,fold,
0.7222222222222222,0.6217632198258541,0.21568485810020832,,136,v2-benchmark,0.5,36,0.7469135802469136,161,161,fold,
0.5,0.6931590783814549,0.2500059488399761,,136,training-prevalence,0.5,36,0.5,161,161,fold,
0.5,8.059047875742342,0.5,,136,training-majority,0.5,36,0.5,161,161,fold,
0.6111111111111112,0.6317626784225471,0.22153927756837052,,136,logistic-regression,0.5,36,0.7469135802469136,161,161,fold,
0.5537190082644629,0.684343921642449,0.24558492383941158,,137,v2-benchmark,0.35537190082644626,121,0.5527728085867621,162,162,fold,
0.35537190082644626,0.6950544037071503,0.25095359798548394,,137,training-prevalence,0.35537190082644626,121,0.5,162,162,fold,
0.35537190082644626,10.390177397651282,0.6446280991735537,,137,training-majority,0.35537190082644626,121,0.5,162,162,fold,
0.6611570247933884,0.6420679909510352,0.22571495620180335,,137,logistic-regression,0.35537190082644626,121,0.5891472868217055,162,162,fold,
0.5245901639344263,0.7105260479114696,0.2583613525983122,,138,v2-benchmark,0.47540983606557374,61,0.4967672413793104,163,163,fold,
0.5245901639344263,0.6926747817999706,0.24976380921951566,,138,training-prevalence,0.47540983606557374,61,0.5,163,163,fold,
0.5245901639344263,7.662701263570353,0.47540983606557374,,138,training-majority,0.47540983606557374,61,0.5,163,163,fold,
0.5737704918032787,0.6805076042377645,0.24439052679499731,,138,logistic-regression,0.47540983606557374,61,0.5948275862068966,163,163,fold,
0.7,0.6112143814777474,0.21087201753087056,,139,v2-benchmark,0.3,20,0.8214285714285714,164,164,fold,
0.7,0.6861884484640585,0.24652099688987583,,139,training-prevalence,0.3,20,0.5,164,164,fold,
0.7,4.8354287652875,0.3,,139,training-majority,0.3,20,0.5,164,164,fold,
0.3,4.474928160268278,0.6969924160152385,,139,logistic-regression,0.3,20,0.5357142857142857,164,164,fold,
0.6190476190476191,0.6974423801011573,0.251528186234473,,140,v2-benchmark,0.42857142857142855,42,0.5185185185185185,165,165,fold,
0.5714285714285714,0.6890169741024198,0.2479355825549241,,140,training-prevalence,0.42857142857142855,42,0.5,165,165,fold,
0.5714285714285714,6.907755336124999,0.42857142857142855,,140,training-majority,0.42857142857142855,42,0.5,165,165,fold,
0.5238095238095238,0.8009510409151365,0.2933619884168476,,140,logistic-regression,0.42857142857142855,42,0.44212962962962965,165,165,fold,
0.48936170212765956,0.7011506324241799,0.25371449473184615,,141,v2-benchmark,0.46808510638297873,94,0.545,166,166,fold,
0.5319148936170213,0.691567432506107,0.24921036981995828,,141,training-prevalence,0.46808510638297873,94,0.5,166,166,fold,
0.5319148936170213,7.544640570661345,0.46808510638297873,,141,training-majority,0.46808510638297873,94,0.5,166,166,fold,
0.5106382978723404,0.7309913180435217,0.26789959254600176,,141,logistic-regression,0.46808510638297873,94,0.5459090909090909,166,166,fold,
0.49693251533742333,0.7089864631452264,0.25731893957602126,,142,v2-benchmark,0.49079754601226994,163,0.5118975903614458,167,167,fold,
0.50920245398773,0.6933463911479584,0.25009935706589687,,142,training-prevalence,0.49079754601226994,163,0.5,167,167,fold,
0.50920245398773,7.910721842801634,0.49079754601226994,,142,training-majority,0.49079754601226994,163,0.5,167,167,fold,
0.5214723926380368,0.737130690763544,0.26950037111363195,,142,logistic-regression,0.49079754601226994,163,0.48704819277108435,167,167,fold,
0.6122448979591837,0.6828476533319446,0.24479106154006244,,143,v2-benchmark,0.4897959183673469,49,0.595,168,168,fold,
0.5102040816326531,0.6932441818603676,0.25004829520608984,,143,training-prevalence,0.4897959183673469,49,0.5,168,168,fold,
0.5102040816326531,7.894577512714283,0.4897959183673469,,143,training-majority,0.4897959183673469,49,0.5,168,168,fold,
0.4897959183673469,0.7096194969103735,0.25850328971483505,,143,logistic-regression,0.4897959183673469,49,0.5416666666666667,168,168,fold,
0.5246913580246914,0.7041146969402107,0.25471156189343835,,144,v2-benchmark,0.5123456790123457,162,0.5398810431599816,169,169,fold,
0.4876543209876543,0.6957830379610073,0.2513164376890674,,144,training-prevalence,0.5123456790123457,162,0.5,169,169,fold,
0.4876543209876543,8.258036709441614,0.5123456790123457,,144,training-majority,0.5123456790123457,162,0.5,169,169,fold,
0.5061728395061729,0.7261585522622767,0.26492735563348807,,144,logistic-regression,0.5123456790123457,162,0.50846423669361,169,169,fold,
0.5113636363636364,0.6881730653523402,0.2478245544327633,,145,v2-benchmark,0.4943181818181818,176,0.5572775410047786,170,170,fold,
0.5056818181818182,0.6937750573716416,0.2503134597793977,,145,training-prevalence,0.4943181818181818,176,0.5,170,170,fold,
0.5056818181818182,7.967467787121447,0.4943181818181818,,145,training-majority,0.4943181818181818,176,0.5,170,170,fold,
0.5284090909090909,0.7010983113296955,0.25337691667902246,,145,logistic-regression,0.4943181818181818,176,0.5562443497352447,170,170,fold,
0.4444444444444444,0.7070150505251577,0.2578980787857751,,146,v2-benchmark,0.48148148148148145,27,0.4340659340659341,171,171,fold,
0.5185185185185185,0.69258634045274,0.24971951584931318,,146,training-prevalence,0.48148148148148145,27,0.5,171,171,fold,
0.5185185185185185,7.760564624535488,0.48148148148148145,,146,training-majority,0.48148148148148145,27,0.5,171,171,fold,
0.48148148148148145,0.7227807639267938,0.26429974884172885,,146,logistic-regression,0.48148148148148145,27,0.510989010989011,171,171,fold,
0.63,0.6618013080683928,0.23459826999636868,,147,v2-benchmark,0.495,200,0.6435643564356435,172,172,fold,
0.505,0.6941632837657877,0.25050710317432245,,147,training-prevalence,0.495,200,0.5,172,172,fold,
0.505,7.978457397724372,0.495,,147,training-majority,0.495,200,0.5,172,172,fold,
0.615,0.6829857656036649,0.24305168889201387,,147,logistic-regression,0.495,200,0.6310631063106309,172,172,fold,
0.4411764705882353,0.6994213336780742,0.253402488639726,,148,v2-benchmark,0.4117647058823529,34,0.5642857142857143,173,173,fold,
0.5882352941176471,0.6846254649348233,0.24574340734848926,,148,training-prevalence,0.4117647058823529,34,0.5,173,173,fold,
0.5882352941176471,6.636862973924017,0.4117647058823529,,148,training-majority,0.4117647058823529,34,0.5,173,173,fold,
0.5588235294117647,0.6557702917181724,0.23241315396580772,,148,logistic-regression,0.4117647058823529,34,0.6571428571428571,173,173,fold,
0.5080213903743316,0.7124542312349605,0.2585028749619155,,149,v2-benchmark,0.40641711229946526,187,0.5098387861545757,174,174,fold,
0.5935828877005348,0.6836467755801691,0.24525503538826918,,149,training-prevalence,0.40641711229946526,187,0.5,174,174,fold,
0.5935828877005348,6.550669949587344,0.40641711229946526,,149,training-majority,0.40641711229946526,187,0.5,174,174,fold,
0.49732620320855614,0.713138848092061,0.2576561410010223,,149,logistic-regression,0.40641711229946526,187,0.4996443812233286,174,174,fold,
0.4864864864864865,0.6769220215954126,0.24282809733988525,,150,v2-benchmark,0.40540540540540543,37,0.5545454545454546,175,175,fold,
0.5945945945945946,0.6819339692327963,0.24440226999559458,,150,training-prevalence,0.40540540540540543,37,0.5,175,175,fold,
0.5945945945945946,6.5343631611993205,0.40540540540540543,,150,training-majority,0.40540540540540543,37,0.5,175,175,fold,
0.5135135135135135,0.7138620818860051,0.26050001019380126,,150,logistic-regression,0.40540540540540543,37,0.4303030303030303,175,175,fold,
0.5769230769230769,0.6939986933699428,0.24968330222660257,,151,v2-benchmark,0.4835164835164835,182,0.5696324951644101,176,176,fold,
0.5164835164835165,0.6933624602856063,0.2501063409911622,,151,training-prevalence,0.4835164835164835,182,0.5,176,176,fold,
0.5164835164835165,7.793364981782051,0.4835164835164835,,151,training-majority,0.4835164835164835,182,0.5,176,176,fold,
0.5494505494505495,0.694139745500616,0.2501931431291101,,151,logistic-regression,0.4835164835164835,182,0.553916827852998,176,176,fold,
0.5405405405405406,0.7301580140706345,0.2637362557699942,,152,v2-benchmark,0.4594594594594595,74,0.5191176470588236,177,177,fold,
0.5405405405405406,0.6898947386398055,0.24837547619680578,,152,training-prevalence,0.4594594594594595,74,0.5,177,177,fold,
0.5405405405405406,7.405611569359232,0.4594594594594595,,152,training-majority,0.4594594594594595,74,0.5,177,177,fold,
0.527027027027027,0.7036924030135623,0.2541400911243093,,152,logistic-regression,0.4594594594594595,74,0.5448529411764707,177,177,fold,
0.4973821989528796,0.7175842640736335,0.26121409292910175,,153,v2-benchmark,0.4712041884816754,191,0.5095709570957095,178,178,fold,
0.5287958115183246,0.6916113020971246,0.24923223316059256,,153,training-prevalence,0.4712041884816754,191,0.5,178,178,fold,
0.5287958115183246,7.5949142339594236,0.4712041884816754,,153,training-majority,0.4712041884816754,191,0.5,178,178,fold,
0.5654450261780105,0.6968673901654956,0.2513695997724573,,153,logistic-regression,0.4712041884816754,191,0.5573157315731573,178,178,fold,
0.5915492957746479,0.6840449591006242,0.24485843383604092,,154,v2-benchmark,0.5352112676056338,71,0.6028708133971291,179,179,fold,
0.4647887323943662,0.7009907046120775,0.25391356054691794,,154,training-prevalence,0.5352112676056338,71,0.5,179,179,fold,
0.4647887323943662,8.626586451217134,0.5352112676056338,,154,training-majority,0.5352112676056338,71,0.5,179,179,fold,
0.5070422535211268,0.7057091887954565,0.2560193689039396,,154,logistic-regression,0.5352112676056338,71,0.5334928229665071,179,179,fold,
0.5271739130434783,0.6889541905191868,0.24715128897442293,,155,v2-benchmark,0.41304347826086957,184,0.5654239766081872,180,180,fold,
0.5869565217391305,0.6836027169731519,0.24523426707225968,,155,training-prevalence,0.41304347826086957,184,0.5,180,180,fold,
0.5869565217391305,6.657474349308877,0.41304347826086957,,155,training-majority,0.41304347826086957,184,0.5,180,180,fold,
0.5978260869565217,0.6660796160851562,0.23630300621956857,,155,logistic-regression,0.41304347826086957,184,0.6172027290448343,180,180,fold,
0.6,0.6719997296020903,0.23927292456415808,,156,v2-benchmark,0.42857142857142855,35,0.6566666666666666,181,181,fold,
0.5714285714285714,0.6853193558216938,0.24609195799579828,,156,training-prevalence,0.42857142857142855,35,0.5,181,181,fold,
0.5714285714285714,6.907755336124996,0.42857142857142855,,156,training-majority,0.42857142857142855,35,0.5,181,181,fold,
0.5428571428571428,0.6700827508727639,0.24031227486222967,,156,logistic-regression,0.42857142857142855,35,0.6066666666666667,181,181,fold,
0.6170212765957447,0.6676274798158928,0.23698680993036983,,157,v2-benchmark,0.48404255319148937,188,0.6383822363203807,182,182,fold,
0.5159574468085106,0.6936439886458071,0.2502464714165526,,157,training-prevalence,0.48404255319148937,188,0.5,182,182,fold,
0.5159574468085106,7.8018442230702565,0.48404255319148937,,157,training-majority,0.48404255319148937,188,0.5,182,182,fold,
0.5638297872340425,0.6999250403115809,0.2527337819449223,,157,logistic-regression,0.48404255319148937,188,0.6066613798572562,182,182,fold,
0.5540540540540541,0.6741769024582845,0.24138868943454345,,158,v2-benchmark,0.3918918918918919,74,0.617624521072797,183,183,fold,
0.6081081081081081,0.6790606350249572,0.24296998728171249,,158,training-prevalence,0.3918918918918919,74,0.5,183,183,fold,
0.6081081081081081,6.316551059159346,0.3918918918918919,,158,training-majority,0.3918918918918919,74,0.5,183,183,fold,
0.6216216216216216,0.6681003432165297,0.23801904622474407,,158,logistic-regression,0.3918918918918919,74,0.5984674329501916,183,183,fold,
0.5786516853932584,0.6896173220642926,0.24776927955468434,,159,v2-benchmark,0.42696629213483145,178,0.5833333333333334,184,184,fold,
0.5730337078651685,0.684321513944702,0.24559564572497114,,159,training-prevalence,0.42696629213483145,178,0.5,184,184,fold,
0.5730337078651685,6.8818835936676015,0.42696629213483145,,159,training-majority,0.42696629213483145,178,0.5,184,184,fold,
0.5898876404494382,0.6601475206951116,0.2341408073397022,,159,logistic-regression,0.42696629213483145,178,0.6133900928792569,184,184,fold,
0.5,0.8207272114216116,0.30223090743124625,,160,v2-benchmark,0.47368421052631576,38,0.3888888888888889,185,185,fold,
0.5263157894736842,0.6922255950495435,0.24953828239248776,,160,training-prevalence,0.47368421052631576,38,0.5,185,185,fold,
0.5263157894736842,7.634887466243417,0.47368421052631576,,160,training-majority,0.47368421052631576,38,0.5,185,185,fold,
0.6578947368421053,0.7109860095700753,0.254853104073105,,160,logistic-regression,0.47368421052631576,38,0.5583333333333333,185,185,fold,
0.515527950310559,0.7329770538070277,0.26688067285547445,,161,v2-benchmark,0.5341614906832298,161,0.5227906976744185,186,186,fold,
0.4658385093167702,0.702183664850552,0.25450609906204164,,161,training-prevalence,0.5341614906832298,161,0.5,186,186,fold,
0.4658385093167702,8.609666046474636,0.5341614906832298,,161,training-majority,0.5341614906832298,161,0.5,186,186,fold,
0.5217391304347826,0.7099506627477915,0.257885093717096,,161,logistic-regression,0.5341614906832298,161,0.5930232558139535,186,186,fold,
0.5,0.7160354266636653,0.26124936163191503,,162,v2-benchmark,0.4,40,0.49479166666666663,187,187,fold,
0.6,0.6809932210863909,0.2439330099334379,,162,training-prevalence,0.4,40,0.5,187,187,fold,
0.6,6.447238320383332,0.4,,162,training-majority,0.4,40,0.5,187,187,fold,
0.55,0.7095487198767508,0.25749735402473073,,162,logistic-regression,0.4,40,0.5208333333333333,187,187,fold,
0.5649717514124294,0.6959857606182072,0.2511590562001688,,163,v2-benchmark,0.4463276836158192,177,0.5559287005941618,188,188,fold,
0.5536723163841808,0.6882053758727381,0.24753194086894248,,163,training-prevalence,0.4463276836158192,177,0.5,188,188,fold,
0.5536723163841808,7.193952351557674,0.4463276836158192,,163,training-majority,0.4463276836158192,177,0.5,188,188,fold,
0.576271186440678,0.6793639274336598,0.2430093882104766,,163,logistic-regression,0.4463276836158192,177,0.5870576078532679,188,188,fold,
0.4782608695652174,0.704320589135326,0.2552811912756256,,164,v2-benchmark,0.6521739130434783,23,0.55,189,189,fold,
0.34782608695652173,0.7168235921727171,0.2618180347236583,,164,training-prevalence,0.6521739130434783,23,0.5,189,189,fold,
0.34782608695652173,10.511801546277164,0.6521739130434783,,164,training-majority,0.6521739130434783,23,0.5,189,189,fold,
0.4782608695652174,0.7247686051580352,0.2651714261221326,,164,logistic-regression,0.6521739130434783,23,0.5166666666666667,189,189,fold,
0.6031746031746031,0.7322275588926233,0.26517326720957257,,165,v2-benchmark,0.49206349206349204,63,0.564516129032258,190,190,fold,
0.5079365079365079,0.6941931073946724,0.2505215331570047,,165,training-prevalence,0.49206349206349204,63,0.5,190,190,fold,
0.5079365079365079,7.931126482217589,0.49206349206349204,,165,training-majority,0.49206349206349204,63,0.5,190,190,fold,
0.5555555555555556,0.6692459248570684,0.23886962484777752,,165,logistic-regression,0.49206349206349204,63,0.6360887096774194,190,190,fold,
0.5704225352112676,0.6886139883216965,0.24594033950734404,,166,v2-benchmark,0.4647887323943662,142,0.6030701754385964,191,191,fold,
0.5352112676056338,0.6907013691092463,0.24877804567561704,,166,training-prevalence,0.4647887323943662,142,0.5,191,191,fold,
0.5352112676056338,7.491509299741194,0.4647887323943662,,166,training-majority,0.4647887323943662,142,0.5,191,191,fold,
0.43661971830985913,0.7266585586328537,0.26601600502135636,,166,logistic-regression,0.4647887323943662,142,0.44637161084529503,191,191,fold,
0.6031746031746031,0.7073950362405558,0.25523509092855995,,167,v2-benchmark,0.3968253968253968,63,0.5852631578947369,192,192,fold,
0.6031746031746031,0.6822157701654503,0.24454074930625846,,167,training-prevalence,0.3968253968253968,63,0.5,192,192,fold,
0.6031746031746031,6.396069763078702,0.3968253968253968,,167,training-majority,0.3968253968253968,63,0.5,192,192,fold,
0.6031746031746031,0.6682523642134466,0.23787287552619327,,167,logistic-regression,0.3968253968253968,63,0.643157894736842,192,192,fold,
0.49693251533742333,0.7307760848658972,0.266424845553127,,168,v2-benchmark,0.5214723926380368,163,0.504524886877828,193,193,fold,
0.4785276073619632,0.6984132670674749,0.25262804992995364,,168,training-prevalence,0.5214723926380368,163,0.5,193,193,fold,
0.4785276073619632,8.405141951726735,0.5214723926380368,,168,training-majority,0.5214723926380368,163,0.5,193,193,fold,
0.5644171779141104,0.6694851161922297,0.23897195271877578,,168,logistic-regression,0.5214723926380368,163,0.6036199095022624,193,193,fold,
0.6764705882352942,0.663394729105056,0.23314644975477283,,169,v2-benchmark,0.36764705882352944,68,0.6102325581395349,194,194,fold,
0.6323529411764706,0.6784942362583212,0.2426824983413948,,169,training-prevalence,0.36764705882352944,68,0.5,194,194,fold,
0.6323529411764706,5.925770523146446,0.36764705882352944,,169,training-majority,0.36764705882352944,68,0.5,194,194,fold,
0.5735294117647058,0.6949695651428675,0.2500751253489577,,169,logistic-regression,0.36764705882352944,68,0.6009302325581396,194,194,fold,
0.535031847133758,0.7098115280657894,0.25686664247344654,,170,v2-benchmark,0.5286624203821656,157,0.556496255291436,195,195,fold,
0.4713375796178344,0.6999804194031589,0.25340940948586427,,170,training-prevalence,0.5286624203821656,157,0.5,195,195,fold,
0.4713375796178344,8.521031505920645,0.5286624203821656,,170,training-majority,0.5286624203821656,157,0.5,195,195,fold,
0.5095541401273885,0.7045843060791539,0.2550272416545561,,170,logistic-regression,0.5286624203821656,157,0.5496580918267665,195,195,fold,
0.4318181818181818,0.8033856383442294,0.30173921223509415,,171,v2-benchmark,0.5454545454545454,44,0.42500000000000004,196,196,fold,
0.45454545454545453,0.7018608154383216,0.25434887641525167,,171,training-prevalence,0.5454545454545454,44,0.5,196,196,fold,
0.45454545454545453,8.791688582340905,0.5454545454545454,,171,training-majority,0.5454545454545454,44,0.5,196,196,fold,
0.5909090909090909,0.7089548741910275,0.2567159252933156,,171,logistic-regression,0.5454545454545454,44,0.5604166666666666,196,196,fold,
0.5900621118012422,0.7002216551673702,0.2518626130094703,,172,v2-benchmark,0.5279503105590062,161,0.5930340557275542,197,197,fold,
0.4720496894409938,0.6991540154474967,0.2529980670804638,,172,training-prevalence,0.5279503105590062,161,0.5,197,197,fold,
0.4720496894409938,8.509553651748185,0.5279503105590062,,172,training-majority,0.5279503105590062,161,0.5,197,197,fold,
0.5838509316770186,0.6846744248302178,0.2456304040360763,,172,logistic-regression,0.5279503105590062,161,0.5859133126934986,197,197,fold,
0.5578947368421052,0.7048167595948829,0.2542792884268421,,173,v2-benchmark,0.4105263157894737,95,0.5627289377289377,198,198,fold,
0.5894736842105263,0.6837327677240178,0.24529852482976602,,173,training-prevalence,0.4105263157894737,95,0.5,198,198,fold,
0.5894736842105263,6.616902484077631,0.4105263157894737,,173,training-majority,0.4105263157894737,95,0.5,198,198,fold,
0.5473684210526316,0.7008971321033345,0.25254141095655397,,173,logistic-regression,0.4105263157894737,95,0.581959706959707,198,198,fold,
0.5584415584415584,0.6912913316444127,0.24657114095097996,,174,v2-benchmark,0.4675324675324675,77,0.5975609756097561,199,199,fold,
0.5324675324675324,0.6910386823589109,0.2489464902004734,,174,training-prevalence,0.4675324675324675,77,0.5,199,199,fold,
0.5324675324675324,7.535733084863632,0.4675324675324675,,174,training-majority,0.4675324675324675,77,0.5,199,199,fold,
0.5974025974025974,0.6959042255629173,0.2505696789213269,,174,logistic-regression,0.4675324675324675,77,0.5555555555555556,199,199,fold,
0.6103896103896104,0.6814324248543769,0.2417163031905044,,175,v2-benchmark,0.4935064935064935,77,0.6248313090418354,200,200,fold,
0.5064935064935064,0.694081490850345,0.25046615456819993,,175,training-prevalence,0.4935064935064935,77,0.5,200,200,fold,
0.5064935064935064,7.954384917356057,0.4935064935064935,,175,training-majority,0.4935064935064935,77,0.5,200,200,fold,
0.6233766233766234,0.651655668604118,0.22962079541136768,,175,logistic-regression,0.4935064935064935,77,0.670715249662618,200,200,fold,
0.4868421052631579,0.7445319798175158,0.2738645590295284,,176,v2-benchmark,0.5,76,0.492382271468144,201,201,fold,
0.5,0.6946633897838322,0.2507569563277243,,176,training-prevalence,0.5,76,0.5,201,201,fold,
0.5,8.059047875479163,0.5,,176,training-majority,0.5,76,0.5,201,201,fold,
0.5657894736842105,0.6879194963633117,0.24736242229517702,,176,logistic-regression,0.5,76,0.5720221606648199,201,201,fold,
0.5606060606060606,0.6906134914852022,0.2492012521042806,,177,v2-benchmark,0.42424242424242425,66,0.5479323308270677,202,202,fold,
0.5757575757575758,0.6863239171294374,0.24659142558973576,,177,training-prevalence,0.42424242424242425,66,0.5,202,202,fold,
0.5757575757575758,6.837980030709596,0.42424242424242425,,177,training-majority,0.42424242424242425,66,0.5,202,202,fold,
0.5909090909090909,0.676868585034514,0.24231691943690686,,177,logistic-regression,0.42424242424242425,66,0.5817669172932332,202,202,fold,
0.4857142857142857,0.740438189933173,0.2709151013895559,,178,v2-benchmark,0.42857142857142855,35,0.53,203,203,fold,
0.5714285714285714,0.6866518411269792,0.24675537872257455,,178,training-prevalence,0.42857142857142855,35,0.5,203,203,fold,
0.5714285714285714,6.907755336124996,0.42857142857142855,,178,training-majority,0.42857142857142855,35,0.5,203,203,fold,
0.42857142857142855,0.7391644525782048,0.2697758680314919,,178,logistic-regression,0.42857142857142855,35,0.45333333333333325,203,203,fold,
0.5909090909090909,0.7183227868707793,0.25818283316215107,,179,v2-benchmark,0.4090909090909091,22,0.5213675213675214,204,204,fold,
0.5909090909090909,0.6842973910188113,0.2455795739091517,,179,training-prevalence,0.4090909090909091,22,0.5,204,204,fold,
0.5909090909090909,6.593766461755679,0.4090909090909091,,179,training-majority,0.4090909090909091,22,0.5,204,204,fold,
0.5454545454545454,0.6423504289638069,0.2269993557438106,,179,logistic-regression,0.4090909090909091,22,0.6837606837606838,204,204,fold,
0.512,0.7297812728400158,0.2651712969937605,,180,v2-benchmark,0.464,125,0.5378281008749357,205,205,fold,
0.536,0.6905960556618985,0.24872546610952795,,180,training-prevalence,0.464,125,0.5,205,205,fold,
0.536,7.478796435644663,0.464,,180,training-majority,0.464,125,0.5,205,205,fold,
0.568,0.6754749657727662,0.2418039119948609,,180,logistic-regression,0.464,125,0.5970149253731343,205,205,fold,
0.5378151260504201,0.712557806870733,0.2560219237438926,,181,v2-benchmark,0.42857142857142855,119,0.5833333333333334,206,206,fold,
0.5714285714285714,0.6868397958198006,0.24684906568578643,,181,training-prevalence,0.42857142857142855,119,0.5,206,206,fold,
0.5714285714285714,6.907755336124998,0.42857142857142855,,181,training-majority,0.42857142857142855,119,0.5,206,206,fold,
0.5630252100840336,0.7220511330228291,0.26264450478497947,,181,logistic-regression,0.42857142857142855,119,0.5034602076124568,206,206,fold,
0.5434782608695652,0.7987985078635526,0.2932798199359407,,182,v2-benchmark,0.6521739130434783,46,0.5,207,207,fold,
0.34782608695652173,0.7123462562381973,0.25958846647107964,,182,training-prevalence,0.6521739130434783,46,0.5,207,207,fold,
0.34782608695652173,10.511801546277168,0.6521739130434783,,182,training-majority,0.6521739130434783,46,0.5,207,207,fold,
0.5,0.7615643888713106,0.2815640838817349,,182,logistic-regression,0.6521739130434783,46,0.5041666666666667,207,207,fold,
0.5304347826086957,0.7542063942866002,0.2753513444759375,,183,v2-benchmark,0.5652173913043478,115,0.5264615384615385,208,208,fold,
0.43478260869565216,0.7013633175519013,0.25410399098614345,,183,training-prevalence,0.5652173913043478,115,0.5,208,208,fold,
0.43478260869565216,9.110228020106883,0.5652173913043478,,183,training-majority,0.5652173913043478,115,0.5,208,208,fold,
0.5130434782608696,0.7178132514206977,0.26107826847199606,,183,logistic-regression,0.5652173913043478,115,0.5264615384615385,208,208,fold,
0.576271186440678,0.6866525963764133,0.24541802980389613,,184,v2-benchmark,0.4067796610169492,59,0.5869047619047619,209,209,fold,
0.5932203389830508,0.6867546474355981,0.24680519859718425,,184,training-prevalence,0.4067796610169492,59,0.5,209,209,fold,
0.5932203389830508,6.556513544457626,0.4067796610169492,,184,training-majority,0.4067796610169492,59,0.5,209,209,fold,
0.5084745762711864,0.6857063856919532,0.24655190319010814,,184,logistic-regression,0.4067796610169492,59,0.5904761904761905,209,209,fold,
0.5,0.7649291141155786,0.27815577964807686,,185,v2-benchmark,0.4791666666666667,48,0.49043478260869566,210,210,fold,
0.5208333333333334,0.6923126428829273,0.24958283465605438,,185,training-prevalence,0.4791666666666667,48,0.5,210,210,fold,
0.5208333333333334,7.723254218167533,0.4791666666666667,,185,training-majority,0.4791666666666667,48,0.5,210,210,fold,
0.5,0.7448277397176378,0.27334373520899835,,185,logistic-regression,0.4791666666666667,48,0.4504347826086957,210,210,fold,
0.5705128205128205,0.6901114057930431,0.24676149700981848,,186,v2-benchmark,0.5128205128205128,156,0.5963815789473683,211,211,fold,
0.48717948717948717,0.6945562916845258,0.2507042437263183,,186,training-prevalence,0.5128205128205128,156,0.5,211,211,fold,
0.48717948717948717,8.265690126132476,0.5128205128205128,,186,training-majority,0.5128205128205128,156,0.5,211,211,fold,
0.532051282051282,0.7093046076336399,0.2566489075310353,,186,logistic-regression,0.5128205128205128,156,0.5539473684210526,211,211,fold,
0.6470588235294118,0.6522261671412126,0.2296354934893626,,187,v2-benchmark,0.5882352941176471,51,0.707936507936508,212,212,fold,
0.4117647058823529,0.7002654366667416,0.25355746954160235,,187,training-prevalence,0.5882352941176471,51,0.5,212,212,fold,
0.4117647058823529,9.48123277703431,0.5882352941176471,,187,training-majority,0.5882352941176471,51,0.5,212,212,fold,
0.5686274509803921,0.7180973652741125,0.26095503436645534,,187,logistic-regression,0.5882352941176471,51,0.5095238095238096,212,212,fold,
0.5128205128205128,0.6965641896428354,0.2518658725682147,,188,v2-benchmark,0.48717948717948717,156,0.5625,213,213,fold,
0.5128205128205128,0.6928231735031795,0.2498380126599718,,188,training-prevalence,0.48717948717948717,156,0.5,213,213,fold,
0.5128205128205128,7.852405624825853,0.48717948717948717,,188,training-majority,0.48717948717948717,156,0.5,213,213,fold,
0.5128205128205128,0.6809620679679406,0.24413750053918287,,188,logistic-regression,0.48717948717948717,156,0.5988486842105263,213,213,fold,
0.43859649122807015,0.7809796057230705,0.288545252249318,,189,v2-benchmark,0.43859649122807015,57,0.445,214,214,fold,
0.5614035087719298,0.6906666877074471,0.2487599472598878,,189,training-prevalence,0.43859649122807015,57,0.5,214,214,fold,
0.5614035087719298,7.0693402539290915,0.43859649122807015,,189,training-majority,0.43859649122807015,57,0.5,214,214,fold,
0.5614035087719298,0.6829082252194638,0.24517737641433038,,189,logistic-regression,0.43859649122807015,57,0.61875,214,214,fold,
0.538860103626943,0.707319347164529,0.2553244620750978,,190,v2-benchmark,0.48704663212435234,193,0.5746830002149151,215,215,fold,
0.5129533678756477,0.6928139979458696,0.24983342655429333,,190,training-prevalence,0.48704663212435234,193,0.5,215,215,fold,
0.5129533678756477,7.850264254352763,0.48704663212435234,,190,training-majority,0.48704663212435234,193,0.5,215,215,fold,
0.5647668393782384,0.6839271522795479,0.24519489301560082,,190,logistic-regression,0.48704663212435234,193,0.5898345153664303,215,215,fold,
0.6470588235294118,0.605723077448437,0.2084013686095494,,191,v2-benchmark,0.47058823529411764,17,0.7222222222222223,216,216,fold,
0.5294117647058824,0.6918839157490444,0.24936850917625614,,191,training-prevalence,0.47058823529411764,17,0.5,216,216,fold,
0.5294117647058824,7.584986241627447,0.47058823529411764,,191,training-majority,0.47058823529411764,17,0.5,216,216,fold,
0.4117647058823529,0.7150346066444954,0.2605823561161691,,191,logistic-regression,0.47058823529411764,17,0.5,216,216,fold,
0.4897959183673469,0.7281101036680077,0.2667817419293812,,192,v2-benchmark,0.5102040816326531,196,0.5035416666666667,217,217,fold,
0.4897959183673469,0.6940078543863835,0.25043022270246,,192,training-prevalence,0.5102040816326531,196,0.5,217,217,fold,
0.4897959183673469,8.223518238244045,0.5102040816326531,,192,training-majority,0.5102040816326531,196,0.5,217,217,fold,
0.5969387755102041,0.6623156567596823,0.2353943141068722,,192,logistic-regression,0.5102040816326531,196,0.629375,217,217,fold,
0.5531914893617021,0.6978284475121499,0.2515631224646693,,193,v2-benchmark,0.48936170212765956,47,0.572463768115942,218,218,fold,
0.5106382978723404,0.692928990302182,0.24989091199668492,,193,training-prevalence,0.48936170212765956,47,0.5,218,218,fold,
0.5106382978723404,7.887578773873225,0.48936170212765956,,193,training-majority,0.48936170212765956,47,0.5,218,218,fold,
0.5531914893617021,0.6939047854432133,0.24992766028653934,,193,logistic-regression,0.48936170212765956,47,0.5851449275362318,218,218,fold,
0.4810126582278481,0.7428758771765834,0.2719279897634434,,194,v2-benchmark,0.4873417721518987,158,0.47939714606381273,219,219,fold,
0.5126582278481012,0.6928334000235173,0.2498431250928464,,194,training-prevalence,0.4873417721518987,158,0.5,219,219,fold,
0.5126582278481012,7.855021349517667,0.4873417721518987,,194,training-majority,0.4873417721518987,158,0.5,219,219,fold,
0.5569620253164557,0.7053210914592071,0.2550530953939058,,194,logistic-regression,0.4873417721518987,158,0.5730319063652397,219,219,fold,
0.5466666666666666,0.697866211916388,0.251317597664321,,195,v2-benchmark,0.49333333333333335,75,0.5768136557610242,220,220,fold,
0.5066666666666667,0.6930594770771277,0.24995614945297143,,195,training-prevalence,0.49333333333333335,75,0.5,220,220,fold,
0.5066666666666667,7.9515939051394415,0.49333333333333335,,195,training-majority,0.49333333333333335,75,0.5,220,220,fold,
0.6533333333333333,0.6278593305270184,0.21879464085387107,,195,logistic-regression,0.49333333333333335,75,0.7027027027027027,220,220,fold,
0.4948453608247423,0.7301636114104909,0.2672402580337214,,196,v2-benchmark,0.5103092783505154,194,0.4916533758639022,221,221,fold,
0.4896907216494845,0.6937521488122166,0.25030243810855635,,196,training-prevalence,0.5103092783505154,194,0.5,221,221,fold,
0.4896907216494845,8.225213808994198,0.5103092783505154,,196,training-majority,0.5103092783505154,194,0.5,221,221,fold,
0.5979381443298969,0.6723167458814724,0.23953316733800578,,196,logistic-regression,0.5103092783505154,194,0.6222222222222223,221,221,fold,
0.5813953488372093,0.6326285975008269,0.2211918427325309,,197,v2-benchmark,0.4883720930232558,43,0.7034632034632035,222,222,fold,
0.5116279069767442,0.6928876414034081,0.24987024039353073,,197,training-prevalence,0.4883720930232558,43,0.5,222,222,fold,
0.5116279069767442,7.871628159770347,0.4883720930232558,,197,training-majority,0.4883720930232558,43,0.5,222,222,fold,
0.5116279069767442,0.7032219003028836,0.25453887138031617,,197,logistic-regression,0.4883720930232558,43,0.5627705627705628,222,222,fold,
0.5816993464052288,0.683054127063989,0.2449662734727405,,198,v2-benchmark,0.5490196078431373,153,0.5819530710835058,223,223,fold,
0.45098039215686275,0.6957742416822273,0.25131326724387154,,198,training-prevalence,0.5490196078431373,153,0.5,223,223,fold,
0.45098039215686275,8.849150598565357,0.5490196078431373,,198,training-majority,0.5490196078431373,153,0.5,223,223,fold,
0.5163398692810458,0.6990546407871165,0.25235093661963987,,198,logistic-regression,0.5490196078431373,153,0.5481366459627329,223,223,fold,
0.6170212765957447,0.6741488352747917,0.24089094908858136,,199,v2-benchmark,0.5106382978723404,47,0.6376811594202898,224,224,fold,
0.48936170212765956,0.69340190792144,0.25012735927646823,,199,training-prevalence,0.5106382978723404,47,0.5,224,224,fold,
0.48936170212765956,8.230516977085102,0.5106382978723404,,199,training-majority,0.5106382978723404,47,0.5,224,224,fold,
0.48936170212765956,0.7633522060156445,0.2810017408438814,,199,logistic-regression,0.5106382978723404,47,0.46739130434782605,224,224,fold,
0.5185185185185185,0.6479706391028112,0.22843582031695922,,200,v2-benchmark,0.4444444444444444,27,0.7722222222222221,225,225,fold,
0.5555555555555556,0.6923634267340999,0.2496081299170102,,200,training-prevalence,0.4444444444444444,27,0.5,225,225,fold,
0.5555555555555556,7.163598122648145,0.4444444444444444,,200,training-majority,0.4444444444444444,27,0.5,225,225,fold,
0.5925925925925926,0.7164380519802038,0.2584071257773718,,200,logistic-regression,0.4444444444444444,27,0.5333333333333333,225,225,fold,
0.5748502994011976,0.6837613149890763,0.24479349697085354,,201,v2-benchmark,0.5029940119760479,167,0.5932300631095812,226,226,fold,
0.49700598802395207,0.6932317530244498,0.2500422850536512,,201,training-prevalence,0.5029940119760479,167,0.5,226,226,fold,
0.49700598802395207,8.107305646589818,0.5029940119760479,,201,training-majority,0.5029940119760479,167,0.5,226,226,fold,
0.5329341317365269,0.7358390269923437,0.2690700846118288,,201,logistic-regression,0.5029940119760479,167,0.49756167527251866,226,226,fold,
0.5454545454545454,0.7104845694437856,0.25646607339824784,,202,v2-benchmark,0.5,110,0.547107438016529,227,227,fold,
0.5,0.6931759743046724,0.2500143964578315,,202,training-prevalence,0.5,110,0.5,227,227,fold,
0.5,8.059047875479166,0.5,,202,training-majority,0.5,110,0.5,227,227,fold,
0.5545454545454546,0.6751166343872059,0.24101233529682065,,202,logistic-regression,0.5,110,0.6109090909090908,227,227,fold,
0.5177304964539007,0.7435076332330776,0.27153236194585867,,203,v2-benchmark,0.48936170212765956,141,0.4961755233494364,228,228,fold,
0.5106382978723404,0.6930822102444107,0.2499675149559509,,203,training-prevalence,0.48936170212765956,141,0.5,228,228,fold,
0.5106382978723404,7.8875787738732255,0.48936170212765956,,203,training-majority,0.48936170212765956,141,0.5,228,228,fold,
0.5460992907801419,0.7053831985762522,0.25553237547696167,,203,logistic-regression,0.48936170212765956,141,0.5352254428341385,228,228,fold,
0.6081081081081081,0.6764826271244578,0.24247776600533713,,204,v2-benchmark,0.40540540540540543,74,0.5878787878787879,229,229,fold,
0.5945945945945946,0.6926999164585015,0.24977636836985906,,204,training-prevalence,0.40540540540540543,74,0.5,229,229,fold,
0.5945945945945946,6.534363161199323,0.40540540540540543,,204,training-majority,0.40540540540540543,74,0.5,229,229,fold,
0.5405405405405406,0.6811266037569069,0.24456866128397634,,204,logistic-regression,0.40540540540540543,74,0.5803030303030303,229,229,fold,
0.3684210526315789,0.7523705593934117,0.2773417564817912,,205,v2-benchmark,0.39473684210526316,38,0.4608695652173913,230,230,fold,
0.6052631578947368,0.6918578505572216,0.24935534323952915,,205,training-prevalence,0.39473684210526316,38,0.5,230,230,fold,
0.6052631578947368,6.36240623853618,0.39473684210526316,,205,training-majority,0.39473684210526316,38,0.5,230,230,fold,
0.5526315789473685,0.6715145012326788,0.24065401263700484,,205,logistic-regression,0.39473684210526316,38,0.5420289855072464,230,230,fold,
0.49411764705882355,0.7082205703291478,0.2562773695633003,,206,v2-benchmark,0.45294117647058824,170,0.5475492249685798,231,231,fold,
0.5470588235294118,0.6925977049752827,0.24972526548397228,,206,training-prevalence,0.45294117647058824,170,0.5,231,231,fold,
0.5470588235294118,7.30054926131642,0.45294117647058824,,206,training-majority,0.45294117647058824,170,0.5,231,231,fold,
0.611764705882353,0.6545473956713261,0.23148867915152593,,206,logistic-regression,0.45294117647058824,170,0.6461388074291301,231,231,fold,
0.5,0.6929662704733692,0.24920496730919758,,207,v2-benchmark,0.47058823529411764,34,0.59375,232,232,fold,
0.5294117647058824,0.6928379118065751,0.24984536715315245,,207,training-prevalence,0.47058823529411764,34,0.5,232,232,fold,
0.5294117647058824,7.5849862416274485,0.47058823529411764,,207,training-majority,0.47058823529411764,34,0.5,232,232,fold,
0.4117647058823529,0.7281283471166604,0.2682613238046868,,207,logistic-regression,0.47058823529411764,34,0.4756944444444444,232,232,fold,
0.4939759036144578,0.710991439654781,0.2582794098331029,,208,v2-benchmark,0.4397590361445783,166,0.5134776844896155,233,233,fold,
0.5602409638554217,0.6917867419403768,0.24931981184423663,,208,training-prevalence,0.4397590361445783,166,0.5,233,233,fold,
0.5602409638554217,7.08807826397565,0.4397590361445783,,208,training-majority,0.4397590361445783,166,0.5,233,233,fold,
0.5542168674698795,0.6860215566126788,0.24647318779824068,,208,logistic-regression,0.4397590361445783,166,0.573869494770953,233,233,fold,
0.5769230769230769,0.6802903845518036,0.24332345671011735,,209,v2-benchmark,0.40384615384615385,52,0.5960061443932412,234,234,fold,
0.5961538461538461,0.6886137543488439,0.2477337508050455,,209,training-prevalence,0.40384615384615385,52,0.5,234,234,fold,
0.5961538461538461,6.509230995579325,0.40384615384615385,,209,training-majority,0.40384615384615385,52,0.5,234,234,fold,
0.5961538461538461,0.646999877335072,0.22898203504967748,,209,logistic-regression,0.40384615384615385,52,0.6067588325652842,234,234,fold,
0.5752688172043011,0.6843363884983762,0.2454776061257061,,210,v2-benchmark,0.40860215053763443,186,0.5862440191387559,235,235,fold,
0.5913978494623656,0.688904297438394,0.24787898101718878,,210,training-prevalence,0.40860215053763443,186,0.5,235,235,fold,
0.5913978494623656,6.585888604692652,0.40860215053763443,,210,training-majority,0.40860215053763443,186,0.5,235,235,fold,
0.6075268817204301,0.6698294563941379,0.23819107234544717,,210,logistic-regression,0.40860215053763443,186,0.5953349282296649,235,235,fold,
0.46,0.722272849571126,0.2633912166866542,,211,v2-benchmark,0.44,50,0.4886363636363636,236,236,fold,
0.56,0.6895200998512201,0.24818715376945386,,211,training-prevalence,0.44,50,0.5,236,236,fold,
0.56,7.091962142421664,0.44,,211,training-majority,0.44,50,0.5,236,236,fold,
0.56,0.7207998589571288,0.2586254311014136,,211,logistic-regression,0.44,50,0.5194805194805195,236,236,fold,
0.65,0.6568134717407836,0.23123913353935102,,212,v2-benchmark,0.4,140,0.6677295918367347,237,237,fold,
0.6,0.6858255674173692,0.24634110460764233,,212,training-prevalence,0.4,140,0.5,237,237,fold,
0.6,6.447238320383332,0.4,,212,training-majority,0.4,140,0.5,237,237,fold,
0.6214285714285714,0.6744668726114984,0.24026675312031856,,212,logistic-regression,0.4,140,0.5769557823129251,237,237,fold,
0.5555555555555556,0.6829205934233845,0.2451978977763035,,213,v2-benchmark,0.38271604938271603,162,0.5819354838709677,238,238,fold,
0.6172839506172839,0.6820843988179011,0.2444734869995669,,213,training-prevalence,0.38271604938271603,162,0.5,238,238,fold,
0.6172839506172839,6.168653952835904,0.38271604938271603,,213,training-majority,0.38271604938271603,162,0.5,238,238,fold,
0.5925925925925926,0.6697538053273341,0.23855673022817087,,213,logistic-regression,0.38271604938271603,162,0.5667741935483871,238,238,fold,
0.5,0.7355425782505829,0.2680925746796097,,214,v2-benchmark,0.5172413793103449,58,0.5119047619047619,239,239,fold,
0.4827586206896552,0.6975716885090677,0.2522082996680281,,214,training-prevalence,0.5172413793103449,58,0.5,239,239,fold,
0.4827586206896552,8.336946074633618,0.5172413793103449,,214,training-majority,0.5172413793103449,58,0.5,239,239,fold,
0.5172413793103449,0.7529937189187739,0.27532702229731104,,214,logistic-regression,0.5172413793103449,58,0.5785714285714286,239,239,fold,
0.5581395348837209,0.6725651847227619,0.2404613688298128,,215,v2-benchmark,0.35658914728682173,129,0.5838135149292822,240,240,fold,
0.6434108527131783,0.6772065719369041,0.24203938002779063,,215,training-prevalence,0.35658914728682173,129,0.5,240,240,fold,
0.6434108527131783,5.747538048403746,0.35658914728682173,,215,training-majority,0.35658914728682173,129,0.5,240,240,fold,
0.6046511627906976,0.6844717688011702,0.24075770772092694,,215,logistic-regression,0.35658914728682173,129,0.5364064955474069,240,240,fold,
0.5194805194805194,0.7005818268172772,0.2532639472327278,,216,v2-benchmark,0.44155844155844154,77,0.533515731874145,241,241,fold,
0.5584415584415584,0.6871461489490032,0.24700387073844043,,216,training-prevalence,0.44155844155844154,77,0.5,241,241,fold,
0.5584415584415584,7.117081252371211,0.44155844155844154,,216,training-majority,0.44155844155844154,77,0.5,241,241,fold,
0.5454545454545454,0.7243006903177754,0.26089892374352014,,216,logistic-regression,0.44155844155844154,77,0.5239398084815321,241,241,fold,
0.5,0.6977558759422468,0.2524231743536208,,217,v2-benchmark,0.5714285714285714,42,0.5439814814814815,242,242,fold,
0.42857142857142855,0.7071884820138225,0.2570051932691503,,217,training-prevalence,0.5714285714285714,42,0.5,242,242,fold,
0.42857142857142855,9.210340414833329,0.5714285714285714,,217,training-majority,0.5714285714285714,42,0.5,242,242,fold,
0.5238095238095238,0.9967301674437726,0.3245162184860209,,217,logistic-regression,0.5714285714285714,42,0.5185185185185185,242,242,fold,
0.3888888888888889,0.7231024344086621,0.264518577311186,,218,v2-benchmark,0.4444444444444444,18,0.36250000000000004,243,243,fold,
0.5555555555555556,0.6874156313474624,0.2471387114996452,,218,training-prevalence,0.4444444444444444,18,0.5,243,243,fold,
0.5555555555555556,7.1635981226481436,0.4444444444444444,,218,training-majority,0.4444444444444444,18,0.5,243,243,fold,
0.6111111111111112,0.7526648279540868,0.26994879731486765,,218,logistic-regression,0.4444444444444444,18,0.5,243,243,fold,
0.7692307692307693,0.6362025639899425,0.2222236445444354,,219,v2-benchmark,0.46153846153846156,13,0.8095238095238095,244,244,fold,
0.5384615384615384,0.6902009786504292,0.24852831165699707,,219,training-prevalence,0.46153846153846156,13,0.5,244,244,fold,
0.5384615384615384,7.439121123519229,0.46153846153846156,,219,training-majority,0.46153846153846156,13,0.5,244,244,fold,
0.5384615384615384,0.7081265123708864,0.2529148891627105,,219,logistic-regression,0.46153846153846156,13,0.5714285714285715,244,244,fold,
0.5,0.70623553611309,0.25489560760021096,,220,v2-benchmark,0.375,48,0.5148148148148148,245,245,fold,
0.625,0.6752691145928039,0.2410808516537107,,220,training-prevalence,0.375,48,0.5,245,245,fold,
0.625,6.044285931609374,0.375,,220,training-majority,0.375,48,0.5,245,245,fold,
0.3541666666666667,0.8978928503518614,0.3298919843911667,,220,logistic-regression,0.375,48,0.34074074074074073,245,245,fold,
0.45217391304347826,0.803098545353973,0.29673993191169873,,221,v2-benchmark,0.5652173913043478,115,0.43015384615384616,246,246,fold,
0.43478260869565216,0.7094131933776622,0.2581070623805548,,221,training-prevalence,0.5652173913043478,115,0.5,246,246,fold,
0.43478260869565216,9.11022802010688,0.5652173913043478,,221,training-majority,0.5652173913043478,115,0.5,246,246,fold,
0.3652173913043478,0.7902924557362025,0.29445625050819957,,221,logistic-regression,0.5652173913043478,115,0.41815384615384615,246,246,fold,
0.515527950310559,0.7436856158499462,0.27105562562617075,,222,v2-benchmark,0.45962732919254656,161,0.5009319664492078,247,247,fold,
0.5403726708074534,0.6899293870411786,0.24839270574260552,,222,training-prevalence,0.45962732919254656,161,0.5,247,247,fold,
0.5403726708074534,7.408317309757245,0.45962732919254656,,222,training-majority,0.45962732919254656,161,0.5,247,247,fold,
0.484472049689441,0.7617269725253436,0.27591845246969254,,222,logistic-regression,0.45962732919254656,161,0.5003106554830692,247,247,fold,
0.5513513513513514,0.7288408263460567,0.26462382627002257,,223,v2-benchmark,0.5351351351351351,185,0.541696030068123,248,248,fold,
0.4648648648648649,0.7036900513183173,0.2552540585964083,,223,training-prevalence,0.5351351351351351,185,0.5,248,248,fold,
0.4648648648648649,8.625359340783104,0.5351351351351351,,223,training-majority,0.5351351351351351,185,0.5,248,248,fold,
0.4918918918918919,0.7203723443278208,0.2615993486498683,,223,logistic-regression,0.5351351351351351,185,0.5226685459243599,248,248,fold,
0.5321100917431193,0.724000542376512,0.2634819057994792,,224,v2-benchmark,0.5504587155963303,109,0.5459183673469388,249,249,fold,
0.44954128440366975,0.7064088447997384,0.25660990685422086,,224,training-prevalence,0.5504587155963303,109,0.5,249,249,fold,
0.44954128440366975,8.872346274839446,0.5504587155963303,,224,training-majority,0.5504587155963303,109,0.5,249,249,fold,
0.46788990825688076,0.7358757592298201,0.26987691013582005,,224,logistic-regression,0.5504587155963303,109,0.44761904761904764,249,249,fold,
0.5272727272727272,0.7335457689857412,0.26743426700752365,,225,v2-benchmark,0.4909090909090909,110,0.5069444444444444,250,250,fold,
0.509090909090909,0.6951662551400675,0.2510050547895774,,225,training-prevalence,0.4909090909090909,110,0.5,250,250,fold,
0.509090909090909,7.912519734106816,0.4909090909090909,,225,training-majority,0.4909090909090909,110,0.5,250,250,fold,
0.5272727272727272,0.6902859421291719,0.24853063299887507,,225,logistic-regression,0.4909090909090909,110,0.5667989417989417,250,250,fold,
0.5,0.7507455644295945,0.2706065858312085,,226,v2-benchmark,0.6666666666666666,24,0.515625,251,251,fold,
0.3333333333333333,0.7235051179093462,0.26514389880553463,,226,training-prevalence,0.6666666666666666,24,0.5,251,251,fold,
0.3333333333333333,10.745397133972213,0.6666666666666666,,226,training-majority,0.6666666666666666,24,0.5,251,251,fold,
0.5,0.7204596074412786,0.26351768290520733,,226,logistic-regression,0.6666666666666666,24,0.3984375,251,251,fold,
0.5238095238095238,0.7147435819784004,0.2591469998838169,,227,v2-benchmark,0.4603174603174603,189,0.5209601081812035,252,252,fold,
0.5396825396825397,0.6900008147546491,0.24842845316967244,,227,training-prevalence,0.4603174603174603,189,0.5,252,252,fold,
0.5396825396825397,7.4194409091712945,0.4603174603174603,,227,training-majority,0.4603174603174603,189,0.5,252,252,fold,
0.4708994708994709,0.7283762208890586,0.26621621088449116,,227,logistic-regression,0.4603174603174603,189,0.49876042370971374,252,252,fold,
0.5925925925925926,0.6470862989784215,0.22854712688370551,,228,v2-benchmark,0.4074074074074074,54,0.6491477272727273,253,253,fold,
0.5925925925925926,0.6808625592517493,0.2438706518332554,,228,training-prevalence,0.4074074074074074,54,0.5,253,253,fold,
0.5925925925925926,6.566631620760801,0.4074074074074074,,228,training-majority,0.4074074074074074,54,0.5,253,253,fold,
0.5925925925925926,0.6390215638763169,0.22373109289114165,,228,logistic-regression,0.4074074074074074,54,0.6974431818181819,253,253,fold,
0.58,0.6751265733724798,0.24160226620615607,,229,v2-benchmark,0.4066666666666667,150,0.5993737336526065,254,254,fold,
0.5933333333333334,0.6801421759966572,0.24351298169163424,,229,training-prevalence,0.4066666666666667,150,0.5,254,254,fold,
0.5933333333333334,6.554692290723056,0.4066666666666667,,229,training-majority,0.4066666666666667,150,0.5,254,254,fold,
0.6066666666666667,0.6777447691018672,0.2421077547147714,,229,logistic-regression,0.4066666666666667,150,0.5675078283293424,254,254,fold,
0.6285714285714286,0.6605171316052229,0.23487728011023767,,230,v2-benchmark,0.4857142857142857,35,0.6535947712418301,255,255,fold,
0.5142857142857142,0.6949684960293006,0.2509044707893563,,230,training-prevalence,0.4857142857142857,35,0.5,255,255,fold,
0.5142857142857142,7.82878936760833,0.4857142857142857,,230,training-majority,0.4857142857142857,35,0.5,255,255,fold,
0.5142857142857142,0.7124376163576339,0.2592180784470072,,230,logistic-regression,0.4857142857142857,35,0.43790849673202614,255,255,fold,
0.5157894736842106,0.7057114939695108,0.255646300130604,,231,v2-benchmark,0.4263157894736842,190,0.509117680371503,256,256,fold,
0.5736842105263158,0.6837757929769361,0.24532463039625862,,231,training-prevalence,0.4263157894736842,190,0.5,256,256,fold,
0.5736842105263158,6.871398729619076,0.4263157894736842,,231,training-majority,0.4263157894736842,190,0.5,256,256,fold,
0.49473684210526314,0.7027803240921616,0.2535122055038461,,231,logistic-regression,0.4263157894736842,190,0.5057197870653528,256,256,fold,
0.5666666666666667,0.7024498883452232,0.25289270173131634,,232,v2-benchmark,0.48333333333333334,60,0.575083426028921,257,257,fold,
0.5166666666666667,0.6945994217193724,0.2507202288454328,,232,training-prevalence,0.48333333333333334,60,0.5,257,257,fold,
0.5166666666666667,7.790412949629858,0.48333333333333334,,232,training-majority,0.48333333333333334,60,0.5,257,257,fold,
0.5166666666666667,0.7116793059915226,0.2586256254199592,,232,logistic-regression,0.48333333333333334,60,0.5272525027808677,257,257,fold,
0.5028901734104047,0.7150141817855555,0.25889990467031154,,233,v2-benchmark,0.5202312138728323,173,0.5400267737617136,258,258,fold,
0.4797687861271676,0.70160711137644,0.2542135850731147,,233,training-prevalence,0.5202312138728323,173,0.5,258,258,fold,
0.4797687861271676,8.385136513793352,0.5202312138728323,,233,training-majority,0.5202312138728323,173,0.5,258,258,fold,
0.49710982658959535,0.7220550261106301,0.26351890017086965,,233,logistic-regression,0.5202312138728323,173,0.5030789825970549,258,258,fold,
0.6521739130434783,0.7422292785510796,0.2717904715721163,,234,v2-benchmark,0.4782608695652174,23,0.43181818181818177,259,259,fold,
0.5217391304347826,0.6930509322045089,0.2499498508022309,,234,training-prevalence,0.4782608695652174,23,0.5,259,259,fold,
0.5217391304347826,7.708654493936589,0.4782608695652174,,234,training-majority,0.4782608695652174,23,0.5,259,259,fold,
0.30434782608695654,0.7431322857198276,0.274738948600644,,234,logistic-regression,0.4782608695652174,23,0.31060606060606055,259,259,fold,
0.6,0.6906817476391753,0.24864310536592393,,1,v2-benchmark,0.4857142857142857,35,0.5555555555555556,26,26,fold,
0.5142857142857142,0.6928781393274391,0.24986548489042554,,1,training-prevalence,0.4857142857142857,35,0.5,26,26,fold,
0.5142857142857142,7.82878936760833,0.4857142857142857,,1,training-majority,0.4857142857142857,35,0.5,26,26,fold,
0.5142857142857142,0.6929755584540186,0.24989205210028628,,1,logistic-regression,0.4857142857142857,35,0.545751633986928,26,26,fold,
0.5939086294416244,0.6775750187269346,0.24196081779890946,,235,v2-benchmark,0.4517766497461929,197,0.6110070744902206,260,260,fold,
0.5482233502538071,0.6885945847622806,0.24772692237908858,,235,training-prevalence,0.4517766497461929,197,0.5,260,260,fold,
0.5482233502538071,7.281779308300972,0.4517766497461929,,235,training-majority,0.4517766497461929,197,0.5,260,260,fold,
0.6142131979695431,0.6576020239754116,0.23306462658936697,,235,logistic-regression,0.4517766497461929,197,0.6370162297128589,260,260,fold,
0.5294117647058824,0.6942035900086477,0.2501081704293228,,236,v2-benchmark,0.5441176470588235,68,0.5710549258936356,261,261,fold,
0.45588235294117646,0.7027024864176752,0.25476716071586253,,236,training-prevalence,0.5441176470588235,68,0.5,261,261,fold,
0.45588235294117646,8.770140326256739,0.5441176470588235,,236,training-majority,0.5441176470588235,68,0.5,261,261,fold,
0.5882352941176471,0.717634627224733,0.260700037406499,,236,logistic-regression,0.5441176470588235,68,0.5353095030514385,261,261,fold,
0.5752688172043011,0.6805634575874914,0.24375524293582923,,237,v2-benchmark,0.4731182795698925,186,0.5967068645640073,262,262,fold,
0.5268817204301075,0.6918394648149425,0.24934619913160738,,237,training-prevalence,0.4731182795698925,186,0.5,262,262,fold,
0.5268817204301075,7.625765737012544,0.4731182795698925,,237,training-majority,0.4731182795698925,186,0.5,262,262,fold,
0.5376344086021505,0.7030467799026463,0.25432631635529124,,237,logistic-regression,0.4731182795698925,186,0.5518320964749536,262,262,fold,
0.47368421052631576,0.7343295994461834,0.2688824898341363,,238,v2-benchmark,0.49122807017543857,57,0.4802955665024631,263,263,fold,
0.5087719298245614,0.6939887636251976,0.25041962860161476,,238,training-prevalence,0.49122807017543857,57,0.5,263,263,fold,
0.5087719298245614,7.9176610724005805,0.49122807017543857,,238,training-majority,0.49122807017543857,57,0.5,263,263,fold,
0.5087719298245614,0.7495481833116941,0.2750920887619855,,238,logistic-regression,0.49122807017543857,57,0.4679802955665025,263,263,fold,
0.5304878048780488,0.7213580220552552,0.2623696110449759,,239,v2-benchmark,0.5487804878048781,164,0.5268768768768769,264,264,fold,
0.45121951219512196,0.6992479640718993,0.25304761457103125,,239,training-prevalence,0.5487804878048781,164,0.5,264,264,fold,
0.45121951219512196,8.845296438940546,0.5487804878048781,,239,training-majority,0.5487804878048781,164,0.5,264,264,fold,
0.5426829268292683,0.7081774329878178,0.2566215819138533,,239,logistic-regression,0.5487804878048781,164,0.5603603603603603,264,264,fold,
0.6585365853658537,0.6670482341382775,0.2371393772505389,,240,v2-benchmark,0.6341463414634146,41,0.5923076923076923,265,265,fold,
0.36585365853658536,0.7053973261658474,0.2561212848823836,,240,training-prevalence,0.6341463414634146,41,0.5,265,265,fold,
0.36585365853658536,10.221231424997962,0.6341463414634146,,240,training-majority,0.6341463414634146,41,0.5,265,265,fold,
0.6097560975609756,0.6726374130390089,0.24030780277042613,,240,logistic-regression,0.6341463414634146,41,0.5256410256410257,265,265,fold,
0.5485714285714286,0.6905190988078826,0.24843283866200466,,241,v2-benchmark,0.49714285714285716,175,0.5749738766980146,266,266,fold,
0.5028571428571429,0.6933075149445409,0.25008013610341795,,241,training-prevalence,0.49714285714285716,175,0.5,266,266,fold,
0.5028571428571429,8.012996173904998,0.49714285714285716,,241,training-majority,0.49714285714285716,175,0.5,266,266,fold,
0.4857142857142857,0.7286144044119827,0.26681502894617065,,241,logistic-regression,0.49714285714285716,175,0.47283176593521425,266,266,fold,
0.6538461538461539,0.623808200724491,0.21691489465653924,,242,v2-benchmark,0.6923076923076923,26,0.6041666666666666,267,267,fold,
0.3076923076923077,0.7012378217851125,0.254044747241306,,242,training-prevalence,0.6923076923076923,26,0.5,267,267,fold,
0.3076923076923077,11.158681635278837,0.6923076923076923,,242,training-majority,0.6923076923076923,26,0.5,267,267,fold,
0.6153846153846154,0.6857690130498406,0.2457358843030848,,242,logistic-regression,0.6923076923076923,26,0.5,267,267,fold,
0.5588235294117647,0.6654743160109994,0.2377303150585766,,243,v2-benchmark,0.3382352941176471,68,0.6289855072463768,268,268,fold,
0.6617647058823529,0.6871620240897566,0.24700777863823345,,243,training-prevalence,0.3382352941176471,68,0.5,268,268,fold,
0.6617647058823529,5.45170888929473,0.3382352941176471,,243,training-majority,0.3382352941176471,68,0.5,268,268,fold,
0.6176470588235294,0.6663764741490796,0.23660431821581215,,243,logistic-regression,0.3382352941176471,68,0.6821256038647343,268,268,fold,
0.5590551181102362,0.7100108824884348,0.2575789619755658,,244,v2-benchmark,0.5433070866141733,127,0.5459770114942529,269,269,fold,
0.4566929133858268,0.6957745423193807,0.25131335732203275,,244,training-prevalence,0.5433070866141733,127,0.5,269,269,fold,
0.4566929133858268,8.757075635560039,0.5433070866141733,,244,training-majority,0.5433070866141733,127,0.5,269,269,fold,
0.5275590551181102,0.7182703818110903,0.2620407789713809,,244,logistic-regression,0.5433070866141733,127,0.5144927536231885,269,269,fold,
0.4911242603550296,0.7435303349806347,0.2736980291440897,,2,v2-benchmark,0.5088757396449705,169,0.52815914822079,27,27,fold,
0.4911242603550296,0.6934887739761042,0.25017078426616485,,2,training-prevalence,0.5088757396449705,169,0.5,27,27,fold,
0.4911242603550296,8.202107895162227,0.5088757396449705,,2,training-majority,0.5088757396449705,169,0.5,27,27,fold,
0.5207100591715976,0.7104340892086242,0.25828829632279204,,2,logistic-regression,0.5088757396449705,169,0.4955169515270384,27,27,fold,
0.625,0.6614453819351519,0.2348648293163397,,245,v2-benchmark,0.5833333333333334,48,0.6285714285714286,270,270,fold,
0.4166666666666667,0.6968383951519318,0.2518453321925477,,245,training-prevalence,0.5833333333333334,48,0.5,270,270,fold,
0.4166666666666667,9.40222250472569,0.5833333333333334,,245,training-majority,0.5833333333333334,48,0.5,270,270,fold,
0.4375,0.7140694910156739,0.25986802426070144,,245,logistic-regression,0.5833333333333334,48,0.5053571428571427,270,270,fold,
0.5496688741721855,0.6994982227282703,0.2528937562069038,,246,v2-benchmark,0.4900662251655629,151,0.5610740610740611,271,271,fold,
0.5099337748344371,0.6929699055838149,0.2499113665238184,,246,training-prevalence,0.4900662251655629,151,0.5,271,271,fold,
0.5099337748344371,7.898934343516003,0.4900662251655629,,246,training-majority,0.4900662251655629,151,0.5,271,271,fold,
0.5099337748344371,0.6906099539783184,0.24890833815845836,,246,logistic-regression,0.4900662251655629,151,0.5566865566865566,271,271,fold,
0.48333333333333334,0.7393888172467488,0.2680080496814758,,247,v2-benchmark,0.3,60,0.44312169312169314,272,272,fold,
0.7,0.6854037845482169,0.2461288040111267,,247,training-prevalence,0.3,60,0.5,272,272,fold,
0.7,4.8354287652875,0.3,,247,training-majority,0.3,60,0.5,272,272,fold,
0.6,0.6660851669250035,0.23677888236746447,,247,logistic-regression,0.3,60,0.7341269841269841,272,272,fold,
0.47674418604651164,0.7236707378692145,0.26462891329125743,,248,v2-benchmark,0.45930232558139533,172,0.49584864570573023,273,273,fold,
0.5406976744186046,0.6914403611054304,0.24914674856064092,,248,training-prevalence,0.45930232558139533,172,0.5,273,273,fold,
0.5406976744186046,7.403078870498303,0.45930232558139533,,248,training-majority,0.45930232558139533,172,0.5,273,273,fold,
0.5930232558139535,0.682380580098686,0.24440932579869296,,248,logistic-regression,0.45930232558139533,172,0.5790118415679869,273,273,fold,
0.7,0.6377348814320684,0.22288980977626954,,249,v2-benchmark,0.6333333333333333,30,0.6746411483253588,274,274,fold,
0.36666666666666664,0.7030977716518442,0.2549732005089772,,249,training-prevalence,0.6333333333333333,30,0.5,274,274,fold,
0.36666666666666664,10.208127282273603,0.6333333333333333,,249,training-majority,0.6333333333333333,30,0.5,274,274,fold,
0.43333333333333335,0.6921844219100888,0.24976286979765802,,249,logistic-regression,0.6333333333333333,30,0.4880382775119616,274,274,fold,
0.5859872611464968,0.680720782673029,0.2427836540623712,,250,v2-benchmark,0.4713375796178344,157,0.6208075545424943,275,275,fold,
0.5286624203821656,0.6917053427054879,0.24927933425223914,,250,training-prevalence,0.4713375796178344,157,0.5,275,275,fold,
0.5286624203821656,7.597064245037684,0.4713375796178344,,250,training-majority,0.4713375796178344,157,0.5,275,275,fold,
0.4968152866242038,0.7015573555052013,0.25372741472856064,,250,logistic-regression,0.4713375796178344,157,0.5350048844024748,275,275,fold,
0.5666666666666667,0.7285136021799236,0.26231140922581175,,251,v2-benchmark,0.5,30,0.5511111111111111,276,276,fold,
0.5,0.6939175878415607,0.2503849070294785,,251,training-prevalence,0.5,30,0.5,276,276,fold,
0.5,8.059047875479159,0.5,,251,training-majority,0.5,30,0.5,276,276,fold,
0.5,0.6546484754505628,0.2325710265306057,,251,logistic-regression,0.5,30,0.6133333333333333,276,276,fold,
0.5147058823529411,0.7205756540644797,0.26166620041193556,,252,v2-benchmark,0.45588235294117646,136,0.5287707061900611,277,277,fold,
0.5441176470588235,0.6903131465973976,0.24858369203422087,,252,training-prevalence,0.45588235294117646,136,0.5,277,277,fold,
0.5441176470588235,7.347955424701591,0.45588235294117646,,252,training-majority,0.45588235294117646,136,0.5,277,277,fold,
0.5220588235294118,0.6930548452654359,0.2497602690975768,,252,logistic-regression,0.45588235294117646,136,0.547079337401918,277,277,fold,
0.5119047619047619,0.7169570352905478,0.2606125914858852,,253,v2-benchmark,0.4166666666666667,84,0.5475218658892128,278,278,fold,
0.5833333333333334,0.6870392150847119,0.2469476762556717,,253,training-prevalence,0.4166666666666667,84,0.5,278,278,fold,
0.5833333333333334,6.715873246232638,0.4166666666666667,,253,training-majority,0.4166666666666667,84,0.5,278,278,fold,
0.5357142857142857,0.694738491638258,0.2513666658719109,,253,logistic-regression,0.4166666666666667,84,0.514868804664723,278,278,fold,
0.5540540540540541,0.6775258690035103,0.24388670957956188,,254,v2-benchmark,0.5540540540540541,74,0.5986696230598669,279,279,fold,
0.44594594594594594,0.6987156959627933,0.25278240339025454,,254,training-prevalence,0.5540540540540541,74,0.5,279,279,fold,
0.44594594594594594,8.930296283639073,0.5540540540540541,,254,training-majority,0.5540540540540541,74,0.5,279,279,fold,
0.5945945945945946,0.6699306206248951,0.23895281716968492,,254,logistic-regression,0.5540540540540541,74,0.6245380635624538,279,279,fold,
0.46153846153846156,0.7500939259185848,0.2774202870718829,,3,v2-benchmark,0.5384615384615384,52,0.4151785714285714,28,28,fold,
0.46153846153846156,0.6941391497176608,0.25049596005749925,,3,training-prevalence,0.5384615384615384,52,0.5,28,28,fold,
0.46153846153846156,8.678974627439098,0.5384615384615384,,3,training-majority,0.5384615384615384,52,0.5,28,28,fold,
0.4230769230769231,0.7711361949241511,0.2866636841569808,,3,logistic-regression,0.5384615384615384,52,0.31547619047619047,28,28,fold,
0.5084745762711864,0.7005881536573321,0.2552371606048124,,255,v2-benchmark,0.3559322033898305,59,0.587719298245614,280,280,fold,
0.6440677966101694,0.684946639241362,0.24590092717835899,,255,training-prevalence,0.3559322033898305,59,0.5,280,280,fold,
0.6440677966101694,5.736949363900424,0.3559322033898305,,255,training-majority,0.3559322033898305,59,0.5,280,280,fold,
0.6271186440677966,0.6533681718924383,0.23178746499944247,,255,logistic-regression,0.3559322033898305,59,0.5288220551378446,280,280,fold,
0.6,0.6758661671142997,0.2397642117496212,,256,v2-benchmark,0.5625,80,0.6215873015873016,281,281,fold,
0.4375,0.6982965372274341,0.2525734960974332,,256,training-prevalence,0.5625,80,0.5,281,281,fold,
0.4375,9.066428847414059,0.5625,,256,training-majority,0.5625,80,0.5,281,281,fold,
0.4875,0.758938311987939,0.2796117299305375,,256,logistic-regression,0.5625,80,0.6126984126984126,281,281,fold,
0.5714285714285714,0.6781597288901869,0.24427611681187694,,257,v2-benchmark,0.4642857142857143,28,0.558974358974359,282,282,fold,
0.5357142857142857,0.691813758994164,0.2493333876467118,,257,training-prevalence,0.4642857142857143,28,0.5,282,282,fold,
0.5357142857142857,7.4834016058020785,0.4642857142857143,,257,training-majority,0.4642857142857143,28,0.5,282,282,fold,
0.5357142857142857,0.6543588687782309,0.2326873239000658,,257,logistic-regression,0.4642857142857143,28,0.6410256410256411,282,282,fold,
0.574468085106383,0.7105966980602758,0.254673474709593,,258,v2-benchmark,0.5319148936170213,94,0.5986363636363637,283,283,fold,
0.46808510638297873,0.6948255200674748,0.2508390193273874,,258,training-prevalence,0.5319148936170213,94,0.5,283,283,fold,
0.46808510638297873,8.573455180296982,0.5319148936170213,,258,training-majority,0.5319148936170213,94,0.5,283,283,fold,
0.4787234042553192,0.7831333532143291,0.2895738934748762,,258,logistic-regression,0.5319148936170213,94,0.48409090909090907,283,283,fold,
0.7027027027027027,0.5875593716807608,0.20163653597064823,,259,v2-benchmark,0.32432432432432434,37,0.7033333333333334,284,284,fold,
0.6756756756756757,0.6851471942704904,0.24600073389329147,,259,training-prevalence,0.32432432432432434,37,0.5,284,284,fold,
0.6756756756756757,5.227490548959457,0.32432432432432434,,259,training-majority,0.32432432432432434,37,0.5,284,284,fold,
0.7567567567567568,0.5965019208589962,0.20428047819434553,,259,logistic-regression,0.32432432432432434,37,0.7000000000000001,284,284,fold,
0.5862068965517241,0.719907155003318,0.25806938695406634,,260,v2-benchmark,0.45977011494252873,174,0.5626329787234042,285,285,fold,
0.5402298850574713,0.6912585618573408,0.24905591919679607,,260,training-prevalence,0.45977011494252873,174,0.5,285,285,fold,
0.5402298850574713,7.410618744118772,0.45977011494252873,,260,training-majority,0.45977011494252873,174,0.5,285,285,fold,
0.5689655172413793,0.6840862989006053,0.2453068436499741,,260,logistic-regression,0.45977011494252873,174,0.5910904255319149,285,285,fold,
0.5227272727272727,0.7101219903594428,0.25655423370537017,,261,v2-benchmark,0.45454545454545453,44,0.5666666666666667,286,286,fold,
0.5454545454545454,0.69107878239398,0.24896602485546193,,261,training-prevalence,0.45454545454545453,44,0.5,286,286,fold,
0.5454545454545454,7.326407168617421,0.45454545454545453,,261,training-majority,0.45454545454545453,44,0.5,286,286,fold,
0.5227272727272727,0.711315727032026,0.25811384937410425,,261,logistic-regression,0.45454545454545453,44,0.5270833333333333,286,286,fold,
0.5660377358490566,0.69290960684464,0.24870579401503087,,262,v2-benchmark,0.41509433962264153,159,0.5930270446399479,287,287,fold,
0.5849056603773585,0.6883236028936671,0.24758895793149593,,262,training-prevalence,0.41509433962264153,159,0.5,287,287,fold,
0.5849056603773585,6.690530328699684,0.41509433962264153,,262,training-majority,0.41509433962264153,159,0.5,287,287,fold,
0.559748427672956,0.6791434393268178,0.24371071217620818,,262,logistic-regression,0.41509433962264153,159,0.5593027044639948,287,287,fold,
0.5121951219512195,0.719385325600788,0.25975644436747825,,263,v2-benchmark,0.5853658536585366,41,0.5661764705882353,288,288,fold,
0.4146341463414634,0.7005955732957907,0.25372219803782387,,263,training-prevalence,0.5853658536585366,41,0.5,288,288,fold,
0.4146341463414634,9.43498286153658,0.5853658536585366,,263,training-majority,0.5853658536585366,41,0.5,288,288,fold,
0.4146341463414634,0.7075242635920471,0.2577885547180694,,263,logistic-regression,0.5853658536585366,41,0.5416666666666666,288,288,fold,
0.547486033519553,0.7175885857659161,0.2595537460776909,,264,v2-benchmark,0.46368715083798884,179,0.5491967871485943,289,289,fold,
0.5363128491620112,0.6911852155101893,0.24901936911704609,,264,training-prevalence,0.46368715083798884,179,0.5,289,289,fold,
0.5363128491620112,7.473753902958331,0.46368715083798884,,264,training-majority,0.46368715083798884,179,0.5,289,289,fold,
0.5251396648044693,0.7043582700562896,0.2546270233505063,,264,logistic-regression,0.46368715083798884,179,0.5384036144578312,289,289,fold,
0.4970414201183432,0.7117489476558471,0.25900047721396063,,4,v2-benchmark,0.4970414201183432,169,0.5256302521008404,29,29,fold,
0.5029585798816568,0.693132961181403,0.2499928902656141,,4,training-prevalence,0.4970414201183432,169,0.5,29,29,fold,
0.5029585798816568,8.011361202251477,0.4970414201183432,,4,training-majority,0.4970414201183432,169,0.5,29,29,fold,
0.4911242603550296,0.7072047119266871,0.25685471046541714,,4,logistic-regression,0.4970414201183432,169,0.5093837535014005,29,29,fold,
0.5256410256410257,0.7333489020227731,0.2651425620477762,,265,v2-benchmark,0.3717948717948718,78,0.5102040816326531,290,290,fold,
0.6282051282051282,0.681905522305022,0.24438332935558663,,265,training-prevalence,0.3717948717948718,78,0.5,290,290,fold,
0.6282051282051282,5.992625368946047,0.3717948717948718,,265,training-majority,0.3717948717948718,78,0.5,290,290,fold,
0.6410256410256411,0.6557091658253008,0.2317192268387474,,265,logistic-regression,0.3717948717948718,78,0.6150598170302605,290,290,fold,
0.5462962962962963,0.7642714368007183,0.27855259036524765,,266,v2-benchmark,0.5740740740740741,108,0.509116409537167,291,291,fold,
0.42592592592592593,0.7040620561146964,0.2554500808245012,,266,training-prevalence,0.5740740740740741,108,0.5,291,291,fold,
0.42592592592592593,9.252980879253855,0.5740740740740741,,266,training-majority,0.5740740740740741,108,0.5,291,291,fold,
0.5185185185185185,0.7397246267229655,0.26938403778647485,,266,logistic-regression,0.5740740740740741,108,0.5361150070126227,291,291,fold,
0.36363636363636365,0.8112371779832614,0.29802046785143693,,267,v2-benchmark,0.5454545454545454,55,0.376,292,292,fold,
0.45454545454545453,0.6997048848374569,0.253275123045491,,267,training-prevalence,0.5454545454545454,55,0.5,292,292,fold,
0.45454545454545453,8.791688582340907,0.5454545454545454,,267,training-majority,0.5454545454545454,55,0.5,292,292,fold,
0.4909090909090909,0.7212316804931065,0.26217670689886163,,267,logistic-regression,0.5454545454545454,55,0.49600000000000005,292,292,fold,
0.5747126436781609,0.7170023499017225,0.25856135833942934,,268,v2-benchmark,0.5632183908045977,174,0.5792158968850698,293,293,fold,
0.4367816091954023,0.7019436516807501,0.25439307645356335,,268,training-prevalence,0.5632183908045977,174,0.5,293,293,fold,
0.4367816091954023,9.078007939045497,0.5632183908045977,,268,training-majority,0.5632183908045977,174,0.5,293,293,fold,
0.5344827586206896,0.698226395056716,0.25205957070844487,,268,logistic-regression,0.5632183908045977,174,0.5729054779806659,293,293,fold,
0.58,0.7368079784181328,0.26675217610894286,,269,v2-benchmark,0.62,50,0.5246179966044142,294,294,fold,
0.38,0.7023645629272314,0.2546066614472543,,269,training-prevalence,0.62,50,0.5,294,294,fold,
0.38,9.993219341594163,0.62,,269,training-majority,0.62,50,0.5,294,294,fold,
0.58,0.6683544819287142,0.23795342445106119,,269,logistic-regression,0.62,50,0.5840407470288624,294,294,fold,
0.503030303030303,0.7349190268562132,0.26667878661572497,,270,v2-benchmark,0.47878787878787876,165,0.5365027965852223,295,295,fold,
0.5212121212121212,0.6922646359418293,0.24955884969619105,,270,training-prevalence,0.47878787878787876,165,0.5,295,295,fold,
0.5212121212121212,7.717148878943685,0.47878787878787876,,270,training-majority,0.47878787878787876,165,0.5,295,295,fold,
0.4727272727272727,0.7266233125586836,0.26558095197530524,,270,logistic-regression,0.47878787878787876,165,0.5060347365322343,295,295,fold,
0.5471698113207547,0.7169692617489795,0.25777213483825473,,271,v2-benchmark,0.5094339622641509,53,0.5925925925925926,296,296,fold,
0.49056603773584906,0.6947579718201383,0.250804828782778,,271,training-prevalence,0.5094339622641509,53,0.5,296,296,fold,
0.49056603773584906,8.211105380676884,0.5094339622641509,,271,training-majority,0.5094339622641509,53,0.5,296,296,fold,
0.5660377358490566,0.6785882221970989,0.24290022837162656,,271,logistic-regression,0.5094339622641509,53,0.6082621082621082,296,296,fold,
0.5497076023391813,0.7034048363075878,0.2521545089744709,,272,v2-benchmark,0.4853801169590643,171,0.5725629791894852,297,297,fold,
0.5146198830409356,0.6927880702311088,0.24982042811422617,,272,training-prevalence,0.4853801169590643,171,0.5,297,297,fold,
0.5146198830409356,7.823403203681528,0.4853801169590643,,272,training-majority,0.4853801169590643,171,0.5,297,297,fold,
0.5146198830409356,0.710375353364574,0.25800715854290684,,272,logistic-regression,0.4853801169590643,171,0.5669496166484118,297,297,fold,
0.6349206349206349,0.7151434352468758,0.25631013422282856,,273,v2-benchmark,0.6666666666666666,63,0.528344671201814,298,298,fold,
0.3333333333333333,0.7040557598807474,0.2554524739583333,,273,training-prevalence,0.6666666666666666,63,0.5,298,298,fold,
0.3333333333333333,10.745397133972219,0.6666666666666666,,273,training-majority,0.6666666666666666,63,0.5,298,298,fold,
0.6190476190476191,0.6621258091755338,0.23465077057369466,,273,logistic-regression,0.6666666666666666,63,0.5839002267573696,298,298,fold,
0.5679012345679012,0.7034720354237796,0.2528788092002866,,274,v2-benchmark,0.5246913580246914,162,0.5683728036669212,299,299,fold,
0.47530864197530864,0.6941746341181759,0.25051366938753095,,274,training-prevalence,0.5246913580246914,162,0.5,299,299,fold,
0.47530864197530864,8.457025543404061,0.5246913580246914,,274,training-majority,0.5246913580246914,162,0.5,299,299,fold,
0.5493827160493827,0.6913321947854114,0.2486716144584932,,274,logistic-regression,0.5246913580246914,162,0.5691367456073338,299,299,fold,
0.5106382978723404,0.7099216043113363,0.25809425769345484,,5,v2-benchmark,0.48936170212765956,47,0.46195652173913043,30,30,fold,
0.5106382978723404,0.6930054887612563,0.24992915551925746,,5,training-prevalence,0.48936170212765956,47,0.5,30,30,fold,
0.5106382978723404,7.887578773873225,0.48936170212765956,,5,training-majority,0.48936170212765956,47,0.5,30,30,fold,
0.5106382978723404,0.7174691993526472,0.26088351288649825,,5,logistic-regression,0.48936170212765956,47,0.519927536231884,30,30,fold,
0.58,0.6585950406188037,0.23417880303100616,,275,v2-benchmark,0.42,50,0.5993431855500821,300,300,fold,
0.58,0.6906143089886211,0.24873367872208926,,275,training-prevalence,0.42,50,0.5,300,300,fold,
0.58,6.769600231402499,0.42,,275,training-majority,0.42,50,0.5,300,300,fold,
0.5,0.7180421869078291,0.26186391594584424,,275,logistic-regression,0.42,50,0.5024630541871922,300,300,fold,
0.5280898876404494,0.7101192637680663,0.2574250019407257,,276,v2-benchmark,0.43258426966292135,178,0.5394110839655394,301,301,fold,
0.5674157303370787,0.6909951297488481,0.24892407518645424,,276,training-prevalence,0.43258426966292135,178,0.5,301,301,fold,
0.5674157303370787,6.972434692268492,0.43258426966292135,,276,training-majority,0.43258426966292135,178,0.5,301,301,fold,
0.5,0.708271216287009,0.2569764259748981,,276,logistic-regression,0.43258426966292135,178,0.5287385881445288,301,301,fold,
0.5517241379310345,0.7227719700405113,0.26176709438982104,,277,v2-benchmark,0.6206896551724138,29,0.43434343434343436,302,302,fold,
0.3793103448275862,0.6996665897817214,0.2532589720918633,,277,training-prevalence,0.6206896551724138,29,0.5,302,302,fold,
0.3793103448275862,10.00433526956034,0.6206896551724138,,277,training-majority,0.6206896551724138,29,0.5,302,302,fold,
0.4827586206896552,0.6821052017080355,0.24482111950054633,,277,logistic-regression,0.6206896551724138,29,0.5505050505050505,302,302,fold,
0.5142857142857142,0.7082662486128647,0.25672160541373906,,278,v2-benchmark,0.45714285714285713,35,0.5888157894736842,303,303,fold,
0.5428571428571428,0.6917098819271141,0.24928143043945536,,278,training-prevalence,0.45714285714285713,35,0.5,303,303,fold,
0.5428571428571428,7.368272351866663,0.45714285714285713,,278,training-majority,0.45714285714285713,35,0.5,303,303,fold,
0.5714285714285714,0.6607318305308809,0.23438129478005315,,278,logistic-regression,0.45714285714285713,35,0.6907894736842105,303,303,fold,
0.5165562913907285,0.7633229158816425,0.280353776389236,,279,v2-benchmark,0.45695364238410596,151,0.47755390597384234,304,304,fold,
0.543046357615894,0.6920017430765294,0.24942731970707854,,279,training-prevalence,0.45695364238410596,151,0.5,304,304,fold,
0.543046357615894,7.365222570305462,0.45695364238410596,,279,training-majority,0.45695364238410596,151,0.5,304,304,fold,
0.5496688741721855,0.6911242361133763,0.2481202246164642,,279,logistic-regression,0.45695364238410596,151,0.592435489572287,304,304,fold,
0.5526315789473685,0.6995913605246921,0.25324695867000024,,280,v2-benchmark,0.4605263157894737,76,0.5435540069686411,305,305,fold,
0.5394736842105263,0.6916093579978151,0.24923121027966708,,280,training-prevalence,0.4605263157894737,76,0.5,305,305,fold,
0.5394736842105263,7.422807261625547,0.4605263157894737,,280,training-majority,0.4605263157894737,76,0.5,305,305,fold,
0.5789473684210527,0.722216984952318,0.26209351690132404,,280,logistic-regression,0.4605263157894737,76,0.48501742160278744,305,305,fold,
0.5317919075144508,0.7404405483243303,0.26764052111605463,,281,v2-benchmark,0.5317919075144508,173,0.5301932367149759,306,306,fold,
0.4682080924855491,0.6944601456076069,0.25065640655746685,,281,training-prevalence,0.5317919075144508,173,0.5,306,306,fold,
0.4682080924855491,8.571472878544315,0.5317919075144508,,281,training-majority,0.5317919075144508,173,0.5,306,306,fold,
0.45664739884393063,0.7643637605093621,0.2827059325875501,,281,logistic-regression,0.5317919075144508,173,0.47436929683306495,306,306,fold,
0.6326530612244898,0.676610921592074,0.24114841905168116,,282,v2-benchmark,0.4897959183673469,49,0.5933333333333334,307,307,fold,
0.5102040816326531,0.6929446740601294,0.24989875302971898,,282,training-prevalence,0.4897959183673469,49,0.5,307,307,fold,
0.5102040816326531,7.894577512714283,0.4897959183673469,,282,training-majority,0.4897959183673469,49,0.5,307,307,fold,
0.4489795918367347,0.7412720841181194,0.27303292816409996,,282,logistic-regression,0.4897959183673469,49,0.415,307,307,fold,
0.5497076023391813,0.6898625266519897,0.24780334449973057,,283,v2-benchmark,0.4619883040935672,171,0.5718216840946615,308,308,fold,
0.5380116959064327,0.6920298058319131,0.24944136016287544,,283,training-prevalence,0.4619883040935672,171,0.5,308,308,fold,
0.5380116959064327,7.446371728805311,0.4619883040935672,,283,training-majority,0.4619883040935672,171,0.5,308,308,fold,
0.6081871345029239,0.658401175788679,0.23314331345620237,,283,logistic-regression,0.4619883040935672,171,0.6495597138139791,308,308,fold,
0.5416666666666666,0.7084350478433207,0.25381593393529595,,284,v2-benchmark,0.5833333333333334,24,0.65,309,309,fold,
0.4166666666666667,0.6972909712773495,0.25207151020408164,,284,training-prevalence,0.5833333333333334,24,0.5,309,309,fold,
0.4166666666666667,9.402222504725687,0.5833333333333334,,284,training-majority,0.5833333333333334,24,0.5,309,309,fold,
0.5833333333333334,0.7074222892513592,0.2568571913622199,,284,logistic-regression,0.5833333333333334,24,0.5357142857142858,309,309,fold,
0.5947712418300654,0.6811621834401262,0.24405755516760294,,6,v2-benchmark,0.4117647058823529,153,0.48853615520282184,31,31,fold,
0.5882352941176471,0.6914011217678974,0.24912700036186286,,6,training-prevalence,0.4117647058823529,153,0.5,31,31,fold,
0.5882352941176471,6.636862973924018,0.4117647058823529,,6,training-majority,0.4117647058823529,153,0.5,31,31,fold,
0.49019607843137253,0.7093448871262151,0.25734490305855734,,6,logistic-regression,0.4117647058823529,153,0.5862433862433862,31,31,fold,
0.528169014084507,0.7052910478842813,0.25502328024816284,,285,v2-benchmark,0.4507042253521127,142,0.5498798076923077,310,310,fold,
0.5492957746478874,0.6916281190242682,0.24924053772482344,,285,training-prevalence,0.4507042253521127,142,0.5,310,310,fold,
0.5492957746478874,7.2644938694460075,0.4507042253521127,,285,training-majority,0.4507042253521127,142,0.5,310,310,fold,
0.5563380281690141,0.687912493837225,0.2473529489004138,,285,logistic-regression,0.4507042253521127,142,0.5614983974358975,310,310,fold,
0.5714285714285714,0.6913997480023678,0.24953979712131463,,286,v2-benchmark,0.3956043956043956,91,0.5782828282828283,311,311,fold,
0.6043956043956044,0.6897315000846734,0.24829232182396052,,286,training-prevalence,0.3956043956043956,91,0.5,311,311,fold,
0.6043956043956044,6.376389548730769,0.3956043956043956,,286,training-majority,0.3956043956043956,91,0.5,311,311,fold,
0.4945054945054945,0.6857297384498726,0.24640732628342238,,286,logistic-regression,0.3956043956043956,91,0.5631313131313131,311,311,fold,
0.5244755244755245,0.7279532198119211,0.26554741409381794,,287,v2-benchmark,0.5174825174825175,143,0.5029377203290246,312,312,fold,
0.4825174825174825,0.6941848638492009,0.2505187437928154,,287,training-prevalence,0.5174825174825175,143,0.5,312,312,fold,
0.4825174825174825,8.34083276273368,0.5174825174825175,,287,training-majority,0.5174825174825175,143,0.5,312,312,fold,
0.6083916083916084,0.6682192452321004,0.237894728456999,,287,logistic-regression,0.5174825174825175,143,0.6316098707403055,312,312,fold,
0.5641025641025641,0.778163487039612,0.27804928828941045,,288,v2-benchmark,0.5384615384615384,39,0.5952380952380953,313,313,fold,
0.46153846153846156,0.6939961297220736,0.2504244589739757,,288,training-prevalence,0.5384615384615384,39,0.5,313,313,fold,
0.46153846153846156,8.678974627439098,0.5384615384615384,,288,training-majority,0.5384615384615384,39,0.5,313,313,fold,
0.6153846153846154,0.6338078262247463,0.22177192600385737,,288,logistic-regression,0.5384615384615384,39,0.701058201058201,313,313,fold,
0.43956043956043955,0.7294727369872426,0.2658264926244303,,289,v2-benchmark,0.46153846153846156,91,0.5102040816326531,314,314,fold,
0.5384615384615384,0.6923037369291869,0.2495782972011366,,289,training-prevalence,0.46153846153846156,91,0.5,314,314,fold,
0.5384615384615384,7.439121123519229,0.46153846153846156,,289,training-majority,0.46153846153846156,91,0.5,314,314,fold,
0.5164835164835165,0.7191958940218159,0.2613545902848985,,289,logistic-regression,0.46153846153846156,91,0.5534499514091351,314,314,fold,
0.4918032786885246,0.7264573845467907,0.26371007630961935,,290,v2-benchmark,0.45081967213114754,122,0.523202170963365,315,315,fold,
0.5491803278688525,0.6922209083808564,0.2495368786896245,,290,training-prevalence,0.45081967213114754,122,0.5,315,315,fold,
0.5491803278688525,7.26635465166154,0.45081967213114754,,290,training-majority,0.45081967213114754,122,0.5,315,315,fold,
0.5737704918032787,0.6858264379851873,0.24623086328743662,,290,logistic-regression,0.45081967213114754,122,0.5788331071913162,315,315,fold,
0.4691358024691358,0.7516536517519001,0.2753949339183833,,291,v2-benchmark,0.4074074074074074,162,0.47001262626262624,316,316,fold,
0.5925925925925926,0.6919417779382226,0.2493973074336263,,291,training-prevalence,0.4074074074074074,162,0.5,316,316,fold,
0.5925925925925926,6.566631620760801,0.4074074074074074,,291,training-majority,0.4074074074074074,162,0.5,316,316,fold,
0.5925925925925926,0.7102657930474444,0.2568008703830358,,291,logistic-regression,0.4074074074074074,162,0.5160984848484848,316,316,fold,
0.5689655172413793,0.6574091119895926,0.2336324060414743,,292,v2-benchmark,0.5,58,0.6278240190249703,317,317,fold,
0.5,0.6934365853981326,0.250144660549592,,292,training-prevalence,0.5,58,0.5,317,317,fold,
0.5,8.059047875479163,0.5,,292,training-majority,0.5,58,0.5,317,317,fold,
0.5689655172413793,0.6651413430726415,0.23625762257855284,,292,logistic-regression,0.5,58,0.6611177170035673,317,317,fold,
0.5303030303030303,0.6993315222834261,0.2500441922207927,,293,v2-benchmark,0.38636363636363635,132,0.5906560154926167,318,318,fold,
0.6136363636363636,0.6875880861981102,0.24722105724388818,,293,training-prevalence,0.38636363636363635,132,0.5,318,318,fold,
0.6136363636363636,6.22744610832481,0.38636363636363635,,293,training-majority,0.38636363636363635,132,0.5,318,318,fold,
0.553030303030303,0.6761384319160262,0.24175238152747905,,293,logistic-regression,0.38636363636363635,132,0.5642701525054467,318,318,fold,
0.5113636363636364,0.7209846220292803,0.2617749743778115,,294,v2-benchmark,0.4659090909090909,88,0.527244421380384,319,319,fold,
0.5340909090909091,0.6910564808662163,0.24895520920399236,,294,training-prevalence,0.4659090909090909,88,0.5,319,319,fold,
0.5340909090909091,7.509567345332858,0.4659090909090909,,294,training-majority,0.4659090909090909,88,0.5,319,319,fold,
0.5227272727272727,0.7204460377624593,0.26249211344239964,,294,logistic-regression,0.4659090909090909,88,0.5096004151530877,319,319,fold,
0.515625,0.6919698984942335,0.24938604405650494,,7,v2-benchmark,0.453125,64,0.5014778325123153,32,32,fold,
0.546875,0.6912866202821099,0.24906986686641414,,7,training-prevalence,0.453125,64,0.5,32,32,fold,
0.546875,7.303512146527993,0.453125,,7,training-majority,0.453125,64,0.5,32,32,fold,
0.625,0.6694286991591618,0.23805325120344886,,7,logistic-regression,0.453125,64,0.6266009852216748,32,32,fold,
0.5172413793103449,0.7505020120383104,0.2762548727590921,,295,v2-benchmark,0.3793103448275862,29,0.45454545454545453,320,320,fold,
0.6206896551724138,0.6818030025762325,0.24433284620907517,,295,training-prevalence,0.3793103448275862,29,0.5,320,320,fold,
0.6206896551724138,6.113760481397986,0.3793103448275862,,295,training-majority,0.3793103448275862,29,0.5,320,320,fold,
0.5862068965517241,0.7041728702965755,0.25239985726898356,,295,logistic-regression,0.3793103448275862,29,0.4494949494949495,320,320,fold,
0.5347222222222222,0.6896814533879202,0.24827132414505057,,8,v2-benchmark,0.4722222222222222,144,0.5429566563467494,33,33,fold,
0.5277777777777778,0.6920351555859303,0.2494440949995375,,8,training-prevalence,0.4722222222222222,144,0.5,33,33,fold,
0.5277777777777778,7.611322999063655,0.4722222222222222,,8,training-majority,0.4722222222222222,144,0.5,33,33,fold,
0.5277777777777778,0.6903645393236926,0.24870941272628105,,8,logistic-regression,0.4722222222222222,144,0.5510835913312694,33,33,fold,
0.5405405405405406,0.6924609189296801,0.24964888543884178,,9,v2-benchmark,0.5135135135135135,37,0.564327485380117,34,34,fold,
0.4864864864864865,0.6943029865210997,0.2505777245421011,,9,training-prevalence,0.5135135135135135,37,0.5,34,34,fold,
0.4864864864864865,8.27685997751914,0.5135135135135135,,9,training-majority,0.5135135135135135,37,0.5,34,34,fold,
0.4864864864864865,0.7232627553276225,0.26481635938812875,,9,logistic-regression,0.5135135135135135,37,0.4093567251461988,34,34,fold,
0.4957983193277311,0.6925677681643938,0.24970920553257273,,10,v2-benchmark,0.5042016806722689,119,0.5590395480225987,35,35,fold,
0.4957983193277311,0.6940470791575784,0.25044970587221577,,10,training-prevalence,0.5042016806722689,119,0.5,35,35,fold,
0.4957983193277311,8.12677096602941,0.5042016806722689,,10,training-majority,0.5042016806722689,119,0.5,35,35,fold,
0.5546218487394958,0.6984537574163928,0.2522856222120088,,10,logistic-regression,0.5042016806722689,119,0.5559322033898304,35,35,fold,
0.4827586206896552,0.6978443566956037,0.25234938934710593,,11,v2-benchmark,0.5344827586206896,58,0.5089605734767025,36,36,fold,
0.46551724137931033,0.6962296569292907,0.25154052318952214,,11,training-prevalence,0.5344827586206896,58,0.5,36,36,fold,
0.46551724137931033,8.614844273788071,0.5344827586206896,,11,training-majority,0.5344827586206896,58,0.5,36,36,fold,
0.5344827586206896,0.7208609746754336,0.2633644580113503,,11,logistic-regression,0.5344827586206896,58,0.4551971326164874,36,36,fold,
0.5357142857142857,0.6869241395683149,0.24690122846532564,,12,v2-benchmark,0.48214285714285715,56,0.6270753512132823,37,37,fold,
0.5178571428571429,0.6925175760692002,0.2496852610616431,,12,training-prevalence,0.48214285714285715,56,0.5,37,37,fold,
0.5178571428571429,7.771224740640622,0.48214285714285715,,12,training-majority,0.48214285714285715,56,0.5,37,37,fold,
0.42857142857142855,0.7454362436626031,0.2749790631857566,,12,logistic-regression,0.48214285714285715,56,0.39974457215836523,37,37,fold,
0.55,0.6867062462228304,0.24678553196047362,,13,v2-benchmark,0.4,40,0.49999999999999994,38,38,fold,
0.6,0.6870229828709189,0.24693898819288176,,13,training-prevalence,0.4,40,0.5,38,38,fold,
0.6,6.447238320383332,0.4,,13,training-majority,0.4,40,0.5,38,38,fold,
0.4,0.7197338351471891,0.26323664290851506,,13,logistic-regression,0.4,40,0.41666666666666663,38,38,fold,
0.46551724137931033,0.6932304143426817,0.2500410168864905,,14,v2-benchmark,0.5517241379310345,58,0.594951923076923,39,39,fold,
0.4482758620689655,0.6986149241431138,0.2527319858843123,,14,training-prevalence,0.5517241379310345,58,0.5,39,39,fold,
0.4482758620689655,8.892742472942526,0.5517241379310345,,14,training-majority,0.5517241379310345,58,0.5,39,39,fold,
0.5172413793103449,0.6962691827286392,0.252031418233787,,14,logistic-regression,0.5517241379310345,58,0.6382211538461539,39,39,fold,
0.390625,0.7025354632148548,0.25468872492991285,,15,v2-benchmark,0.546875,64,0.34876847290640395,40,40,fold,
0.453125,0.6969687623230544,0.2519099772515401,,15,training-prevalence,0.546875,64,0.5,40,40,fold,
0.453125,8.814583604430334,0.546875,,15,training-majority,0.546875,64,0.5,40,40,fold,
0.53125,0.7047211353201072,0.2554667405953678,,15,logistic-regression,0.546875,64,0.5448275862068965,40,40,fold,
0.6078431372549019,0.6853376894569815,0.24609813046723794,,16,v2-benchmark,0.43137254901960786,51,0.628526645768025,41,41,fold,
0.5686274509803921,0.6896653616153842,0.24825952786983338,,16,training-prevalence,0.43137254901960786,51,0.5,41,41,fold,
0.5686274509803921,6.952904063158495,0.43137254901960786,,16,training-majority,0.43137254901960786,51,0.5,41,41,fold,
0.5882352941176471,0.6629944723276331,0.23561781080172084,,16,logistic-regression,0.43137254901960786,51,0.6316614420062696,41,41,fold,
0.4117647058823529,0.6973646523195833,0.2521075235842752,,17,v2-benchmark,0.6078431372549019,51,0.5935483870967742,42,42,fold,
0.39215686274509803,0.6997136115431039,0.2532822957699261,,17,training-prevalence,0.6078431372549019,51,0.5,42,42,fold,
0.39215686274509803,9.797273866268785,0.6078431372549019,,17,training-majority,0.6078431372549019,51,0.5,42,42,fold,
0.47058823529411764,0.7035734726029748,0.2544875354184116,,17,logistic-regression,0.6078431372549019,51,0.6241935483870968,42,42,fold,
0.41836734693877553,0.6966883611772786,0.25177133207846764,,18,v2-benchmark,0.5714285714285714,98,0.49362244897959184,43,43,fold,
0.42857142857142855,0.6959181971447249,0.2513853501653576,,18,training-prevalence,0.5714285714285714,98,0.5,43,43,fold,
0.42857142857142855,9.210340414833329,0.5714285714285714,,18,training-majority,0.5714285714285714,98,0.5,43,43,fold,
0.5510204081632653,0.691445863389039,0.24844111261370622,,18,logistic-regression,0.5714285714285714,98,0.5888605442176871,43,43,fold,
0.5106382978723404,0.6917786565435088,0.24931609402324104,,19,v2-benchmark,0.44680851063829785,47,0.4597069597069597,44,44,fold,
0.5531914893617021,0.6917825001307274,0.24931770107146306,,19,training-prevalence,0.44680851063829785,47,0.5,44,44,fold,
0.5531914893617021,7.2017023674494665,0.44680851063829785,,19,training-majority,0.44680851063829785,47,0.5,44,44,fold,
0.574468085106383,0.7052501063431127,0.25495072082078607,,19,logistic-regression,0.44680851063829785,47,0.5659340659340659,44,44,fold,
0.5034013605442177,0.6937455573108822,0.2502993042792889,,20,v2-benchmark,0.5102040816326531,147,0.48444444444444446,45,45,fold,
0.4897959183673469,0.6937588404014411,0.2503057820147049,,20,training-prevalence,0.5102040816326531,147,0.5,45,45,fold,
0.4897959183673469,8.223518238244045,0.5102040816326531,,20,training-majority,0.5102040816326531,147,0.5,45,45,fold,
0.5374149659863946,0.7095939559660536,0.25800536933358986,,20,logistic-regression,0.5102040816326531,147,0.51,45,45,fold,
0.4,0.7017495241436551,0.2543002319875675,,21,v2-benchmark,0.65,40,0.3818681318681319,46,46,fold,
0.35,0.6979904080402146,0.25242141143794977,,21,training-prevalence,0.65,40,0.5,46,46,fold,
0.35,10.47676220812291,0.65,,21,training-majority,0.65,40,0.5,46,46,fold,
0.6,0.6589419769194301,0.23320981356279677,,21,logistic-regression,0.65,40,0.6428571428571429,46,46,fold,
0.44155844155844154,0.6969730497607257,0.2519119419038824,,22,v2-benchmark,0.5714285714285714,77,0.49931129476584024,47,47,fold,
0.5714285714285714,0.6924115621294131,0.24963219412678167,,22,training-prevalence,0.5714285714285714,77,0.5,47,47,fold,
0.5714285714285714,6.9077553363505775,0.42857142857142855,,22,training-majority,0.5714285714285714,77,0.5,47,47,fold,
0.5064935064935064,0.6996359798822646,0.25302594660090116,,22,logistic-regression,0.5714285714285714,77,0.48966942148760334,47,47,fold,
0.4375,0.6914635777289934,0.2491590289609927,,23,v2-benchmark,0.5625,48,0.6560846560846562,48,48,fold,
0.5625,0.6925135140602094,0.24968316955017303,,23,training-prevalence,0.5625,48,0.5,48,48,fold,
0.5625,7.051666903774549,0.4375,,23,training-majority,0.5625,48,0.5,48,48,fold,
0.5833333333333334,0.7017633133605082,0.2542202294136793,,23,logistic-regression,0.5625,48,0.5149911816578483,48,48,fold,
0.4897959183673469,0.6923849759691834,0.2496191656320334,,24,v2-benchmark,0.5170068027210885,147,0.5785767234988881,49,49,fold,
0.5170068027210885,0.6927151451139415,0.2497839994425731,,24,training-prevalence,0.5170068027210885,147,0.5,49,49,fold,
0.5170068027210885,7.784930604458589,0.48299319727891155,,24,training-majority,0.5170068027210885,147,0.5,49,49,fold,
0.6054421768707483,0.677199921528855,0.24217369979929718,,24,logistic-regression,0.5170068027210885,147,0.6295404002965159,49,49,fold,
0.5394736842105263,0.6920545178826188,0.24945395197225037,,25,v2-benchmark,0.4605263157894737,76,0.4710801393728223,50,50,fold,
0.4605263157894737,0.6945492716038576,0.25070098203213387,,25,training-prevalence,0.4605263157894737,76,0.5,50,50,fold,
0.4605263157894737,8.695288489616734,0.5394736842105263,,25,training-majority,0.4605263157894737,76,0.5,50,50,fold,
0.5526315789473685,0.7162609237931473,0.2610924508324306,,25,logistic-regression,0.4605263157894737,76,0.5951219512195122,50,50,fold,
0.5341614906832298,0.6893798765010891,0.24811701085825963,,26,v2-benchmark,0.4782608695652174,161,0.6414656771799628,51,51,fold,
0.4782608695652174,0.6934926351461728,0.2501727240813048,,26,training-prevalence,0.4782608695652174,161,0.5,51,51,fold,
0.4782608695652174,8.409441257296356,0.5217391304347826,,26,training-majority,0.4782608695652174,161,0.5,51,51,fold,
0.5217391304347826,0.7292834769719441,0.2665278085416462,,26,logistic-regression,0.4782608695652174,161,0.5081941867656152,51,51,fold,
0.4,0.6983996553341442,0.252623655442235,,27,v2-benchmark,0.64,25,0.5763888888888888,52,52,fold,
0.64,0.6919960639369507,0.24942444496730043,,27,training-prevalence,0.64,25,0.5,52,52,fold,
0.64,5.802514498534488,0.36,,27,training-majority,0.64,25,0.5,52,52,fold,
0.68,0.6171889264697462,0.21349255103104944,,27,logistic-regression,0.64,25,0.7708333333333333,52,52,fold,
0.4678362573099415,0.6950251242014097,0.25093868948141557,,28,v2-benchmark,0.5263157894736842,171,0.4762688614540467,53,53,fold,
0.5263157894736842,0.6928304861769473,0.24984165490507224,,28,training-prevalence,0.5263157894736842,171,0.5,53,53,fold,
0.5263157894736842,7.634887466492744,0.47368421052631576,,28,training-majority,0.5263157894736842,171,0.5,53,53,fold,
0.5146198830409356,0.6995133402444547,0.2532824324067508,,28,logistic-regression,0.5263157894736842,171,0.5308641975308642,53,53,fold,
0.5,0.6939646524524014,0.2504084420507445,,29,v2-benchmark,0.48,50,0.45993589743589747,54,54,fold,
0.48,0.6935174964336466,0.25018515339720987,,29,training-prevalence,0.48,50,0.5,54,54,fold,
0.48,8.381409786772036,0.52,,29,training-majority,0.48,50,0.5,54,54,fold,
0.48,0.7102984215094937,0.25797767139406386,,29,logistic-regression,0.48,50,0.5641025641025641,54,54,fold,
0.5103448275862069,0.6918818317171656,0.24936723073323286,,30,v2-benchmark,0.496551724137931,145,0.5964611872146119,55,55,fold,
0.496551724137931,0.6932400657108212,0.2500464412833312,,30,training-prevalence,0.496551724137931,145,0.5,55,55,fold,
0.496551724137931,8.114627515575046,0.503448275862069,,30,training-majority,0.496551724137931,145,0.5,55,55,fold,
0.5379310344827586,0.7233261162631919,0.2638002430673407,,30,logistic-regression,0.496551724137931,145,0.5007610350076104,55,55,fold,
0.453125,0.6964808401441175,0.2516646926935624,,31,v2-benchmark,0.546875,64,0.45517241379310347,56,56,fold,
0.546875,0.692429810692878,0.24964132253412757,,31,training-prevalence,0.546875,64,0.5,56,56,fold,
0.546875,7.303512146766497,0.453125,,31,training-majority,0.546875,64,0.5,56,56,fold,
0.5,0.694586021660015,0.2510678677254221,,31,logistic-regression,0.546875,64,0.5438423645320197,56,56,fold,
0.40350877192982454,0.6950807532411563,0.25096713730816683,,32,v2-benchmark,0.543859649122807,57,0.4491315136476427,57,57,fold,
0.543859649122807,0.6912957015933539,0.249074431183949,,32,training-prevalence,0.543859649122807,57,0.5,57,57,fold,
0.543859649122807,7.352113860326347,0.45614035087719296,,32,training-majority,0.543859649122807,57,0.5,57,57,fold,
0.5087719298245614,0.7195156389616698,0.2596116857158425,,32,logistic-regression,0.543859649122807,57,0.586848635235732,57,57,fold,
0.5369127516778524,0.6925556779813231,0.24970427216678337,,33,v2-benchmark,0.48322147651006714,149,0.5251623376623377,58,58,fold,
0.48322147651006714,0.6946065898807784,0.25072945127328256,,33,training-prevalence,0.48322147651006714,149,0.5,58,58,fold,
0.48322147651006714,8.329485720565907,0.5167785234899329,,33,training-majority,0.48322147651006714,149,0.5,58,58,fold,
0.5369127516778524,0.694508270493469,0.2507049075926053,,33,logistic-regression,0.48322147651006714,149,0.5515873015873016,58,58,fold,
0.5675675675675675,0.6914782948888336,0.2491656411505631,,34,v2-benchmark,0.3783783783783784,37,0.468944099378882,59,59,fold,
0.3783783783783784,0.7012901517249381,0.2540701035061873,,34,training-prevalence,0.3783783783783784,37,0.5,59,59,fold,
0.3783783783783784,10.019356794166153,0.6216216216216216,,34,training-majority,0.3783783783783784,37,0.5,59,59,fold,
0.3783783783783784,0.7560314116356738,0.2811171681902366,,34,logistic-regression,0.3783783783783784,37,0.3695652173913044,59,59,fold,
0.45454545454545453,0.6941849532999487,0.25051889020984147,,35,v2-benchmark,0.6,165,0.5270125497398225,60,60,fold,
0.6,0.6881932652990713,0.2475236026570841,,35,training-prevalence,0.6,165,0.5,60,60,fold,
0.6,6.447238320593874,0.4,,35,training-majority,0.6,165,0.5,60,60,fold,
0.6181818181818182,0.6661042176124881,0.2364630981790853,,35,logistic-regression,0.6,165,0.669880624426079,60,60,fold,
0.48333333333333334,0.6920786206249944,0.24946584660295218,,36,v2-benchmark,0.5833333333333334,60,0.688,61,61,fold,
0.5833333333333334,0.6871126945453757,0.24698435240628933,,36,training-prevalence,0.5833333333333334,60,0.5,61,61,fold,
0.5833333333333334,6.7158732464519515,0.4166666666666667,,36,training-majority,0.5833333333333334,60,0.5,61,61,fold,
0.6,0.6242996710353435,0.21792800913154173,,36,logistic-regression,0.5833333333333334,60,0.6845714285714285,61,61,fold,
0.4759036144578313,0.6943322158765053,0.25059232444271073,,37,v2-benchmark,0.5481927710843374,166,0.49128205128205127,62,62,fold,
0.5481927710843374,0.6898647690558442,0.24835970256555343,,37,training-prevalence,0.5481927710843374,166,0.5,62,62,fold,
0.5481927710843374,7.282272186514163,0.45180722891566266,,37,training-majority,0.5481927710843374,166,0.5,62,62,fold,
0.536144578313253,0.7101130378370926,0.25727804190194664,,37,logistic-regression,0.5481927710843374,166,0.515897435897436,62,62,fold,
0.5,0.6889478446608049,0.24790076672940087,,38,v2-benchmark,0.6,10,0.625,63,63,fold,
0.6,0.6843698471563487,0.24561474943265343,,38,training-prevalence,0.6,10,0.5,63,63,fold,
0.6,6.447238320593874,0.4,,38,training-majority,0.6,10,0.5,63,63,fold,
0.6,0.6833301932674969,0.24447171279648255,,38,logistic-regression,0.6,10,0.5416666666666667,63,63,fold,
0.41935483870967744,0.6929926456635703,0.249922733428818,,39,v2-benchmark,0.5483870967741935,31,0.5336134453781514,64,64,fold,
0.5483870967741935,0.6893151424062967,0.24808555191267903,,39,training-prevalence,0.5483870967741935,31,0.5,64,64,fold,
0.5483870967741935,7.279140026476951,0.45161290322580644,,39,training-majority,0.5483870967741935,31,0.5,64,64,fold,
0.5161290322580645,0.7116034858896017,0.2589392480100181,,39,logistic-regression,0.5483870967741935,31,0.5126050420168068,64,64,fold,
0.75,0.6915433537675366,0.24919808930297427,,40,v2-benchmark,0.375,16,0.7666666666666667,65,65,fold,
0.375,0.7083493064071658,0.2575930871476092,,40,training-prevalence,0.375,16,0.5,65,65,fold,
0.375,10.073809819677924,0.625,,40,training-majority,0.375,16,0.5,65,65,fold,
0.5,0.7302528241829381,0.26804250297017485,,40,logistic-regression,0.375,16,0.5166666666666666,65,65,fold,
0.4823529411764706,0.693657755862152,0.2502551901503079,,41,v2-benchmark,0.48823529411764705,170,0.4898213543830494,66,66,fold,
0.48823529411764705,0.6956669314478865,0.2512584857409062,,41,training-prevalence,0.48823529411764705,170,0.5,66,66,fold,
0.48823529411764705,8.24867252928922,0.5117647058823529,,41,training-majority,0.48823529411764705,170,0.5,66,66,fold,
0.5294117647058824,0.7012252901233896,0.2534171648598349,,41,logistic-regression,0.48823529411764705,170,0.5567095970087246,66,66,fold,
0.5588235294117647,0.6945100302265584,0.2506812393921066,,42,v2-benchmark,0.5294117647058824,34,0.5069444444444444,67,67,fold,
0.5294117647058824,0.6914567334423891,0.24915521920212638,,42,training-prevalence,0.5294117647058824,34,0.5,67,67,fold,
0.5294117647058824,7.584986241875144,0.47058823529411764,,42,training-majority,0.5294117647058824,34,0.5,67,67,fold,
0.5588235294117647,0.7021744985617537,0.2536719888183964,,42,logistic-regression,0.5294117647058824,34,0.5451388888888888,67,67,fold,
0.5588235294117647,0.6927206931430322,0.2497866676377727,,43,v2-benchmark,0.4823529411764706,170,0.5462860310421286,68,68,fold,
0.4823529411764706,0.6958389393388292,0.2513447371824027,,43,training-prevalence,0.4823529411764706,170,0.5,68,68,fold,
0.4823529411764706,8.343484856062659,0.5176470588235295,,43,training-majority,0.4823529411764706,170,0.5,68,68,fold,
0.5176470588235295,0.7143840543393403,0.25950080782119933,,43,logistic-regression,0.4823529411764706,170,0.531180709534368,68,68,fold,
0.36363636363636365,0.6974425556330246,0.25214680396313677,,44,v2-benchmark,0.45454545454545453,11,0.55,69,69,fold,
0.45454545454545453,0.6970434851168815,0.2519472516031895,,44,training-prevalence,0.45454545454545453,11,0.5,69,69,fold,
0.45454545454545453,8.791688582628009,0.5454545454545454,,44,training-majority,0.45454545454545453,11,0.5,69,69,fold,
0.45454545454545453,0.792704201418852,0.29749957510607905,,44,logistic-regression,0.45454545454545453,11,0.26666666666666666,69,69,fold,
0.5035971223021583,0.6938429951395438,0.2503480787999447,,45,v2-benchmark,0.460431654676259,139,0.506875,70,70,fold,
0.460431654676259,0.6968980598152825,0.25187444007849485,,45,training-prevalence,0.460431654676259,139,0.5,70,70,fold,
0.460431654676259,8.69681424648454,0.539568345323741,,45,training-majority,0.460431654676259,139,0.5,70,70,fold,
0.48201438848920863,0.7140879531660966,0.2598920960307866,,45,logistic-regression,0.460431654676259,139,0.5041666666666667,70,70,fold,
0.4772727272727273,0.6919106465451395,0.24938199157312385,,46,v2-benchmark,0.5681818181818182,88,0.5078947368421052,71,71,fold,
0.5681818181818182,0.6892946927958691,0.24807436994876123,,46,training-prevalence,0.5681818181818182,88,0.5,71,71,fold,
0.5681818181818182,6.960086815413842,0.4318181818181818,,46,training-majority,0.5681818181818182,88,0.5,71,71,fold,
0.6363636363636364,0.6693017377563142,0.23827914381708973,,46,logistic-regression,0.5681818181818182,88,0.6052631578947368,71,71,fold,
0.5723684210526315,0.6924739938229915,0.2496636118370758,,47,v2-benchmark,0.45394736842105265,152,0.569757290029684,72,72,fold,
0.45394736842105265,0.6965234401566132,0.25168753759927737,,47,training-prevalence,0.45394736842105265,152,0.5,72,72,fold,
0.45394736842105265,8.801328591929135,0.5460526315789473,,47,training-majority,0.45394736842105265,152,0.5,72,72,fold,
0.5197368421052632,0.6927075851542582,0.24957606974068158,,47,logistic-regression,0.45394736842105265,152,0.5577090972585995,72,72,fold,
0.48484848484848486,0.6963278127239378,0.25158934108280573,,48,v2-benchmark,0.45454545454545453,33,0.4481481481481481,73,73,fold,
0.45454545454545453,0.6951259140631347,0.25098923330962775,,48,training-prevalence,0.45454545454545453,33,0.5,73,73,fold,
0.45454545454545453,8.791688582628007,0.5454545454545454,,48,training-majority,0.45454545454545453,33,0.5,73,73,fold,
0.45454545454545453,0.7301789584232503,0.26731975373016326,,48,logistic-regression,0.45454545454545453,33,0.4407407407407407,73,73,fold,
0.5393939393939394,0.6939064910047624,0.25037933023727454,,49,v2-benchmark,0.42424242424242425,165,0.5022556390977444,74,74,fold,
0.42424242424242425,0.6956829458688653,0.2512677731351882,,49,training-prevalence,0.42424242424242425,165,0.5,74,74,fold,
0.42424242424242425,9.280115720551786,0.5757575757575758,,49,training-majority,0.42424242424242425,165,0.5,74,74,fold,
0.6242424242424243,0.6516157924469933,0.22920664593611645,,49,logistic-regression,0.42424242424242425,165,0.6421052631578947,74,74,fold,
0.44,0.6953374146981152,0.2510949677035702,,50,v2-benchmark,0.52,25,0.4487179487179488,75,75,fold,
0.52,0.6930322325753293,0.24994252617509466,,50,training-prevalence,0.52,25,0.5,75,75,fold,
0.52,7.736685964712646,0.48,,50,training-majority,0.52,25,0.5,75,75,fold,
0.52,0.7758066364067677,0.2880977956858186,,50,logistic-regression,0.52,25,0.4358974358974359,75,75,fold,
0.5238095238095238,0.6941338260789904,0.25049297323862013,,51,v2-benchmark,0.4489795918367347,147,0.48522259633370746,76,76,fold,
0.4489795918367347,0.6937885537507936,0.25032068255624795,,51,training-prevalence,0.4489795918367347,147,0.5,76,76,fold,
0.4489795918367347,8.8813996895936,0.5510204081632653,,51,training-majority,0.4489795918367347,147,0.5,76,76,fold,
0.5850340136054422,0.67740087959532,0.24170328665402768,,51,logistic-regression,0.4489795918367347,147,0.619902731013842,76,76,fold,
0.58,0.6910581741928662,0.24895524481259823,,52,v2-benchmark,0.42,50,0.6863711001642037,77,77,fold,
0.42,0.693571696779355,0.25021225761772853,,52,training-prevalence,0.42,50,0.5,77,77,fold,
0.42,9.348495519861116,0.58,,52,training-majority,0.42,50,0.5,77,77,fold,
0.56,0.6495604766915548,0.23018105333545835,,52,logistic-regression,0.42,50,0.6206896551724138,77,77,fold,
0.5826771653543307,0.6911806304135318,0.24901698795461885,,53,v2-benchmark,0.3779527559055118,127,0.5493143459915611,78,78,fold,
0.6220472440944882,0.6922017181195913,0.2495272711724977,,53,training-prevalence,0.3779527559055118,127,0.5,78,78,fold,
0.6220472440944882,6.091878733433069,0.3779527559055118,,53,training-majority,0.3779527559055118,127,0.5,78,78,fold,
0.5905511811023622,0.6680609816504621,0.23829377344763164,,53,logistic-regression,0.3779527559055118,127,0.569620253164557,78,78,fold,
0.5614035087719298,0.6941389038573346,0.2504958022649326,,54,v2-benchmark,0.40350877192982454,57,0.4418158567774936,79,79,fold,
0.5964912280701754,0.6891991324816045,0.2480262758517127,,54,training-prevalence,0.40350877192982454,57,0.5,79,79,fold,
0.5964912280701754,6.503793041614765,0.40350877192982454,,54,training-majority,0.40350877192982454,57,0.5,79,79,fold,
0.5614035087719298,0.7162045866006513,0.25814261627264284,,54,logistic-regression,0.40350877192982454,57,0.4718670076726343,79,79,fold,
0.6486486486486487,0.6909984626441111,0.2489264438502263,,55,v2-benchmark,0.35135135135135137,37,0.5128205128205128,80,80,fold,
0.6486486486486487,0.6858697826362362,0.246362076572247,,55,training-prevalence,0.35135135135135137,37,0.5,80,80,fold,
0.6486486486486487,5.6631147530394115,0.35135135135135137,,55,training-majority,0.35135135135135137,37,0.5,80,80,fold,
0.5675675675675675,0.6613101933721685,0.2352414342725374,,55,logistic-regression,0.35135135135135137,37,0.5608974358974359,80,80,fold,
0.4166666666666667,0.6984037845033493,0.25262779091035964,,56,v2-benchmark,0.5833333333333334,12,0.2857142857142857,81,81,fold,
0.4166666666666667,0.698891616110692,0.2528712277091906,,56,training-prevalence,0.5833333333333334,12,0.5,81,81,fold,
0.4166666666666667,9.40222250472569,0.5833333333333334,,56,training-majority,0.5833333333333334,12,0.5,81,81,fold,
0.25,0.8342052088533998,0.31668345545439053,,56,logistic-regression,0.5833333333333334,12,0.22857142857142854,81,81,fold,
0.625,0.6860442431176926,0.24645048483141196,,57,v2-benchmark,0.375,8,0.6,82,82,fold,
0.625,0.685188601230334,0.24602220149858317,,57,training-prevalence,0.375,8,0.5,82,82,fold,
0.625,6.044285931609373,0.375,,57,training-majority,0.375,8,0.5,82,82,fold,
0.625,0.7044778874632319,0.2550473871841987,,57,logistic-regression,0.375,8,0.6666666666666666,82,82,fold,
0.3611111111111111,0.6979620678267245,0.2524067350736081,,58,v2-benchmark,0.5833333333333334,36,0.34603174603174597,83,83,fold,
0.4166666666666667,0.7002816106089833,0.2535653735288197,,58,training-prevalence,0.5833333333333334,36,0.5,83,83,fold,
0.4166666666666667,9.402222504725689,0.5833333333333334,,58,training-majority,0.5833333333333334,36,0.5,83,83,fold,
0.6944444444444444,0.8945009503409148,0.26991205598484247,,58,logistic-regression,0.5833333333333334,36,0.6571428571428571,83,83,fold,
0.5365853658536586,0.6948538319812488,0.2508530870102123,,59,v2-benchmark,0.43902439024390244,41,0.35990338164251207,84,84,fold,
0.5609756097560976,0.6894949418123976,0.24817456196868248,,59,training-prevalence,0.43902439024390244,41,0.5,84,84,fold,
0.5609756097560976,7.076237171152436,0.43902439024390244,,59,training-majority,0.43902439024390244,41,0.5,84,84,fold,
0.6585365853658537,0.6636159613589313,0.231860416316021,,59,logistic-regression,0.43902439024390244,41,0.6570048309178743,84,84,fold,
0.4418604651162791,0.696873959553404,0.25186245586909667,,60,v2-benchmark,0.5813953488372093,86,0.49944444444444447,85,85,fold,
0.4186046511627907,0.6990308577259189,0.25294073360549213,,60,training-prevalence,0.5813953488372093,86,0.5,85,85,fold,
0.4186046511627907,9.370985885440888,0.5813953488372093,,60,training-majority,0.5813953488372093,86,0.5,85,85,fold,
0.4883720930232558,0.7846611102839423,0.2847957785822594,,60,logistic-regression,0.5813953488372093,86,0.4833333333333334,85,85,fold,
0.5070422535211268,0.6943428724004592,0.2505971341993317,,61,v2-benchmark,0.49295774647887325,142,0.4678571428571429,86,86,fold,
0.5070422535211268,0.6935068952231999,0.250179577775597,,61,training-prevalence,0.49295774647887325,142,0.5,86,86,fold,
0.5070422535211268,7.945540160331571,0.49295774647887325,,61,training-majority,0.49295774647887325,142,0.5,86,86,fold,
0.5422535211267606,0.7126221740579914,0.2563814661071695,,61,logistic-regression,0.49295774647887325,142,0.5650793650793651,86,86,fold,
0.5454545454545454,0.6880719352715567,0.24746517906548282,,62,v2-benchmark,0.44155844155844154,77,0.5834473324213406,87,87,fold,
0.5584415584415584,0.6886416093124325,0.24774875877398053,,62,training-prevalence,0.44155844155844154,77,0.5,87,87,fold,
0.5584415584415584,7.117081252371209,0.44155844155844154,,62,training-majority,0.44155844155844154,77,0.5,87,87,fold,
0.4675324675324675,0.7651796501231609,0.28307447974828925,,62,logistic-regression,0.44155844155844154,77,0.445280437756498,87,87,fold,
0.5073529411764706,0.695404757019068,0.2511276102301055,,63,v2-benchmark,0.4852941176470588,136,0.4068181818181818,88,88,fold,
0.5147058823529411,0.6933276460695531,0.25008939087432946,,63,training-prevalence,0.4852941176470588,136,0.5,88,88,fold,
0.5147058823529411,7.822017058553307,0.4852941176470588,,63,training-majority,0.4852941176470588,136,0.5,88,88,fold,
0.5588235294117647,0.7090945794134209,0.2555481461144463,,63,logistic-regression,0.4852941176470588,136,0.5712121212121212,88,88,fold,
0.5454545454545454,0.6925481978284553,0.24970013638677113,,64,v2-benchmark,0.4393939393939394,66,0.43709226467847156,89,89,fold,
0.5606060606060606,0.6874706861222168,0.24716487875650522,,64,training-prevalence,0.4393939393939394,66,0.5,89,89,fold,
0.5606060606060606,7.082193599663508,0.4393939393939394,,64,training-majority,0.4393939393939394,66,0.5,89,89,fold,
0.5909090909090909,0.6748086722627321,0.24058973405979264,,64,logistic-regression,0.4393939393939394,66,0.6206896551724138,89,89,fold,
0.5357142857142857,0.6912797432428215,0.2490668283344685,,65,v2-benchmark,0.4642857142857143,112,0.5150641025641025,90,90,fold,
0.5357142857142857,0.6906011429520813,0.24872805103751602,,65,training-prevalence,0.4642857142857143,112,0.5,90,90,fold,
0.5357142857142857,7.483401605802081,0.4642857142857143,,65,training-majority,0.4642857142857143,112,0.5,90,90,fold,
0.49107142857142855,0.725987919545586,0.26462478407449413,,65,logistic-regression,0.4642857142857143,112,0.4983974358974359,90,90,fold,
0.5187165775401069,0.6930412519134342,0.24994626899976402,,66,v2-benchmark,0.48128342245989303,187,0.500114547537228,91,91,fold,
0.5187165775401069,0.6928695852339826,0.2498605915884993,,66,training-prevalence,0.48128342245989303,187,0.5,91,91,fold,
0.5187165775401069,7.7573722903007996,0.48128342245989303,,66,training-majority,0.48128342245989303,187,0.5,91,91,fold,
0.5401069518716578,0.7371596232692552,0.2676987900719457,,66,logistic-regression,0.48128342245989303,187,0.5200458190148912,91,91,fold,
0.5285714285714286,0.6891241879259857,0.24798957721411904,,67,v2-benchmark,0.4714285714285714,70,0.6244881244881245,92,92,fold,
0.5285714285714286,0.6915659722473126,0.24920973351883235,,67,training-prevalence,0.4714285714285714,70,0.5,92,92,fold,
0.5285714285714286,7.598530859737497,0.4714285714285714,,67,training-majority,0.4714285714285714,70,0.5,92,92,fold,
0.4714285714285714,0.7339587676126614,0.2680821058160064,,67,logistic-regression,0.4714285714285714,70,0.4701064701064701,92,92,fold,
0.47802197802197804,0.6946045431315623,0.25072925063393464,,68,v2-benchmark,0.521978021978022,182,0.5024198427102238,93,93,fold,
0.47802197802197804,0.6985708463056846,0.252706577645282,,68,training-prevalence,0.521978021978022,182,0.5,93,93,fold,
0.47802197802197804,8.413291733741985,0.521978021978022,,68,training-majority,0.521978021978022,182,0.5,93,93,fold,
0.489010989010989,0.7287431528655918,0.2660372058186202,,68,logistic-regression,0.521978021978022,182,0.5254688445251059,93,93,fold,
0.52,0.6914535084438137,0.2491545262931763,,69,v2-benchmark,0.48,100,0.5374599358974359,94,94,fold,
0.52,0.6925944502987761,0.24972336644487217,,69,training-prevalence,0.48,100,0.5,94,94,fold,
0.52,7.736685964459998,0.48,,69,training-majority,0.48,100,0.5,94,94,fold,
0.53,0.69273573100451,0.24956616079611824,,69,logistic-regression,0.48,100,0.5584935897435896,94,94,fold,
0.4827586206896552,0.6952098365668746,0.2510299013234319,,70,v2-benchmark,0.5172413793103449,87,0.48201058201058206,95,95,fold,
0.4827586206896552,0.6971266973103075,0.2519866982581646,,70,training-prevalence,0.5172413793103449,87,0.5,95,95,fold,
0.4827586206896552,8.336946074633618,0.5172413793103449,,70,training-majority,0.5172413793103449,87,0.5,95,95,fold,
0.5402298850574713,0.7230923504535807,0.26408928918849356,,70,logistic-regression,0.5172413793103449,87,0.4899470899470899,95,95,fold,
0.5,0.6925152864833058,0.24968439871011125,,71,v2-benchmark,0.5,174,0.5416831813978068,96,96,fold,
0.5,0.6947306095720273,0.25079046220462514,,71,training-prevalence,0.5,174,0.5,96,96,fold,
0.5,8.059047875479164,0.5,,71,training-majority,0.5,174,0.5,96,96,fold,
0.4942528735632184,0.7027096814177302,0.2540748657305616,,71,logistic-regression,0.5,174,0.544589774078478,96,96,fold,
0.5161290322580645,0.6919768638546074,0.24941615518363444,,72,v2-benchmark,0.4838709677419355,31,0.48750000000000004,97,97,fold,
0.5161290322580645,0.6929942713414962,0.24992311795516292,,72,training-prevalence,0.4838709677419355,31,0.5,97,97,fold,
0.5161290322580645,7.799078592399186,0.4838709677419355,,72,training-majority,0.4838709677419355,31,0.5,97,97,fold,
0.41935483870967744,0.7163074323746738,0.2611098534360985,,72,logistic-regression,0.4838709677419355,31,0.5041666666666667,97,97,fold,
0.6206896551724138,0.6824146394363685,0.2446380168370592,,73,v2-benchmark,0.3793103448275862,58,0.6597222222222222,98,98,fold,
0.6206896551724138,0.6810613603474442,0.24396313452216137,,73,training-prevalence,0.3793103448275862,58,0.5,98,98,fold,
0.6206896551724138,6.113760481397987,0.3793103448275862,,73,training-majority,0.3793103448275862,58,0.5,98,98,fold,
0.5344827586206896,0.7320165875745672,0.26673580078652814,,73,logistic-regression,0.3793103448275862,58,0.5517676767676767,98,98,fold,
0.5294117647058824,0.6927983903422877,0.24982573238347913,,74,v2-benchmark,0.47058823529411764,136,0.4571397569444445,99,99,fold,
0.5294117647058824,0.6914184616812734,0.2491361357976689,,74,training-prevalence,0.47058823529411764,136,0.5,99,99,fold,
0.5294117647058824,7.5849862416274485,0.47058823529411764,,74,training-majority,0.47058823529411764,136,0.5,99,99,fold,
0.5220588235294118,0.7106869302105897,0.25811258676878157,,74,logistic-regression,0.47058823529411764,136,0.5164930555555555,99,99,fold,
0.5878693623639192,0.6940749991532954,0.24895401163698164,Australia A-League,,v2-benchmark,0.38880248833592534,643,0.5260508905852418,,Australia A-League,competition,
0.5334370139968896,0.6947126233845696,0.25077899655830005,Australia A-League,,training-prevalence,0.38880248833592534,643,0.4759287531806616,,Australia A-League,competition,
0.5334370139968896,7.520106889055627,0.4665629860031104,Australia A-League,,training-majority,0.38880248833592534,643,0.5040661577608142,,Australia A-League,competition,
0.5878693623639192,0.6860580700112067,0.24572665840857996,Australia A-League,,logistic-regression,0.38880248833592534,643,0.5269312977099236,,Australia A-League,competition,
0.5489051094890511,0.7114246669640043,0.2575174963267725,Austria Bundesliga,,v2-benchmark,0.4656934306569343,685,0.5243760385083166,,Austria Bundesliga,competition,
0.5167883211678832,0.6927333829932278,0.24979188947274486,Austria Bundesliga,,training-prevalence,0.4656934306569343,685,0.5113614951093752,,Austria Bundesliga,competition,
0.5167883211678832,7.788452110821897,0.4832116788321168,Austria Bundesliga,,training-majority,0.4656934306569343,685,0.4987023999177759,,Austria Bundesliga,competition,
0.5313868613138686,0.7034202764713468,0.254053815879404,Austria Bundesliga,,logistic-regression,0.4656934306569343,685,0.539707419017764,,Austria Bundesliga,competition,
0.5432780847145487,0.6942428746377396,0.2500133808438214,Belgium Pro League,,v2-benchmark,0.4558011049723757,1086,0.546280059478029,,Belgium Pro League,competition,
0.5359116022099447,0.6919434731391714,0.2493979768064169,Belgium Pro League,,training-prevalence,0.4558011049723757,1086,0.5082448854022458,,Belgium Pro League,competition,
0.5359116022099447,7.480221239733307,0.46408839779005523,Belgium Pro League,,training-majority,0.4558011049723757,1086,0.5119109880531201,,Belgium Pro League,competition,
0.5368324125230203,0.7022616503822988,0.253307957235863,Belgium Pro League,,logistic-regression,0.4558011049723757,1086,0.5419029551009247,,Belgium Pro League,competition,
0.5022156573116692,0.7059399096472828,0.25572386211747955,Denmark Superliga,,v2-benchmark,0.4519940915805022,677,0.5023210542078467,,Denmark Superliga,competition,
0.5420974889217134,0.6910142762636762,0.24893409788924384,Denmark Superliga,,training-prevalence,0.4519940915805022,677,0.5151242887091944,,Denmark Superliga,competition,
0.5420974889217134,7.380516526648109,0.45790251107828656,Denmark Superliga,,training-majority,0.4519940915805022,677,0.5172251290453288,,Denmark Superliga,competition,
0.49926144756277696,0.756595874254338,0.26778188519057705,Denmark Superliga,,logistic-regression,0.4519940915805022,677,0.484972605394359,,Denmark Superliga,competition,
0.5004990019960079,0.7063413704160091,0.25591517576706374,England Championship,,v2-benchmark,0.5344311377245509,2004,0.5114561723224481,,England Championship,competition,
0.4935129740518962,0.6942237963899545,0.2505369650115933,England Championship,,training-prevalence,0.5344311377245509,2004,0.5190244014719142,,England Championship,competition,
0.4935129740518962,8.163606379614757,0.5064870259481038,England Championship,,training-majority,0.5344311377245509,2004,0.5097093499779333,,England Championship,competition,
0.5319361277445109,0.6985709183966516,0.2523835436721217,England Championship,,logistic-regression,0.5344311377245509,2004,0.5443901033082044,,England Championship,competition,
0.5039643211100099,0.7042194418000053,0.2546065518800396,England EFL League One,,v2-benchmark,0.5133795837462835,2018,0.5262347741981144,,England EFL League One,competition,
0.5024777006937562,0.6934252423179033,0.250138657279465,England EFL League One,,training-prevalence,0.5133795837462835,2018,0.5176163215878085,,England EFL League One,competition,
0.5024777006937562,8.019112059017559,0.4975222993062438,England EFL League One,,training-majority,0.5133795837462835,2018,0.5086233673300884,,England EFL League One,competition,
0.5163528245787908,0.7032905420896952,0.25478310135093246,England EFL League One,,logistic-regression,0.5133795837462835,2018,0.5283716943594744,,England EFL League One,competition,
0.5170202269363592,0.7023709839311996,0.25339829421607213,England EFL League Two,,v2-benchmark,0.5303404045387272,2027,0.5366484268125855,,England EFL League Two,competition,
0.5170202269363592,0.692155825401073,0.24950508113598105,England EFL League Two,,training-prevalence,0.5303404045387272,2027,0.5363108266562439,,England EFL League Two,competition,
0.5170202269363592,7.784714231480176,0.48297977306364087,England EFL League Two,,training-majority,0.5303404045387272,2027,0.5307094000390854,,England EFL League Two,competition,
0.538727183029107,0.6948484568270293,0.2505402632597451,England EFL League Two,,logistic-regression,0.5303404045387272,2027,0.5578327144811412,,England EFL League Two,competition,
0.5581560283687943,0.6971725132228405,0.2506795246705646,England Premier League,,v2-benchmark,0.425531914893617,1410,0.5408127572016461,,England Premier League,competition,
0.5645390070921986,0.6886785268671114,0.24776750580714338,England Premier League,,training-prevalence,0.425531914893617,1410,0.5344465020576132,,England Premier League,competition,
0.5645390070921986,7.018801992476298,0.43546099290780144,England Premier League,,training-majority,0.425531914893617,1410,0.5306790123456789,,England Premier League,competition,
0.5822695035460993,0.6836686563683738,0.24466618959873682,England Premier League,,logistic-regression,0.425531914893617,1410,0.5698456790123457,,England Premier League,competition,
0.5305958132045089,0.7037910740075601,0.2544290213648394,France Ligue 1,,v2-benchmark,0.45974235104669886,1242,0.5233517164699157,,France Ligue 1,competition,
0.5265700483091788,0.6925158288038136,0.24968347561816331,France Ligue 1,,training-prevalence,0.45974235104669886,1242,0.5067194583717222,,France Ligue 1,competition,
0.5265700483091788,7.630789298118341,0.47342995169082125,France Ligue 1,,training-majority,0.45974235104669886,1242,0.509778384458985,,France Ligue 1,competition,
0.5539452495974235,0.6963619857773304,0.25086728448591544,France Ligue 1,,logistic-regression,0.45974235104669886,1242,0.5569959884220169,,France Ligue 1,competition,
0.4868827160493827,0.7089525068646938,0.25743301312527,France Ligue 2,,v2-benchmark,0.5462962962962963,1296,0.48311210077251243,,France Ligue 2,competition,
0.4976851851851852,0.6942856595725881,0.25056816990597086,France Ligue 2,,training-prevalence,0.5462962962962963,1296,0.525985818056036,,France Ligue 2,competition,
0.4976851851851852,8.0963582819117,0.5023148148148148,France Ligue 2,,training-majority,0.5462962962962963,1296,0.5173382912487029,,France Ligue 2,competition,
0.5532407407407407,0.7025537503240329,0.2539571030835839,France Ligue 2,,logistic-regression,0.5462962962962963,1296,0.528721799454245,,France Ligue 2,competition,
0.5604693140794224,0.6983807195968156,0.25134938509789995,Germany 2. Bundesliga,,v2-benchmark,0.40703971119133575,1108,0.5172304400503531,,Germany 2. Bundesliga,competition,
0.5523465703971119,0.6890693324124911,0.24796351182638365,Germany 2. Bundesliga,,training-prevalence,0.40703971119133575,1108,0.521737589729571,,Germany 2. Bundesliga,competition,
0.5523465703971119,7.215320852128606,0.44765342960288806,Germany 2. Bundesliga,,training-majority,0.40703971119133575,1108,0.5050336306600924,,Germany 2. Bundesliga,competition,
0.5703971119133574,0.7022970865917137,0.2515750644559622,Germany 2. Bundesliga,,logistic-regression,0.40703971119133575,1108,0.5232512225495853,,Germany 2. Bundesliga,competition,
0.592,0.6896799455160832,0.24654948051652142,Germany Bundesliga,,v2-benchmark,0.3937777777777778,1125,0.5456945115614016,,Germany Bundesliga,competition,
0.5635555555555556,0.6889868822574449,0.24792223829311955,Germany Bundesliga,,training-prevalence,0.3937777777777778,1125,0.5116458034065258,,Germany Bundesliga,competition,
0.5635555555555556,7.0346533583190825,0.43644444444444447,Germany Bundesliga,,training-majority,0.3937777777777778,1125,0.5122730251616875,,Germany Bundesliga,competition,
0.5724444444444444,0.6881114599858108,0.24640272220814707,Germany Bundesliga,,logistic-regression,0.3937777777777778,1125,0.5423763595321157,,Germany Bundesliga,competition,
0.5340909090909091,0.7203109741615605,0.26213853375351587,India Indian Super League,,v2-benchmark,0.4318181818181818,352,0.4497861842105263,,India Indian Super League,competition,
0.48863636363636365,0.6954493942287351,0.25114968387538367,India Indian Super League,,training-prevalence,0.4318181818181818,352,0.42662828947368425,,India Indian Super League,competition,
0.48863636363636365,8.242208052294787,0.5113636363636364,India Indian Super League,,training-majority,0.4318181818181818,352,0.4607894736842106,,India Indian Super League,competition,
0.5227272727272727,0.7133306829573747,0.25909468020634385,India Indian Super League,,logistic-regression,0.4318181818181818,352,0.5098684210526315,,India Indian Super League,competition,
0.5342857142857143,0.7023023850555015,0.25331987958604146,Italy Serie A,,v2-benchmark,0.5157142857142857,1400,0.5465500616935912,,Italy Serie A,competition,
0.515,0.6921766899416998,0.24951535159273233,Italy Serie A,,training-prevalence,0.5157142857142857,1400,0.5291103865859338,,Italy Serie A,competition,
0.515,7.817276442273441,0.485,Italy Serie A,,training-majority,0.5157142857142857,1400,0.5227673865614197,,Italy Serie A,competition,
0.5164285714285715,0.7070224291909087,0.2560589468186904,Italy Serie A,,logistic-regression,0.5157142857142857,1400,0.5342522001323757,,Italy Serie A,competition,
0.5114035087719299,0.7116618590865869,0.258200103527162,Italy Serie B,,v2-benchmark,0.5491228070175439,1140,0.5057728645839807,,Italy Serie B,competition,
0.49298245614035086,0.694586167208175,0.25071873652274596,Italy Serie B,,training-prevalence,0.5491228070175439,1140,0.523952337738218,,Italy Serie B,competition,
0.49298245614035086,8.172157317984047,0.5070175438596491,Italy Serie B,,training-majority,0.5491228070175439,1140,0.5225009634390423,,Italy Serie B,competition,
0.5298245614035088,0.713960288384826,0.25805309747791627,Italy Serie B,,logistic-regression,0.5491228070175439,1140,0.5170963811986424,,Italy Serie B,competition,
0.5635062611806798,0.6932827152730234,0.24838835629751504,Netherlands Eredivisie,,v2-benchmark,0.4150268336314848,1118,0.5480629811241169,,Netherlands Eredivisie,competition,
0.5465116279069767,0.6909909293133072,0.24892147048589425,Netherlands Eredivisie,,training-prevalence,0.4150268336314848,1118,0.5041719392597278,,Netherlands Eredivisie,competition,
0.5465116279069767,7.30936901272393,0.45348837209302323,Netherlands Eredivisie,,training-majority,0.4150268336314848,1118,0.5068840293156175,,Netherlands Eredivisie,competition,
0.5822898032200358,0.6778634091452259,0.24217820007825291,Netherlands Eredivisie,,logistic-regression,0.4150268336314848,1118,0.5774412105873669,,Netherlands Eredivisie,competition,
0.5185185185185185,0.7089679898176072,0.25671413373209623,Poland Ekstraklasa,,v2-benchmark,0.5239651416122004,918,0.5184541168522862,,Poland Ekstraklasa,competition,
0.5108932461873639,0.6942644201941446,0.25055678904694867,Poland Ekstraklasa,,training-prevalence,0.5239651416122004,918,0.4992887624466572,,Poland Ekstraklasa,competition,
0.5108932461873639,7.883469492606096,0.4891067538126362,Poland Ekstraklasa,,training-majority,0.5239651416122004,918,0.5268795463303473,,Poland Ekstraklasa,competition,
0.49564270152505446,0.7641442984679577,0.267019888792108,Poland Ekstraklasa,,logistic-regression,0.5239651416122004,918,0.5147885079235194,,Poland Ekstraklasa,competition,
0.5164444444444445,0.7086691743547809,0.25646209484747345,Portugal Liga NOS,,v2-benchmark,0.4968888888888889,1125,0.5244916148852381,,Portugal Liga NOS,competition,
0.5208888888888888,0.693412410080944,0.2501309381529681,Portugal Liga NOS,,training-prevalence,0.4968888888888889,1125,0.5062690822202697,,Portugal Liga NOS,competition,
0.5208888888888888,7.722358768483947,0.4791111111111111,Portugal Liga NOS,,training-majority,0.4968888888888889,1125,0.5195262868448832,,Portugal Liga NOS,competition,
0.5395555555555556,0.7006333491889006,0.2531638525144369,Portugal Liga NOS,,logistic-regression,0.4968888888888889,1125,0.5518657117391607,,Portugal Liga NOS,competition,
0.5267857142857143,0.6961203599478595,0.2508999798993061,Saudi Arabia Professional League,,v2-benchmark,0.44841269841269843,1008,0.5391147259183803,,Saudi Arabia Professional League,competition,
0.5178571428571429,0.6931080735243147,0.2499794686485327,Saudi Arabia Professional League,,training-prevalence,0.44841269841269843,1008,0.4817955370217101,,Saudi Arabia Professional League,competition,
0.5178571428571429,7.771224740711116,0.48214285714285715,Saudi Arabia Professional League,,training-majority,0.44841269841269843,1008,0.4903227860189724,,Saudi Arabia Professional League,competition,
0.5426587301587301,0.704388896211617,0.2549660857113726,Saudi Arabia Professional League,,logistic-regression,0.44841269841269843,1008,0.5381279047558414,,Saudi Arabia Professional League,competition,
0.5287081339712919,0.6970651208353017,0.251013823816773,Scotland Premiership,,v2-benchmark,0.458133971291866,836,0.537144306307241,,Scotland Premiership,competition,
0.5358851674641149,0.691117445196344,0.24898617646298887,Scotland Premiership,,training-prevalence,0.458133971291866,836,0.5227465287984369,,Scotland Premiership,competition,
0.5358851674641149,7.480647317502827,0.46411483253588515,Scotland Premiership,,training-majority,0.458133971291866,836,0.5166715658303506,,Scotland Premiership,competition,
0.5394736842105263,0.6963904792465654,0.2510226810679016,Scotland Premiership,,logistic-regression,0.458133971291866,836,0.5681070207897452,,Scotland Premiership,competition,
0.5437589670014347,0.6978312196360102,0.2517484568575448,Spain La Liga,,v2-benchmark,0.5279770444763271,1394,0.5505959263909079,,Spain La Liga,competition,
0.4928263988522238,0.6946927202127454,0.25077097122603786,Spain La Liga,,training-prevalence,0.5279770444763271,1394,0.5103450839170081,,Spain La Liga,competition,
0.4928263988522238,8.17467266428843,0.5071736011477762,Spain La Liga,,training-majority,0.5279770444763271,1394,0.5058498248975816,,Spain La Liga,competition,
0.5624103299856528,0.6888577113034108,0.2473428443358745,Spain La Liga,,logistic-regression,0.5279770444763271,1394,0.5781683626271971,,Spain La Liga,competition,
0.5401069518716578,0.6841611948782518,0.24541332079766734,Spain Segunda División,,v2-benchmark,0.5888294711824124,1683,0.5333842734903146,,Spain Segunda División,competition,
0.45989304812834225,0.6974831383212614,0.2521652521078978,Spain Segunda División,,training-prevalence,0.5888294711824124,1683,0.5073151134779489,,Spain Segunda División,competition,
0.45989304812834225,8.705495558058647,0.5401069518716578,Spain Segunda División,,training-majority,0.5888294711824124,1683,0.5034399188068338,,Spain Segunda División,competition,
0.5531788472964944,0.6930354759504925,0.24945494385248546,Spain Segunda División,,logistic-regression,0.5888294711824124,1683,0.5270906365380914,,Spain Segunda División,competition,
0.535904255319149,0.7059473237416302,0.2553133313523036,Switzerland Super League,,v2-benchmark,0.43617021276595747,752,0.5204498389323516,,Switzerland Super League,competition,
0.5212765957446809,0.6914032738933538,0.24912885824163727,Switzerland Super League,,training-prevalence,0.43617021276595747,752,0.504990220892775,,Switzerland Super League,competition,
0.5212765957446809,7.716109672341478,0.4787234042553192,Switzerland Super League,,training-majority,0.43617021276595747,752,0.4878048780487805,,Switzerland Super League,competition,
0.5305851063829787,0.7438441648803515,0.2612176673744077,Switzerland Super League,,logistic-regression,0.43617021276595747,752,0.5133959387942936,,Switzerland Super League,competition,
0.5244399185336049,0.706454876233507,0.25552727918365725,Turkey Süper Lig,,v2-benchmark,0.46334012219959264,982,0.5250516087328232,,Turkey Süper Lig,competition,
0.5101832993890021,0.6930289943110839,0.24994085671464852,Turkey Süper Lig,,training-prevalence,0.46334012219959264,982,0.4780574264445232,,Turkey Süper Lig,competition,
0.5101832993890021,7.894912482945559,0.48981670061099797,Turkey Süper Lig,,training-majority,0.46334012219959264,982,0.483289196571929,,Turkey Süper Lig,competition,
0.5101832993890021,0.7069781358983447,0.2563671380019979,Turkey Süper Lig,,logistic-regression,0.46334012219959264,982,0.5242154430010217,,Turkey Süper Lig,competition,
0.5072070190098182,0.6960319629988367,0.2513652531522708,,,v2-benchmark,0.4952997702109881,4787,0.5042769837523496,,2021,season,2021
0.506162523501149,0.6933727978624815,0.2501126825798443,,,training-prevalence,0.4952997702109881,4787,0.5034953431502621,,2021,season,2021
0.506162523501149,7.959719733008315,0.49383747649885107,,,training-majority,0.4952997702109881,4787,0.5070379949779482,,2021,season,2021
0.5379151869646961,0.6986958570950255,0.2523569908383639,,,logistic-regression,0.4952997702109881,4787,0.5525218841911508,,2021,season,2021
0.522437599575146,0.6914671329210225,0.24909623460042238,,,v2-benchmark,0.5073021773765268,7532,0.5443891354497487,,2022,season,2022
0.5087626128518322,0.6930752251789689,0.24996354390259437,,,training-prevalence,0.5073021773765268,7532,0.5159431444785518,,2022,season,2022
0.5087626128518322,7.917811244403752,0.49123738714816784,,,training-majority,0.5073021773765268,7532,0.507703636973085,,2022,season,2022
0.5420870950610728,0.701100440924756,0.25271168390923615,,,logistic-regression,0.5073021773765268,7532,0.55796509820955,,2022,season,2022
0.5435164283922749,0.7032683543178238,0.25377072963480635,,,v2-benchmark,0.47115625783797344,7974,0.5585808395981915,,2023,season,2023
0.5288437421620266,0.6916891488883591,0.24927131420575754,,,training-prevalence,0.47115625783797344,7974,0.5023453493089084,,2023,season,2023
0.5288437421620266,7.594141683264414,0.47115625783797344,,,training-majority,0.47115625783797344,7974,0.5,,2023,season,2023
0.554928517682468,0.7035408033278922,0.2508700283316207,,,logistic-regression,0.47115625783797344,7974,0.5686718441755928,,2023,season,2023
0.5407187176835574,0.7120018721755711,0.25725318786775814,,,v2-benchmark,0.48151499482936916,7736,0.5503238242484175,,2024,season,2024
0.5184850051706308,0.6933094008746721,0.25007994230614006,,,training-prevalence,0.48151499482936916,7736,0.4888233866933049,,2024,season,2024
0.5184850051706308,7.761104795878978,0.48151499482936916,,,training-majority,0.48151499482936916,7736,0.5,,2024,season,2024
0.5324457083764219,0.7053518169961374,0.2546733346795053,,,logistic-regression,0.48151499482936916,7736,0.5455488681294226,,2024,season,2024
0.5961538461538461,0.7028609341397024,0.2545619774437438,Australia A-League,,v2-benchmark,0.41025641025641024,156,0.47061820652173914,,Australia A-League|2021,competition-season,2021
0.4358974358974359,0.6975700208998868,0.2522100138803575,Australia A-League,,training-prevalence,0.41025641025641024,156,0.4649286684782609,,Australia A-League|2021,competition-season,2021
0.4358974358974359,9.092259128978531,0.5641025641025641,Australia A-League,,training-majority,0.41025641025641024,156,0.4765625,,Australia A-League|2021,competition-season,2021
0.5833333333333334,0.6721107052142258,0.23982497063860628,Australia A-League,,logistic-regression,0.41025641025641024,156,0.5772758152173912,,Australia A-League|2021,competition-season,2021
0.5576923076923077,0.6833201935940796,0.2451685985252422,Australia A-League,,v2-benchmark,0.38461538461538464,156,0.5188368055555556,,Australia A-League|2022,competition-season,2022
0.44871794871794873,0.7093764361720515,0.25809651678383394,Australia A-League,,training-prevalence,0.38461538461538464,156,0.41545138888888894,,Australia A-League|2022,competition-season,2022
0.44871794871794873,8.885616878342091,0.5512820512820513,Australia A-League,,training-majority,0.38461538461538464,156,0.5145833333333333,,Australia A-League|2022,competition-season,2022
0.5448717948717948,0.6978207468291143,0.2512570808999874,Australia A-League,,logistic-regression,0.38461538461538464,156,0.5199652777777778,,Australia A-League|2022,competition-season,2022
0.5802469135802469,0.7098989813045496,0.25524818933591215,Australia A-League,,v2-benchmark,0.3765432098765432,162,0.49326408050641135,,Australia A-League|2023,competition-season,2023
0.6234567901234568,0.6838458679443047,0.2453544791606013,Australia A-League,,training-prevalence,0.3765432098765432,162,0.4890439863658498,,Australia A-League|2023,competition-season,2023
0.6234567901234568,6.0691595358546815,0.3765432098765432,Australia A-League,,training-majority,0.3765432098765432,162,0.5,,Australia A-League|2023,competition-season,2023
0.6111111111111112,0.6757724899585186,0.2403906361564923,Australia A-League,,logistic-regression,0.3765432098765432,162,0.5383866255478007,,Australia A-League|2023,competition-season,2023
0.6153846153846154,0.6807238672056919,0.24123818318934684,Australia A-League,,v2-benchmark,0.38461538461538464,169,0.5782544378698224,,Australia A-League|2024,competition-season,2024
0.6153846153846154,0.6889558516336008,0.24790325668257768,Australia A-League,,training-prevalence,0.38461538461538464,169,0.4090976331360947,,Australia A-League|2024,competition-season,2024
0.6153846153846154,6.199267619599358,0.38461538461538464,Australia A-League,,training-majority,0.38461538461538464,169,0.5,,Australia A-League|2024,competition-season,2024
0.6094674556213018,0.6979342551784902,0.2511843683984885,Australia A-League,,logistic-regression,0.38461538461538464,169,0.48387573964497044,,Australia A-League|2024,competition-season,2024
0.5229357798165137,0.6926224842846047,0.2494702736258305,Austria Bundesliga,,v2-benchmark,0.43119266055045874,109,0.5073781743308168,,Austria Bundesliga|2021,competition-season,2021
0.5137614678899083,0.6935134717877083,0.25018308069565376,Austria Bundesliga,,training-prevalence,0.43119266055045874,109,0.5432395332875772,,Austria Bundesliga|2021,competition-season,2021
0.5137614678899083,7.837239221296507,0.48623853211009177,Austria Bundesliga,,training-majority,0.43119266055045874,109,0.5365477007549759,,Austria Bundesliga|2021,competition-season,2021
0.5137614678899083,0.6936584349386768,0.25003252927135,Austria Bundesliga,,logistic-regression,0.43119266055045874,109,0.5411805078929306,,Austria Bundesliga|2021,competition-season,2021
0.5625,0.7006861426617341,0.25351922753491746,Austria Bundesliga,,v2-benchmark,0.421875,192,0.47675453231008785,,Austria Bundesliga|2022,competition-season,2022
0.546875,0.6907500853185696,0.24879924911625484,Austria Bundesliga,,training-prevalence,0.421875,192,0.5544989433878323,,Austria Bundesliga|2022,competition-season,2022
0.546875,7.303512146659581,0.453125,Austria Bundesliga,,training-majority,0.421875,192,0.5430430430430431,,Austria Bundesliga|2022,competition-season,2022
0.5260416666666666,0.6958173659459671,0.25031292308598957,Austria Bundesliga,,logistic-regression,0.421875,192,0.5412078745412079,,Austria Bundesliga|2022,competition-season,2022
0.5625,0.6988120767549252,0.2524326445019686,Austria Bundesliga,,v2-benchmark,0.5416666666666666,192,0.552666083916084,,Austria Bundesliga|2023,competition-season,2023
0.4583333333333333,0.6967224679632658,0.251785009320628,Austria Bundesliga,,training-prevalence,0.5416666666666666,192,0.5338177447552447,,Austria Bundesliga|2023,competition-season,2023
0.4583333333333333,8.730635190102428,0.5416666666666666,Austria Bundesliga,,training-majority,0.5416666666666666,192,0.5,,Austria Bundesliga|2023,competition-season,2023
0.5625,0.7003361230646062,0.2527279067453516,Austria Bundesliga,,logistic-regression,0.5416666666666666,192,0.5532124125874125,,Austria Bundesliga|2023,competition-season,2023
0.5364583333333334,0.7454499372673045,0.27116909233094527,Austria Bundesliga,,v2-benchmark,0.453125,192,0.496551724137931,,Austria Bundesliga|2024,competition-season,2024
0.546875,0.6902847327884815,0.2485693274641796,Austria Bundesliga,,training-prevalence,0.453125,192,0.5229885057471264,,Austria Bundesliga|2024,competition-season,2024
0.546875,7.303512146527993,0.453125,Austria Bundesliga,,training-majority,0.453125,192,0.5,,Austria Bundesliga|2024,competition-season,2024
0.515625,0.7196492191902428,0.26140353572498476,Austria Bundesliga,,logistic-regression,0.453125,192,0.511767925561029,,Austria Bundesliga|2024,competition-season,2024
0.5277777777777778,0.686881086633701,0.24691142758330165,Belgium Pro League,,v2-benchmark,0.4666666666666667,180,0.5375744047619048,,Belgium Pro League|2021,competition-season,2021
0.5222222222222223,0.6943013410940477,0.2505764045886425,Belgium Pro League,,training-prevalence,0.4666666666666667,180,0.48084077380952395,,Belgium Pro League|2021,competition-season,2021
0.5222222222222223,7.700867974487119,0.4777777777777778,Belgium Pro League,,training-majority,0.4666666666666667,180,0.5238095238095238,,Belgium Pro League|2021,competition-season,2021
0.5055555555555555,0.720960795160416,0.2630254142894061,Belgium Pro League,,logistic-regression,0.4666666666666667,180,0.49950396825396826,,Belgium Pro League|2021,competition-season,2021
0.5882352941176471,0.6837406624538985,0.24531682810161534,Belgium Pro League,,v2-benchmark,0.42483660130718953,306,0.556708916083916,,Belgium Pro League|2022,competition-season,2022
0.5522875816993464,0.6916079180687856,0.24922826088687952,Belgium Pro League,,training-prevalence,0.42483660130718953,306,0.5480332167832168,,Belgium Pro League|2022,competition-season,2022
0.5522875816993464,7.216271637658168,0.4477124183006536,Belgium Pro League,,training-majority,0.42483660130718953,306,0.5534965034965035,,Belgium Pro League|2022,competition-season,2022
0.5424836601307189,0.6868805479062329,0.2454624078840606,Belgium Pro League,,logistic-regression,0.42483660130718953,306,0.5684003496503496,,Belgium Pro League|2022,competition-season,2022
0.5266666666666666,0.7026469177819736,0.25389918628975494,Belgium Pro League,,v2-benchmark,0.44666666666666666,300,0.5431577054486603,,Belgium Pro League|2023,competition-season,2023
0.5533333333333333,0.6891425678690772,0.2480000983001121,Belgium Pro League,,training-prevalence,0.44666666666666666,300,0.5066759575615896,,Belgium Pro League|2023,competition-season,2023
0.5533333333333333,7.199416112761389,0.44666666666666666,Belgium Pro League,,training-majority,0.44666666666666666,300,0.5,,Belgium Pro League|2023,competition-season,2023
0.56,0.6964964724324849,0.24969075915113204,Belgium Pro League,,logistic-regression,0.44666666666666666,300,0.559476712821435,,Belgium Pro League|2023,competition-season,2023
0.5233333333333333,0.7009681607234468,0.2527792311512499,Belgium Pro League,,v2-benchmark,0.49,300,0.5577786670223644,,Belgium Pro League|2024,competition-season,2024
0.51,0.6936719238081334,0.2502619088813145,Belgium Pro League,,training-prevalence,0.49,300,0.49786581299186344,,Belgium Pro League|2024,competition-season,2024
0.51,7.89786691996958,0.49,Belgium Pro League,,training-majority,0.49,300,0.5,,Belgium Pro League|2024,competition-season,2024
0.5266666666666666,0.7124960659908297,0.2590971414273065,Belgium Pro League,,logistic-regression,0.49,300,0.5172291138677694,,Belgium Pro League|2024,competition-season,2024
0.5098039215686274,0.6996727154436705,0.2531131032270098,Denmark Superliga,,v2-benchmark,0.5196078431372549,102,0.5273392375818252,,Denmark Superliga|2021,competition-season,2021
0.5392156862745098,0.6916812246585031,0.2492670294481031,Denmark Superliga,,training-prevalence,0.5196078431372549,102,0.5263765883711975,,Denmark Superliga|2021,competition-season,2021
0.5392156862745098,7.426965697195981,0.46078431372549017,Denmark Superliga,,training-majority,0.5196078431372549,102,0.5288794763188294,,Denmark Superliga|2021,competition-season,2021
0.4803921568627451,0.7270425919547859,0.2659922153235163,Denmark Superliga,,logistic-regression,0.5196078431372549,102,0.5113592606854063,,Denmark Superliga|2021,competition-season,2021
0.4375,0.7076886649474062,0.25713668606095297,Denmark Superliga,,v2-benchmark,0.4947916666666667,192,0.41334780249593056,,Denmark Superliga|2022,competition-season,2022
0.453125,0.6986144575781573,0.25272823204558614,Denmark Superliga,,training-prevalence,0.4947916666666667,192,0.45382528486163864,,Denmark Superliga|2022,competition-season,2022
0.453125,8.814583604559184,0.546875,Denmark Superliga,,training-majority,0.4947916666666667,192,0.45246880086814967,,Denmark Superliga|2022,competition-season,2022
0.4583333333333333,0.7358064432247301,0.26730568772126007,Denmark Superliga,,logistic-regression,0.4947916666666667,192,0.48876831253391206,,Denmark Superliga|2022,competition-season,2022
0.5416666666666666,0.7040667976632401,0.25480421947431026,Denmark Superliga,,v2-benchmark,0.4322916666666667,192,0.5190670940643307,,Denmark Superliga|2023,competition-season,2023
0.5677083333333334,0.6902618596746675,0.24855740923374273,Denmark Superliga,,training-prevalence,0.4322916666666667,192,0.45761025754393725,,Denmark Superliga|2023,competition-season,2023
0.5677083333333334,6.967718489216362,0.4322916666666667,Denmark Superliga,,training-majority,0.4322916666666667,192,0.5,,Denmark Superliga|2023,competition-season,2023
0.5,0.8284383996748463,0.27708350341776217,Denmark Superliga,,logistic-regression,0.4322916666666667,192,0.46136840941748647,,Denmark Superliga|2023,competition-season,2023
0.5235602094240838,0.7094117959932564,0.2566223259770057,Denmark Superliga,,v2-benchmark,0.39267015706806285,191,0.5149425287356323,,Denmark Superliga|2024,competition-season,2024
0.6073298429319371,0.6837744879727697,0.24532096409256757,Denmark Superliga,,training-prevalence,0.39267015706806285,191,0.5167816091954023,,Denmark Superliga|2024,competition-season,2024
0.6073298429319371,6.3290952116328505,0.39267015706806285,Denmark Superliga,,training-majority,0.39267015706806285,191,0.5,,Denmark Superliga|2024,competition-season,2024
0.5497382198952879,0.7210578672988481,0.2598659979703126,Denmark Superliga,,logistic-regression,0.39267015706806285,191,0.48022988505747133,,Denmark Superliga|2024,competition-season,2024
0.47126436781609193,0.709641738765304,0.25800119535726934,England Championship,,v2-benchmark,0.5488505747126436,348,0.4734551639043585,,England Championship|2021,competition-season,2021
0.5028735632183908,0.6924436704446454,0.24964866928600724,England Championship,,training-prevalence,0.5488505747126436,348,0.4923133357788375,,England Championship|2021,competition-season,2021
0.5028735632183908,8.012731509113749,0.49712643678160917,England Championship,,training-majority,0.5488505747126436,348,0.48702771200853706,,England Championship|2021,competition-season,2021
0.5172413793103449,0.6963418701899478,0.2516950738043155,England Championship,,logistic-regression,0.5488505747126436,348,0.5275952912928936,,England Championship|2021,competition-season,2021
0.4673913043478261,0.6965532304712546,0.2516301573597534,England Championship,,v2-benchmark,0.5597826086956522,552,0.49038448732803286,,England Championship|2022,competition-season,2022
0.5090579710144928,0.6916487554702672,0.24925272758560002,England Championship,,training-prevalence,0.5597826086956522,552,0.5144166100656571,,England Championship|2022,competition-season,2022
0.5090579710144928,7.913050633295627,0.49094202898550726,England Championship,,training-majority,0.5597826086956522,552,0.5034759678772623,,England Championship|2022,competition-season,2022
0.5398550724637681,0.6994483352902815,0.252846222934228,England Championship,,logistic-regression,0.5597826086956522,552,0.5307443365695793,,England Championship|2022,competition-season,2022
0.5181159420289855,0.7045380691423553,0.2550737199142839,England Championship,,v2-benchmark,0.4782608695652174,552,0.5356034301346801,,England Championship|2023,competition-season,2023
0.5217391304347826,0.6917976381360916,0.24932496266854243,England Championship,,training-prevalence,0.4782608695652174,552,0.5162760416666666,,England Championship|2023,competition-season,2023
0.5217391304347826,7.708654493936592,0.4782608695652174,England Championship,,training-majority,0.4782608695652174,552,0.5,,England Championship|2023,competition-season,2023
0.5579710144927537,0.6894290723484595,0.24777657655524019,England Championship,,logistic-regression,0.4782608695652174,552,0.5740477693602692,,England Championship|2023,competition-season,2023
0.5344202898550725,0.7158521446316011,0.25972655072028494,England Championship,,v2-benchmark,0.5561594202898551,552,0.5124908595359968,,England Championship|2024,competition-season,2024
0.4438405797101449,0.7003472488768516,0.2535932173032895,England Championship,,training-prevalence,0.5561594202898551,552,0.48531542910323744,,England Championship|2024,competition-season,2024
0.4438405797101449,8.964230777797475,0.5561594202898551,England Championship,,training-majority,0.5561594202898551,552,0.5,,England Championship|2024,competition-season,2024
0.5072463768115942,0.7082406170728311,0.25696186687833983,England Championship,,logistic-regression,0.5561594202898551,552,0.5069733430831617,,England Championship|2024,competition-season,2024
0.48066298342541436,0.6926646612479621,0.2497594961632683,England EFL League One,,v2-benchmark,0.5276243093922652,362,0.5366339058816325,,England EFL League One|2021,competition-season,2021
0.5165745856353591,0.6925641857066949,0.24970876977308318,England EFL League One,,training-prevalence,0.5276243093922652,362,0.5125531980037353,,England EFL League One|2021,competition-season,2021
0.5165745856353591,7.791897120646486,0.48342541436464087,England EFL League One,,training-majority,0.5276243093922652,362,0.509124031719788,,England EFL League One|2021,competition-season,2021
0.5552486187845304,0.6908759159824315,0.24857648765612947,England EFL League One,,logistic-regression,0.5276243093922652,362,0.5700988947062245,,England EFL League One|2021,competition-season,2021
0.5018115942028986,0.6895301506507973,0.24816116085485979,England EFL League One,,v2-benchmark,0.5307971014492754,552,0.5403560557144175,,England EFL League One|2022,competition-season,2022
0.49818840579710144,0.6922387556048756,0.24954690227365378,England EFL League One,,training-prevalence,0.5307971014492754,552,0.5213804735989036,,England EFL League One|2022,competition-season,2022
0.49818840579710144,8.088247324084076,0.5018115942028986,England EFL League One,,training-majority,0.5307971014492754,552,0.49370116093665584,,England EFL League One|2022,competition-season,2022
0.5108695652173914,0.7145275127254352,0.2601463788017077,England EFL League One,,logistic-regression,0.5307971014492754,552,0.485972564470858,,England EFL League One|2022,competition-season,2022
0.48188405797101447,0.7253770311871547,0.26452119093876675,England EFL League One,,v2-benchmark,0.5018115942028986,552,0.4969215621923203,,England EFL League One|2023,competition-season,2023
0.49818840579710144,0.6944500325186933,0.2506505334654203,England EFL League One,,training-prevalence,0.5018115942028986,552,0.5048112897932392,,England EFL League One|2023,competition-season,2023
0.49818840579710144,8.088247323941044,0.5018115942028986,England EFL League One,,training-majority,0.5018115942028986,552,0.5,,England EFL League One|2023,competition-season,2023
0.519927536231884,0.6988881603082321,0.2529128173070711,England EFL League One,,logistic-regression,0.5018115942028986,552,0.5371841155234657,,England EFL League One|2023,competition-season,2023
0.5434782608695652,0.7053287351559756,0.25431598893611407,England EFL League One,,v2-benchmark,0.49818840579710144,552,0.55600918936659,,England EFL League One|2024,competition-season,2024
0.5018115942028986,0.6941516172599547,0.2505004550799554,England EFL League One,,training-prevalence,0.49818840579710144,552,0.5024680013127667,,England EFL League One|2024,competition-season,2024
0.5018115942028986,8.029848427017283,0.49818840579710144,England EFL League One,,training-majority,0.49818840579710144,552,0.5,,England EFL League One|2024,competition-season,2024
0.4927536231884058,0.7045974290521378,0.2553603872148857,England EFL League One,,logistic-regression,0.49818840579710144,552,0.5223235969806368,,England EFL League One|2024,competition-season,2024
0.4582210242587601,0.701780077324622,0.25425324210730427,England EFL League Two,,v2-benchmark,0.5633423180592992,371,0.4782030834662413,,England EFL League Two|2021,competition-season,2021
0.5256064690026954,0.6918721961845784,0.24936314459235104,England EFL League Two,,training-prevalence,0.5633423180592992,371,0.5050652726091324,,England EFL League Two|2021,competition-season,2021
0.5256064690026954,7.646320361522873,0.4743935309973046,England EFL League Two,,training-majority,0.5633423180592992,371,0.5046813160848249,,England EFL League Two|2021,competition-season,2021
0.522911051212938,0.7078204959116728,0.2567754071390574,England EFL League Two,,logistic-regression,0.5633423180592992,371,0.5098056589284659,,England EFL League Two|2021,competition-season,2021
0.5235507246376812,0.6862783458008035,0.246479355181385,England EFL League Two,,v2-benchmark,0.5869565217391305,552,0.5214289581979641,,England EFL League Two|2022,competition-season,2022
0.5271739130434783,0.6891735028098672,0.2480178518900086,England EFL League Two,,training-prevalence,0.5869565217391305,552,0.5325698505523068,,England EFL League Two|2022,competition-season,2022
0.5271739130434783,7.621056148670142,0.47282608695652173,England EFL League Two,,training-majority,0.5869565217391305,552,0.5160006497725795,,England EFL League Two|2022,competition-season,2022
0.5507246376811594,0.6902173634323505,0.24810357340838365,England EFL League Two,,logistic-regression,0.5869565217391305,552,0.5387697639159628,,England EFL League Two|2022,competition-season,2022
0.5072463768115942,0.7107512132668583,0.2579109097814331,England EFL League Two,,v2-benchmark,0.4384057971014493,552,0.5301252999200213,,England EFL League Two|2023,competition-season,2023
0.5615942028985508,0.6887256711182339,0.24779197749310033,England EFL League Two,,training-prevalence,0.4384057971014493,552,0.507384697414023,,England EFL League Two|2023,competition-season,2023
0.5615942028985508,7.066266627775209,0.4384057971014493,England EFL League Two,,training-majority,0.4384057971014493,552,0.5,,England EFL League Two|2023,competition-season,2023
0.5452898550724637,0.682932397645226,0.24523257511815028,England EFL League Two,,logistic-regression,0.4384057971014493,552,0.5670354572114102,,England EFL League Two|2023,competition-season,2023
0.5597826086956522,0.710480541912604,0.2552300059686462,England EFL League Two,,v2-benchmark,0.5434782608695652,552,0.5723941798941798,,England EFL League Two|2024,competition-season,2024
0.45652173913043476,0.6987589298825811,0.2528008097815131,England EFL League Two,,training-prevalence,0.5434782608695652,552,0.4834126984126984,,England EFL League Two|2024,competition-season,2024
0.45652173913043476,8.759834638564309,0.5434782608695652,England EFL League Two,,training-majority,0.5434782608695652,552,0.5,,England EFL League Two|2024,competition-season,2024
0.5307971014492754,0.702677083134666,0.25409399201497507,England EFL League Two,,logistic-regression,0.5434782608695652,552,0.5337433862433864,,England EFL League Two|2024,competition-season,2024
0.5333333333333333,0.6875322892640929,0.24727265558317948,England Premier League,,v2-benchmark,0.44814814814814813,270,0.5083753951966277,,England Premier League|2021,competition-season,2021
0.5222222222222223,0.6923795167915453,0.2496161335569966,England Premier League,,training-prevalence,0.44814814814814813,270,0.5382716734150536,,England Premier League|2021,competition-season,2021
0.5222222222222223,7.7008679744949164,0.4777777777777778,England Premier League,,training-majority,0.44814814814814813,270,0.5259581784902101,,England Premier League|2021,competition-season,2021
0.562962962962963,0.6952576947268155,0.25035864487914944,England Premier League,,logistic-regression,0.44814814814814813,270,0.5633146597149038,,England Premier League|2021,competition-season,2021
0.5184210526315789,0.6975134899816006,0.2520968293687553,England Premier League,,v2-benchmark,0.47368421052631576,380,0.4978194444444444,,England Premier League|2022,competition-season,2022
0.5105263157894737,0.6931575669602644,0.25000488433344115,England Premier League,,training-prevalence,0.47368421052631576,380,0.5294027777777778,,England Premier League|2022,competition-season,2022
0.5105263157894737,7.889383711951084,0.48947368421052634,England Premier League,,training-majority,0.47368421052631576,380,0.5166666666666666,,England Premier League|2022,competition-season,2022
0.5736842105263158,0.674588520469545,0.24108545694894012,England Premier League,,logistic-regression,0.47368421052631576,380,0.6045833333333334,,England Premier League|2022,competition-season,2022
0.5947368421052631,0.6898058576485028,0.24635264219095232,England Premier League,,v2-benchmark,0.3526315789473684,380,0.5220846984589248,,England Premier League|2023,competition-season,2023
0.6473684210526316,0.6812170920107596,0.24404068357474742,England Premier League,,training-prevalence,0.3526315789473684,380,0.4724547991748574,,England Premier League|2023,competition-season,2023
0.6473684210526316,5.683749583758991,0.3526315789473684,England Premier League,,training-majority,0.3526315789473684,380,0.5,,England Premier League|2023,competition-season,2023
0.6421052631578947,0.6647946092202416,0.23431822209149225,England Premier League,,logistic-regression,0.3526315789473684,380,0.5437446911782551,,England Premier League|2023,competition-season,2023
0.5789473684210527,0.7110478248512123,0.2560097725930227,England Premier League,,v2-benchmark,0.4342105263157895,380,0.5417336152219874,,England Premier League|2024,competition-season,2024
0.5657894736842105,0.6890312708945282,0.24794345084887212,England Premier League,,training-prevalence,0.4342105263157895,380,0.5017336152219872,,England Premier League|2024,competition-season,2024
0.5657894736842105,6.998646852389801,0.4342105263157895,England Premier League,,training-majority,0.4342105263157895,380,0.5,,England Premier League|2024,competition-season,2024
0.5447368421052632,0.7033885226869685,0.25455025047759017,England Premier League,,logistic-regression,0.4342105263157895,380,0.5103030303030303,,England Premier League|2024,competition-season,2024
0.484,0.6979281904374208,0.2523662144940679,France Ligue 1,,v2-benchmark,0.5,250,0.455328,,France Ligue 1|2021,competition-season,2021
0.512,0.6933474821478152,0.25009979728826515,France Ligue 1,,training-prevalence,0.5,250,0.5055999999999999,,France Ligue 1|2021,competition-season,2021
0.512,7.8656307290129375,0.488,France Ligue 1,,training-majority,0.5,250,0.512,,France Ligue 1|2021,competition-season,2021
0.576,0.6893450981783087,0.24758535189858444,France Ligue 1,,logistic-regression,0.5,250,0.585728,,France Ligue 1|2021,competition-season,2021
0.5342105263157895,0.6945784098772133,0.2506857650551291,France Ligue 1,,v2-benchmark,0.4368421052631579,380,0.4969879518072289,,France Ligue 1|2022,competition-season,2022
0.5105263157894737,0.6934225423123773,0.25013606469257327,France Ligue 1,,training-prevalence,0.4368421052631579,380,0.5345118792928724,,France Ligue 1|2022,competition-season,2022
0.5105263157894737,7.889383711951084,0.48947368421052634,France Ligue 1,,training-majority,0.4368421052631579,380,0.5208309875014075,,France Ligue 1|2022,competition-season,2022
0.5710526315789474,0.6944552333320303,0.2492231716738259,France Ligue 1,,logistic-regression,0.4368421052631579,380,0.5740063055962167,,France Ligue 1|2022,competition-season,2022
0.5359477124183006,0.7172081221851537,0.26083381273375855,France Ligue 1,,v2-benchmark,0.47058823529411764,306,0.5116598079561042,,France Ligue 1|2023,competition-season,2023
0.5294117647058824,0.6938036048532906,0.2503251288211347,France Ligue 1,,training-prevalence,0.47058823529411764,306,0.4441443758573388,,France Ligue 1|2023,competition-season,2023
0.5294117647058824,7.584986241627449,0.47058823529411764,France Ligue 1,,training-majority,0.47058823529411764,306,0.5,,France Ligue 1|2023,competition-season,2023
0.5196078431372549,0.7098161073502569,0.2578250138279117,France Ligue 1,,logistic-regression,0.47058823529411764,306,0.515346364883402,,France Ligue 1|2023,competition-season,2023
0.5588235294117647,0.7066045266863932,0.25435801795468777,France Ligue 1,,v2-benchmark,0.4444444444444444,306,0.5586072664359861,,France Ligue 1|2024,competition-season,2024
0.5555555555555556,0.6894226133123281,0.24813965161191973,France Ligue 1,,training-prevalence,0.4444444444444444,306,0.5057958477508651,,France Ligue 1|2024,competition-season,2024
0.5555555555555556,7.163598122648146,0.4444444444444444,France Ligue 1,,training-majority,0.4444444444444444,306,0.5,,France Ligue 1|2024,competition-season,2024
0.5490196078431373,0.6910084780245651,0.2486325813381243,France Ligue 1,,logistic-regression,0.4444444444444444,306,0.5550173010380623,,France Ligue 1|2024,competition-season,2024
0.4652173913043478,0.7009129738263665,0.25372497702007507,France Ligue 2,,v2-benchmark,0.5782608695652174,230,0.5278660568948143,,France Ligue 2|2021,competition-season,2021
0.5739130434782609,0.6887535936772586,0.24780426934682684,France Ligue 2,,training-prevalence,0.5782608695652174,230,0.5679792264165567,,France Ligue 2|2021,competition-season,2021
0.5739130434782609,6.867710378371729,0.4260869565217391,France Ligue 2,,training-majority,0.5782608695652174,230,0.5478645066273933,,France Ligue 2|2021,competition-season,2021
0.5826086956521739,0.6856884735556705,0.24564361054319458,France Ligue 2,,logistic-regression,0.5782608695652174,230,0.550422447872258,,France Ligue 2|2021,competition-season,2021
0.4842105263157895,0.7001580454079492,0.25334739105768167,France Ligue 2,,v2-benchmark,0.5631578947368421,380,0.49111868032879175,,France Ligue 2|2022,competition-season,2022
0.49473684210526314,0.6936587190462323,0.2502556545044604,France Ligue 2,,training-prevalence,0.5631578947368421,380,0.49963405021956986,,France Ligue 2|2022,competition-season,2022
0.49473684210526314,8.143879957463444,0.5052631578947369,France Ligue 2,,training-majority,0.5631578947368421,380,0.48451750928949444,,France Ligue 2|2022,competition-season,2022
0.5684210526315789,0.6926222723188501,0.2495959549628341,France Ligue 2,,logistic-regression,0.5631578947368421,380,0.5298952820628308,,France Ligue 2|2022,competition-season,2022
0.4789473684210526,0.7094493976032953,0.2578830775163036,France Ligue 2,,v2-benchmark,0.531578947368421,380,0.4958004227389031,,France Ligue 2|2023,competition-season,2023
0.46842105263157896,0.6969595966279195,0.2519034479277218,France Ligue 2,,training-prevalence,0.531578947368421,380,0.5064106129714095,,France Ligue 2|2023,competition-season,2023
0.46842105263157896,8.568040366562059,0.531578947368421,France Ligue 2,,training-majority,0.531578947368421,380,0.5,,France Ligue 2|2023,competition-season,2023
0.5236842105263158,0.7097093035437384,0.2577527389189405,France Ligue 2,,logistic-regression,0.531578947368421,380,0.5129602847925242,,France Ligue 2|2023,competition-season,2023
0.5163398692810458,0.7252994659225686,0.2647348439137852,France Ligue 2,,v2-benchmark,0.5196078431372549,306,0.45702306079664573,,France Ligue 2|2024,competition-season,2024
0.4803921568627451,0.6959017264840756,0.25137551413117265,France Ligue 2,,training-prevalence,0.5196078431372549,306,0.4947161254438882,,France Ligue 2|2024,competition-season,2024
0.4803921568627451,8.37508896471364,0.5196078431372549,France Ligue 2,,training-majority,0.5196078431372549,306,0.5,,France Ligue 2|2024,competition-season,2024
0.5490196078431373,0.7186774923998648,0.26090807678534517,France Ligue 2,,logistic-regression,0.5196078431372549,306,0.5121293800539084,,France Ligue 2|2024,competition-season,2024
0.6052631578947368,0.6839228630253857,0.24540360422910346,Germany 2. Bundesliga,,v2-benchmark,0.4105263157894737,190,0.5685668498168498,,Germany 2. Bundesliga|2021,competition-season,2021
0.5157894736842106,0.6938170850410846,0.250334526368317,Germany 2. Bundesliga,,training-prevalence,0.4105263157894737,190,0.5318223443223442,,Germany 2. Bundesliga|2021,competition-season,2021
0.5157894736842106,7.804551630120556,0.4842105263157895,Germany 2. Bundesliga,,training-majority,0.4105263157894737,190,0.5386904761904762,,Germany 2. Bundesliga|2021,competition-season,2021
0.5578947368421052,0.6856382821356285,0.24641926987202975,Germany 2. Bundesliga,,logistic-regression,0.4105263157894737,190,0.5412087912087912,,Germany 2. Bundesliga|2021,competition-season,2021
0.5228758169934641,0.6993060270239757,0.25294203583173835,Germany 2. Bundesliga,,v2-benchmark,0.4215686274509804,306,0.4642841501335786,,Germany 2. Bundesliga|2022,competition-season,2022
0.477124183006536,0.6961947714503524,0.25151971757898145,Germany 2. Bundesliga,,training-prevalence,0.4215686274509804,306,0.5078176323741952,,Germany 2. Bundesliga|2022,competition-season,2022
0.477124183006536,8.427762479744302,0.5228758169934641,Germany 2. Bundesliga,,training-majority,0.4215686274509804,306,0.4765471028774143,,Germany 2. Bundesliga|2022,competition-season,2022
0.5620915032679739,0.7019273997839461,0.2496444873419384,Germany 2. Bundesliga,,logistic-regression,0.4215686274509804,306,0.5504313931590242,,Germany 2. Bundesliga|2022,competition-season,2022
0.565359477124183,0.6979478490141534,0.2502408726140924,Germany 2. Bundesliga,,v2-benchmark,0.39215686274509803,306,0.5116039426523297,,Germany 2. Bundesliga|2023,competition-season,2023
0.6078431372549019,0.6831227116650951,0.24499292597321484,Germany 2. Bundesliga,,training-prevalence,0.39215686274509803,306,0.5288082437275986,,Germany 2. Bundesliga|2023,competition-season,2023
0.6078431372549019,6.320821884689542,0.39215686274509803,Germany 2. Bundesliga,,training-majority,0.39215686274509803,306,0.5,,Germany 2. Bundesliga|2023,competition-season,2023
0.5751633986928104,0.711778214280455,0.2568364648826017,Germany 2. Bundesliga,,logistic-regression,0.39215686274509803,306,0.475,,Germany 2. Bundesliga|2023,competition-season,2023
0.565359477124183,0.7068653832378461,0.2545570715703244,Germany 2. Bundesliga,,v2-benchmark,0.40522875816993464,306,0.527782701169798,,Germany 2. Bundesliga|2024,competition-season,2024
0.5947712418300654,0.6849425631434873,0.24590569335516616,Germany 2. Bundesliga,,training-prevalence,0.40522875816993464,306,0.5114985820630982,,Germany 2. Bundesliga|2024,competition-season,2024
0.5947712418300654,6.531515944179193,0.40522875816993464,Germany 2. Bundesliga,,training-majority,0.40522875816993464,306,0.5,,Germany 2. Bundesliga|2024,competition-season,2024
0.5816993464052288,0.7035293478239956,0.25144555150591896,Germany 2. Bundesliga,,logistic-regression,0.40522875816993464,306,0.5296437433534208,,Germany 2. Bundesliga|2024,competition-season,2024
0.5748792270531401,0.6876419853201485,0.24716841172194642,Germany Bundesliga,,v2-benchmark,0.4057971014492754,207,0.5082752613240418,,Germany Bundesliga|2021,competition-season,2021
0.5314009661835749,0.6926998003561786,0.24977615937709277,Germany Bundesliga,,training-prevalence,0.4057971014492754,207,0.5374564459930313,,Germany Bundesliga|2021,competition-season,2021
0.5314009661835749,7.552924102305173,0.46859903381642515,Germany Bundesliga,,training-majority,0.4057971014492754,207,0.5452961672473867,,Germany Bundesliga|2021,competition-season,2021
0.5458937198067633,0.6895072138018841,0.2479115295937072,Germany Bundesliga,,logistic-regression,0.4057971014492754,207,0.5409407665505227,,Germany Bundesliga|2021,competition-season,2021
0.5980392156862745,0.6803290149981777,0.24369822185704196,Germany Bundesliga,,v2-benchmark,0.3954248366013072,306,0.5074380165289255,,Germany Bundesliga|2022,competition-season,2022
0.49019607843137253,0.6983855984721768,0.2526125248007657,Germany Bundesliga,,training-prevalence,0.3954248366013072,306,0.4909537636810363,,Germany Bundesliga|2022,competition-season,2022
0.49019607843137253,8.217068420273574,0.5098039215686274,Germany Bundesliga,,training-majority,0.3954248366013072,306,0.5026133571588117,,Germany Bundesliga|2022,competition-season,2022
0.5261437908496732,0.7136798150500158,0.25885906672749853,Germany Bundesliga,,logistic-regression,0.3954248366013072,306,0.49099843645298186,,Germany Bundesliga|2022,competition-season,2022
0.5816993464052288,0.6978917505722982,0.24978041300976137,Germany Bundesliga,,v2-benchmark,0.3758169934640523,306,0.5234691554746187,,Germany Bundesliga|2023,competition-season,2023
0.6241830065359477,0.6809710649740356,0.24392060169155821,Germany Bundesliga,,training-prevalence,0.3758169934640523,306,0.5428408832233099,,Germany Bundesliga|2023,competition-season,2023
0.6241830065359477,6.057454310327478,0.3758169934640523,Germany Bundesliga,,training-majority,0.3758169934640523,306,0.5,,Germany Bundesliga|2023,competition-season,2023
0.6241830065359477,0.6672053376579232,0.23588228091198468,Germany Bundesliga,,logistic-regression,0.3758169934640523,306,0.5715911677669019,,Germany Bundesliga|2023,competition-season,2023
0.6078431372549019,0.692197691110318,0.24575111792615004,Germany Bundesliga,,v2-benchmark,0.4019607843137255,306,0.5800790794793194,,Germany Bundesliga|2024,competition-season,2024
0.5980392156862745,0.6850923034358024,0.24597946530081763,Germany Bundesliga,,training-prevalence,0.4019607843137255,306,0.5156159758318895,,Germany Bundesliga|2024,competition-season,2024
0.5980392156862745,6.478842429306781,0.4019607843137255,Germany Bundesliga,,training-majority,0.4019607843137255,306,0.5,,Germany Bundesliga|2024,competition-season,2024
0.5849673202614379,0.6825050408445025,0.24344615516531454,Germany Bundesliga,,logistic-regression,0.4019607843137255,306,0.5543560353636323,,Germany Bundesliga|2024,competition-season,2024
0.6,0.6831235899801974,0.24498748529911268,India Indian Super League,,v2-benchmark,0.4090909090909091,110,0.5083760683760684,,India Indian Super League|2021,competition-season,2021
0.4727272727272727,0.694089403399112,0.2504710278320833,India Indian Super League,,training-prevalence,0.4090909090909091,110,0.4131623931623931,,India Indian Super League|2021,competition-season,2021
0.4727272727272727,8.498632299725402,0.5272727272727272,India Indian Super League,,training-majority,0.4090909090909091,110,0.4478632478632478,,India Indian Super League|2021,competition-season,2021
0.4818181818181818,0.7100509577226157,0.2584476388720259,India Indian Super League,,logistic-regression,0.4090909090909091,110,0.48752136752136754,,India Indian Super League|2021,competition-season,2021
0.5363636363636364,0.6955219377002322,0.2511651268316968,India Indian Super League,,v2-benchmark,0.4090909090909091,110,0.4124786324786324,,India Indian Super League|2022,competition-season,2022
0.45454545454545453,0.6961973831866763,0.25152391475885605,India Indian Super League,,training-prevalence,0.4090909090909091,110,0.49692307692307697,,India Indian Super League|2022,competition-season,2022
0.45454545454545453,8.791688582532304,0.5454545454545454,India Indian Super League,,training-majority,0.4090909090909091,110,0.4700854700854701,,India Indian Super League|2022,competition-season,2022
0.5363636363636364,0.7093223103382433,0.2566012695384777,India Indian Super League,,logistic-regression,0.4090909090909091,110,0.4957264957264957,,India Indian Super League|2022,competition-season,2022
0.4772727272727273,0.7719579913638033,0.28557557990036775,India Indian Super League,,v2-benchmark,0.4696969696969697,132,0.4216589861751152,,India Indian Super League|2023,competition-season,2023
0.5303030303030303,0.6959593957884702,0.2514033715085735,India Indian Super League,,training-prevalence,0.4696969696969697,132,0.4109447004608295,,India Indian Super League|2023,competition-season,2023
0.5303030303030303,7.5706207375713355,0.4696969696969697,India Indian Super League,,training-majority,0.4696969696969697,132,0.5,,India Indian Super League|2023,competition-season,2023
0.5454545454545454,0.7194040978356165,0.26171172354149724,India Indian Super League,,logistic-regression,0.4696969696969697,132,0.5129032258064516,,India Indian Super League|2023,competition-season,2023
0.5076923076923077,0.6923693336213589,0.24956034811371644,Italy Serie A,,v2-benchmark,0.4807692307692308,260,0.5205333333333333,,Italy Serie A|2021,competition-season,2021
0.5384615384615384,0.691238039693044,0.24904590778386113,Italy Serie A,,training-prevalence,0.4807692307692308,260,0.5470814814814814,,Italy Serie A|2021,competition-season,2021
0.5384615384615384,7.439121123650818,0.46153846153846156,Italy Serie A,,training-majority,0.4807692307692308,260,0.5392592592592593,,Italy Serie A|2021,competition-season,2021
0.5076923076923077,0.7057723419193435,0.2557590882646134,Italy Serie A,,logistic-regression,0.4807692307692308,260,0.5262222222222223,,Italy Serie A|2021,competition-season,2021
0.5210526315789473,0.6926353045351585,0.24972384757644828,Italy Serie A,,v2-benchmark,0.5447368421052632,380,0.5354081148250538,,Italy Serie A|2022,competition-season,2022
0.5552631578947368,0.687843235864246,0.24735135692789811,Italy Serie A,,training-prevalence,0.5447368421052632,380,0.555764988411382,,Italy Serie A|2022,competition-season,2022
0.5552631578947368,7.168311016210148,0.44473684210526315,Italy Serie A,,training-majority,0.5447368421052632,380,0.5485884225517299,,Italy Serie A|2022,competition-season,2022
0.5368421052631579,0.6947090644799343,0.25048823861721353,Italy Serie A,,logistic-regression,0.5447368421052632,380,0.5518974616737874,,Italy Serie A|2022,competition-season,2022
0.5605263157894737,0.6901444727835426,0.24827262025432897,Italy Serie A,,v2-benchmark,0.5078947368421053,380,0.5635338450029093,,Italy Serie A|2023,competition-season,2023
0.4921052631578947,0.6958561415614414,0.2513513637723054,Italy Serie A,,training-prevalence,0.5078947368421053,380,0.4846360588512372,,Italy Serie A|2023,competition-season,2023
0.4921052631578947,8.186295998249888,0.5078947368421053,Italy Serie A,,training-majority,0.5078947368421053,380,0.5,,Italy Serie A|2023,competition-season,2023
0.5131578947368421,0.7082495436569086,0.2562299622277511,Italy Serie A,,logistic-regression,0.5078947368421053,380,0.5411875536837438,,Italy Serie A|2023,competition-season,2023
0.5394736842105263,0.7309236761974799,0.2645354819347274,Italy Serie A,,v2-benchmark,0.5184210526315789,380,0.5372389115419822,,Italy Serie A|2024,competition-season,2024
0.48157894736842105,0.6934729267800712,0.2501645324735369,Italy Serie A,,training-prevalence,0.5184210526315789,380,0.5566974563812378,,Italy Serie A|2024,competition-season,2024
0.48157894736842105,8.355960161944186,0.5184210526315789,Italy Serie A,,training-majority,0.5184210526315789,380,0.5,,Italy Serie A|2024,competition-season,2024
0.5052631578947369,0.7189640023059015,0.261663805990212,Italy Serie A,,logistic-regression,0.5184210526315789,380,0.5068930126764861,,Italy Serie A|2024,competition-season,2024
0.5289473684210526,0.6863340303996641,0.24647980545060122,Italy Serie B,,v2-benchmark,0.5921052631578947,380,0.5511541218637993,,Italy Serie B|2022,competition-season,2022
0.5342105263157895,0.6886427272951445,0.2477529756091613,Italy Serie B,,training-prevalence,0.5921052631578947,380,0.5346953405017921,,Italy Serie B|2022,competition-season,2022
0.5342105263157895,7.507639343598743,0.46578947368421053,Italy Serie B,,training-majority,0.5921052631578947,380,0.5153405017921147,,Italy Serie B|2022,competition-season,2022
0.5447368421052632,0.7077246998355808,0.2557652827477674,Italy Serie B,,logistic-regression,0.5921052631578947,380,0.5149247311827957,,Italy Serie B|2022,competition-season,2022
0.5210526315789473,0.7105146196602184,0.25722482845115513,Italy Serie B,,v2-benchmark,0.5131578947368421,380,0.5430076230076231,,Italy Serie B|2023,competition-season,2023
0.4868421052631579,0.6948472301407861,0.2508487253872901,Italy Serie B,,training-prevalence,0.5131578947368421,380,0.5232016632016632,,Italy Serie B|2023,competition-season,2023
0.4868421052631579,8.271128080097037,0.5131578947368421,Italy Serie B,,training-majority,0.5131578947368421,380,0.5,,Italy Serie B|2023,competition-season,2023
0.5236842105263158,0.7170086052141824,0.25987806256332463,Italy Serie B,,logistic-regression,0.5131578947368421,380,0.5208593208593209,,Italy Serie B|2023,competition-season,2023
0.4842105263157895,0.7381369271998784,0.2708956766797296,Italy Serie B,,v2-benchmark,0.5421052631578948,380,0.45103783059926345,,Italy Serie B|2024,competition-season,2024
0.45789473684210524,0.7002685441885942,0.2535545085717866,Italy Serie B,,training-prevalence,0.5421052631578948,380,0.4407432206226984,,Italy Serie B|2024,competition-season,2024
0.45789473684210524,8.737704530256355,0.5421052631578948,Italy Serie B,,training-majority,0.5421052631578948,380,0.5,,Italy Serie B|2024,competition-season,2024
0.5210526315789473,0.7171475601047145,0.25851594712265674,Italy Serie B,,logistic-regression,0.5421052631578948,380,0.5133355652270952,,Italy Serie B|2024,competition-season,2024
0.525,0.6915527273891732,0.24927705302447875,Netherlands Eredivisie,,v2-benchmark,0.46,200,0.5210346215780999,,Netherlands Eredivisie|2021,competition-season,2021
0.495,0.6938774601679097,0.25036486872141867,Netherlands Eredivisie,,training-prevalence,0.46,200,0.4957729468599033,,Netherlands Eredivisie|2021,competition-season,2021
0.495,8.139638353399759,0.505,Netherlands Eredivisie,,training-majority,0.46,200,0.5018115942028986,,Netherlands Eredivisie|2021,competition-season,2021
0.57,0.6685063534408503,0.23878335509489318,Netherlands Eredivisie,,logistic-regression,0.46,200,0.6088969404186795,,Netherlands Eredivisie|2021,competition-season,2021
0.5784313725490197,0.6724830713001535,0.23980871265521192,Netherlands Eredivisie,,v2-benchmark,0.40522875816993464,306,0.5876019142148174,,Netherlands Eredivisie|2022,competition-season,2022
0.48366013071895425,0.700184394257812,0.2535094824905001,Netherlands Eredivisie,,training-prevalence,0.40522875816993464,306,0.46949220134704,,Netherlands Eredivisie|2022,competition-season,2022
0.48366013071895425,8.32241545002528,0.5163398692810458,Netherlands Eredivisie,,training-majority,0.40522875816993464,306,0.5003987947536335,,Netherlands Eredivisie|2022,competition-season,2022
0.5751633986928104,0.6868037176387615,0.2463194661577905,Netherlands Eredivisie,,logistic-regression,0.40522875816993464,306,0.5474122651542006,,Netherlands Eredivisie|2022,competition-season,2022
0.6274509803921569,0.6794141319408495,0.2391949045806104,Netherlands Eredivisie,,v2-benchmark,0.3627450980392157,306,0.543959343959344,,Netherlands Eredivisie|2023,competition-season,2023
0.6372549019607843,0.6800409829532785,0.24345517385860838,Netherlands Eredivisie,,training-prevalence,0.3627450980392157,306,0.5357357357357357,,Netherlands Eredivisie|2023,competition-season,2023
0.6372549019607843,5.846760250837827,0.3627450980392157,Netherlands Eredivisie,,training-majority,0.3627450980392157,306,0.5,,Netherlands Eredivisie|2023,competition-season,2023
0.6274509803921569,0.6548141935327603,0.23145699348141224,Netherlands Eredivisie,,logistic-regression,0.3627450980392157,306,0.5580965580965581,,Netherlands Eredivisie|2023,competition-season,2023
0.5098039215686274,0.7290816536132636,0.26558060412275963,Netherlands Eredivisie,,v2-benchmark,0.4477124183006536,306,0.5065866194445644,,Netherlands Eredivisie|2024,competition-season,2024
0.5522875816993464,0.6908607892552351,0.24885635756901578,Netherlands Eredivisie,,training-prevalence,0.4477124183006536,306,0.48216213881570424,,Netherlands Eredivisie|2024,competition-season,2024
0.5522875816993464,7.21627163752056,0.4477124183006536,Netherlands Eredivisie,,training-majority,0.4477124183006536,306,0.5,,Netherlands Eredivisie|2024,competition-season,2024
0.5522875816993464,0.6980880389467543,0.2509769935258564,Netherlands Eredivisie,,logistic-regression,0.4477124183006536,306,0.5654990713946357,,Netherlands Eredivisie|2024,competition-season,2024
0.5294117647058824,0.6871423074525613,0.24689387755873402,Poland Ekstraklasa,,v2-benchmark,0.5555555555555556,306,0.5397058823529411,,Poland Ekstraklasa|2022,competition-season,2022
0.5490196078431373,0.687820840750773,0.2473427695910375,Poland Ekstraklasa,,training-prevalence,0.5555555555555556,306,0.5562283737024222,,Poland Ekstraklasa|2022,competition-season,2022
0.5490196078431373,7.268945152497899,0.45098039215686275,Poland Ekstraklasa,,training-majority,0.5555555555555556,306,0.549264705882353,,Poland Ekstraklasa|2022,competition-season,2022
0.5032679738562091,0.7479858546226448,0.26988147309442523,Poland Ekstraklasa,,logistic-regression,0.5555555555555556,306,0.5083044982698962,,Poland Ekstraklasa|2022,competition-season,2022
0.5228758169934641,0.7175052796641134,0.260402074975982,Poland Ekstraklasa,,v2-benchmark,0.5130718954248366,306,0.5269525071602617,,Poland Ekstraklasa|2023,competition-season,2023
0.4869281045751634,0.6957422572829102,0.2512957726612532,Poland Ekstraklasa,,training-prevalence,0.5130718954248366,306,0.5068396528876159,,Poland Ekstraklasa|2023,competition-season,2023
0.4869281045751634,8.269741934968815,0.5130718954248366,Poland Ekstraklasa,,training-majority,0.5130718954248366,306,0.5,,Poland Ekstraklasa|2023,competition-season,2023
0.5228758169934641,0.8048267837501608,0.26438422644783083,Poland Ekstraklasa,,logistic-regression,0.5130718954248366,306,0.5464882657205147,,Poland Ekstraklasa|2023,competition-season,2023
0.5032679738562091,0.7222563823361469,0.26284644866157264,Poland Ekstraklasa,,v2-benchmark,0.5032679738562091,306,0.4936346548188653,,Poland Ekstraklasa|2024,competition-season,2024
0.49673202614379086,0.6992301625487507,0.25303182488855536,Poland Ekstraklasa,,training-prevalence,0.5032679738562091,306,0.41650290498974707,,Poland Ekstraklasa|2024,competition-season,2024
0.49673202614379086,8.111721390351576,0.5032679738562091,Poland Ekstraklasa,,training-majority,0.5032679738562091,306,0.5,,Poland Ekstraklasa|2024,competition-season,2024
0.46078431372549017,0.7396202570310678,0.2667939668340678,Poland Ekstraklasa,,logistic-regression,0.5032679738562091,306,0.47676008202323994,,Poland Ekstraklasa|2024,competition-season,2024
0.5217391304347826,0.6906111601011572,0.2487482595572252,Portugal Liga NOS,,v2-benchmark,0.5120772946859904,207,0.5439473192602279,,Portugal Liga NOS|2021,competition-season,2021
0.5507246376811594,0.6920345246827738,0.24944354894460918,Portugal Liga NOS,,training-prevalence,0.5120772946859904,207,0.5348869792639641,,Portugal Liga NOS|2021,competition-season,2021
0.5507246376811594,7.241463318691434,0.4492753623188406,Portugal Liga NOS,,training-majority,0.5120772946859904,207,0.5480104614235008,,Portugal Liga NOS|2021,competition-season,2021
0.5314009661835749,0.7054091274816946,0.25549858202762904,Portugal Liga NOS,,logistic-regression,0.5120772946859904,207,0.5343732486456193,,Portugal Liga NOS|2021,competition-season,2021
0.4934640522875817,0.6961745750237276,0.25147100043231363,Portugal Liga NOS,,v2-benchmark,0.5228758169934641,306,0.5121361301369863,,Portugal Liga NOS|2022,competition-season,2022
0.5,0.6933375190830221,0.2500948066723151,Portugal Liga NOS,,training-prevalence,0.5228758169934641,306,0.5082619863013699,,Portugal Liga NOS|2022,competition-season,2022
0.5,8.059047875635695,0.5,Portugal Liga NOS,,training-majority,0.5228758169934641,306,0.49460616438356164,,Portugal Liga NOS|2022,competition-season,2022
0.5032679738562091,0.7211757676941519,0.26249301895837873,Portugal Liga NOS,,logistic-regression,0.5228758169934641,306,0.5077910958904109,,Portugal Liga NOS|2022,competition-season,2022
0.5,0.7272188361270525,0.26552309585154277,Portugal Liga NOS,,v2-benchmark,0.4477124183006536,306,0.497300565801408,,Portugal Liga NOS|2023,competition-season,2023
0.5522875816993464,0.6909237866782374,0.24888808094886108,Portugal Liga NOS,,training-prevalence,0.4477124183006536,306,0.4686001814019782,,Portugal Liga NOS|2023,competition-season,2023
0.5522875816993464,7.21627163752056,0.4477124183006536,Portugal Liga NOS,,training-majority,0.4477124183006536,306,0.5,,Portugal Liga NOS|2023,competition-season,2023
0.5555555555555556,0.6873758816127945,0.24718153861689965,Portugal Liga NOS,,logistic-regression,0.4477124183006536,306,0.572668768626096,,Portugal Liga NOS|2023,competition-season,2023
0.5522875816993464,0.714829827438073,0.25761037095490835,Portugal Liga NOS,,v2-benchmark,0.5098039215686274,306,0.5565811965811966,,Portugal Liga NOS|2024,competition-season,2024
0.49019607843137253,0.6969080234273936,0.25187492541985335,Portugal Liga NOS,,training-prevalence,0.5098039215686274,306,0.47224358974358976,,Portugal Liga NOS|2024,competition-season,2024
0.49019607843137253,8.217068420096403,0.5098039215686274,Portugal Liga NOS,,training-majority,0.5098039215686274,306,0.5,,Portugal Liga NOS|2024,competition-season,2024
0.565359477124183,0.6901177247087479,0.24823762412087297,Portugal Liga NOS,,logistic-regression,0.5098039215686274,306,0.5746581196581196,,Portugal Liga NOS|2024,competition-season,2024
0.47435897435897434,0.7042605953305048,0.2550414526637647,Saudi Arabia Professional League,,v2-benchmark,0.5064102564102564,156,0.4984382705901693,,Saudi Arabia Professional League|2021,competition-season,2021
0.4551282051282051,0.6943805290585722,0.25061660602587077,Saudi Arabia Professional League,,training-prevalence,0.5064102564102564,156,0.4759986848594444,,Saudi Arabia Professional League|2021,competition-season,2021
0.4551282051282051,8.782295752890597,0.5448717948717948,Saudi Arabia Professional League,,training-majority,0.5064102564102564,156,0.45594279138582927,,Saudi Arabia Professional League|2021,competition-season,2021
0.5448717948717948,0.6900172473022484,0.2482858738090711,Saudi Arabia Professional League,,logistic-regression,0.5064102564102564,156,0.5655104389281604,,Saudi Arabia Professional League|2021,competition-season,2021
0.49583333333333335,0.6929968040140218,0.24993333054861552,Saudi Arabia Professional League,,v2-benchmark,0.44583333333333336,240,0.4923055301805917,,Saudi Arabia Professional League|2022,competition-season,2022
0.4375,0.701408202921791,0.25412305068367835,Saudi Arabia Professional League,,training-prevalence,0.44583333333333336,240,0.45348183542969567,,Saudi Arabia Professional League|2022,competition-season,2022
0.4375,9.066428847628988,0.5625,Saudi Arabia Professional League,,training-majority,0.44583333333333336,240,0.4586817511067388,,Saudi Arabia Professional League|2022,competition-season,2022
0.5208333333333334,0.7306821636538375,0.2669627042562634,Saudi Arabia Professional League,,logistic-regression,0.44583333333333336,240,0.49968378891153115,,Saudi Arabia Professional League|2022,competition-season,2022
0.5555555555555556,0.6982185111706273,0.2516307282825555,Saudi Arabia Professional League,,v2-benchmark,0.43790849673202614,306,0.5411749392572023,,Saudi Arabia Professional League|2023,competition-season,2023
0.5620915032679739,0.6883141255460122,0.24758628630521437,Saudi Arabia Professional League,,training-prevalence,0.43790849673202614,306,0.5060525859076709,,Saudi Arabia Professional League|2023,competition-season,2023
0.5620915032679739,7.058251092903322,0.43790849673202614,Saudi Arabia Professional League,,training-majority,0.43790849673202614,306,0.5,,Saudi Arabia Professional League|2023,competition-season,2023
0.5392156862745098,0.7120397067473678,0.25852454583825346,Saudi Arabia Professional League,,logistic-regression,0.43790849673202614,306,0.5300676848316557,,Saudi Arabia Professional League|2023,competition-season,2023
0.5490196078431373,0.6923221325957726,0.248816048813149,Saudi Arabia Professional League,,v2-benchmark,0.43137254901960786,306,0.5726663183559736,,Saudi Arabia Professional League|2024,competition-season,2024
0.5686274509803921,0.6907434132714456,0.24879796759544678,Saudi Arabia Professional League,,training-prevalence,0.43137254901960786,306,0.4398510971786834,,Saudi Arabia Professional League|2024,competition-season,2024
0.5686274509803921,6.9529040631584955,0.43137254901960786,Saudi Arabia Professional League,,training-majority,0.43137254901960786,306,0.5,,Saudi Arabia Professional League|2024,competition-season,2024
0.5620915032679739,0.6834426381063518,0.24540411122496614,Saudi Arabia Professional League,,logistic-regression,0.43137254901960786,306,0.5660919540229885,,Saudi Arabia Professional League|2024,competition-season,2024
0.40789473684210525,0.7128131798442763,0.25955048022633437,Scotland Premiership,,v2-benchmark,0.5855263157894737,152,0.4206349206349207,,Scotland Premiership|2021,competition-season,2021
0.4934210526315789,0.6960059480771973,0.2514284008412707,Scotland Premiership,,training-prevalence,0.5855263157894737,152,0.42491528446584625,,Scotland Premiership|2021,competition-season,2021
0.4934210526315789,8.165087977923152,0.506578947368421,Scotland Premiership,,training-majority,0.5855263157894737,152,0.47699304440877466,,Scotland Premiership|2021,competition-season,2021
0.5197368421052632,0.714481688333606,0.25835138151040676,Scotland Premiership,,logistic-regression,0.5855263157894737,152,0.5098983413590156,,Scotland Premiership|2021,competition-season,2021
0.5570175438596491,0.6898815091688916,0.24834833747843627,Scotland Premiership,,v2-benchmark,0.4298245614035088,228,0.5063186813186813,,Scotland Premiership|2022,competition-season,2022
0.4956140350877193,0.6945029083509409,0.25067524734499147,Scotland Premiership,,training-prevalence,0.4298245614035088,228,0.5187598116169544,,Scotland Premiership|2022,competition-season,2022
0.4956140350877193,8.129741277193906,0.5043859649122807,Scotland Premiership,,training-majority,0.4298245614035088,228,0.508712715855573,,Scotland Premiership|2022,competition-season,2022
0.5526315789473685,0.708401977988319,0.25614782757318344,Scotland Premiership,,logistic-regression,0.4298245614035088,228,0.5642857142857143,,Scotland Premiership|2022,competition-season,2022
0.5131578947368421,0.7051618592163008,0.25554803748022953,Scotland Premiership,,v2-benchmark,0.4649122807017544,228,0.5288431797092484,,Scotland Premiership|2023,competition-season,2023
0.5350877192982456,0.6922066387433354,0.2495294425815491,Scotland Premiership,,training-prevalence,0.4649122807017544,228,0.4694942777605938,,Scotland Premiership|2023,competition-season,2023
0.5350877192982456,7.493500663164837,0.4649122807017544,Scotland Premiership,,training-majority,0.4649122807017544,228,0.5,,Scotland Premiership|2023,competition-season,2023
0.5570175438596491,0.6785143981395009,0.2436725078945064,Scotland Premiership,,logistic-regression,0.4649122807017544,228,0.5853696257346117,,Scotland Premiership|2023,competition-season,2023
0.5964912280701754,0.6856532881147301,0.24345399221861228,Scotland Premiership,,v2-benchmark,0.39473684210526316,228,0.5766505636070853,,Scotland Premiership|2024,competition-season,2024
0.6052631578947368,0.6833837865741867,0.24512568987690492,Scotland Premiership,,training-prevalence,0.39473684210526316,228,0.5541062801932368,,Scotland Premiership|2024,competition-season,2024
0.6052631578947368,6.362406238536184,0.39473684210526316,Scotland Premiership,,training-majority,0.39473684210526316,228,0.5,,Scotland Premiership|2024,competition-season,2024
0.5219298245614035,0.6901942555538492,0.24836190744101158,Scotland Premiership,,logistic-regression,0.39473684210526316,228,0.5292270531400965,,Scotland Premiership|2024,competition-season,2024
0.49606299212598426,0.6959611533444466,0.2513431474870352,Spain La Liga,,v2-benchmark,0.5393700787401575,254,0.5353421922764988,,Spain La Liga|2021,competition-season,2021
0.4881889763779528,0.69321314645421,0.2500329288332805,Spain La Liga,,training-prevalence,0.5393700787401575,254,0.5015908665543702,,Spain La Liga|2021,competition-season,2021
0.4881889763779528,8.24941908291486,0.5118110236220472,Spain La Liga,,training-majority,0.5393700787401575,254,0.48312433713893566,,Spain La Liga|2021,competition-season,2021
0.5433070866141733,0.7067908552692769,0.25553663191593384,Spain La Liga,,logistic-regression,0.5393700787401575,254,0.5299145299145298,,Spain La Liga|2021,competition-season,2021
0.5184210526315789,0.7046513650649442,0.2553746340600264,Spain La Liga,,v2-benchmark,0.5236842105263158,380,0.5077042671923152,,Spain La Liga|2022,competition-season,2022
0.5342105263157895,0.690878697522481,0.24886629680873518,Spain La Liga,,training-prevalence,0.5236842105263158,380,0.527763125017352,,Spain La Liga|2022,competition-season,2022
0.5342105263157895,7.507639343616751,0.46578947368421053,Spain La Liga,,training-majority,0.5236842105263158,380,0.5292900968933063,,Spain La Liga|2022,competition-season,2022
0.5473684210526316,0.6883469075908387,0.24773007643263795,Spain La Liga,,logistic-regression,0.5236842105263158,380,0.5650906466031816,,Spain La Liga|2022,competition-season,2022
0.6368421052631579,0.6716415947171358,0.23879954967460204,Spain La Liga,,v2-benchmark,0.5394736842105263,380,0.6334494773519164,,Spain La Liga|2023,competition-season,2023
0.4605263157894737,0.6976732588365958,0.25225997301011704,Spain La Liga,,training-prevalence,0.5394736842105263,380,0.5220487804878049,,Spain La Liga|2023,competition-season,2023
0.4605263157894737,8.695288489332782,0.5394736842105263,Spain La Liga,,training-majority,0.5394736842105263,380,0.5,,Spain La Liga|2023,competition-season,2023
0.5842105263157895,0.6785716958909377,0.24226995831790765,Spain La Liga,,logistic-regression,0.5394736842105263,380,0.6085017421602787,,Spain La Liga|2023,competition-season,2023
0.5078947368421053,0.7184506908050486,0.2613421041540837,Spain La Liga,,v2-benchmark,0.5131578947368421,380,0.5117117117117117,,Spain La Liga|2024,competition-season,2024
0.4868421052631579,0.6965151825282859,0.2516799669323148,Spain La Liga,,training-prevalence,0.5131578947368421,380,0.47886347886347885,,Spain La Liga|2024,competition-season,2024
0.4868421052631579,8.271128080097037,0.5131578947368421,Spain La Liga,,training-majority,0.5131578947368421,380,0.5,,Spain La Liga|2024,competition-season,2024
0.5684210526315789,0.6876676394617982,0.246551598137775,Spain La Liga,,logistic-regression,0.5131578947368421,380,0.5910464310464311,,Spain La Liga|2024,competition-season,2024
0.4444444444444444,0.703735824281592,0.2552499377911154,Spain Segunda División,,v2-benchmark,0.5420875420875421,297,0.4372259773474607,,Spain Segunda División|2021,competition-season,2021
0.46464646464646464,0.6958160885248099,0.25133373393722636,Spain Segunda División,,training-prevalence,0.5420875420875421,297,0.44108512970405556,,Spain Segunda División|2021,competition-season,2021
0.46464646464646464,8.628879536516955,0.5353535353535354,Spain Segunda División,,training-majority,0.5420875420875421,297,0.4593989769820972,,Spain Segunda División|2021,competition-season,2021
0.4983164983164983,0.7278784825575946,0.2665059069636618,Spain Segunda División,,logistic-regression,0.5420875420875421,297,0.45962732919254656,,Spain Segunda División|2021,competition-season,2021
0.5108225108225108,0.6845756777077433,0.24567814849671893,Spain Segunda División,,v2-benchmark,0.6536796536796536,462,0.4753828642384106,,Spain Segunda División|2022,competition-season,2022
0.5194805194805194,0.6901881170464728,0.24852376121693417,Spain Segunda División,,training-prevalence,0.6536796536796536,462,0.5062810430463577,,Spain Segunda División|2022,competition-season,2022
0.5194805194805194,7.74505900121466,0.4805194805194805,Spain Segunda División,,training-majority,0.6536796536796536,462,0.49726821192052983,,Spain Segunda División|2022,competition-season,2022
0.5692640692640693,0.6745138234843371,0.24040057749442872,Spain Segunda División,,logistic-regression,0.6536796536796536,462,0.5129139072847683,,Spain Segunda División|2022,competition-season,2022
0.6190476190476191,0.6671205314484572,0.23698892523379184,Spain Segunda División,,v2-benchmark,0.6255411255411255,462,0.5525931555893353,,Spain Segunda División|2023,competition-season,2023
0.37445887445887444,0.7069195615353207,0.2568768995750081,Spain Segunda División,,training-prevalence,0.6255411255411255,462,0.5151309078544712,,Spain Segunda División|2023,competition-season,2023
0.37445887445887444,10.082531732525878,0.6255411255411255,Spain Segunda División,,training-majority,0.6255411255411255,462,0.5,,Spain Segunda División|2023,competition-season,2023
0.6190476190476191,0.6743530427688339,0.2401029319761566,Spain Segunda División,,logistic-regression,0.6255411255411255,462,0.5468328099685982,,Spain Segunda División|2023,competition-season,2023
0.551948051948052,0.6882036851478366,0.24724934916670324,Spain Segunda División,,v2-benchmark,0.5173160173160173,462,0.5699195076645965,,Spain Segunda División|2024,competition-season,2024
0.48268398268398266,0.6964134112511376,0.25162964292718293,Spain Segunda División,,training-prevalence,0.5173160173160173,462,0.4952999230725932,,Spain Segunda División|2024,competition-season,2024
0.48268398268398266,8.33814909714078,0.5173160173160173,Spain Segunda División,,training-majority,0.5173160173160173,462,0.5,,Spain Segunda División|2024,competition-season,2024
0.5064935064935064,0.7078404859223122,0.25689998865825775,Spain Segunda División,,logistic-regression,0.5173160173160173,462,0.5162016623824981,,Spain Segunda División|2024,competition-season,2024
0.5862068965517241,0.6872173733544878,0.24700630572510293,Switzerland Super League,,v2-benchmark,0.35344827586206895,116,0.49560975609756097,,Switzerland Super League|2021,competition-season,2021
0.45689655172413796,0.6983106419571533,0.2525798519180547,Switzerland Super League,,training-prevalence,0.35344827586206895,116,0.45089430894308946,,Switzerland Super League|2021,competition-season,2021
0.45689655172413796,8.75379337359671,0.5431034482758621,Switzerland Super League,,training-majority,0.35344827586206895,116,0.5136585365853659,,Switzerland Super League|2021,competition-season,2021
0.5775862068965517,0.6747009053655092,0.2414781627233916,Switzerland Super League,,logistic-regression,0.35344827586206895,116,0.5629268292682926,,Switzerland Super League|2021,competition-season,2021
0.5444444444444444,0.6860481594981889,0.2465065062001279,Switzerland Super League,,v2-benchmark,0.45555555555555555,180,0.5578646092583375,,Switzerland Super League|2022,competition-season,2022
0.4888888888888889,0.6944728965308354,0.2506615022872705,Switzerland Super League,,training-prevalence,0.45555555555555555,180,0.5281856645097063,,Switzerland Super League|2022,competition-season,2022
0.4888888888888889,8.238137826206199,0.5111111111111111,Switzerland Super League,,training-majority,0.45555555555555555,180,0.4937779990044799,,Switzerland Super League|2022,competition-season,2022
0.55,0.710530305219486,0.2571390665201644,Switzerland Super League,,logistic-regression,0.45555555555555555,180,0.523145843703335,,Switzerland Super League|2022,competition-season,2022
0.5921052631578947,0.689455953776433,0.24733137062620802,Switzerland Super League,,v2-benchmark,0.4517543859649123,228,0.5821359223300971,,Switzerland Super League|2023,competition-season,2023
0.5482456140350878,0.6877531101468066,0.24730658993324434,Switzerland Super League,,training-prevalence,0.4517543859649123,228,0.5554951456310678,,Switzerland Super League|2023,competition-season,2023
0.5482456140350878,7.281420458546964,0.4517543859649123,Switzerland Super League,,training-majority,0.4517543859649123,228,0.5,,Switzerland Super League|2023,competition-season,2023
0.5175438596491229,0.8091766216851505,0.2684314401564201,Switzerland Super League,,logistic-regression,0.4517543859649123,228,0.5093592233009708,,Switzerland Super League|2023,competition-season,2023
0.4473684210526316,0.7476778332187919,0.27447443023693835,Switzerland Super League,,v2-benchmark,0.4473684210526316,228,0.4478680361033302,,Switzerland Super League|2024,competition-season,2024
0.5526315789473685,0.6891157763673248,0.2479853756961777,Switzerland Super League,,training-prevalence,0.4473684210526316,228,0.5088702147525677,,Switzerland Super League|2024,competition-season,2024
0.5526315789473685,7.2107270570076745,0.4473684210526316,Switzerland Super League,,training-majority,0.4473684210526316,228,0.5,,Switzerland Super League|2024,competition-season,2024
0.5043859649122807,0.7399902731750152,0.2672667485102973,Switzerland Super League,,logistic-regression,0.4473684210526316,228,0.4996887643946467,,Switzerland Super League|2024,competition-season,2024
0.5538461538461539,0.692094194156435,0.24950115754262808,Turkey Süper Lig,,v2-benchmark,0.4461538461538462,260,0.46877993295019155,,Turkey Süper Lig|2021,competition-season,2021
0.45384615384615384,0.6962069025430656,0.25152908660736145,Turkey Süper Lig,,training-prevalence,0.4461538461538462,260,0.4412416187739464,,Turkey Süper Lig|2021,competition-season,2021
0.45384615384615384,8.802959977991017,0.5461538461538461,Turkey Süper Lig,,training-majority,0.4461538461538462,260,0.45414272030651337,,Turkey Süper Lig|2021,competition-season,2021
0.5307692307692308,0.7036055522149134,0.25492530783625356,Turkey Süper Lig,,logistic-regression,0.4461538461538462,260,0.529992816091954,,Turkey Süper Lig|2021,competition-season,2021
0.48947368421052634,0.7198883344110993,0.261168265057426,Turkey Süper Lig,,v2-benchmark,0.4868421052631579,380,0.5234372834372835,,Turkey Süper Lig|2023,competition-season,2023
0.5131578947368421,0.6925777989618708,0.24971594212363643,Turkey Süper Lig,,training-prevalence,0.4868421052631579,380,0.5290921690921692,,Turkey Süper Lig|2023,competition-season,2023
0.5131578947368421,7.846967670861291,0.4868421052631579,Turkey Süper Lig,,training-majority,0.4868421052631579,380,0.5,,Turkey Süper Lig|2023,competition-season,2023
0.48157894736842105,0.7190498538380035,0.2620281865725214,Turkey Süper Lig,,logistic-regression,0.4868421052631579,380,0.501898821898822,,Turkey Süper Lig|2023,competition-season,2023
0.5409356725146199,0.7024462891941903,0.2538407791679714,Turkey Süper Lig,,v2-benchmark,0.4502923976608187,342,0.5534678087869577,,Turkey Süper Lig|2024,competition-season,2024
0.5497076023391813,0.691114368850223,0.2489833355815468,Turkey Süper Lig,,training-prevalence,0.4502923976608187,342,0.48119300911854107,,Turkey Süper Lig|2024,competition-season,2024
0.5497076023391813,7.2578559913672,0.4502923976608187,Turkey Süper Lig,,training-majority,0.4502923976608187,342,0.5,,Turkey Süper Lig|2024,competition-season,2024
0.5263157894736842,0.6961290684732623,0.2511732122309294,Turkey Süper Lig,,logistic-regression,0.4502923976608187,342,0.5453509256700746,,Turkey Süper Lig|2024,competition-season,2024
