player_id,version,name,full_name,dob,club_id,club_name,club_league_id,club_league_name,country_id,country_name,country_league_id,country_league_name
69996,2026-01-01,Aurélien Platret -, Aurélien Platret,2003-02-20,111376,US Boulogne Cote d'Opale,17,Ligue 2,,,,
69997,2026-01-01,Arthur Avom Ebong -, Arthur Avom Ebong,2004-12-15,217,FC Lorient,16,Ligue 1,,,,
70018,2026-01-01,Coleen Louis -, Coleen Louis,2005-06-30,1816,Amiens SC,17,Ligue 2,,,,
70029,2026-01-01,Favour Jidechi Okeke -, Favour Jidechi Okeke,2004-11-11,1803,Walsall,61,League Two,,,,
70050,2026-01-01,Alessandro Vinciguerra -, Alessandro Vinciguerra,2005-08-18,200,Pescara,32,Serie B,,,,
70055,2026-01-01,Xiao Kun -,Xiao Kun肖鲲,1995-02-15,131173,Qingdao Hainiu FC,2012,Super League,,,,
70168,2026-01-01,Matías Valenti -, Matías Valenti,2002-09-03,111020,Independiente Rivadavia,353,Liga Profesional de Fútbol,,,,
70176,2026-01-01,Óscar Esteban Quiñónez Mendoza -, Óscar Esteban Quiñónez Mendoza,2001-02-19,112908,Independiente del Valle,2018,Serie A,,,,
70253,2026-01-01,Arda Ünyay -, Arda Ünyay,2007-01-18,325,Galatasaray SK,68,Süper Lig,,,,
70283,2026-01-01,Diogo Prioste -, Diogo Ferreira Prioste,2004-03-26,234,SL Benfica,308,Primeira Liga,,,,
70435,2026-01-01,Facundo Andrés Masuero -, Facundo Andrés Masuero,2000-05-23,111710,Defensa y Justicia,353,Liga Profesional de Fútbol,,,,
70438,2026-01-01,Tomás Parmo -, Tomás Parmo,2008-01-08,110093,Independiente,353,Liga Profesional de Fútbol,,,,
70458,2026-01-01,Lucas Michal -, Lucas Michal,2005-06-22,69,AS Monaco,16,Ligue 1,,,,
70460,2026-01-01,Jesse van de Haar -, Jesse van de Haar,2005-01-26,1903,FC Utrecht,10,Eredivisie,,,,
70483,2026-01-01,Sam Culbert -, Sam Culbert,2006-05-04,621,Livingston FC,50,Premiership,,,,
70497,2026-01-01,Konstantinos Karetsas -,Konstantinos KaretsasΚωνσταντίνος Καρέτσας,2007-11-19,673,KRC Genk,4,Pro League,,,,
70511,2026-01-01,Gaoussou Diakité -, Gaoussou Diakité,2005-09-26,1862,FC Lausanne-Sport,189,Super League,,,,
70522,2026-01-01,Tyler Doğan -, Tyler Doğan,2005-12-18,576,Holstein Kiel,20,2. Bundesliga,,,,
70541,2026-01-01,Oumar Kalifa Pona -, Oumar Kalifa Pona,2006-06-21,1530,Angers SCO,16,Ligue 1,,,,
70552,2026-01-01,Salih Malkoçoğlu -, Salih Malkoçoğlu,2005-02-23,436,Trabzonspor,68,Süper Lig,,,,
70587,2026-01-01,Flavio Martín Moya Ortega -, Flavio Martín Moya Ortega,2006-01-17,15029,Universidad de Chile,335,Primera Division,,,,
70631,2026-01-01,Yoon Jae Seok -,Jae-seok Yoon윤재석,2003-10-22,1473,Ulsan HD FC,83,K League 1,,,,
70641,2026-01-01,Kim Hyeon Jun -,Hyeon-jun Kim김현준,2002-07-15,2056,Daegu FC,83,K League 1,,,,
70671,2026-01-01,Chissumba -, Francisco Edgar Chissumba Rodrigues,2005-05-29,717,Alverca,308,Primeira Liga,,,,
70765,2026-01-01,Junior Ndiaye -, Junior Ndiaye,2005-03-29,70,Montpellier HSC,17,Ligue 2,,,,
70780,2026-01-01,Bradley Paul Mayo -, Bradley Paul Mayo,2004-09-15,88,Birmingham City,14,Championship,,,,
70831,2026-01-01,David Ionuț Paraschiv -, David Ionuț Paraschiv,2006-09-28,110078,Asociația Clubul Sportiv Petrolul 52,330,Liga I,,,,
70848,2026-01-01,Alexandru Constantin Stoian -, Alexandru Constantin Stoian,2007-12-15,100761,FCSB,330,Liga I,,,,
70867,2026-01-01,Dominik Hollý -, Dominik Hollý,2003-11-11,267,Sparta Praha,319,První liga,,,,
70878,2026-01-01,Aleksandre Kalandadze -,Aleksandre Kalandadzeალექსანდრე კალანდაძე,2001-05-09,1569,Wisła Płock,66,Ekstraklasa,,,,
70885,2026-01-01,Mahmoud Jaber -, Mahmoud Jaber,1999-10-05,1819,AS Saint-Étienne,17,Ligue 2,,,,
70887,2026-01-01,Gavriel Gilad Kanichowsky -, Gavriel Gilad Kanichowsky,1997-08-24,1874,Ferencvárosi Torna Club,64,Nemzeti Bajnokság I,,,,
70892,2026-01-01,Dor Turgeman -, Dor Turgeman,2003-10-24,691,New England Revolution,39,Major League Soccer,,,,
70904,2026-01-01,Tiago Pereira Cardoso -, Tiago Pereira Cardoso,2006-04-07,23,Borussia Mönchengladbach,19,Bundesliga,,,,
70941,2026-01-01,Youssef Hamdaoui -,Youssef Hamdaouiيوسف حمداوي,2008-03-20,230,Royal Antwerp FC,4,Pro League,,,,
70987,2026-01-01,Barış Jakob Kalaycı -, Barış Jakob Kalaycı,2005-08-30,111117,Fatih Karagümrük,68,Süper Lig,,,,
71007,2026-01-01,Choi Jun Yeong -,Jun-yeong Choi최준영,2005-07-16,982,FC Seoul,83,K League 1,,,,
71069,2026-01-01,Sebastian Stacey -, Sebastian Stacey,2006-05-19,1798,Milton Keynes Dons,61,League Two,,,,
71091,2026-01-01,Luis René Barbosa Quiroz -, Luis René Barbosa Quiroz,1993-04-02,131795,San Antonio Bulo Bulo,2017,División de Fútbol Profesional,,,,
71109,2026-01-01,Gibson Nana Adu -, Gibson Nana Adu,2008-02-14,15009,SC Rheindorf Altach,80,Bundesliga,,,,
71167,2026-01-01,Evan Mooney -, Evan Mooney,2007-12-11,100805,St. Mirren,50,Premiership,,,,
71207,2026-01-01,Kim Min Su -,Min-soo Kim김민수,2005-06-08,980,Daejeon Citizen,83,K League 1,,,,
71217,2026-01-01,Tiago Serrago -, Tiago Serrago,2004-02-05,111707,CA Aldosivi,353,Liga Profesional de Fútbol,,,,
71234,2026-01-01,Kwak Sung Hun -,Sung-hoon Kwak곽성훈,2006-06-18,112258,Gwangju FC,83,K League 1,,,,
71254,2026-01-01,Lee Gyu Dong -,Kyu-dong Lee이규동,2004-01-24,1477,Jeonbuk Hyundai Motors,83,K League 1,,,,
71264,2026-01-01,Mayssam Benama -, Mayssam Benama,2005-03-09,115494,FC Annecy,17,Ligue 2,,,,
71320,2026-01-01,Gonzalo Escudero -, Gonzalo Escudero,2007-04-01,101085,Racing Club,353,Liga Profesional de Fútbol,,,,
71323,2026-01-01,Jang Nam Ung -,Nam-ung Jang장남웅,2004-02-09,1477,Jeonbuk Hyundai Motors,83,K League 1,,,,
71324,2026-01-01,Sung Jin Young -,Jin-young Sung성진영,2003-05-21,1477,Jeonbuk Hyundai Motors,83,K League 1,,,,
71325,2026-01-01,Jin Si Woo -,Si-woo Jin진시우,2002-08-05,112258,Gwangju FC,83,K League 1,,,,
71326,2026-01-01,Hwang Jae Yun -,Jae-yun Hwang황재윤,2003-03-18,112558,Suwon FC,83,K League 1,,,,
71344,2026-01-01,Sultan Abdulaziz Al Essa -, Sultan Abdulaziz Al Essa,2005-06-30,113222,Al Hazem FC,350,Pro League,,,,
71350,2026-01-01,Kouakou Henry-Joane Aaron Aimerick Gadou -, Kouakou Henry-Joane Aaron Aimerick Gadou,2007-01-17,191,FC Red Bull Salzburg,80,Bundesliga,,,,
71351,2026-01-01,Jorthy Mokio -, Jorthy Mokio,2008-02-29,245,Ajax,10,Eredivisie,,,,
71370,2026-01-01,Chung Ma Ho -,Ma-ho Chung정마호,2005-01-14,2055,Gimcheon Sangmu FC,83,K League 1,,,,
71411,2026-01-01,Choi Gyu Hyeon -,Gyu-hyeon Choe최규현,2000-09-19,112555,FC Anyang,83,K League 1,,,,
71412,2026-01-01,Choi Seok Hyun -,Seok-hyeon Choi최석현,2003-01-13,1473,Ulsan HD FC,83,K League 1,,,,
71440,2026-01-01,Han Jiawen -,Han Jiawen韩嘉文,2004-06-28,110955,Shanghai Shenhua,2012,Super League,,,,
71447,2026-01-01,Nicholas Jake Michalski -, Nicholas Jake Michalski,2007-03-14,3,Blackburn Rovers,14,Championship,,,,
71455,2026-01-01,Chae Hyun Woo -,Hyun-woo Chae채현우,2004-08-19,112555,FC Anyang,83,K League 1,,,,
71475,2026-01-01,César Fidel Ernesto Bautista Flores -, César Fidel Ernesto Bautista Flores,2007-01-15,111013,Sporting Cristal,2020,Liga 1,,,,
71493,2026-01-01,Harrison Jones -, Harrison Jones,2004-12-25,106,Sunderland,13,Premier League,,,,
71590,2026-01-01,Jan-Simon Symalla -, Jan-Simon Symalla,2005-01-23,1825,MSV Duisburg,2076,3. Liga,,,,
71638,2026-01-01,Kim Woon -,Un Kim김운,1994-11-15,112555,FC Anyang,83,K League 1,,,,
71639,2026-01-01,Han Ka Ram -,Ka-ram Han한가람,1998-02-28,112555,FC Anyang,83,K League 1,,,,
71682,2026-01-01,Franco Ezequiel Rami -, Franco Ezequiel Rami,2003-03-31,111707,CA Aldosivi,353,Liga Profesional de Fútbol,,,,
71688,2026-01-01,Kim Min Ho -,Min-ho Kim김민호,2003-01-09,112555,FC Anyang,83,K League 1,,,,
71689,2026-01-01,Park Jeong Hoon -,Jeong-hun Park박정훈,2004-08-21,112555,FC Anyang,83,K League 1,,,,
71722,2026-01-01,Benjamin Brantlind -, Benjamin Brantlind,2008-08-15,319,IFK Göteborg,56,Allsvenskan,,,,
71778,2026-01-01,Rayan Bamba -, Rayan Bamba,2004-05-14,1823,AS Nancy Lorraine,17,Ligue 2,,,,
71797,2026-01-01,Iker Venteo -, Iker Venteo Plaza,2003-04-24,459,Real Sporting de Gijón,54,La Liga 2,,,,
71804,2026-01-01,Vincenzo Davide Colangiuli -, Vincenzo Davide Colangiuli,2005-06-01,1848,SSC Bari,32,Serie B,,,,
71805,2026-01-01,Leonardo Colombo -, Leonardo Colombo,2005-06-04,111811,Monza,32,Serie B,,,,
71812,2026-01-01,Lucas Benjamín Irusta -, Lucas Benjamín Irusta,2003-01-08,110395,Lanús,353,Liga Profesional de Fútbol,,,,
71839,2026-01-01,Demir Xhemalija -, Demir Xhemalija,2006-06-07,897,FC Luzern,189,Super League,,,,
71910,2026-01-01,Gustavo Hidalgo Albarracín -, Gustavo Hidalgo Albarracín,2006-04-28,110839,SD Huesca,54,La Liga 2,,,,
71919,2026-01-01,Michael Noonan -, Michael Noonan,2008-07-31,306,Shamrock Rovers,65,Premier Division,,,,
71921,2026-01-01,Joakim Persson -, Joakim Persson,2007-02-18,320,Malmö FF,56,Allsvenskan,,,,
71956,2026-01-01,Igor Julian Tyjon -, Igor Julian Tyjon,2008-03-20,3,Blackburn Rovers,14,Championship,,,,
71963,2026-01-01,Myron Mau-Asam -, Myron Mau-Asam,2004-04-01,645,FC Volendam,10,Eredivisie,,,,
71970,2026-01-01,Taylan Yusuf Kenneth Harris -, Taylan Yusuf Kenneth Harris,2005-10-30,15048,Tranmere Rovers,61,League Two,,,,
71981,2026-01-01,Diogo Spencer -, Diogo Filipe Spencer Marques,2004-04-17,131463,AVS Futebol SAD,308,Primeira Liga,,,,
71990,2026-01-01,Philip Chukwuemeka Chinedu -, Philip Chukwuemeka Chinedu,2006-10-05,1958,Leyton Orient,60,League One,,,,
71994,2026-01-01,Noah Klas Tolf -, Noah Klas Tolf,2005-08-13,319,IFK Göteborg,56,Allsvenskan,,,,
72027,2026-01-01,Finley Christopher Ryan Munroe -, Finley Christopher Ryan Munroe,2005-02-08,1934,Swindon Town,61,League Two,,,,
72030,2026-01-01,Jonathan Silva -, Jonathan Silva Pertinhes,2004-04-24,110912,Calcio Padova,32,Serie B,,,,
72034,2026-01-01,Maat Daniel Caprini -, Maat Daniel Caprini,2006-02-11,111433,Mantova,32,Serie B,,,,
72037,2026-01-01,Daniel Ring -, Daniel Ring,2007-02-03,834,Shelbourne FC,65,Premier Division,,,,
72046,2026-01-01,Dylan Rhys Lawlor -, Dylan Rhys Lawlor,2006-01-01,1961,Cardiff City,60,League One,1367,Wales,78,Friendly International
72048,2026-01-01,Lars Ludvig Nicholas Tidstrand -, Lars Ludvig Nicholas Tidstrand,2005-08-02,112072,Mjällby AIF,56,Allsvenskan,,,,
72054,2026-01-01,Wendel Silva -, Wendel da Silva Costa,2000-08-02,1438,Santa Clara,308,Primeira Liga,,,,
72071,2026-01-01,Jaden Fernando Slory -, Jaden Fernando Slory,2005-05-09,246,Feyenoord,10,Eredivisie,,,,
72080,2026-01-01,Vincent Burlet -, Vincent Burlet,2005-09-23,111376,US Boulogne Cote d'Opale,17,Ligue 2,,,,
72094,2026-01-01,Konrad Golonka -, Konrad Golonka,2007-05-26,110747,Cracovia,66,Ekstraklasa,,,,
72098,2026-01-01,Darryl Bakola -, Darryl Bakola,2007-11-30,219,Olympique de Marseille,16,Ligue 1,,,,
72099,2026-01-01,Rafik Messali -, Rafik Messali,2003-04-28,1809,Toulouse FC,16,Ligue 1,,,,
72100,2026-01-01,Arsène Kan Guy Kouassi -, Arsène Kan Guy Kouassi,2004-09-11,217,FC Lorient,16,Ligue 1,,,,
72101,2026-01-01,Sacha Contena -, Sacha Contena,2005-10-04,58,Sporting Club Bastia,17,Ligue 2,,,,
72106,2026-01-01,Max Kovalevskis -, Max Kovalevskis,2008-02-09,306,Shamrock Rovers,65,Premier Division,,,,
72108,2026-01-01,Matthew Britton -, Matthew Britton,2007-11-04,306,Shamrock Rovers,65,Premier Division,,,,
72112,2026-01-01,Alieu Sean Atlee Manneh -, Alieu Sean Atlee Manneh,2006-08-20,710,Djurgårdens IF,56,Allsvenskan,,,,
72118,2026-01-01,Elias Johnsson Solberg -, Elias Johnsson Solberg,2008-02-06,2041,Fredrikstad FK,41,Eliteserien,,,,
72129,2026-01-01,Emre Gül -, Emre Gül,2005-01-09,111239,FC Ingolstadt 04,2076,3. Liga,,,,
72139,2026-01-01,Jovany Ikanga -, Jovany Ikanga,2002-03-24,111273,Red Star FC,17,Ligue 2,,,,
72157,2026-01-01,Ayush Jena -, Ayush Jena,2001-11-26,114168,Jamshedpur FC,2149,Super League,,,,
72169,2026-01-01,Xabi Huarte -, Xabier Huarte Armendáriz,2001-02-25,112516,CD Tondela,308,Primeira Liga,,,,
72190,2026-01-01,Linus Järeteg -, Linus Järeteg,2007-01-20,433,AIK,56,Allsvenskan,,,,
72210,2026-01-01,Dakarai Asante Mafico -, Dakarai Asante Mafico,2006-12-07,1961,Cardiff City,60,League One,,,,
72246,2026-01-01,Jonathan Asp-Jensen -, Jonathan Asp-Jensen,2006-01-14,322,Grasshopper Club Zürich,189,Super League,,,,
72247,2026-01-01,Pedro André Villalba Gaona -, Pedro André Villalba Gaona,2008-07-09,111008,Libertad,337,División Profesional,,,,
72254,2026-01-01,Yaël Mouanga Boudzoumou -, Yaël Mouanga Boudzoumou,2005-07-23,70,Montpellier HSC,17,Ligue 2,,,,
72284,2026-01-01,Tyrese Shaun Hall -, Tyrese Shaun Hall,2005-09-04,1937,Notts County,61,League Two,,,,
72324,2026-01-01,Matteo Palma -, Matteo Palma,2008-03-13,55,Udinese,31,Serie A,,,,
72337,2026-01-01,Gustavo Varela -, Gustavo Miguel Pereira Sousa Varela,2005-01-30,1888,Gil Vicente FC,308,Primeira Liga,,,,
72376,2026-01-01,Jonathan Vonheim Norbye -, Jonathan Vonheim Norbye,2007-03-26,159,DSC Arminia Bielefeld,20,2. Bundesliga,,,,
72378,2026-01-01,Emmanuel Gyamfi -, Emmanuel Gyamfi,2004-07-23,77,Aberdeen,50,Premiership,,,,
72397,2026-01-01,Giacomo Toniolo -, Giacomo Toniolo,2004-04-01,206,Hellas Verona FC,31,Serie A,,,,
72409,2026-01-01,Tobias Solheim Dahl -, Tobias Solheim Dahl,2005-01-12,298,Rosenborg BK,41,Eliteserien,,,,
72415,2026-01-01,Enes Melih Gökçek -, Enes Melih Gökçek,2007-04-30,101020,Kayserispor,68,Süper Lig,,,,
72419,2026-01-01,Justin Armando Lerma Soliz -, Justin Armando Lerma Soliz,2008-05-05,112908,Independiente del Valle,2018,Serie A,,,,
72456,2026-01-01,Ben Carl Krauhaus -, Ben Carl Krauhaus,2004-10-12,112764,Bromley,61,League Two,,,,
72459,2026-01-01,William James Davies -, William James Davies,1999-06-06,112260,Fleetwood Town,61,League Two,,,,
72537,2026-01-01,Yannick Oberleitner -, Yannick Oberleitner,2002-05-27,2015,Grazer AK 1902,80,Bundesliga,,,,
72543,2026-01-01,Kevin-Prince Milla -, Kevin-Prince Milla,2003-12-25,267,Sparta Praha,319,První liga,,,,
72549,2026-01-01,Jannis Boziaris -, Jannis Boziaris,2003-04-10,162,FC Energie Cottbus,2076,3. Liga,,,,
72550,2026-01-01,Patrick Vuc -, Patrick Vuc,2004-03-11,114147,FC Hermannstadt,330,Liga I,,,,
72557,2026-01-01,Tomáš Rigo -, Tomáš Rigo,2002-07-03,1806,Stoke City,14,Championship,,,,
72568,2026-01-01,James Roche -, James Roche,2007-10-07,834,Shelbourne FC,65,Premier Division,,,,
72596,2026-01-01,Anders Bondhus -, Anders Bondhus,2005-06-18,1463,FK Haugesund,41,Eliteserien,,,,
72597,2026-01-01,Jesper Johnsson Solberg -, Jesper Johnsson Solberg,2008-02-06,2041,Fredrikstad FK,41,Eliteserien,,,,
72603,2026-01-01,André Stavås Skistad -, André Stavås Skistad,2007-01-11,922,Strømsgodset IF,41,Eliteserien,,,,
72625,2026-01-01,Florinel Valentin Ibrian -, Florinel Valentin Ibrian,1993-09-14,131459,Unirea Slobozia,330,Liga I,,,,
72634,2026-01-01,Benjamin Pauwels -, Benjamin Pauwels,2004-10-29,100888,CD Leganés,54,La Liga 2,,,,
72690,2026-01-01,Martim Watts -, Martim Gustavo Silva Watts Rodrigues,2005-07-14,1891,CD Nacional,308,Primeira Liga,,,,
72698,2026-01-01,Evagoras Antoniou -,Evagoras AntoniouΕυάγορας Αντωνίου,2002-11-04,100135,APOEL FC,318,1. Division,,,,
72707,2026-01-01,Adrian Zeljković -, Adrian Zeljković,2002-08-19,110468,Viktoria Plzeň,319,První liga,,,,
72715,2026-01-01,Shea Malone -, Shea Malone,2005-02-01,563,Sligo Rovers,65,Premier Division,,,,
72717,2026-01-01,Conor Cannon -, Conor Cannon,2006-06-30,563,Sligo Rovers,65,Premier Division,,,,
72740,2026-01-01,Saud Al Rashid -,Saud Al Rashidسعود غالي الراشد,1998-05-17,113222,Al Hazem FC,350,Pro League,,,,
72824,2026-01-01,Svit Sešlar -, Svit Sešlar,2002-01-09,131174,Eyüpspor,68,Süper Lig,,,,
72898,2026-01-01,Leslie Eduardo Heráldez Sevillano -, Leslie Eduardo Heráldez Sevillano,1993-03-30,110989,Caracas FC,2019,Primera Division,,,,
72899,2026-01-01,Shola Michael Oduoye -, Shola Michael Oduoye,2005-08-24,110989,Caracas FC,2019,Primera Division,,,,
72925,2026-01-01,Ashley Alban Koli -, Ashley Alban Koli,2001-02-10,111633,Mohammedan SC,2149,Super League,,,,
72969,2026-01-01,Reuben Joseph Swann -, Reuben Joseph Swann,2006-01-26,1790,Portsmouth,14,Championship,,,,
73033,2026-01-01,Mathias Svenningsen-Grønn -, Mathias Svenningsen-Grønn,2008-09-02,112199,Sarpsborg 08 FF,41,Eliteserien,,,,
73063,2026-01-01,Muhammad Ajsal -, Muhammad Ajsal,2003-03-28,113299,Kerala Blasters FC,2149,Super League,,,,
73096,2026-01-01,Haine Anthony Eames -, Haine Anthony Eames,2008-02-27,111396,Central Coast Mariners,351,A-League Men,,,,
73138,2026-01-01,Riccardo Tonin -, Riccardo Tonin,2001-01-30,200,Pescara,32,Serie B,,,,
73146,2026-01-01,Théo Golliard -, Théo Golliard,2002-09-27,1713,FC Winterthur,189,Super League,,,,
73201,2026-01-01,Can Yahya Moustfa -, Can Yahya Moustfa,2004-11-19,162,FC Energie Cottbus,2076,3. Liga,,,,
73222,2026-01-01,Saul Kader -,Saul Kaderشاول قادر,2004-01-31,112764,Bromley,61,League Two,,,,
73253,2026-01-01,Julian Eyestone -, Julian Eyestone,2006-04-21,1925,Brentford,13,Premier League,,,,
73258,2026-01-01,Lars Tanggaard Eide -, Lars Tanggaard Eide,2007-04-18,1463,FK Haugesund,41,Eliteserien,,,,
73271,2026-01-01,Tangva Ragui -, Tangva Ragui,2003-11-28,111633,Mohammedan SC,2149,Super League,,,,
73280,2026-01-01,Israfil Dewan -, Israfil Dewan,2001-05-22,111633,Mohammedan SC,2149,Super League,,,,
73393,2026-01-01,Alexandru Ștefan Duțu -, Alexandru Ștefan Duțu,2004-01-16,110075,FCV Farul Constanța,330,Liga I,,,,
73395,2026-01-01,Ianis Alessio Gândilă -, Ianis Alessio Gândilă,2006-01-16,114147,FC Hermannstadt,330,Liga I,,,,
73428,2026-01-01,Jayden Peter Necovski -, Jayden Peter Necovski,2008-03-28,112224,Melbourne City FC,351,A-League Men,,,,
73434,2026-01-01,Olav Dobloug Mengshoel -, Olav Dobloug Mengshoel,2008-07-04,1756,Hamarkameratene,41,Eliteserien,,,,
73459,2026-01-01,Alin Ciobanu -, Alin Ciobanu,2008-02-16,110752,FC Botoşani,330,Liga I,,,,
73483,2026-01-01,Cyprian Popielec -, Cyprian Popielec,2007-03-07,110749,Zagłębie Lubin,66,Ekstraklasa,,,,
73543,2026-01-01,Kamaluddin AK -, Kamaludheen Athikkaparambil Kasim,2004-09-10,111629,East Bengal FC,2149,Super League,,,,
73576,2026-01-01,Ege Yıldırım -, Ege Yıldırım,2007-04-18,101026,Göztepe SK,68,Süper Lig,,,,
73595,2026-01-01,Saad Sattam Saud Al Shammari -,Saad Sattam Saud Al Shammariسطام لطيف الشمري,2004-08-31,113057,Al Fayha,350,Pro League,,,,
73613,2026-01-01,Victor Mayela -, Victor Mayela,2004-04-22,111276,USL Dunkerque,17,Ligue 2,,,,
73625,2026-01-01,Guy-Noël Prince Zohouri -, Guy-Noël Prince Zohouri,2007-02-01,1738,Le Havre AC,16,Ligue 1,,,,
73638,2026-01-01,Caleb Marfo Yirenkyi -, Caleb Marfo Yirenkyi,2006-01-15,1788,FC Nordsjælland,1,Superliga,,,,
73671,2026-01-01,Oscar Anthony Verhoeven -, Oscar Anthony Verhoeven,2006-05-31,131439,San Diego FC,39,Major League Soccer,,,,
73673,2026-01-01,Peyton James Miller -, Peyton James Miller,2007-11-08,691,New England Revolution,39,Major League Soccer,,,,
73685,2026-01-01,Kim Seo Jin -,Seo-jin Kim김서진,2005-01-07,2055,Gimcheon Sangmu FC,83,K League 1,,,,
73692,2026-01-01,Lucca Kiaba Mounganga Brughmans -, Lucca Kiaba Mounganga Brughmans,2008-06-27,673,KRC Genk,4,Pro League,,,,
73693,2026-01-01,Brad Ryan Manguelle -, Brad Ryan Manguelle,2007-11-27,673,KRC Genk,4,Pro League,,,,
73766,2026-01-01,Aaro Soiniemi -, Aaro Soiniemi,2005-08-08,100325,HJK Helsinki,322,Veikkausliiga,,,,
73844,2026-01-01,Lewis O'Donnell -, Lewis O'Donnell,2005-06-21,181,Dundee United FC,50,Premiership,,,,
73858,2026-01-01,Aidan Nicholas Stokes -, Aidan Nicholas Stokes,2008-01-14,689,New York Red Bulls,39,Major League Soccer,,,,
73877,2026-01-01,Jamar Ricketts -, Jamar Ricketts,2001-10-24,111928,San Jose Earthquakes,39,Major League Soccer,,,,
73880,2026-01-01,Benjamin Clemmensen -, Benjamin Clemmensen,2005-01-04,270,Silkeborg IF,1,Superliga,,,,
73881,2026-01-01,Tyson Charles Pearce -, Tyson Charles Pearce,2007-08-12,113018,St. Louis CITY SC,39,Major League Soccer,,,,
73903,2026-01-01,Marcel Wojciech Reguła -, Marcel Wojciech Reguła,2006-10-26,110749,Zagłębie Lubin,66,Ekstraklasa,,,,
73908,2026-01-01,Behar Neziri -, Behar Neziri,2003-01-06,898,FC St. Gallen 1879,189,Super League,,,,
73921,2026-01-01,Nathan De Cat -, Nathan De Cat,2008-07-19,229,RSC Anderlecht,4,Pro League,,,,
73930,2026-01-01,Massamba Adam Sow -, Massamba Adam Sow,2004-06-13,670,Royal Charleroi Sporting Club,4,Pro League,,,,
73932,2026-01-01,Pape Moussa Fall -, Pape Moussa Fall,2004-07-04,132231,RAAL La Louvière,4,Pro League,,,,
73953,2026-01-01,Daniel Richter -, Daniel Richter,2008-04-08,159,DSC Arminia Bielefeld,20,2. Bundesliga,,,,
73959,2026-01-01,Alexandru Cristian Bota -, Alexandru Cristian Bota,2008-03-31,110751,Universitatea Cluj,330,Liga I,,,,
73987,2026-01-01,Jack Joseph Barrett -, Jack Joseph Barrett,2002-06-04,15048,Tranmere Rovers,61,League Two,,,,
74087,2026-01-01,Mikel Goti -, Mikel Goti López,2002-05-23,457,Real Sociedad,53,La Liga,,,,
74088,2026-01-01,Jon Balda -, Jon Balda Zubiri,2002-04-20,110711,Real Sociedad de Fútbol B,54,La Liga 2,,,,
74112,2026-01-01,Oliver Sorg -, Oliver Sorg,2007-07-31,100409,FC Augsburg,19,Bundesliga,,,,
74115,2026-01-01,Jacob Peter Hödl -, Jacob Peter Hödl,2007-01-31,209,SK Sturm Graz,80,Bundesliga,,,,
74118,2026-01-01,Alejandro Arévalo -, Alejandro Arévalo Arrebola,2007-11-22,1867,Córdoba CF,54,La Liga 2,,,,
74123,2026-01-01,Sean McCarthy -, Sean McCarthy,2006-03-22,1572,Drogheda United,65,Premier Division,,,,
74139,2026-01-01,Tanguy Ahile -, Tanguy Ahile,2004-09-07,62,En Avant Guingamp,17,Ligue 2,,,,
74148,2026-01-01,Samuel Jesse German -, Samuel Jesse German,2005-05-07,112764,Bromley,61,League Two,,,,
74253,2026-01-01,Lucas Dean Scicluna -, Lucas Dean Scicluna,2005-11-07,111398,Newcastle Jets,351,A-League Men,,,,
74266,2026-01-01,Jai Ajanovic -, Jai Ajanovic,2005-04-14,111396,Central Coast Mariners,351,A-League Men,,,,
74338,2026-01-01,Billy Naylor Kirkman -, Billy Naylor Kirkman,2004-02-26,1934,Swindon Town,61,League Two,,,,
74353,2026-01-01,Aaron Heaney -, Aaron Heaney,2004-08-09,445,Derry City,65,Premier Division,,,,
74355,2026-01-01,Konstantin Aleksa -, Konstantin Aleksa,2007-04-25,256,FK Austria Wien,80,Bundesliga,,,,
74359,2026-01-01,Freddie Anderson -, Freddie Anderson,2006-10-23,1806,Stoke City,14,Championship,,,,
74360,2026-01-01,Nathan Tinsdale -, Nathan Tinsdale,2005-08-05,1952,Hull City,14,Championship,,,,
74362,2026-01-01,Leo Pecover -, Leo Pecover,2008-04-09,1919,Bristol City,14,Championship,,,,
74364,2026-01-01,Andre Garcia -, Andre Garcia,2007-11-30,1793,Reading FC,60,League One,,,,
74369,2026-01-01,Amìn Elias Gröller-Belouafa -,Amìn Elias Gröller-Belouafaأمين إلياس بالوفاء,2005-01-25,254,SK Rapid,80,Bundesliga,,,,
74371,2026-01-01,Valentín Alejandro Pezzolesi -, Valentín Alejandro Pezzolesi,2007-04-16,472,UD Las Palmas,54,La Liga 2,,,,
74372,2026-01-01,Gerard Vandeplas -, Gerard Vandeplas,2006-02-25,230,Royal Antwerp FC,4,Pro League,,,,
74381,2026-01-01,Maciej Wojciechowski -, Maciej Wojciechowski,2007-05-17,110746,Pogoń Szczecin,66,Ekstraklasa,,,,
74385,2026-01-01,Nicolai Schulte-Kellinghaus -, Nicolai Schulte-Kellinghaus,2007-07-26,526,Rot-Weiss Essen,2076,3. Liga,,,,
74403,2026-01-01,Coba da Costa -, Coba Gomes da Costa,2002-07-26,1860,Getafe CF,53,La Liga,,,,
74429,2026-01-01,Alpha Diallo -, Alpha Diallo,2006-02-25,64,RC Lens,16,Ligue 1,,,,
74444,2026-01-01,Wael Debbiche -, Wael Debbiche,2005-06-09,115494,FC Annecy,17,Ligue 2,,,,
74449,2026-01-01,Ibrahim Mbaye -, Ibrahim Mbaye,2008-01-24,73,Paris Saint-Germain,16,Ligue 1,,,,
74481,2026-01-01,Iliesse Salhi -,Iliesse Salhiإلياس صالحي,2007-07-27,453,RCD Mallorca,53,La Liga,,,,
74483,2026-01-01,Honest Ahanor -, Honest Ahanor,2008-02-23,39,Atalanta,31,Serie A,,,,
74490,2026-01-01,Bogdan Popov -,Bogdan PopovПопов Богдан Русланович,2007-04-04,1746,Empoli,32,Serie B,,,,
74491,2026-01-01,Dayann Methalie -, Dayann Methalie,2006-02-15,1809,Toulouse FC,16,Ligue 1,,,,
74492,2026-01-01,Lorenzo Tosto -, Lorenzo Tosto,2006-01-29,1746,Empoli,32,Serie B,,,,
74497,2026-01-01,Nesta Zahui -, Nesta Zahui,2003-03-05,1805,Grenoble Foot 38,17,Ligue 2,,,,
74501,2026-01-01,Francesco Mezzoni -, Francesco Mezzoni,2000-05-27,113147,Virtus Entella,32,Serie B,,,,
74505,2026-01-01,Philipp Maybach -, Philipp Maybach,2007-12-14,256,FK Austria Wien,80,Bundesliga,,,,
74512,2026-01-01,Viggo Gebel -, Viggo Gebel,2007-11-22,112172,RB Leipzig,19,Bundesliga,,,,
74518,2026-01-01,Frode Iann Pontus Aronsson -, Frode Iann Pontus Aronsson,2005-10-25,700,IF Elfsborg,56,Allsvenskan,,,,
74525,2026-01-01,Liam Andrew Oakes -, Liam Andrew Oakes,2007-01-10,143,Exeter City,60,League One,,,,
74531,2026-01-01,Sebastian Biller Mikkelsen -, Sebastian Biller Mikkelsen,2006-11-01,270,Silkeborg IF,1,Superliga,,,,
74567,2026-01-01,Isaac James -, Isaac James,2004-08-28,717,Alverca,308,Primeira Liga,,,,
74574,2026-01-01,Lorenzo Bernasconi -, Lorenzo Bernasconi,2003-11-16,39,Atalanta,31,Serie A,,,,
74614,2026-01-01,Will Dobson -, Will Dobson,2007-09-07,111398,Newcastle Jets,351,A-League Men,,,,
74615,2026-01-01,Arthur Oliveira De Lima -, Arthur Oliveira De Lima,2007-06-11,111396,Central Coast Mariners,351,A-League Men,,,,
74624,2026-01-01,Simon Olof Eriksson -, Simon Olof Eriksson,2006-04-24,700,IF Elfsborg,56,Allsvenskan,,,,
74626,2026-01-01,Bruno Durdov -, Bruno Durdov,2007-12-11,263,Hajduk Split,317,Hrvatska nogometna liga,,,,
74627,2026-01-01,Jiří Maxim Panoš -, Jiří Maxim Panoš,2007-11-15,110468,Viktoria Plzeň,319,První liga,,,,
74644,2026-01-01,Amine Saïd -, Amine Saïd,2003-02-10,1815,Clermont Foot 63,17,Ligue 2,,,,
74652,2026-01-01,Ashton Rinaldo -, Ashton Rinaldo,2005-10-25,1924,Chesterfield,61,League Two,,,,
74659,2026-01-01,Viktor Gyorgy Kun -, Viktor Gyorgy Kun,2004-07-18,110816,CFR Cluj,330,Liga I,,,,
74685,2026-01-01,Soulaimane Berradi -, Soulaimane Berradi,2004-11-20,2014,Union Saint-Gilloise,4,Pro League,,,,
74695,2026-01-01,Jawad Mansour Al Hassan -,Jawad Mansour Al Hassanجواد الحسن,2005-01-01,113217,Damac FC,350,Pro League,,,,
74702,2026-01-01,Mehdi Mohammed Al Aboud -,Mehdi Mohammed Al Aboudمهدي محمد العبود,2005-11-15,112390,Al Fateh,350,Pro League,,,,
74715,2026-01-01,Bror Åke Andersson -, Bror Åke Andersson,2007-05-08,702,IFK Norrköping,56,Allsvenskan,,,,
74724,2026-01-01,Dhirar Brik -,Dhirar Brikضرار بريك,2007-10-13,112494,Südtirol,32,Serie B,,,,
74756,2026-01-01,Jesse Cameron -, Jesse Cameron,2005-08-11,112427,Western Sydney Wanderers,351,A-League Men,,,,
74790,2026-01-01,Lautaro Agustín Godoy -, Lautaro Agustín Godoy,2003-03-15,111708,Atlético Tucumán,353,Liga Profesional de Fútbol,,,,
74792,2026-01-01,Lisandro Gerónimo Piñero -, Lisandro Gerónimo Piñero,2007-07-15,110404,CA Banfield,353,Liga Profesional de Fútbol,,,,
74797,2026-01-01,Gonzalo Nicolás Zelarayán -, Gonzalo Nicolás Zelarayán,2004-04-28,111022,Belgrano de Córdoba,353,Liga Profesional de Fútbol,,,,
74810,2026-01-01,Mateo Adrián Aguiar -, Mateo Adrián Aguiar,2007-03-18,111710,Defensa y Justicia,353,Liga Profesional de Fútbol,,,,
74813,2026-01-01,Mikel Jesús Amondarain -, Mikel Jesús Amondarain,2005-01-06,101083,Estudiantes de La Plata,353,Liga Profesional de Fútbol,,,,
74818,2026-01-01,Jonathan Rodrigo Adrián de Irastorza -, Jonathan Rodrigo Adrián de Irastorza,2005-08-05,110093,Independiente,353,Liga Profesional de Fútbol,,,,
74824,2026-01-01,Diego Agustín Medina -, Diego Agustín Medina,2006-10-23,110395,Lanús,353,Liga Profesional de Fútbol,,,,
74825,2026-01-01,Leonel Sebastián Cardozo -, Leonel Sebastián Cardozo,2004-01-09,110395,Lanús,353,Liga Profesional de Fútbol,,,,
74826,2026-01-01,Mariano Rubén Gerez -, Mariano Rubén Gerez,2006-01-19,110395,Lanús,353,Liga Profesional de Fútbol,,,,
74833,2026-01-01,Matías Hernán Bergara -, Matías Hernán Bergara,2004-01-14,111020,Independiente Rivadavia,353,Liga Profesional de Fútbol,,,,
74835,2026-01-01,Santiago Javier Lencina -, Santiago Javier Lencina,2005-09-04,1876,River Plate,353,Liga Profesional de Fútbol,,,,
74836,2026-01-01,Kevin Tomás Gutiérrez -, Kevin Tomás Gutiérrez,2006-01-30,110580,Rosario Central,353,Liga Profesional de Fútbol,,,,
74838,2026-01-01,Samuel Beltrán -, Samuel Beltrán,2004-04-05,110580,Rosario Central,353,Liga Profesional de Fútbol,,,,
74842,2026-01-01,Agustín Seyral Echecopar -, Agustín Seyral Echecopar,2005-01-31,112713,Club Atlético Sarmiento,353,Liga Profesional de Fútbol,,,,
74847,2026-01-01,Joel Godoy -, Joel Godoy,2005-02-20,112713,Club Atlético Sarmiento,353,Liga Profesional de Fútbol,,,,
74849,2026-01-01,Jeremías Gallard -, Jeremías Gallard,2004-04-10,115536,Cerro Largo,338,Primera División,,,,
74853,2026-01-01,Thiago Ariel Silvero -, Thiago Ariel Silvero,2006-04-18,101088,Vélez Sarsfield,353,Liga Profesional de Fútbol,,,,
74854,2026-01-01,Isaías Alejandro Andrada -, Isaías Alejandro Andrada,2003-02-12,101088,Vélez Sarsfield,353,Liga Profesional de Fútbol,,,,
74855,2026-01-01,Felipe Bussio -, Felipe Bussio,2004-06-16,112689,Platense,353,Liga Profesional de Fútbol,,,,
74856,2026-01-01,Maximiliano Porcel -, Maximiliano Porcel,2006-01-02,111706,Godoy Cruz,353,Liga Profesional de Fútbol,,,,
74857,2026-01-01,Jano Jeremía Gordon -, Jano Jeremía Gordon,2004-06-16,101088,Vélez Sarsfield,353,Liga Profesional de Fútbol,,,,
74883,2026-01-01,Enzo Anthony Honoré Molebe -, Enzo Anthony Honoré Molebe,2007-09-18,66,Olympique Lyonnais,16,Ligue 1,,,,
74884,2026-01-01,Serigne Saliou Diop -, Serigne Saliou Diop,2005-05-12,378,Stade Brestois 29,16,Ligue 1,,,,
74885,2026-01-01,Mohamed Aboubakar Bamba -, Mohamed Aboubakar Bamba,2004-10-08,1888,Gil Vicente FC,308,Primeira Liga,,,,
74886,2026-01-01,Quentin Paris -, Quentin Paris,2006-10-23,115494,FC Annecy,17,Ligue 2,,,,
74906,2026-01-01,Matías Klimowicz Corti -, Matías Klimowicz Corti,2007-03-24,110953,Instituto Atlético Central Córdoba,353,Liga Profesional de Fútbol,,,,
74910,2026-01-01,Sonny Sharples-Ahmed -,Sonny Sharples-Ahmedسوني شاربلز,2005-03-24,4,Bolton Wanderers,60,League One,,,,
74914,2026-01-01,Mamadou Sanoussi Diallo -, Mamadou Sanoussi Diallo,2006-05-29,1788,FC Nordsjælland,1,Superliga,,,,
74926,2026-01-01,Eddy Nda Konan Kouadio -, Eddy Nda Konan Kouadio,2006-05-07,110374,Fiorentina,31,Serie A,,,,
74930,2026-01-01,Hugo Francisco Cuenca Martínez -, Hugo Francisco Cuenca Martínez,2005-01-08,110556,Genoa,31,Serie A,,,,
74931,2026-01-01,Marco Dalla Vecchia -, Marco Dalla Vecchia,2005-02-13,113147,Virtus Entella,32,Serie B,,,,
74932,2026-01-01,Hjalte Bidstrup -, Hjalte Bidstrup,2006-02-15,1443,Viborg FF,1,Superliga,,,,
74970,2026-01-01,Semm Renders -, Semm Renders,2007-12-17,230,Royal Antwerp FC,4,Pro League,,,,
74974,2026-01-01,Saad Hussein Haqawi -,Saad Hussein Haqawiسعد حسين حقوي,2005-10-08,112139,Al Nassr,350,Pro League,,,,
74975,2026-01-01,Yaseen Khalid Al Jaber -, Yaseen Khalid Al Jaber,2006-04-30,607,Al Ittihad,350,Pro League,,,,
74977,2026-01-01,Mohammed Nasser Al Hakim -,Mohammed Nasser Al Hakimمحمد ناصر الحكيم,2005-04-23,131798,NEOM SC,350,Pro League,,,,
74980,2026-01-01,Nikolaus Wurmbrand -, Nikolaus Wurmbrand,2006-01-05,254,SK Rapid,80,Bundesliga,,,,
75044,2026-01-01,Ignacio Antonio Vásquez González -, Ignacio Antonio Vásquez González,2006-05-22,15029,Universidad de Chile,335,Primera Division,,,,
75055,2026-01-01,Jesús Rodríguez -, Jesús Rodríguez Caraballo,2005-11-21,1745,Como,31,Serie A,,,,
75056,2026-01-01,Chema Andrés -, José María Andrés Baixauli,2005-04-25,36,VfB Stuttgart,19,Bundesliga,,,,
75057,2026-01-01,Naoufel El Hannach -,Naoufel El Hannachنوفل الحناش,2006-12-07,70,Montpellier HSC,17,Ligue 2,,,,
75058,2026-01-01,Kobi Joseph Henry -, Kobi Joseph Henry,2004-04-26,111065,Real Salt Lake,39,Major League Soccer,,,,
75068,2026-01-01,Guille Fernández -, Guillermo Fernández Casino,2008-06-18,241,FC Barcelona,53,La Liga,,,,
75072,2026-01-01,Agustín Mangiaut -, Agustín Mangiaut,2004-05-24,111019,Argentinos Juniors,353,Liga Profesional de Fútbol,,,,
75086,2026-01-01,Ismeal Kabia -, Ismeal Kabia,2005-12-10,127,Shrewsbury Town,61,League Two,,,,
75087,2026-01-01,Ayden Edford Heaven -, Ayden Edford Heaven,2006-09-22,11,Manchester United,13,Premier League,,,,
75093,2026-01-01,Kieran Lloyd Morgan -, Kieran Lloyd Morgan,2006-03-17,15,Queens Park Rangers,14,Championship,,,,
75095,2026-01-01,Trey Samuel-Ogunsuyi -, Trey Samuel-Ogunsuyi,2006-12-26,79,Falkirk,50,Premiership,,,,
75111,2026-01-01,Mohammed Sulaiman Mohammed Bakor -,Mohammed Sulaiman Mohammed Bakorمحمد سليمان,2004-04-08,112387,Al Ahli SFC,350,Pro League,111114,Saudi Arabia,78,Friendly International
75126,2026-01-01,Adrian Adriano Lahdo -, Adrian Adriano Lahdo,2007-12-26,708,Hammarby Fotboll,56,Allsvenskan,,,,
75129,2026-01-01,Danny Meitei Laishram -, Danny Meitei Laishram,2007-11-20,113040,NorthEast United,2149,Super League,,,,
75140,2026-01-01,Jacob Brazete -, Jacob Brazete,2006-01-20,111395,Brisbane Roar,351,A-League Men,,,,
75150,2026-01-01,João Simões -, João Pedro Arnauth Barrocas Simões,2007-01-06,237,Sporting CP,308,Primeira Liga,,,,
75155,2026-01-01,Narendra Naik -, Narendra Naik,2005-01-07,113257,Odisha FC,2149,Super League,,,,
75156,2026-01-01,Toni Fernández -, Antonio Fernández Casino,2008-07-15,241,FC Barcelona,53,La Liga,,,,
75164,2026-01-01,Dominik Sarapata -, Dominik Sarapata,2007-10-25,819,FC København,1,Superliga,,,,
75170,2026-01-01,Dachi Lordkipanidze -,Dachi Lordkipanidzeდაჩი ლორთქიფანიძე,2005-03-08,111434,Cremonese,31,Serie A,,,,
75191,2026-01-01,Luis Santiago Segovia -, Luis Santiago Segovia,2007-03-26,110580,Rosario Central,353,Liga Profesional de Fútbol,,,,
75195,2026-01-01,Bilal Konteh Krubally -, Bilal Konteh Krubally,2007-02-13,1516,FC Midtjylland,1,Superliga,,,,
75197,2026-01-01,Anas Tajaouart -, Anas Tajaouart,2005-09-07,229,RSC Anderlecht,4,Pro League,,,,
75198,2026-01-01,Rufai Mohammed -, Rufai Mohammed,2006-03-15,112126,IFK Värnamo,56,Allsvenskan,,,,
75203,2026-01-01,Mubarak Ahmed Al Buainain -,Mubarak Ahmed Al Buainainمبارك أحمد البوعينين,2005-08-08,112139,Al Nassr,350,Pro League,,,,
75211,2026-01-01,Mateo Flores -, Mateo Flores Lozano,2004-04-07,112513,FC Arouca,308,Primeira Liga,,,,
75225,2026-01-01,Fellipe Jack -, Fellipe Jack Ozilio Moreira Pacheco,2006-01-12,110741,Spezia,32,Serie B,,,,
75252,2026-01-01,Jérémy Hatchi -, Jérémy Hatchi,2005-06-13,62,En Avant Guingamp,17,Ligue 2,,,,
75260,2026-01-01,Orlando Daniel Gill Noldín -, Orlando Daniel Gill Noldín,2000-06-11,1013,San Lorenzo de Almagro,353,Liga Profesional de Fútbol,,,,
75262,2026-01-01,Lalthangliana PCS Lalvenkima -, Lalthangliana PCS Lalvenkima,2004-04-12,113298,FC Goa,2149,Super League,,,,
75263,2026-01-01,Peio Canales -, Peio Canales Urtasun,2005-01-17,456,Racing Santander,54,La Liga 2,,,,
75269,2026-01-01,Íker García -, Íker García Chico,2006-04-02,110832,Granada CF,54,La Liga 2,,,,
75272,2026-01-01,William Lankshear -, William Lankshear,2005-04-20,1951,Oxford United,14,Championship,,,,
75278,2026-01-01,Sofus Østergaard Grandjean Johannesen -, Sofus Østergaard Grandjean Johannesen,2007-05-04,15006,Fredericia,1,Superliga,,,,
75296,2026-01-01,Ronan Sahr Kpakio -, Ronan Sahr Kpakio,2007-05-25,1961,Cardiff City,60,League One,1367,Wales,78,Friendly International
75299,2026-01-01,David Kamara -, David Kamara,2006-01-04,1938,Peterborough United,60,League One,,,,
75308,2026-01-01,Gaspar De Jesús Duarte -, Gaspar De Jesús Duarte,2003-01-06,110580,Rosario Central,353,Liga Profesional de Fútbol,,,,
75312,2026-01-01,Morgan Corredor -, Morgan Corredor,2004-08-04,111659,Rodez Aveyron Football,17,Ligue 2,,,,
75316,2026-01-01,Sékou Doucouré -, Sékou Doucouré,2005-04-26,71,FC Nantes,16,Ligue 1,,,,
75318,2026-01-01,Abdoul Guemissongui Ouattara -, Abdoul Guemissongui Ouattara,2005-10-22,76,RC Strasbourg Alsace,16,Ligue 1,,,,
75319,2026-01-01,Kyllian Anderson Antonio -, Kyllian Anderson Antonio,2008-01-04,64,RC Lens,16,Ligue 1,,,,
75320,2026-01-01,Pierre-Ismaëlo Ganiou -, Pierre-Ismaëlo Ganiou,2005-03-14,64,RC Lens,16,Ligue 1,,,,
75323,2026-01-01,Matthew Christopher Rowley -, Matthew Christopher Rowley,2003-10-14,1793,Reading FC,60,League One,,,,
75330,2026-01-01,Tegan-Lee Finn -, Tegan-Lee Finn,2008-03-17,1929,Plymouth Argyle,60,League One,,,,
75332,2026-01-01,Luís Gomes -, Luís Maria Viegas Abreu Campos Gomes,2004-04-24,10020,GD Estoril Praia,308,Primeira Liga,,,,
75337,2026-01-01,Ramiro Jonas Pedroza -, Ramiro Jonas Pedroza,2007-01-10,1013,San Lorenzo de Almagro,353,Liga Profesional de Fútbol,,,,
75342,2026-01-01,Ahmet Doğan Yıldırım -, Ahmet Doğan Yıldırım,2006-11-01,436,Trabzonspor,68,Süper Lig,,,,
75347,2026-01-01,Santiago David Esquivel -, Santiago David Esquivel,2004-01-02,110404,CA Banfield,353,Liga Profesional de Fútbol,,,,
75355,2026-01-01,Oleksandr Nazarenko -,Oleksandr NazarenkoНазаренко Олександр Євгенійович,2000-02-01,,,,,78,Friendly International,https://cdn.sofifa.net/meta/team/18624/30.png,77
75358,2026-01-01,Gustavo Mendoza Salvatierra -, Gustavo Mendoza Salvatierra,2004-05-11,131795,San Antonio Bulo Bulo,2017,División de Fútbol Profesional,,,,
75362,2026-01-01,Marcelo De Lima Castro -, Marcelo De Lima Castro,2005-04-08,131795,San Antonio Bulo Bulo,2017,División de Fútbol Profesional,,,,
75365,2026-01-01,Kevin Merida Gutierrez -, Kevin Merida Gutierrez,2007-07-17,131795,San Antonio Bulo Bulo,2017,División de Fútbol Profesional,,,,
75378,2026-01-01,Aitor Crespo -, Aitor Crespo Gutiérrez,2005-09-17,456,Racing Santander,54,La Liga 2,,,,
75400,2026-01-01,Aldo de Jesús Parra González -, Aldo de Jesús Parra González,2002-12-13,111006,Sportivo Luqueño,337,División Profesional,,,,
75401,2026-01-01,Ahmed Husham Ali Al Rawi -,Ahmed Husham Ali Al Rawiأحمد الراوي,2004-05-30,,,,,78,Friendly International,https://cdn.sofifa.net/meta/team/18544/30.png,69
75403,2026-01-01,Abdulla Badr Abdrab Abdulla Al Yazidi -,Abdulla Badr Abdrab Abdulla Al Yazidiعبدالله اليزيدي,2002-03-28,,,,,78,Friendly International,https://cdn.sofifa.net/meta/team/18544/30.png,69
75407,2026-01-01,Shay Morales Spencer -, Shay Morales Spencer,2003-11-09,1793,Reading FC,60,League One,,,,
75409,2026-01-01,Luis Alejandro Ramos Leiva -, Luis Alejandro Ramos Leiva,1999-12-13,101099,América de Cali,336,Categoría Primera A,,,,
75410,2026-01-01,Juan David Sánchez Contreras -, Juan David Sánchez Contreras,2005-10-06,110990,Deportivo Táchira,2019,Primera Division,,,,
75411,2026-01-01,Luis Eduardo Zúñiga Ruíz -, Luis Eduardo Zúñiga Ruíz,2003-12-21,110990,Deportivo Táchira,2019,Primera Division,,,,
75420,2026-01-01,Corentin Issanchou Roubiou -, Corentin Issanchou Roubiou,2005-06-13,111659,Rodez Aveyron Football,17,Ligue 2,,,,
75421,2026-01-01,Rayane Messi Tanfouri -, Rayane Messi Tanfouri,2007-05-23,110321,Pau FC,17,Ligue 2,,,,
75422,2026-01-01,Amine Moussaoui -, Amine Moussaoui,2006-12-28,1530,Angers SCO,16,Ligue 1,,,,
75423,2026-01-01,Marius Louër -, Marius Louër,2007-03-11,1530,Angers SCO,16,Ligue 1,,,,
75427,2026-01-01,Josh Campbell-Slowey -, Josh Campbell-Slowey,2005-11-11,1919,Bristol City,14,Championship,,,,
75437,2026-01-01,Kim Min Su -,Min-su Kim김민수,2006-01-19,114554,FC Andorra,54,La Liga 2,,,,
75440,2026-01-01,Mamadou Diallo -, Mamadou Diallo,2008-01-28,1936,Cheltenham Town,61,League Two,,,,
75443,2026-01-01,Tommaso Gabellini -, Tommaso Gabellini,2006-10-21,54,Torino,31,Serie A,,,,
75448,2026-01-01,Alejandro Gabriel Cichero Terrero -, Alejandro Gabriel Cichero Terrero,2006-07-11,111657,Frosinone,32,Serie B,,,,
75449,2026-01-01,Kevin Barcella -, Kevin Barcella,2006-06-17,111657,Frosinone,32,Serie B,,,,
75450,2026-01-01,Filip Olov Öhman -, Filip Olov Öhman,2008-01-26,711,BK Häcken,56,Allsvenskan,,,,
75452,2026-01-01,Kaye Furo Tamuno Iyowuna -, Kaye Furo Tamuno Iyowuna,2007-02-06,231,Club Brugge KV,4,Pro League,,,,
75454,2026-01-01,Kavian Rahmani -, Kavian Rahmani,2006-12-29,112224,Melbourne City FC,351,A-League Men,,,,
75457,2026-01-01,Quentin Benaets -, Quentin Benaets,2003-08-26,670,Royal Charleroi Sporting Club,4,Pro League,,,,
75462,2026-01-01,Keyan Varela -, Keyan Anderson Pereira Varela,2006-04-26,324,Servette FC,189,Super League,,,,
75472,2026-01-01,Bassam Abdullah Ali Dahash Hazazi -,Bassam Abdullah Ali Dahash Hazaziبسام عبدالله هزازي,2005-03-29,112139,Al Nassr,350,Pro League,,,,
75476,2026-01-01,Marwin Reiner Ian Schmitz -, Marwin Reiner Ian Schmitz,2007-01-07,110329,FC St. Pauli,19,Bundesliga,,,,
75478,2026-01-01,Luca Constantin Băsceanu -, Luca Constantin Băsceanu,2006-05-17,308,Universitatea Craiova,330,Liga I,,,,
75485,2026-01-01,Ashqar Ahmed -, Ashqar Ahmed,2007-08-31,1793,Reading FC,60,League One,,,,
75489,2026-01-01,Amjad Ali Haraj -,Amjad Ali Harajامجد علي حراج,2007-01-16,111674,Al Shabab,350,Pro League,,,,
75490,2026-01-01,Emad Qaysi -,Emad Qaysiعماد قيسي,2006-12-30,111674,Al Shabab,350,Pro League,,,,
75498,2026-01-01,Konstantin Schopp -, Konstantin Schopp,2005-12-30,169,1. FSV Mainz 05,19,Bundesliga,,,,
75499,2026-01-01,Dominik Pech -, Dominik Pech,2006-09-04,900,BSC Young Boys,189,Super League,,,,
75501,2026-01-01,Salko Hamzić -, Salko Hamzić,2006-09-17,191,FC Red Bull Salzburg,80,Bundesliga,,,,
75502,2026-01-01,Papa Dame Ba -, Papa Dame Ba,2004-04-19,110062,Girona FC,53,La Liga,,,,
75510,2026-01-01,Ryan White -, Ryan White,2005-08-16,111393,Adelaide United,351,A-League Men,,,,
75513,2026-01-01,Will Patrick Jardine Kennedy -, Will Patrick Jardine Kennedy,2005-02-14,111396,Central Coast Mariners,351,A-League Men,,,,
75514,2026-01-01,Ryan Doherty -, Ryan Doherty,2008-08-26,361,Stevenage,60,League One,,,,
75516,2026-01-01,Elijah Dijkstra -, Elijah Dijkstra,2006-08-05,1906,AZ Alkmaar,10,Eredivisie,,,,
75518,2026-01-01,Willy Tomás Chatiliez -, Willy Tomás Chatiliez,2005-03-26,110839,SD Huesca,54,La Liga 2,,,,
75519,2026-01-01,Ro-Zangelo Daal -, Ro-Zangelo Daal,2004-02-10,1906,AZ Alkmaar,10,Eredivisie,,,,
75524,2026-01-01,Yannick Bettkober -, Yannick Bettkober,2005-03-18,322,Grasshopper Club Zürich,189,Super League,,,,
75526,2026-01-01,Felix Emmanuel Tsimba -, Felix Emmanuel Tsimba,2006-06-22,900,BSC Young Boys,189,Super League,,,,
75527,2026-01-01,Markuss Strods -, Markuss Strods,2006-10-05,305,Bohemian FC,65,Premier Division,,,,
75528,2026-01-01,Jan Jakub Faberski -, Jan Jakub Faberski,2006-04-22,1914,PEC Zwolle,10,Eredivisie,,,,
75529,2026-01-01,Alejandro Vergaz -, Alejandro Vergaz Lozano,2006-04-13,112391,Al Qadsiah FC,350,Pro League,,,,
75532,2026-01-01,Berkay Öztürk -, Berkay Öztürk,2005-03-23,111239,FC Ingolstadt 04,2076,3. Liga,,,,
75533,2026-01-01,Kerim-Sam Alajbegović -, Kerim-Sam Alajbegović,2007-09-21,191,FC Red Bull Salzburg,80,Bundesliga,,,,
75534,2026-01-01,Gourab Shaw -, Gourab Shaw,2004-05-04,111629,East Bengal FC,2149,Super League,,,,
75535,2026-01-01,Aymen Sliti -, Aymen Sliti,2006-03-24,246,Feyenoord,10,Eredivisie,,,,
75539,2026-01-01,Nathaniel Edwards -, Nathaniel Edwards,2002-10-18,111651,Toronto FC,39,Major League Soccer,,,,
75540,2026-01-01,Jose Carlos Mercado -, Jose Carlos Mercado,1999-09-27,112606,Orlando City SC,39,Major League Soccer,,,,
75541,2026-01-01,Mohammed Sofo -, Mohammed Sofo,2004-11-30,689,New York Red Bulls,39,Major League Soccer,,,,
75558,2026-01-01,Tommaso Rubino -, Tommaso Rubino,2006-11-10,112493,Carrarese,32,Serie B,,,,
75561,2026-01-01,Prachit Gaonkar -, Prachit Gaonkar,2006-05-13,113298,FC Goa,2149,Super League,,,,
75565,2026-01-01,Ramón Martínez -, Ramón Martínez Gil,2002-10-22,481,Sevilla FC,53,La Liga,,,,
75567,2026-01-01,Monedero -, Marc Monedero Sánchez,2005-01-16,10846,Burgos CF,54,La Liga 2,,,,
75568,2026-01-01,Albert -, Albert Constantin Niculăesei Plesca,2008-03-25,468,Elche CF,53,La Liga,,,,
75570,2026-01-01,Pierre Erik Simon Sjöholm -, Pierre Erik Simon Sjöholm,2006-04-10,111594,GAIS,56,Allsvenskan,,,,
75572,2026-01-01,Fortea -, Jesús Fortea Tejedo,2007-03-26,243,Real Madrid,53,La Liga,,,,
75573,2026-01-01,Andrej Vasović -, Andrej Vasović,2007-10-14,897,FC Luzern,189,Super League,,,,
75577,2026-01-01,Jahmai Simpson-Pusey -, Jahmai Simpson-Pusey,2005-11-04,78,Celtic,50,Premiership,,,,
75586,2026-01-01,Christopher Conlon -, Christopher Conlon,2007-04-21,305,Bohemian FC,65,Premier Division,,,,
75592,2026-01-01,Leon Tasov -,Leon TasovЛеон Ташов,2004-11-13,531,SC Preußen Münster,20,2. Bundesliga,,,,
75598,2026-01-01,Mohamed Kader Meïté -, Mohamed Kader Meïté,2007-10-11,74,Stade Rennais FC,16,Ligue 1,,,,
75602,2026-01-01,Niels Martens -, Niels Martens,2004-05-07,634,Fortuna Sittard,10,Eredivisie,,,,
75603,2026-01-01,Zépiqueno Redmond -, Zépiqueno Redmond,2006-06-22,1939,Huddersfield Town,60,League One,,,,
75605,2026-01-01,Asencio -, Raúl Asencio del Rosario,2003-02-13,243,Real Madrid,53,La Liga,,,,
75611,2026-01-01,Kevin Andrés Cuesta Rodríguez -, Kevin Andrés Cuesta Rodríguez,2000-04-16,101106,Once Caldas,336,Categoría Primera A,,,,
75612,2026-01-01,Yojan Garcés -, Yojan Garcés,2006-05-27,101099,América de Cali,336,Categoría Primera A,,,,
75614,2026-01-01,Bayron David Duarte Duarte -, Bayron David Duarte Duarte,2003-02-23,112992,Atlético Bucaramanga,336,Categoría Primera A,,,,
75615,2026-01-01,Gilles De Meyer -, Gilles De Meyer,2006-09-17,674,KAA Gent,4,Pro League,,,,
75618,2026-01-01,Aldair Enrique Zárate Palma -, Aldair Enrique Zárate Palma,1999-02-22,112992,Atlético Bucaramanga,336,Categoría Primera A,,,,
75627,2026-01-01,Adrian Cristian Dragoș -, Adrian Cristian Dragoș,2007-08-09,110750,UTA Arad,330,Liga I,,,,
75628,2026-01-01,Fer López -, Fernando López González,2004-05-24,110,Wolverhampton Wanderers,13,Premier League,,,,
75629,2026-01-01,Capi -, Hugo Martínez González,2006-08-23,1854,Albacete Balompié,54,La Liga 2,,,,
75632,2026-01-01,Diego Díaz -, Diego Díaz Cacho,2005-05-31,456,Racing Santander,54,La Liga 2,,,,
75634,2026-01-01,Marko Perovic -,Marko PerovicМарко Перовић,2006-03-05,1861,UD Almería,54,La Liga 2,,,,
75639,2026-01-01,Matthew Isaac Mark Litherland -, Matthew Isaac Mark Litherland,2005-10-31,3,Blackburn Rovers,14,Championship,,,,
75645,2026-01-01,Filipe Bordon -, Filipe Bordon,2005-06-24,112494,Südtirol,32,Serie B,,,,
75647,2026-01-01,Sascha Britschgi -, Sascha Britschgi,2006-08-27,50,Parma,31,Serie A,,,,
75652,2026-01-01,Ismail Ka -, Ismail Ka,2006-03-09,246,Feyenoord,10,Eredivisie,,,,
75653,2026-01-01,Agustín Alejo Ladstatter Villafañe -, Agustín Alejo Ladstatter Villafañe,2005-06-05,1013,San Lorenzo de Almagro,353,Liga Profesional de Fútbol,,,,
75654,2026-01-01,Alessandro Vogt -, Alessandro Vogt,2005-02-03,898,FC St. Gallen 1879,189,Super League,,,,
75655,2026-01-01,George Christopher Goodman -, George Christopher Goodman,2006-12-01,1804,Bradford City,60,League One,,,,
75656,2026-01-01,Rhodri Smith -, Rhodri Smith,2006-09-09,900,BSC Young Boys,189,Super League,,,,
75658,2026-01-01,Ali Maamar -,Ali Maamarعلي معمار,2005-03-23,229,RSC Anderlecht,4,Pro League,,,,
75660,2026-01-01,Samu Fernández -, Samuel Fernández Leonardo,2007-01-01,242,RC Deportivo de La Coruña,54,La Liga 2,,,,
75661,2026-01-01,Charlie David Fabian Nildén -, Charlie David Fabian Nildén,2006-12-30,111705,IF Brommapojkarna,56,Allsvenskan,,,,
75668,2026-01-01,Elton Sakarias Fischerström Opančar -, Elton Sakarias Fischerström Opančar,2007-01-02,708,Hammarby Fotboll,56,Allsvenskan,,,,
75669,2026-01-01,Wilson Elliot Lindberg Uhrström -, Wilson Elliot Lindberg Uhrström,2006-03-23,708,Hammarby Fotboll,56,Allsvenskan,,,,
75670,2026-01-01,Theo Krantz -, Theo Krantz,2006-06-14,702,IFK Norrköping,56,Allsvenskan,,,,
75671,2026-01-01,Romeo Arrhenius Leandersson -, Romeo Arrhenius Leandersson,2008-07-23,112072,Mjällby AIF,56,Allsvenskan,,,,
75678,2026-01-01,Finn Heidrich -, Finn Heidrich,2006-10-24,162,FC Energie Cottbus,2076,3. Liga,,,,
75689,2026-01-01,Terry Bondo -, Terry Bondo,2007-02-08,1926,Blackpool FC,60,League One,,,,
75690,2026-01-01,Don-Angelo Christoffel Annum-Assamoah Konadu -, Don-Angelo Christoffel Annum-Assamoah Konadu,2006-05-03,245,Ajax,10,Eredivisie,,,,
75697,2026-01-01,Mario Cantero -, Mario Cantero Mariño,2002-03-13,10846,Burgos CF,54,La Liga 2,,,,
75701,2026-01-01,Izan -, Izan Yurrieta Incera,2003-01-07,456,Racing Santander,54,La Liga 2,,,,
75707,2026-01-01,Mateo Borrell -, Mateo Borrell,2006-01-01,113060,Al Akhdoud Saudi Club,350,Pro League,,,,
75709,2026-01-01,Brandon Zacarias Oviedo -, Brandon Zacarias Oviedo,2005-01-25,110404,CA Banfield,353,Liga Profesional de Fútbol,,,,
75730,2026-01-01,Bruno Méndez Arevalo -, Bruno Méndez Arevalo,2006-12-20,110968,Bolívar,2017,División de Fútbol Profesional,,,,
75734,2026-01-01,Aladji Bamba -, Aladji Bamba,2006-07-14,69,AS Monaco,16,Ligue 1,,,,
75736,2026-01-01,Axel Tape-Kobrissa -, Axel Tape-Kobrissa,2007-08-10,32,Bayer 04 Leverkusen,19,Bundesliga,,,,
75738,2026-01-01,Krys-Anthony Madou Kouassi -, Krys-Anthony Madou Kouassi,2007-03-08,1750,Cercle Brugge KSV,4,Pro League,,,,
75739,2026-01-01,Alexis Mirbach -, Alexis Mirbach,2005-03-04,71,FC Nantes,16,Ligue 1,,,,
75740,2026-01-01,Erkin Yalcin -, Erkin Yalcin,2004-06-14,15009,SC Rheindorf Altach,80,Bundesliga,,,,
75741,2026-01-01,Massimo Pessina -, Massimo Pessina,2007-12-25,189,Bologna,31,Serie A,,,,
75745,2026-01-01,Filippo Grosso -, Filippo Grosso,2006-09-07,111657,Frosinone,32,Serie B,,,,
75747,2026-01-01,Diego Aguado -, Diego Aguado Facio,2007-02-07,243,Real Madrid,53,La Liga,,,,
75751,2026-01-01,Gonzalo Pastor -, Gonzalo Pastor Sánchez,2006-03-20,112809,Famalicão,308,Primeira Liga,,,,
75754,2026-01-01,Oskar Pietuszewski -, Oskar Pietuszewski,2008-05-20,110745,Jagiellonia Białystok,66,Ekstraklasa,,,,
75759,2026-01-01,Abdulmajeed Al Khathami -, Abdulmajeed Al Khathami,2005-03-21,112883,Al Khaleej,350,Pro League,,,,
75761,2026-01-01,Yahya Abu Dahi -, Yahya Abu Dahi,2006-03-18,113217,Damac FC,350,Pro League,,,,
75768,2026-01-01,Ruairi McConville -, Ruairi McConville,2005-05-01,1792,Norwich City,14,Championship,110081,Northern Ireland,78,Friendly International
75774,2026-01-01,Marcus Etherington -, Marcus Etherington,2006-09-11,112222,Harrogate Town,61,League Two,,,,
75776,2026-01-01,Davis Opoku -, Davis Opoku,2007-10-29,100087,Oud-Heverlee Leuven,4,Pro League,,,,
75777,2026-01-01,Maxime Dubosson -, Maxime Dubosson,2004-11-24,110770,FC Sion,189,Super League,,,,
75782,2026-01-01,Eliot Bujupi -, Eliot Bujupi,2006-07-03,681,KVC Westerlo,4,Pro League,,,,
75784,2026-01-01,Davide-Danilo Sekulovic -, Davide-Danilo Sekulovic,2004-09-11,111239,FC Ingolstadt 04,2076,3. Liga,,,,
75786,2026-01-01,Denis Alberto Ionuț Țăroi -, Denis Alberto Ionuț Țăroi,2008-04-06,110750,UTA Arad,330,Liga I,,,,
75787,2026-01-01,Precious Joel Uche-Chukwu Ugwu -, Precious Joel Uche-Chukwu Ugwu,2006-02-08,645,FC Volendam,10,Eredivisie,,,,
75790,2026-01-01,Rasmus Niklasson Petrovic -, Rasmus Niklasson Petrovic,2003-05-17,111594,GAIS,56,Allsvenskan,,,,
75793,2026-01-01,Damián Leandro Fernández -, Damián Leandro Fernández,2003-04-28,110580,Rosario Central,353,Liga Profesional de Fútbol,,,,
75794,2026-01-01,Ville Tikkanen -, Ville Tikkanen,1999-08-08,100325,HJK Helsinki,322,Veikkausliiga,,,,
75795,2026-01-01,Jere Kallinen -, Jere Kallinen,2002-01-10,100325,HJK Helsinki,322,Veikkausliiga,,,,
75796,2026-01-01,Joshua Laqeretabua -, Joshua Laqeretabua,2005-09-26,89,Charlton Athletic,14,Championship,,,,
75799,2026-01-01,Jesús Andrés Velásquez Senzano -, Jesús Andrés Velásquez Senzano,2006-09-04,110968,Bolívar,2017,División de Fútbol Profesional,,,,
75801,2026-01-01,Yeferson Mamani Pantoja -, Yeferson Mamani Pantoja,2005-05-10,110968,Bolívar,2017,División de Fútbol Profesional,,,,
75802,2026-01-01,Diego Junior Arroyo Maldonado -, Diego Junior Arroyo Maldonado,2005-04-29,101059,Shakhtar Donetsk,332,Premier League,,,,
75806,2026-01-01,Jordan Farr -, Jordan Farr,1994-10-05,688,DC United,39,Major League Soccer,,,,
75810,2026-01-01,Amil Siljevic -,Amil SiljevicАмил Шиљевић,2007-01-19,1824,Eintracht Frankfurt,19,Bundesliga,,,,
75811,2026-01-01,Amadou Cissé -, Amadou Cissé,2006-02-27,1739,Le Mans FC,17,Ligue 2,,,,
75816,2026-01-01,Paul Peters Reverson -, Paul Peters Reverson,2005-06-20,245,Ajax,10,Eredivisie,,,,
75819,2026-01-01,Jacopo Bacci -, Jacopo Bacci,2005-06-19,110912,Calcio Padova,32,Serie B,,,,
75825,2026-01-01,Christian Zawieschitzky -, Christian Zawieschitzky,2007-05-02,191,FC Red Bull Salzburg,80,Bundesliga,,,,
75831,2026-01-01,Lorenzo -, Lorenzo Aguado Herrera,2002-09-19,1854,Albacete Balompié,54,La Liga 2,,,,
75832,2026-01-01,Jovial Dias -, Jovial Dias,2003-04-20,113298,FC Goa,2149,Super League,,,,
75838,2026-01-01,David van der Werff -, David van der Werff,2004-08-31,1915,FC Groningen,10,Eredivisie,,,,
75839,2026-01-01,Benjamin George Winterburn -, Benjamin George Winterburn,2004-09-04,135,Barnet,61,League Two,,,,
75842,2026-01-01,Ezra Mayers -, Ezra Mayers,2007-01-16,19,West Ham United,13,Premier League,,,,
75843,2026-01-01,Jay-David Mbalanda Nziang -, Jay-David Mbalanda Nziang,2007-05-03,680,Sint-Truidense VV,4,Pro League,,,,
75856,2026-01-01,Emir Tuğra Turhan -, Emir Tuğra Turhan,2007-08-09,101014,Medipol Başakşehir FK,68,Süper Lig,,,,
75866,2026-01-01,Maxime Blé -, Maxime Blé,2002-07-26,58,Sporting Club Bastia,17,Ligue 2,,,,
75874,2026-01-01,Victor Amancio Rojas Marín -, Victor Amancio Rojas Marín,2005-02-01,111008,Libertad,337,División Profesional,,,,
75876,2026-01-01,Harry Webster -, Harry Webster,2006-09-08,1802,Gillingham,61,League Two,,,,
75883,2026-01-01,Kaan Akyazı -, Kaan Akyazı,2005-08-27,101033,Konyaspor,68,Süper Lig,,,,
75884,2026-01-01,Kerem Kayaarası -, Kerem Kayaarası,2006-03-18,741,Antalyaspor,68,Süper Lig,,,,
75894,2026-01-01,Nick Verschuren -, Nick Verschuren,2005-01-13,645,FC Volendam,10,Eredivisie,,,,
75895,2026-01-01,Dimitrios Kottas -,Dimitrios KottasΔημήτριος Κωττάς,2005-01-14,393,PAOK,63,Super League,,,,
75896,2026-01-01,Juan Sebastián Rodríguez López -, Juan Sebastián Rodríguez López,2006-03-27,112516,CD Tondela,308,Primeira Liga,,,,
75899,2026-01-01,Efe Berat Törüz -, Efe Berat Törüz,2006-09-08,748,Samsunspor,68,Süper Lig,,,,
75904,2026-01-01,Egemen Aydın -, Egemen Aydın,2007-05-12,101033,Konyaspor,68,Süper Lig,,,,
75905,2026-01-01,Muzaffer Utku Eriş -, Muzaffer Utku Eriş,2006-07-19,101033,Konyaspor,68,Süper Lig,,,,
75910,2026-01-01,Kayra Cihan -, Kayra Cihan,2007-09-30,101020,Kayserispor,68,Süper Lig,,,,
75916,2026-01-01,Arlo Ricky Hugh Doherty -, Arlo Ricky Hugh Doherty,2003-09-08,445,Derry City,65,Premier Division,,,,
75919,2026-01-01,Pyry Mentu -, Pyry Mentu,2006-11-01,100325,HJK Helsinki,322,Veikkausliiga,,,,
75920,2026-01-01,Daniel Gryzio -, Daniel Gryzio,2007-09-06,301,Widzew Łódź,66,Ekstraklasa,,,,
75923,2026-01-01,Gonzalo Alejandro Tapia Pérez -, Gonzalo Alejandro Tapia Pérez,1996-02-24,111328,CD Palestino,335,Primera Division,,,,
75924,2026-01-01,Jules Stawiecki -, Jules Stawiecki,2007-04-10,69,AS Monaco,16,Ligue 1,,,,
75930,2026-01-01,Ammar Ali Al Hudaybi -,Ammar Ali Al Hudaybiعمار الهديبي,2006-12-27,112390,Al Fateh,350,Pro League,,,,
75931,2026-01-01,Juan Díaz -, Juan Díaz Peregrina,2006-05-24,1968,Cádiz CF,54,La Liga 2,,,,
75935,2026-01-01,Sergi Torner -, Sergi Torner Rosell,2004-01-08,100852,CD Castellón,54,La Liga 2,,,,
75936,2026-01-01,Mariezkurrena -, Arkaitz Mariezkurrena Etxezarreta,2005-04-05,110711,Real Sociedad de Fútbol B,54,La Liga 2,,,,
75943,2026-01-01,David Vujević -, David Vujević,2006-10-20,894,FC Zürich,189,Super League,,,,
75944,2026-01-01,Isaiah Tobechukwu Okafor -, Isaiah Tobechukwu Okafor,2005-04-22,894,FC Zürich,189,Super League,,,,
75945,2026-01-01,Steeven David Assengue Essola -, Steeven David Assengue Essola,2005-06-14,232,Standard de Liège,4,Pro League,,,,
75946,2026-01-01,Rafik El Arguioui -,Rafik El Arguiouiرفيق العرقيوي,2005-07-31,1903,FC Utrecht,10,Eredivisie,,,,
75948,2026-01-01,Harley Paul O'Grady-Macken -, Harley Paul O'Grady-Macken,2004-12-09,1920,Oldham Athletic,61,League Two,,,,
75949,2026-01-01,Dion Ajvazi -, Dion Ajvazi,2004-02-10,166,Hertha BSC,20,2. Bundesliga,,,,
75950,2026-01-01,Mateo Schwartz -, Mateo Schwartz,2004-06-25,111020,Independiente Rivadavia,353,Liga Profesional de Fútbol,,,,
75951,2026-01-01,Efe Korkut Martín -, Efe Korkut Martín,2006-06-23,110697,VfB Stuttgart II,2076,3. Liga,,,,
75952,2026-01-01,Fiete Bock -, Fiete Bock,2007-09-23,27,FC Hansa Rostock,2076,3. Liga,,,,
75959,2026-01-01,Jefry Arley Zapata Ramírez -, Jefry Arley Zapata Ramírez,2000-02-03,101106,Once Caldas,336,Categoría Primera A,,,,
75962,2026-01-01,Jason Healy -, Jason Healy,2006-03-06,753,Waterford FC,65,Premier Division,,,,
75964,2026-01-01,Misael Alejandro Sosa -, Misael Alejandro Sosa,2002-01-28,111706,Godoy Cruz,353,Liga Profesional de Fútbol,,,,
75965,2026-01-01,Lima Joseph Mangondo -, Lima Joseph Mangondo,2005-08-06,68,FC Metz,16,Ligue 1,,,,
75978,2026-01-01,Adrian Briciu -, Adrian Briciu,2007-08-17,310,Rapid Bucuresti,330,Liga I,,,,
75984,2026-01-01,Ștefan Cristian Ciupercă -, Ștefan Cristian Ciupercă,2005-05-12,131459,Unirea Slobozia,330,Liga I,,,,
75998,2026-01-01,Dawid Rychta -, Dawid Rychta,2006-03-04,111086,Piast Gliwice,66,Ekstraklasa,,,,
76006,2026-01-01,Adam Matysek -, Adam Matysek,2007-05-30,110749,Zagłębie Lubin,66,Ekstraklasa,,,,
76012,2026-01-01,Vladyslav Krapyvtsov -,Vladyslav KrapyvtsovКрапивцов Владислав Андрійович,2005-06-25,110062,Girona FC,53,La Liga,,,,
76016,2026-01-01,Benoný Breki Andrésson -, Benoný Breki Andrésson,2005-10-03,1931,Stockport County,60,League One,,,,
76025,2026-01-01,Thomas Campaniello -, Thomas Campaniello,2008-02-29,1746,Empoli,32,Serie B,,,,
76026,2026-01-01,Nicolas Trabucchi -, Nicolas Trabucchi,2007-08-17,50,Parma,31,Serie A,,,,
76027,2026-01-01,Sergiu Perciun -, Sergiu Perciun,2006-04-23,54,Torino,31,Serie A,,,,
76031,2026-01-01,Niklas Swider -, Niklas Swider,2007-01-05,23,Borussia Mönchengladbach,19,Bundesliga,,,,
76033,2026-01-01,Noah Phil Pesch -, Noah Phil Pesch,2005-05-18,110588,1. FC Magdeburg,20,2. Bundesliga,,,,
76034,2026-01-01,Bernard Nguene -, Bernard Nguene,2006-08-04,72,OGC Nice,16,Ligue 1,,,,
76035,2026-01-01,Raphaël Le Guen -, Raphaël Le Guen,2006-09-01,378,Stade Brestois 29,16,Ligue 1,,,,
76040,2026-01-01,Aymeric Faurand-Tournaire -, Aymeric Faurand-Tournaire,2004-04-14,1814,Stade Lavallois Mayenne FC,17,Ligue 2,,,,
76042,2026-01-01,Víctor Muñoz -, Víctor Muñoz Villanueva,2003-07-13,479,CA Osasuna,53,La Liga,,,,
76043,2026-01-01,Álvaro Miguel García Pascual -, Álvaro Miguel García Pascual,2002-01-01,1968,Cádiz CF,54,La Liga 2,,,,
76053,2026-01-01,Henry Cartwright -, Henry Cartwright,2004-12-11,79,Falkirk,50,Premiership,,,,
76058,2026-01-01,Romeo Aigbekaen -, Romeo Aigbekaen,2004-06-22,110329,FC St. Pauli,19,Bundesliga,,,,
76062,2026-01-01,Paul Hennrich -, Paul Hennrich,2005-03-06,110685,TSG 1899 Hoffenheim II,2076,3. Liga,,,,
76064,2026-01-01,Facundo Di Biasi -, Facundo Di Biasi,2005-06-22,101084,Gimnasia y Esgrima La Plata,353,Liga Profesional de Fútbol,,,,
76065,2026-01-01,Silas Joel Prüfrock -, Silas Joel Prüfrock,2005-01-25,165,SpVgg Greuther Fürth,20,2. Bundesliga,,,,
76066,2026-01-01,Jakob Engel -, Jakob Engel,2006-03-30,165,SpVgg Greuther Fürth,20,2. Bundesliga,,,,
76070,2026-01-01,Luca Regiardo -, Luca Regiardo,2006-10-23,110396,Newell's Old Boys,353,Liga Profesional de Fútbol,,,,
76072,2026-01-01,Iván Alexander Guaraz -, Iván Alexander Guaraz,2005-03-11,113044,Barracas Central,353,Liga Profesional de Fútbol,,,,
76085,2026-01-01,Djayson Mendes -, Djayson Eduardo Cardoso Mendes,2004-03-15,110532,SV Waldhof Mannheim,2076,3. Liga,,,,
76086,2026-01-01,Henrique Arreiol -, Henrique Miguel Sousa Arreiol,2005-06-21,1871,Legia Warszawa,66,Ekstraklasa,,,,
76087,2026-01-01,Mirza Ćatović -,Mirza ĆatovićМирза Ћатовић,2007-05-01,36,VfB Stuttgart,19,Bundesliga,,,,
76094,2026-01-01,Theo Hennessy -, Theo Hennessy,2007-01-01,1572,Drogheda United,65,Premier Division,,,,
76097,2026-01-01,Emmanuel Uchenna Aririerisim -, Emmanuel Uchenna Aririerisim,2003-12-04,267,Sparta Praha,319,První liga,,,,
76098,2026-01-01,David Moses -, David Moses,2004-01-20,266,SK Slavia Praha,319,První liga,,,,
76105,2026-01-01,César Garza Cantú -, César Garza Cantú,2005-07-01,180,Dundee FC,50,Premiership,,,,
76106,2026-01-01,David Zec -, David Zec,2000-01-05,576,Holstein Kiel,20,2. Bundesliga,,,,
76108,2026-01-01,Mohamed Sanogo -, Mohamed Sanogo,2003-11-02,252,LASK Linz,80,Bundesliga,,,,
76111,2026-01-01,Patrice Čović -, Patrice Čović,2007-06-25,38,SV Werder Bremen,19,Bundesliga,,,,
76116,2026-01-01,Aaron Bouwman -, Aaron Bouwman,2007-08-28,245,Ajax,10,Eredivisie,,,,
76117,2026-01-01,Luke Joseph Brooke-Smith -, Luke Joseph Brooke-Smith,2008-06-06,111766,Wellington Phoenix,351,A-League Men,,,,
76119,2026-01-01,Bogdan Marian -, Bogdan Marian,2004-12-04,110078,Asociația Clubul Sportiv Petrolul 52,330,Liga I,,,,
76121,2026-01-01,Elia Plicco -, Elia Plicco,2007-02-01,50,Parma,31,Serie A,,,,
76122,2026-01-01,Lukas Michelbrink -, Lukas Michelbrink,2005-04-15,162,FC Energie Cottbus,2076,3. Liga,,,,
76125,2026-01-01,Colby Donovan -, Colby Donovan,2006-09-07,78,Celtic,50,Premiership,,,,
76132,2026-01-01,Mohamed Yassine Azzouz -,Mohamed Yassine Azzouzمحمد ياسين عزوز,2007-05-17,100087,Oud-Heverlee Leuven,4,Pro League,,,,
76133,2026-01-01,David Mokwa Ngabi Ntusu -, David Mokwa Ngabi Ntusu,2004-05-03,10029,TSG 1899 Hoffenheim,19,Bundesliga,,,,
76134,2026-01-01,Sebastián Rodrigo Salas Aránguiz -, Sebastián Rodrigo Salas Aránguiz,2001-04-26,111328,CD Palestino,335,Primera Division,,,,
76135,2026-01-01,Robin Bouw -, Robin Bouw,2006-04-24,1913,SC Heerenveen,10,Eredivisie,,,,
76137,2026-01-01,Liam Roberts -, Liam Roberts,2007-01-27,112260,Fleetwood Town,61,League Two,,,,
76138,2026-01-01,Ben Kieffer -, Ben Kieffer,2008-02-17,543,SSV Jahn Regensburg,2076,3. Liga,,,,
76150,2026-01-01,Pascal Mozie -, Pascal Mozie,2008-05-06,1871,Legia Warszawa,66,Ekstraklasa,,,,
76152,2026-01-01,Sung Ki Wan -,Ki-wan Sung성기완,2004-01-01,112115,Gangwon FC,83,K League 1,,,,
76153,2026-01-01,Siren Diao -, Siren Diao Balde,2005-01-21,110915,Cesena FC,32,Serie B,,,,
76160,2026-01-01,Jung Seung Bin -,Seung-bin Jung정승빈,2006-07-03,112115,Gangwon FC,83,K League 1,,,,
76167,2026-01-01,Christian Bracco -, Christian Bracco,2004-01-29,111398,Newcastle Jets,351,A-League Men,,,,
76171,2026-01-01,Jonas Harder -, Jonas Harder,2005-09-30,110912,Calcio Padova,32,Serie B,,,,
76172,2026-01-01,Lorenzo Venturino -, Lorenzo Venturino,2006-06-22,110556,Genoa,31,Serie A,,,,
76178,2026-01-01,Alessandro Milani -, Alessandro Milani,2005-06-14,2038,Avellino,32,Serie B,,,,
76196,2026-01-01,Ra'ees Mekhi Elijah Bangura-Williams -, Ra'ees Mekhi Elijah Bangura-Williams,2004-10-26,97,Millwall FC,14,Championship,,,,
76202,2026-01-01,Ștefan Daniel Lefter -, Ștefan Daniel Lefter,2004-11-18,110751,Universitatea Cluj,330,Liga I,,,,
76203,2026-01-01,Ollie Bostock -, Ollie Bostock,2007-02-20,109,West Bromwich Albion,14,Championship,,,,
76212,2026-01-01,Steven Healy -, Steven Healy,2004-07-01,1571,Galway United,65,Premier Division,,,,
76223,2026-01-01,Owen Eric Damilola Oseni -, Owen Eric Damilola Oseni,2003-05-07,1929,Plymouth Argyle,60,League One,,,,
76225,2026-01-01,Georgiy Tunguliyadi -,Georgiy TunguliyadiТунгулияди Георгий Христофорович,2004-10-03,718,Estrela da Amadora,308,Primeira Liga,,,,
76227,2026-01-01,Niko Galešić -, Niko Galešić,2001-03-26,211,Dinamo Zagreb,317,Hrvatska nogometna liga,,,,
76228,2026-01-01,Abdoulie Ceesay -, Abdoulie Ceesay,2004-01-05,110329,FC St. Pauli,19,Bundesliga,,,,
76229,2026-01-01,Marwan Sherif Elsayed Mohamed Badreldin -,Marwan Sherif Elsayed Mohamed Badreldinمروان شريف,1999-04-17,,,,,78,Friendly International,https://cdn.sofifa.net/meta/team/18544/30.png,69
76232,2026-01-01,Al Hashmi Al Hussain Mohialdin -,Al Hashmi Al Hussain Mohialdinالهاشمي الحسين محي الدين,2003-08-15,,,,,78,Friendly International,https://cdn.sofifa.net/meta/team/18544/30.png,69
76234,2026-01-01,Abdullah Sirelkhatim Abdullah Yousef -,Abdullah Sirelkhatim Abdullah Yousefعبدالله يوسف,2002-04-10,,,,,78,Friendly International,https://cdn.sofifa.net/meta/team/18544/30.png,69
76235,2026-01-01,Kim Tae Hwan -,Tae-hwan Kim김태환,2006-05-29,112115,Gangwon FC,83,K League 1,,,,
76236,2026-01-01,Lee Ji Ho -,Ji-ho Lee이지호,2002-04-16,112115,Gangwon FC,83,K League 1,,,,
76240,2026-01-01,Diego Rodrigues -, Diego Henrique Oliveira Rodrigues,2005-05-24,1896,Sporting Clube de Braga,308,Primeira Liga,,,,
76241,2026-01-01,Mohamed Khaled Ahmed Gamal Al Deen Gouda -,Mohamed Khaled Ahmed Gamal Al Deen Goudaمحمد خالد جودة,2005-01-26,,,,,78,Friendly International,https://cdn.sofifa.net/meta/team/18544/30.png,69
76244,2026-01-01,Djylian N'Guessan -, Djylian N'Guessan,2008-08-30,1819,AS Saint-Étienne,17,Ligue 2,,,,
76245,2026-01-01,Gabin Capuano -, Gabin Capuano,2006-04-26,111376,US Boulogne Cote d'Opale,17,Ligue 2,,,,
76246,2026-01-01,Hafiz Umar Ibrahim -, Hafiz Umar Ibrahim,2005-12-20,379,Stade de Reims,17,Ligue 2,,,,
76247,2026-01-01,Kilyan Jusseron-Veniere -, Kilyan Jusseron-Veniere,2006-08-18,115494,FC Annecy,17,Ligue 2,,,,
76250,2026-01-01,Max Lewis Rowe Alleyne -, Max Lewis Rowe Alleyne,2005-07-21,1795,Watford,14,Championship,,,,
76254,2026-01-01,Remy William James Rees-Dottin -, Remy William James Rees-Dottin,2006-03-06,1943,AFC Bournemouth,13,Premier League,,,,
76257,2026-01-01,Gunner Jack Elliott -, Gunner Jack Elliott,2008-07-18,1924,Chesterfield,61,League Two,,,,
76260,2026-01-01,Luke Hewitson -, Luke Hewitson,2004-10-15,112260,Fleetwood Town,61,League Two,,,,
76261,2026-01-01,Lucas Barnes -, Lucas Barnes,2007-05-17,112222,Harrogate Town,61,League Two,,,,
76263,2026-01-01,Rúben Dantas Fernandes -, Rúben Dantas Fernandes,2003-05-19,897,FC Luzern,189,Super League,,,,
76274,2026-01-01,Nikky Goguadze -,Nikky Goguadzeნიკი გოგუაძე,1998-07-15,487,VfL Osnabrück,2076,3. Liga,,,,
76282,2026-01-01,Younes Ebnoutalib -, Younes Ebnoutalib,2003-09-13,580,SV Elversberg,20,2. Bundesliga,,,,
76285,2026-01-01,Dion Versluis -, Dion Versluis,2003-02-17,1904,NAC Breda,10,Eredivisie,,,,
76286,2026-01-01,Climent -, Mario Climent Plá,2002-01-30,1968,Cádiz CF,54,La Liga 2,,,,
76289,2026-01-01,Denzel De Roeve -, Denzel De Roeve,2004-08-10,919,SK Brann,41,Eliteserien,,,,
76291,2026-01-01,Clemens Lippmann -, Clemens Lippmann,2006-06-29,33,TSV 1860 München,2076,3. Liga,,,,
76292,2026-01-01,Samuele Carella -, Samuele Carella,2006-03-15,110645,Viktoria Köln,2076,3. Liga,,,,
76294,2026-01-01,Gísli Gottskálk Þórðarson -, Gísli Gottskálk Þórðarson,2004-09-12,873,Lech Poznań,66,Ekstraklasa,,,,
76295,2026-01-01,Paul Friedrich Pöpperl -, Paul Friedrich Pöpperl,2003-02-25,34,FC Schalke 04,20,2. Bundesliga,,,,
76298,2026-01-01,Leandro Santos -, Leandro Henrique de Sousa Santos,2005-09-28,234,SL Benfica,308,Primeira Liga,,,,
76299,2026-01-01,Tim Trummer -, Tim Trummer,2005-11-10,191,FC Red Bull Salzburg,80,Bundesliga,,,,
76304,2026-01-01,Enzo Santiago Ariel Hoyos -, Enzo Santiago Ariel Hoyos,2000-05-10,112531,Deportes Iquique,335,Primera Division,,,,
76306,2026-01-01,Ashley Hay -, Ashley Hay,2003-07-10,180,Dundee FC,50,Premiership,,,,
76307,2026-01-01,Dilan Matías Rojas Barrientos -, Dilan Matías Rojas Barrientos,2004-06-04,112531,Deportes Iquique,335,Primera Division,,,,
76310,2026-01-01,Matías Eduardo Reyes Lepicheo -, Matías Eduardo Reyes Lepicheo,2004-04-05,112531,Deportes Iquique,335,Primera Division,,,,
76311,2026-01-01,Eduardo -, Eduardo Jacinto de Biasi,1997-01-09,112555,FC Anyang,83,K League 1,,,,
76313,2026-01-01,Pedrinho -, Pedro Antonio Pimentel Ferreira,2002-02-20,1478,Jeju United FC,83,K League 1,,,,
76315,2026-01-01,Steve Kingue -, Steve Kingue,2000-01-23,111088,Radomiak Radom,66,Ekstraklasa,,,,
76335,2026-01-01,Ben Hawighorst -, Ben Hawighorst,2008-03-01,32,Bayer 04 Leverkusen,19,Bundesliga,,,,
76337,2026-01-01,Leon Klanac -, Leon Klanac,2007-03-01,21,FC Bayern München,19,Bundesliga,,,,
76338,2026-01-01,Jemiah Khan Umolu -, Jemiah Khan Umolu,2005-10-28,112764,Bromley,61,League Two,,,,
76339,2026-01-01,Mateo Castillo Márquez -, Mateo Castillo Márquez,2003-03-15,101099,América de Cali,336,Categoría Primera A,,,,
76379,2026-01-01,Jang Jung Woo -,Jung-woo Jang장정우,2004-11-09,112555,FC Anyang,83,K League 1,,,,
76380,2026-01-01,Kim Ji Hoon -,Ji-hun Kim김지훈,2004-10-14,112555,FC Anyang,83,K League 1,,,,
76386,2026-01-01,Hong Sung Min -,Sung-min Hong홍성민,2006-09-24,1474,Pohang Steelers,83,K League 1,,,,
76387,2026-01-01,Baek Seung Won -,Seung-won Baek백승원,2006-02-15,1474,Pohang Steelers,83,K League 1,,,,
76389,2026-01-01,Cho Sang Hyeok -,Sang-hyeok Cho조상혁,2004-01-23,1474,Pohang Steelers,83,K League 1,,,,
76390,2026-01-01,Hong Ji Woo -,Ji-woo Hong홍지우,2003-04-17,1474,Pohang Steelers,83,K League 1,,,,
76391,2026-01-01,Kang Min Jun -,Min-jun Kang강민준,2003-04-08,1474,Pohang Steelers,83,K League 1,,,,
76392,2026-01-01,Cha Jun Young -,Jun-young Cha차준영,2004-05-10,1474,Pohang Steelers,83,K League 1,,,,
76393,2026-01-01,Lee Heon Jae -,Heon-jae Lee이헌재,2006-03-23,1474,Pohang Steelers,83,K League 1,,,,
76394,2026-01-01,Lee Chang Woo -,Chang-woo Lee이창우,2006-03-12,1474,Pohang Steelers,83,K League 1,,,,
76395,2026-01-01,Han Hyeon Seo -,Hyeon-seo Han한현서,2004-01-02,1474,Pohang Steelers,83,K League 1,,,,
76396,2026-01-01,Andrea Natali -, Andrea Natali,2008-01-28,1906,AZ Alkmaar,10,Eredivisie,,,,
76398,2026-01-01,Diego Gabriel Chávez -, Diego Gabriel Chávez,1997-09-24,112992,Atlético Bucaramanga,336,Categoría Primera A,,,,
76402,2026-01-01,Diego Salvatore Perri -, Diego Salvatore Perri,2007-09-20,110645,Viktoria Köln,2076,3. Liga,,,,
76403,2026-01-01,Luis Ángel Palacios Mena -, Luis Ángel Palacios Mena,2001-04-10,101106,Once Caldas,336,Categoría Primera A,,,,
76408,2026-01-01,Gašper Tratnik -, Gašper Tratnik,2000-01-04,111097,Motor Lublin,66,Ekstraklasa,,,,
76409,2026-01-01,Bright Ede -, Bright Ede,2007-02-18,111097,Motor Lublin,66,Ekstraklasa,,,,
76410,2026-01-01,Robinio Vaz -, Robinio Vaz,2007-02-17,219,Olympique de Marseille,16,Ligue 1,,,,
76411,2026-01-01,Idrissa Guèye -, Idrissa Guèye,2006-09-16,55,Udinese,31,Serie A,,,,
76413,2026-01-01,Kaius Simojoki -, Kaius Simojoki,2006-03-21,100325,HJK Helsinki,322,Veikkausliiga,,,,
76414,2026-01-01,Ville Vuorinen -, Ville Vuorinen,2005-02-21,100325,HJK Helsinki,322,Veikkausliiga,,,,
76415,2026-01-01,Diego González -, Diego González Presencio,2006-01-21,10846,Burgos CF,54,La Liga 2,,,,
76416,2026-01-01,Christian Michel Kofane -, Christian Michel Kofane,2006-07-26,32,Bayer 04 Leverkusen,19,Bundesliga,,,,
76417,2026-01-01,Samu Cortés -, Samuel Cruz Cortés Cortés,2006-01-01,110832,Granada CF,54,La Liga 2,,,,
76418,2026-01-01,Gael Joel -, Gael Joel Akogo Esono Nchama,2003-12-21,110832,Granada CF,54,La Liga 2,,,,
76419,2026-01-01,Charlie Lyons -, Charlie Lyons,2000-05-26,422,Cork City,65,Premier Division,,,,
76420,2026-01-01,Germán García -, Germán García Fernández,2004-02-01,449,Real Betis Balompié,53,La Liga,,,,
76427,2026-01-01,Darius Gabriel Fălcușan -, Darius Gabriel Fălcușan,2006-02-14,308,Universitatea Craiova,330,Liga I,,,,
76444,2026-01-01,Hindolo Thomas Eric Mustapha -, Hindolo Thomas Eric Mustapha,2006-07-29,171,1. FC Nürnberg,20,2. Bundesliga,,,,
76445,2026-01-01,Ezekiel Alladoh -, Ezekiel Alladoh,2005-09-13,111705,IF Brommapojkarna,56,Allsvenskan,,,,
76449,2026-01-01,Hiroki Sekine -,Hiroki Sekine関根 大輝,2002-08-11,379,Stade de Reims,17,Ligue 2,,,,
76452,2026-01-01,Berkay Topdemir -, Berkay Topdemir,2007-01-01,741,Antalyaspor,68,Süper Lig,,,,
76453,2026-01-01,Ashton J'Kingston Gordon -, Ashton J'Kingston Gordon,2007-04-14,112885,Atlanta United,39,Major League Soccer,,,,
76454,2026-01-01,William James Reilly -, William James Reilly,2002-12-13,112885,Atlanta United,39,Major League Soccer,,,,
76455,2026-01-01,Bruno Joaquín Hernández Álvarez -, Bruno Joaquín Hernández Álvarez,2004-09-17,115536,Cerro Largo,338,Primera División,,,,
76456,2026-01-01,Franco Andrés Rossi Donazar -, Franco Andrés Rossi Donazar,2002-06-26,115536,Cerro Largo,338,Primera División,,,,
76457,2026-01-01,Federico Pintado Núñez -, Federico Pintado Núñez,2001-05-18,115536,Cerro Largo,338,Primera División,,,,
76459,2026-01-01,Federico Gabriel Losas -, Federico Gabriel Losas,2002-03-28,112689,Platense,353,Liga Profesional de Fútbol,,,,
76461,2026-01-01,Michele Šego -, Michele Šego,2000-08-05,263,Hajduk Split,317,Hrvatska nogometna liga,,,,
76469,2026-01-01,Martín Río -, Martín Río,2001-03-14,110404,CA Banfield,353,Liga Profesional de Fútbol,,,,
76470,2026-01-01,Emmanuel Ojukwu -, Emmanuel Ojukwu,2004-06-13,2017,TSV Hartberg,80,Bundesliga,,,,
76472,2026-01-01,Thomas Turner -, Thomas Turner,1998-03-03,110720,Blau-Weiß Linz,80,Bundesliga,,,,
76473,2026-01-01,Nick Dobben -, Nick Dobben,2008-05-17,1914,PEC Zwolle,10,Eredivisie,,,,
76477,2026-01-01,Fidel Brice Ambina -, Fidel Brice Ambina,2001-11-17,920,Vålerenga Fotball,41,Eliteserien,,,,
76478,2026-01-01,Carl Lange -, Carl Lange,1998-10-07,920,Vålerenga Fotball,41,Eliteserien,,,,
76480,2026-01-01,Juan Manuel Villalba -, Juan Manuel Villalba,2006-03-15,101084,Gimnasia y Esgrima La Plata,353,Liga Profesional de Fútbol,,,,
76486,2026-01-01,Tomás Daniel Rossi -, Tomás Daniel Rossi,1999-04-18,111706,Godoy Cruz,353,Liga Profesional de Fútbol,,,,
76488,2026-01-01,Franco Maximiliano Amarfil -, Franco Maximiliano Amarfil,2001-11-03,111020,Independiente Rivadavia,353,Liga Profesional de Fútbol,,,,
76489,2026-01-01,Marcos Emmanuel Gómez Piñeiro -, Marcos Emmanuel Gómez Piñeiro,2004-11-23,112868,Boston River,338,Primera División,,,,
76490,2026-01-01,Ge Peng -,Ge Peng葛彭,2000-07-20,132305,Dalian Yingbo,2012,Super League,,,,
76494,2026-01-01,Huang Shan -,Huang Shan黄山,2006-03-23,132305,Dalian Yingbo,2012,Super League,,,,
76498,2026-01-01,Mao Weijie -,Mao Weijie毛伟杰,2005-05-28,132305,Dalian Yingbo,2012,Super League,,,,
76499,2026-01-01,Yang Mingrui -,Yang Mingrui杨铭锐,2007-04-05,132305,Dalian Yingbo,2012,Super League,,,,
76500,2026-01-01,Robert Ramšak -, Robert Ramšak,2006-10-18,110500,Eintracht Braunschweig,20,2. Bundesliga,,,,
76501,2026-01-01,Pablo López -, Pablo López Gómez,2006-03-27,110069,CD Mirandés,54,La Liga 2,,,,
76503,2026-01-01,Zhu Pengyu -,Zhu Pengyu朱鹏宇,2005-05-09,132305,Dalian Yingbo,2012,Super League,,,,
76505,2026-01-01,Onyebuchi Obasi -, Onyebuchi Obasi,2005-04-05,920,Vålerenga Fotball,41,Eliteserien,,,,
76506,2026-01-01,Yu Zhuowei -,Yu Zhuowei于卓威,2006-08-15,132305,Dalian Yingbo,2012,Super League,,,,
76507,2026-01-01,Martin Sherif -, Martin Sherif,2006-06-10,1797,Rotherham United,60,League One,,,,
76509,2026-01-01,Dermane Karim -, Dermane Karim,2003-12-26,217,FC Lorient,16,Ligue 1,,,,
76513,2026-01-01,Julián Andrés Bonilla Tovar -, Julián Andrés Bonilla Tovar,1996-11-21,110072,Oțelul Galați,330,Liga I,,,,
76519,2026-01-01,Paul Love Arrhov -, Paul Love Arrhov,2008-05-17,111705,IF Brommapojkarna,56,Allsvenskan,,,,
76521,2026-01-01,Oskar Nils Cotton -, Oskar Nils Cotton,2006-02-18,111705,IF Brommapojkarna,56,Allsvenskan,,,,
76522,2026-01-01,Sion Oppong -, Sion Oppong,2007-09-25,111705,IF Brommapojkarna,56,Allsvenskan,,,,
76524,2026-01-01,Jan Franc Lucumi González -, Jan Franc Lucumi González,2004-02-11,101099,América de Cali,336,Categoría Primera A,,,,
76525,2026-01-01,José Daniel García Aragón -, José Daniel García Aragón,2003-06-14,112992,Atlético Bucaramanga,336,Categoría Primera A,,,,
76536,2026-01-01,Neo Joshua Telle -, Neo Joshua Telle,2005-04-24,31,1. FC Köln,19,Bundesliga,,,,
76537,2026-01-01,João Paulo -, João Paulino Moreira Fernandes,1998-05-26,110072,Oțelul Galați,330,Liga I,,,,
76540,2026-01-01,Giacomo De Pieri -, Giacomo De Pieri,2006-12-29,112124,SS Juve Stabia,32,Serie B,,,,
76546,2026-01-01,Sergio Viera -, Sergio Viera Garcia,2005-05-08,472,UD Las Palmas,54,La Liga 2,,,,
76553,2026-01-01,Denis Husser -, Denis Husser,2007-09-19,485,Hannover 96,20,2. Bundesliga,,,,
76563,2026-01-01,Hussain Ali Al Sultan -, Hussain Ali Al Sultan,2004-03-09,112883,Al Khaleej,350,Pro League,,,,
76566,2026-01-01,George Munday -, George Munday,2006-12-10,1944,Cambridge United,61,League Two,,,,
76567,2026-01-01,Nacho Miras -, Ignacio Miras Blanco,1997-07-19,110724,KV Mechelen,4,Pro League,,,,
76568,2026-01-01,Keano Giovanni Vanrafelghem -, Keano Giovanni Vanrafelghem,2003-08-02,110724,KV Mechelen,4,Pro League,,,,
76570,2026-01-01,Keisuke Goto -,Keisuke Goto後藤 啓介,2005-06-03,680,Sint-Truidense VV,4,Pro League,,,,
76571,2026-01-01,Oyindamola Oluwatobi Peter Ajayi -, Oyindamola Oluwatobi Peter Ajayi,2005-12-27,142,Doncaster Rovers,60,League One,,,,
76575,2026-01-01,Ethan Williams -, Ethan Williams,2005-11-14,79,Falkirk,50,Premiership,,,,
76579,2026-01-01,Damienus Reverson -, Damienus Reverson,2003-10-18,894,FC Zürich,189,Super League,,,,
76593,2026-01-01,Yu Jianxian -,Yu Jianxian余鉴贤,2001-11-06,131531,Yunnan Yukun,2012,Super League,,,,
76594,2026-01-01,Lasse Faßmann -, Lasse Faßmann,2006-06-06,33,TSV 1860 München,2076,3. Liga,,,,
76595,2026-01-01,Qiu Shengjun -,Qiu Shengjun邱圣钧,2002-07-20,131531,Yunnan Yukun,2012,Super League,,,,
76596,2026-01-01,Samuel Moïse Althaus -, Samuel Moïse Althaus,2006-01-10,33,TSV 1860 München,2076,3. Liga,,,,
76597,2026-01-01,Zhang Chenliang -,Zhang Chenliang张宸梁,1998-06-26,131531,Yunnan Yukun,2012,Super League,,,,
76599,2026-01-01,Li Biao -,Li Biao李彪,1997-12-12,131531,Yunnan Yukun,2012,Super League,,,,
76602,2026-01-01,Amar Memić -, Amar Memić,2001-01-20,110468,Viktoria Plzeň,319,První liga,,,,
76603,2026-01-01,Merchas Doski -,Merchas Doskiميرخاس دوسكي، مێرخاس دۆسکی,1999-12-07,110468,Viktoria Plzeň,319,První liga,,,,
76613,2026-01-01,Tze-xuan Loke -, Tze-xuan Loke,2005-03-26,111766,Wellington Phoenix,351,A-League Men,,,,
76616,2026-01-01,Mathys Detourbet -, Mathys Detourbet,2007-04-29,294,ESTAC Troyes,17,Ligue 2,,,,
76618,2026-01-01,Kaio Eduardo -, Kaio Eduardo do Nascimento Pereira dos Santos,2005-04-29,896,FC Basel 1893,189,Super League,,,,
76621,2026-01-01,Casian Ștefan Soare -, Casian Ștefan Soare,2006-11-24,100757,Dinamo Bucureşti,330,Liga I,,,,
76624,2026-01-01,Vitor Reis -, Vitor de Oliveira Nunes dos Reis,2006-01-12,110062,Girona FC,53,La Liga,,,,
76625,2026-01-01,Rodrigo Ignacio Vásquez Navarrete -, Rodrigo Ignacio Vásquez Navarrete,2005-04-09,110977,Unión Española,335,Primera Division,,,,
76626,2026-01-01,Valentín Antonio Vidal Tapia -, Valentín Antonio Vidal Tapia,2004-05-12,110977,Unión Española,335,Primera Division,,,,
76627,2026-01-01,Lucas Martín Villalba Jaume -, Lucas Martín Villalba Jaume,2001-05-11,111325,Club Nacional de Football,338,Primera División,,,,
76628,2026-01-01,Suman Dey -, Suman Dey,2003-02-10,111629,East Bengal FC,2149,Super League,,,,
76635,2026-01-01,Igor Spiridonov -, Igor Spiridonov,1988-08-27,1523,Bryne FK,41,Eliteserien,,,,
76638,2026-01-01,Eirik Franke Saunes -, Eirik Franke Saunes,1998-09-22,1523,Bryne FK,41,Eliteserien,,,,
76639,2026-01-01,Lasse Qvigstad -, Lasse Qvigstad,2003-08-10,1523,Bryne FK,41,Eliteserien,,,,
76640,2026-01-01,Axel Kryger -, Axel Kryger,1997-10-21,113459,Kristiansund BK,41,Eliteserien,,,,
76643,2026-01-01,Mats Selmer Thornes -, Mats Selmer Thornes,2002-08-25,1523,Bryne FK,41,Eliteserien,,,,
76644,2026-01-01,Kristian Skurve Håland -, Kristian Skurve Håland,2007-04-15,1523,Bryne FK,41,Eliteserien,,,,
76645,2026-01-01,Sanel Bojadžić -, Sanel Bojadžić,1998-10-29,1523,Bryne FK,41,Eliteserien,,,,
76646,2026-01-01,Duarte Moreira -, Duarte Miguel Ramos Moreira,2001-09-29,1523,Bryne FK,41,Eliteserien,,,,
76647,2026-01-01,Sjur Torgersen Jonassen -, Sjur Torgersen Jonassen,2004-10-03,1523,Bryne FK,41,Eliteserien,,,,
76655,2026-01-01,Lorents Apold-Aasen -, Lorents Apold-Aasen,2007-05-18,920,Vålerenga Fotball,41,Eliteserien,,,,
76658,2026-01-01,Bernardo Morgado -, Bernardo Gil Coutinho Morgado,1998-03-24,113892,Degerfors IF,56,Allsvenskan,,,,
76660,2026-01-01,Erik Elias Pihlström -, Erik Elias Pihlström,2006-08-31,10032,FC Lugano,189,Super League,,,,
76661,2026-01-01,Adi Fisic -, Adi Fisic,2003-12-22,113892,Degerfors IF,56,Allsvenskan,,,,
76663,2026-01-01,Robin Wallinder -, Robin Wallinder,1999-05-13,1870,Östers IF,56,Allsvenskan,,,,
76664,2026-01-01,Carl Lundahl Persson -, Carl Lundahl Persson,2000-09-13,1870,Östers IF,56,Allsvenskan,,,,
76666,2026-01-01,Mattis Adolfsson -, Mattis Adolfsson,2001-12-11,1870,Östers IF,56,Allsvenskan,,,,
76667,2026-01-01,Lukas Bergquist -, Lukas Bergquist,2000-06-28,1870,Östers IF,56,Allsvenskan,,,,
76668,2026-01-01,Tatu Valdemar Varmanen -, Tatu Valdemar Varmanen,1998-07-09,1870,Östers IF,56,Allsvenskan,,,,
76670,2026-01-01,Raymond Adjei -, Raymond Adjei,2004-02-10,1870,Östers IF,56,Allsvenskan,,,,
76672,2026-01-01,Daniel Birger Ljung -, Daniel Birger Ljung,1998-11-29,1870,Östers IF,56,Allsvenskan,,,,
76676,2026-01-01,Niklas Söderberg -, Niklas Söderberg,1997-01-10,1870,Östers IF,56,Allsvenskan,,,,
76679,2026-01-01,Leonardo Antonio Naranjo Cordero -, Leonardo Antonio Naranjo Cordero,2004-05-22,110977,Unión Española,335,Primera Division,,,,
76680,2026-01-01,Milovan Cristóbal Celis Iturriaga -, Milovan Cristóbal Celis Iturriaga,2006-06-08,110977,Unión Española,335,Primera Division,,,,
76682,2026-01-01,Alex Nassiep -, Alex Nassiep,2006-05-17,111398,Newcastle Jets,351,A-League Men,,,,
76686,2026-01-01,Polydefkis Volanakis -,Polydefkis VolanakisΠολυδεύκης Βολανάκης,2003-04-25,301,Widzew Łódź,66,Ekstraklasa,,,,
76687,2026-01-01,Estêvão -, Estêvão Willian Almeida de Oliveira Gonçalves,2007-04-24,5,Chelsea,13,Premier League,,,,
76691,2026-01-01,Ángel Adrián Brizuela Céspedes -, Ángel Adrián Brizuela Céspedes,2004-02-12,111006,Sportivo Luqueño,337,División Profesional,,,,
76699,2026-01-01,Leonardo Montenegro Silva -, Leonardo Montenegro Silva,2005-03-22,112667,Nacional Potosí,2017,División de Fútbol Profesional,,,,
76702,2026-01-01,Nahuel Alejandro González Carrizo -, Nahuel Alejandro González Carrizo,2004-07-06,111707,CA Aldosivi,353,Liga Profesional de Fútbol,,,,
76704,2026-01-01,Ignacio Guerrico -, Ignacio Guerrico,1998-07-09,111707,CA Aldosivi,353,Liga Profesional de Fútbol,,,,
76705,2026-01-01,Elías David Torres -, Elías David Torres,2001-03-02,101085,Racing Club,353,Liga Profesional de Fútbol,,,,
76706,2026-01-01,Ivan Nekić -, Ivan Nekić,2000-12-24,576,Holstein Kiel,20,2. Bundesliga,,,,
76710,2026-01-01,Vando Félix -, Vando Baifas Félix,2002-09-03,1887,Vitória SC,308,Primeira Liga,,,,
76712,2026-01-01,Joseph Anthony Westley -, Joseph Anthony Westley,2004-10-18,180,Dundee FC,50,Premiership,,,,
76713,2026-01-01,Laureano Agustín Rodríguez Funes -, Laureano Agustín Rodríguez Funes,2002-11-23,111020,Independiente Rivadavia,353,Liga Profesional de Fútbol,,,,
76716,2026-01-01,Juan Ignacio Barbieri Iribe -, Juan Ignacio Barbieri Iribe,1996-09-17,111020,Independiente Rivadavia,353,Liga Profesional de Fútbol,,,,
76717,2026-01-01,Tomás Bottari -, Tomás Bottari,2001-04-26,111020,Independiente Rivadavia,353,Liga Profesional de Fútbol,,,,
76718,2026-01-01,Matías Alejandro Fernández -, Matías Alejandro Fernández,2001-06-23,111020,Independiente Rivadavia,353,Liga Profesional de Fútbol,,,,
76720,2026-01-01,Kevin Jappert -, Kevin Jappert,2004-02-25,113044,Barracas Central,353,Liga Profesional de Fútbol,,,,
76721,2026-01-01,Jerry Afriyie -, Jerry Afriyie,2006-12-10,132231,RAAL La Louvière,4,Pro League,,,,
76730,2026-01-01,Justin Bourgault -, Justin Bourgault,2005-09-14,378,Stade Brestois 29,16,Ligue 1,,,,
76731,2026-01-01,Raúl Ignacio Cabral -, Raúl Ignacio Cabral,2005-02-22,101088,Vélez Sarsfield,353,Liga Profesional de Fútbol,,,,
76732,2026-01-01,Manuel Fernández -, Manuel Fernández,2004-10-08,111715,Tigre,353,Liga Profesional de Fútbol,,,,
76733,2026-01-01,Abbati Abdullahi -, Abbati Abdullahi,2006-01-03,420,Górnik Zabrze,66,Ekstraklasa,,,,
76739,2026-01-01,Pablo García -, Pablo García Fernández,2006-06-13,449,Real Betis Balompié,53,La Liga,,,,
76740,2026-01-01,Ángel Ortiz -, Ángel Ortiz Monterrey,2004-07-25,449,Real Betis Balompié,53,La Liga,,,,
76741,2026-01-01,Mohammed Arshaf A K -, Mohammed Arshaf A K,2004-06-16,113040,NorthEast United,2149,Super League,,,,
76743,2026-01-01,Alex Sola -, Alexandre Mussolo Sola,2003-12-14,718,Estrela da Amadora,308,Primeira Liga,,,,
76744,2026-01-01,Guilherme Madruga -, Guilherme Miranda Madruga Gomes,2000-11-11,111724,Shandong Taishan,2012,Super League,,,,
76746,2026-01-01,Hristiyan Petrov -,Hristiyan PetrovХристиян Ивайлов Петров,2002-06-24,1913,SC Heerenveen,10,Eredivisie,,,,
76747,2026-01-01,Eser Gürbüz -, Eser Gürbüz,2007-03-06,1913,SC Heerenveen,10,Eredivisie,,,,
76748,2026-01-01,Wang Hanyi -,Wang Hanyi王晗懿,2005-02-17,131488,Qingdao West Coast FC,2012,Super League,,,,
76749,2026-01-01,Yang Xi -,Yang Xi杨希,2005-06-13,131488,Qingdao West Coast FC,2012,Super League,,,,
76751,2026-01-01,Mauricio Andrés Vera -, Mauricio Andrés Vera,1998-05-08,112868,Boston River,338,Primera División,,,,
76752,2026-01-01,Andersson Pumacajia Paricagua -, Andersson Pumacajia Paricagua,2005-06-23,111334,FBC Melgar,2020,Liga 1,,,,
76758,2026-01-01,Neil Glossoa -, Neil Glossoa,2004-09-10,110321,Pau FC,17,Ligue 2,,,,
76759,2026-01-01,Isaac Cossier -, Isaac Cossier,2006-11-30,1739,Le Mans FC,17,Ligue 2,,,,
76760,2026-01-01,Patrick Zabi Eloge Gueu -, Patrick Zabi Eloge Gueu,2006-09-24,379,Stade de Reims,17,Ligue 2,,,,
76763,2026-01-01,Alexandru Marian Matei -, Alexandru Marian Matei,2008-01-25,110750,UTA Arad,330,Liga I,,,,
76764,2026-01-01,Alexandru Cristian Hodoșan Olar -, Alexandru Cristian Hodoșan Olar,2007-09-17,110750,UTA Arad,330,Liga I,,,,
76768,2026-01-01,Ángel Pérez -, Ángel Pérez Hidalgo,2002-08-29,110839,SD Huesca,54,La Liga 2,,,,
76771,2026-01-01,Muhannad Ahmed Mohammed Al Yahya -,Muhannad Ahmed Mohammed Al Yahyaمهند اليحيى,2004-09-19,131735,Al Kholood,350,Pro League,,,,
76777,2026-01-01,Tim Philipp -, Tim Philipp,2005-12-21,110685,TSG 1899 Hoffenheim II,2076,3. Liga,,,,
76778,2026-01-01,Mohammed Saadoun Al Shammari -,Mohammed Saadoun Al Shammariمحمد سعدون الشمري,2006-08-02,112391,Al Qadsiah FC,350,Pro League,,,,
76780,2026-01-01,Khalid Mohammed Hazazi -,Khalid Mohammed Hazaziخالد هزازي,2005-03-30,112391,Al Qadsiah FC,350,Pro League,,,,
76781,2026-01-01,Mishal Saad Motaib -,Mishal Saad Motaibمشعل سعد بن متيعب,2006-02-10,111674,Al Shabab,350,Pro League,,,,
76782,2026-01-01,Adel Al Mutairi -,Adel Al Mutairiعادل المطيري,2005-04-18,112391,Al Qadsiah FC,350,Pro League,,,,
76784,2026-01-01,Findlay Kenneth Curtis -, Findlay Kenneth Curtis,2006-10-01,86,Rangers FC,50,Premiership,,,,
76785,2026-01-01,Tomás Andrés Kummer -, Tomás Andrés Kummer,2004-11-10,111707,CA Aldosivi,353,Liga Profesional de Fútbol,,,,
76788,2026-01-01,Leonel Dante Álvarez -, Leonel Dante Álvarez,1996-03-25,111713,Club Atlético San Martín,353,Liga Profesional de Fútbol,,,,
76791,2026-01-01,Lucas Javier Acosta Cumpián -, Lucas Javier Acosta Cumpián,2005-04-19,111713,Club Atlético San Martín,353,Liga Profesional de Fútbol,,,,
76792,2026-01-01,Paul Seidel -, Paul Seidel,2006-04-20,506,FC Erzgebirge Aue,2076,3. Liga,,,,
76798,2026-01-01,Thomas Cursons -, Thomas Cursons,2001-12-08,112222,Harrogate Town,61,League Two,,,,
76799,2026-01-01,Thomas Daniel Hill -, Thomas Daniel Hill,2002-10-13,112222,Harrogate Town,61,League Two,,,,
76801,2026-01-01,Emin Kujović -,Emin KujovićЕмин Кујовић,2004-09-09,31,1. FC Köln,19,Bundesliga,,,,
76802,2026-01-01,Mika Malik Pobric -, Mika Malik Pobric,2007-06-10,1826,Alemannia Aachen,2076,3. Liga,,,,
76803,2026-01-01,Emersonn -, Emersonn Correia da Silva,2004-07-16,1809,Toulouse FC,16,Ligue 1,,,,
76806,2026-01-01,Gian Carlo del Piero García Bernaola -, Gian Carlo del Piero García Bernaola,2005-10-15,111334,FBC Melgar,2020,Liga 1,,,,
76809,2026-01-01,Franco Adrián Toloza -, Franco Adrián Toloza,1994-05-05,111713,Club Atlético San Martín,353,Liga Profesional de Fútbol,,,,
76816,2026-01-01,Kwon Neung -,Neung Kwon권능,2005-10-13,1474,Pohang Steelers,83,K League 1,,,,
76821,2026-01-01,Camilo Rey Domenech -, Camilo Rey Domenech,2006-03-10,1877,Boca Juniors,353,Liga Profesional de Fútbol,,,,
76830,2026-01-01,Kwon Do Yeong -,Do-yeong Kwon권도영,2003-03-05,112558,Suwon FC,83,K League 1,,,,
76831,2026-01-01,Kim Eun Gyeom -,Eun-gyeom Kim김은겸,2004-04-14,112558,Suwon FC,83,K League 1,,,,
76836,2026-01-01,Choi San -,San Choi최산,2006-05-15,112558,Suwon FC,83,K League 1,,,,
76839,2026-01-01,German Barkovskiy -,German BarkovskiyБарковский Герман Анатольевич,2002-06-25,111086,Piast Gliwice,66,Ekstraklasa,,,,
76843,2026-01-01,Gerald Alders -, Gerald Alders,2005-05-07,245,Ajax,10,Eredivisie,,,,
76844,2026-01-01,Javier Vallejos -, Javier Vallejos,2003-01-03,112965,Central Cordoba SdE,353,Liga Profesional de Fútbol,,,,
76845,2026-01-01,Jakub Vinarčík -, Jakub Vinarčík,2005-07-11,112513,FC Arouca,308,Primeira Liga,,,,
76846,2026-01-01,Vincent Alex Nvendo Ferrier -, Vincent Alex Nvendo Ferrier,2003-07-27,894,FC Zürich,189,Super League,,,,
76851,2026-01-01,Jang Min Gyu -,Min-gyu Jang장민규,1999-03-06,1478,Jeju United FC,83,K League 1,,,,
76858,2026-01-01,Matteo de Brienne -, Matteo de Brienne,2002-05-22,111594,GAIS,56,Allsvenskan,,,,
76859,2026-01-01,Elias Barsoum -, Elias Barsoum,2002-07-19,113892,Degerfors IF,56,Allsvenskan,,,,
76860,2026-01-01,Filip Schyberg -, Filip Schyberg,1999-03-10,321,Halmstads BK,56,Allsvenskan,,,,
76863,2026-01-01,Karol Czubak -, Karol Czubak,2000-01-25,111097,Motor Lublin,66,Ekstraklasa,,,,
76864,2026-01-01,Adam Ševínský -, Adam Ševínský,2004-06-19,267,Sparta Praha,319,První liga,,,,
76865,2026-01-01,Matias Tamminen -, Matias Tamminen,2001-11-21,1870,Östers IF,56,Allsvenskan,,,,
76868,2026-01-01,Måns Harry Isaksson -, Måns Harry Isaksson,2007-04-07,112072,Mjällby AIF,56,Allsvenskan,,,,
76869,2026-01-01,Moïse Elohim Victoire Kaboré -, Moïse Elohim Victoire Kaboré,2006-12-20,708,Hammarby Fotboll,56,Allsvenskan,,,,
76870,2026-01-01,Juhani Pikkarainen -, Juhani Pikkarainen,1998-07-30,113892,Degerfors IF,56,Allsvenskan,,,,
76872,2026-01-01,Daniel Bengtsson -, Daniel Bengtsson,2008-03-01,111594,GAIS,56,Allsvenskan,,,,
76873,2026-01-01,Andreas Redkin -, Andreas Redkin,2007-01-19,433,AIK,56,Allsvenskan,,,,
76874,2026-01-01,Erik Ludvig Arvidsson -, Erik Ludvig Arvidsson,2008-05-17,321,Halmstads BK,56,Allsvenskan,,,,
76875,2026-01-01,Charlie Pavey -, Charlie Pavey,2008-06-07,433,AIK,56,Allsvenskan,,,,
76876,2026-01-01,Måns Andersson -, Måns Andersson,2005-08-11,321,Halmstads BK,56,Allsvenskan,,,,
76878,2026-01-01,Gentian Lajqi -, Gentian Lajqi,2007-01-08,320,Malmö FF,56,Allsvenskan,,,,
76879,2026-01-01,Matias Siltanen -, Matias Siltanen,2007-03-29,710,Djurgårdens IF,56,Allsvenskan,,,,
76880,2026-01-01,Róbert Frosti Thorkelsson -,Róbert Frosti ThorkelssonRóbert Frosti Þorkelsson,2005-08-18,111594,GAIS,56,Allsvenskan,,,,
76883,2026-01-01,Rodrigo Agustín Colazo -, Rodrigo Agustín Colazo,2000-11-15,111716,Club Atlético Unión,353,Liga Profesional de Fútbol,,,,
76886,2026-01-01,Gbato Seloh Samuel -, Gbato Seloh Samuel,2006-08-01,982,FC Seoul,83,K League 1,,,,
76888,2026-01-01,Nicolas Pays -, Nicolas Pays,2003-07-07,70,Montpellier HSC,17,Ligue 2,,,,
76892,2026-01-01,Yun Ki Wook -,Ki-wook Yun윤기욱,2006-10-10,982,FC Seoul,83,K League 1,,,,
76901,2026-01-01,Bartosz Żelazowski -, Bartosz Żelazowski,2005-04-25,72,OGC Nice,16,Ligue 1,,,,
76903,2026-01-01,Gonzalo Matías Lucero -, Gonzalo Matías Lucero,2003-11-29,111713,Club Atlético San Martín,353,Liga Profesional de Fútbol,,,,
76904,2026-01-01,Mansour Sinyan -, Mansour Sinyan,1999-07-13,131491,KFUM-Kameratene Oslo,41,Eliteserien,,,,
76905,2026-01-01,Alejo Osella -, Alejo Osella,2000-09-30,111020,Independiente Rivadavia,353,Liga Profesional de Fútbol,,,,
76908,2026-01-01,Hennadiy Hennadiyovych Synchuk -,Hennadiy Hennadiyovych SynchukСинчук Геннадій Геннадійович,2006-07-10,111139,CF Montréal,39,Major League Soccer,,,,
76909,2026-01-01,Matías Samuel Argüello Figueredo -, Matías Samuel Argüello Figueredo,2006-08-13,101108,Club Olimpia,337,División Profesional,,,,
76910,2026-01-01,João Afonso -, João de Oliveira Afonso,2007-04-30,1438,Santa Clara,308,Primeira Liga,,,,
76911,2026-01-01,Jose Antonio Cavadia Pedraza -, Jose Antonio Cavadia Pedraza,2005-09-21,101099,América de Cali,336,Categoría Primera A,,,,
76912,2026-01-01,Obafemi Fela Awodesu -, Obafemi Fela Awodesu,2001-04-01,698,Houston Dynamo,39,Major League Soccer,,,,
76917,2026-01-01,Agustín Auzmendi -, Agustín Auzmendi,1997-02-01,111706,Godoy Cruz,353,Liga Profesional de Fútbol,,,,
76918,2026-01-01,Sammy Dudek -, Sammy Dudek,2008-04-18,873,Lech Poznań,66,Ekstraklasa,,,,
76921,2026-01-01,Benjamin Lade -, Benjamin Lade,2006-06-28,110685,TSG 1899 Hoffenheim II,2076,3. Liga,,,,
76922,2026-01-01,Hennes Behrens -, Hennes Behrens,2005-01-19,10029,TSG 1899 Hoffenheim,19,Bundesliga,,,,
76923,2026-01-01,Luca Erlein -, Luca Erlein,2007-07-05,110685,TSG 1899 Hoffenheim II,2076,3. Liga,,,,
76924,2026-01-01,Luka Đurić -, Luka Đurić,2003-06-18,10029,TSG 1899 Hoffenheim,19,Bundesliga,,,,
76925,2026-01-01,Wong Ho Chun -,Ho-Chun Anson Wong黃皓雋,2002-02-02,131173,Qingdao Hainiu FC,2012,Super League,,,,
76926,2026-01-01,Cho Hyun Woo -,Hyun-woo Cho조현우,2005-02-01,980,Daejeon Citizen,83,K League 1,,,,
76933,2026-01-01,Royer Caicedo -, Royer Caicedo,2006-05-05,101100,Atlético Nacional,336,Categoría Primera A,,,,
76934,2026-01-01,Elkin Jose Rivero Almario -, Elkin Jose Rivero Almario,2006-02-27,101100,Atlético Nacional,336,Categoría Primera A,,,,
76942,2026-01-01,Daniel James Cox -, Daniel James Cox,2006-01-30,1803,Walsall,61,League Two,,,,
76943,2026-01-01,Abdulrahman Al Senaidi -,Abdulrahman Al Senaidiعبدالرحمن صالح السنيدي,2006-07-08,112393,Al Taawoun FC,350,Pro League,,,,
76944,2026-01-01,Rayane Bounida -, Rayane Bounida,2006-03-03,245,Ajax,10,Eredivisie,,,,
76945,2026-01-01,Maroan -,Maroan Sannadi Harrouchمروان سنادي حروش,2001-02-01,448,Athletic Club,53,La Liga,,,,
76946,2026-01-01,Tincho -, Martín Conde Gómez,2003-03-25,100852,CD Castellón,54,La Liga 2,,,,
76947,2026-01-01,Jota -, Joaquín Domingo Ponce,2006-05-14,1854,Albacete Balompié,54,La Liga 2,,,,
76955,2026-01-01,Relja Obrić -,Relja ObrićРеља Обрић,2006-04-11,39,Atalanta,31,Serie A,,,,
76962,2026-01-01,Owen Edosa Uyiekpen Johnson -, Owen Edosa Uyiekpen Johnson,2005-08-03,634,Fortuna Sittard,10,Eredivisie,,,,
76964,2026-01-01,Jánó Zétény -, Jánó Zétény,2005-03-13,2015,Grazer AK 1902,80,Bundesliga,,,,
76966,2026-01-01,Konstantinos Sotiriou -,Konstantinos SotiriouΚωνσταντίνος Σωτηρίου,1996-06-21,111083,Korona Kielce,66,Ekstraklasa,,,,
76967,2026-01-01,Michal Głogowski -, Michal Głogowski,2005-08-04,111091,Lechia Gdańsk,66,Ekstraklasa,,,,
76968,2026-01-01,Eryk Artur Grzywacz -, Eryk Artur Grzywacz,2006-03-24,171,1. FC Nürnberg,20,2. Bundesliga,,,,
76969,2026-01-01,William Dickson -, William Dickson,2004-11-25,1924,Chesterfield,61,League Two,,,,
76970,2026-01-01,Ibrahima Seck -, Ibrahima Seck,2004-05-19,114326,Raków Częstochowa,66,Ekstraklasa,,,,
76971,2026-01-01,Leon Madej -, Leon Madej,2005-12-21,301,Widzew Łódź,66,Ekstraklasa,,,,
76976,2026-01-01,Marc Philipp Giger -, Marc Philipp Giger,2004-03-27,2014,Union Saint-Gilloise,4,Pro League,,,,
76979,2026-01-01,Joel Agyekum -, Joel Agyekum,2005-03-08,110645,Viktoria Köln,2076,3. Liga,,,,
76980,2026-01-01,Milad Nejad Haji Lor -, Milad Nejad Haji Lor,2004-09-29,492,SV Wehen Wiesbaden,2076,3. Liga,,,,
76981,2026-01-01,Jaden Mazou Bambara -, Jaden Mazou Bambara,2005-07-29,15040,WSG Tirol,80,Bundesliga,,,,
76986,2026-01-01,Joe Knight -, Joe Knight,2005-09-21,1808,Brighton & Hove Albion,13,Premier League,,,,
76990,2026-01-01,Austin Ludwik -, Austin Ludwik,1997-02-11,111395,Brisbane Roar,351,A-League Men,,,,
76991,2026-01-01,Tomás Nasif -, Tomás Nasif,2004-01-02,110404,CA Banfield,353,Liga Profesional de Fútbol,,,,
76992,2026-01-01,Pedro Bondo -, Pedro Bondo Francisco,2004-11-16,112809,Famalicão,308,Primeira Liga,,,,
76995,2026-01-01,Luis Ignacio Abraham -, Luis Ignacio Abraham,1998-01-12,110404,CA Banfield,353,Liga Profesional de Fútbol,,,,
76997,2026-01-01,Santiago López García -, Santiago López García,1997-12-04,110404,CA Banfield,353,Liga Profesional de Fútbol,,,,
76999,2026-01-01,Julián Mavilla -, Julián Mavilla,2000-04-27,111022,Belgrano de Córdoba,353,Liga Profesional de Fútbol,,,,
77005,2026-01-01,Facundo Sebastián Miño -, Facundo Sebastián Miño,1999-10-16,115472,Deportivo Riestra,353,Liga Profesional de Fútbol,,,,
77006,2026-01-01,Mariano Gastón Bracamonte -, Mariano Gastón Bracamonte,1999-04-24,115472,Deportivo Riestra,353,Liga Profesional de Fútbol,,,,
77007,2026-01-01,Eric Joel Tovo -, Eric Joel Tovo,1992-03-06,115472,Deportivo Riestra,353,Liga Profesional de Fútbol,,,,
77008,2026-01-01,Mateo Ramírez Montenegro -, Mateo Ramírez Montenegro,1995-01-18,115472,Deportivo Riestra,353,Liga Profesional de Fútbol,,,,
77009,2026-01-01,Franco Fagúndez Acosta -, Franco Fagúndez Acosta,1998-12-14,115472,Deportivo Riestra,353,Liga Profesional de Fútbol,,,,
77010,2026-01-01,Gabriel Nazareno Obredor -, Gabriel Nazareno Obredor,1997-01-06,115472,Deportivo Riestra,353,Liga Profesional de Fútbol,,,,
77013,2026-01-01,Santiago Uriel Villarreal -, Santiago Uriel Villarreal,2005-11-20,101084,Gimnasia y Esgrima La Plata,353,Liga Profesional de Fútbol,,,,
77014,2026-01-01,Leandro Ariel Lescano -, Leandro Ariel Lescano,2003-03-03,111711,Huracán,353,Liga Profesional de Fútbol,,,,
77015,2026-01-01,Enzo Sebastián Uribe Fuentes -, Enzo Sebastián Uribe Fuentes,2004-07-12,110977,Unión Española,335,Primera Division,,,,
77016,2026-01-01,Enzo Leonel Taborda -, Enzo Leonel Taborda,2005-05-20,110093,Independiente,353,Liga Profesional de Fútbol,,,,
77021,2026-01-01,Matías Gallardo -, Matías Gallardo,2003-11-23,110953,Instituto Atlético Central Córdoba,353,Liga Profesional de Fútbol,,,,
77022,2026-01-01,Elías Javier Brito -, Elías Javier Brito,2005-08-06,110395,Lanús,353,Liga Profesional de Fútbol,,,,
77024,2026-01-01,Juan Cruz Rattalino Arana -, Juan Cruz Rattalino Arana,2004-06-23,1013,San Lorenzo de Almagro,353,Liga Profesional de Fútbol,,,,
77025,2026-01-01,Branco Lautaro Salinardi -, Branco Lautaro Salinardi,2007-04-26,1013,San Lorenzo de Almagro,353,Liga Profesional de Fútbol,,,,
77026,2026-01-01,Valentín Nicolás Escalante -, Valentín Nicolás Escalante,2004-07-02,1013,San Lorenzo de Almagro,353,Liga Profesional de Fútbol,,,,
77028,2026-01-01,Elián Ezequiel Giménez -, Elián Ezequiel Giménez,2004-03-23,112713,Club Atlético Sarmiento,353,Liga Profesional de Fútbol,,,,
77029,2026-01-01,Rick -, Rick Jhonatan Lima Morais,1999-09-02,112670,Talleres,353,Liga Profesional de Fútbol,,,,
77033,2026-01-01,William Gomes -, William Gomes Carvalho Santos,2006-03-15,236,FC Porto,308,Primeira Liga,,,,
77035,2026-01-01,Tate Johnson -, Tate Johnson,2005-07-10,101112,Vancouver Whitecaps FC,39,Major League Soccer,,,,
77036,2026-01-01,Beni Christophe Mpanzu -, Beni Christophe Mpanzu,2004-05-15,1750,Cercle Brugge KSV,4,Pro League,,,,
77037,2026-01-01,Géza Dávid Turi -, Géza Dávid Turi,2001-10-06,92,Grimsby Town,61,League Two,,,,
77040,2026-01-01,Semeu Commey -, Semeu Commey,2004-05-12,718,Estrela da Amadora,308,Primeira Liga,,,,
77043,2026-01-01,Harry Milne -, Harry Milne,1996-10-29,80,Hearts,50,Premiership,,,,
77044,2026-01-01,Calum Brian Joseph Ward -, Calum Brian Joseph Ward,2000-10-17,83,Motherwell FC,50,Premiership,,,,
77045,2026-01-01,Bi Christ Hyllarion Goore -, Bi Christ Hyllarion Goore,2005-08-24,674,KAA Gent,4,Pro League,,,,
77046,2026-01-01,Devon William Matthews -, Devon William Matthews,2000-01-04,110313,Accrington Stanley,61,League Two,,,,
77051,2026-01-01,Kevin Nicolás Retamar -, Kevin Nicolás Retamar,1999-02-06,111020,Independiente Rivadavia,353,Liga Profesional de Fútbol,,,,
77053,2026-01-01,Thomas Wilson-Brown -, Thomas Wilson-Brown,2004-10-05,1934,Swindon Town,61,League Two,,,,
77055,2026-01-01,Bernard Acheampong -, Bernard Acheampong,2007-01-31,708,Hammarby Fotboll,56,Allsvenskan,,,,
77056,2026-01-01,Nidal Čelik -, Nidal Čelik,2006-07-17,64,RC Lens,16,Ligue 1,,,,
77061,2026-01-01,Harsh Palande -, Harsh Palande,2005-01-26,113302,Bengaluru FC,2149,Super League,,,,
77070,2026-01-01,Esquerdinha -, João Henrique Mendes da Silva,2006-02-28,15,Queens Park Rangers,14,Championship,,,,
77072,2026-01-01,Christian Chikwado Nwachukwu -, Christian Chikwado Nwachukwu,2005-12-27,1794,Sheffield United,14,Championship,,,,
77074,2026-01-01,Per Henry Karl Sletsjøe -, Per Henry Karl Sletsjøe,2000-03-27,113459,Kristiansund BK,41,Eliteserien,,,,
77075,2026-01-01,Ismael Petcho Camara -, Ismael Petcho Camara,2006-12-22,1463,FK Haugesund,41,Eliteserien,,,,
77076,2026-01-01,Ikechukwu Kennedy David Okpaleke -, Ikechukwu Kennedy David Okpaleke,2008-11-16,2041,Fredrikstad FK,41,Eliteserien,,,,
77077,2026-01-01,Ola Nikolai Rye -, Ola Nikolai Rye,2005-02-06,1756,Hamarkameratene,41,Eliteserien,,,,
77078,2026-01-01,Jacob Hanstad -, Jacob Hanstad,2002-11-02,1757,Sandefjord Fotball,41,Eliteserien,,,,
77080,2026-01-01,Oskar Skovbjerg Øhlenschlæger -, Oskar Skovbjerg Øhlenschlæger,2004-04-19,2041,Fredrikstad FK,41,Eliteserien,,,,
77081,2026-01-01,Robin Dzabic -, Robin Dzabic,2001-04-03,1757,Sandefjord Fotball,41,Eliteserien,,,,
77083,2026-01-01,Daniel Demenenge Daga -, Daniel Demenenge Daga,2007-01-10,417,Molde FK,41,Eliteserien,,,,
77084,2026-01-01,Frederik Flintholm Flex -, Frederik Flintholm Flex,2004-03-11,113459,Kristiansund BK,41,Eliteserien,,,,
77086,2026-01-01,Ilir Kukleci -, Ilir Kukleci,1998-10-27,1463,FK Haugesund,41,Eliteserien,,,,
77088,2026-01-01,Sigurd Jacobsen Prestmo -, Sigurd Jacobsen Prestmo,2006-10-06,418,Tromsø IL,41,Eliteserien,,,,
77089,2026-01-01,Aksel Baran Potur -, Aksel Baran Potur,2002-12-05,1756,Hamarkameratene,41,Eliteserien,,,,
77090,2026-01-01,Mike Løhde Vestergård -, Mike Løhde Vestergård,1997-11-19,822,Vejle Boldklub,1,Superliga,,,,
77091,2026-01-01,Owen Graham-Roache -, Owen Graham-Roache,2008-02-11,111139,CF Montréal,39,Major League Soccer,,,,
77092,2026-01-01,Ousmane Sow -, Ousmane Sow,2000-07-05,420,Górnik Zabrze,66,Ekstraklasa,,,,
77093,2026-01-01,Lassine Diarra -, Lassine Diarra,2002-11-11,66,Olympique Lyonnais,16,Ligue 1,,,,
77102,2026-01-01,Miguel Carvalho -, Miguel Carvalho Vianna,2005-03-09,113222,Al Hazem FC,350,Pro League,,,,
77103,2026-01-01,Otar Mamageishvili -,Otar Mamageishviliოთარ მამაგეიშვილი,2003-01-15,112809,Famalicão,308,Primeira Liga,,,,
77104,2026-01-01,Andrija Radulovic -,Andrija RadulovicАндрија Радуловић,2002-07-03,254,SK Rapid,80,Bundesliga,,,,
77105,2026-01-01,Andrija Bulatovic -,Andrija BulatovicАндрија Булатовић,2006-12-27,64,RC Lens,16,Ligue 1,,,,
77106,2026-01-01,Yan Lincon -, Yan Lincon Farias de Sousa,2002-09-13,1900,Moreirense FC,308,Primeira Liga,,,,
77107,2026-01-01,Michel -, Michel Augusto Modesto Rafael dos Santos,2003-05-20,1900,Moreirense FC,308,Primeira Liga,,,,
77112,2026-01-01,Ranjan Neelakandan -, Ranjan Neelakandan,2005-01-20,115494,FC Annecy,17,Ligue 2,,,,
77113,2026-01-01,Lucas Jonathan Roşu -, Lucas Jonathan Roşu,2007-01-07,110750,UTA Arad,330,Liga I,,,,
77114,2026-01-01,Beyatt Lekoueiry -, Beyatt Lekoueiry,2005-04-11,1862,FC Lausanne-Sport,189,Super League,,,,
77115,2026-01-01,Paolo Fabrizio Calione Fuentes -, Paolo Fabrizio Calione Fuentes,2006-05-22,111325,Club Nacional de Football,338,Primera División,,,,
77117,2026-01-01,Neil Volken -, Neil Volken,2007-04-23,894,FC Zürich,189,Super League,,,,
77118,2026-01-01,Aldair Romer Mamani Rios -, Aldair Romer Mamani Rios,2005-07-16,132375,Gualberto Villarroel SJ,2017,División de Fútbol Profesional,,,,
77120,2026-01-01,Bautista Euclides Tomatis -, Bautista Euclides Tomatis,2004-08-11,112615,Racing Club de Montevideo,338,Primera División,,,,
77122,2026-01-01,Jorge Luis Cardona Gutiérrez -, Jorge Luis Cardona Gutiérrez,1999-02-23,101106,Once Caldas,336,Categoría Primera A,,,,
77124,2026-01-01,Benjamin Marshall Perry -, Benjamin Marshall Perry,2004-10-11,1935,Colchester United,61,League Two,,,,
77126,2026-01-01,Wisdom Okpako Mike Ebohon -, Wisdom Okpako Mike Ebohon,2008-09-24,21,FC Bayern München,19,Bundesliga,,,,
77127,2026-01-01,Mick Schmetgens -, Mick Schmetgens,2007-09-09,38,SV Werder Bremen,19,Bundesliga,,,,
77128,2026-01-01,Michael Collodi -, Michael Collodi,2001-05-25,695,FC Dallas,39,Major League Soccer,,,,
77129,2026-01-01,Adisa Ajahni-Onifade de Rosario -, Adisa Ajahni-Onifade de Rosario,2004-10-27,111651,Toronto FC,39,Major League Soccer,,,,
77130,2026-01-01,Malachi Molina -, Malachi Molina,2006-10-18,695,FC Dallas,39,Major League Soccer,,,,
77131,2026-01-01,Daniel Baran -, Daniel Baran,2006-09-16,695,FC Dallas,39,Major League Soccer,,,,
77133,2026-01-01,Enzo Newman -, Enzo Newman,2005-12-08,695,FC Dallas,39,Major League Soccer,,,,
77134,2026-01-01,Juan Felipe Castaño Zuluaga -, Juan Felipe Castaño Zuluaga,1998-08-29,101106,Once Caldas,336,Categoría Primera A,,,,
77136,2026-01-01,Juan Esteban Muñoz Gallego -, Juan Esteban Muñoz Gallego,2004-10-26,101106,Once Caldas,336,Categoría Primera A,,,,
77141,2026-01-01,Johan Esteban Beltrán Montano -, Johan Esteban Beltrán Montano,1999-10-18,101106,Once Caldas,336,Categoría Primera A,,,,
77144,2026-01-01,Juan Ignacio Cabrera Ros -, Juan Ignacio Cabrera Ros,2003-02-27,165,SpVgg Greuther Fürth,20,2. Bundesliga,,,,
77146,2026-01-01,Maxloren Sannoe Castro Rufino -, Maxloren Sannoe Castro Rufino,2007-12-08,111013,Sporting Cristal,2020,Liga 1,,,,
77147,2026-01-01,Enzo Kana-Biyik -, Enzo Kana-Biyik,2007-01-08,1862,FC Lausanne-Sport,189,Super League,,,,
77148,2026-01-01,Alejandro Jesús Pósito Olazábal -, Alejandro Jesús Pósito Olazábal,2005-09-05,111013,Sporting Cristal,2020,Liga 1,,,,
77149,2026-01-01,Urie-Michel Mboula -, Urie-Michel Mboula,2003-04-30,68,FC Metz,16,Ligue 1,,,,
77151,2026-01-01,Agustín De la Cuesta Airoldi -, Agustín De la Cuesta Airoldi,2006-01-04,1876,River Plate,353,Liga Profesional de Fútbol,,,,
77152,2026-01-01,Sean Steur -, Sean Steur,2008-01-11,245,Ajax,10,Eredivisie,,,,
77153,2026-01-01,Luis Carlos Abreu Benegas -, Luis Carlos Abreu Benegas,2004-02-16,101108,Club Olimpia,337,División Profesional,,,,
77155,2026-01-01,Sergio Ruiz -, Sergio Ruiz González,2006-04-12,472,UD Las Palmas,54,La Liga 2,,,,
77161,2026-01-01,Emmanuel Michael -, Emmanuel Michael,2006-06-16,252,LASK Linz,80,Bundesliga,,,,
77163,2026-01-01,Ivan Smolčić -, Ivan Smolčić,2000-08-17,1745,Como,31,Serie A,,,,
77165,2026-01-01,Alessio Castellini -, Alessio Castellini,2003-04-01,111433,Mantova,32,Serie B,,,,
77166,2026-01-01,Konrad Ciszek -, Konrad Ciszek,2007-10-04,111083,Korona Kielce,66,Ekstraklasa,,,,
77169,2026-01-01,Sem van Duijn -, Sem van Duijn,2004-03-18,1906,AZ Alkmaar,10,Eredivisie,,,,
77170,2026-01-01,Shandre Miguel Campbell -, Shandre Miguel Campbell,2005-07-15,231,Club Brugge KV,4,Pro League,,,,
77172,2026-01-01,Taorem Kelvin Singh -, Taorem Kelvin Singh,2005-11-22,113302,Bengaluru FC,2149,Super League,,,,
77174,2026-01-01,Amlani Tatu -, Amlani Tatu,2008-07-01,111393,Adelaide United,351,A-League Men,,,,
77175,2026-01-01,Harry Crawford -, Harry Crawford,2007-02-03,111393,Adelaide United,351,A-League Men,,,,
77178,2026-01-01,Kayne Razmovski -,Kayne RazmovskiКејни Размовски,2005-01-10,111397,Melbourne Victory,351,A-League Men,,,,
77179,2026-01-01,Osman Sidibay Foyo -, Osman Sidibay Foyo,2004-10-03,112259,AFC Wimbledon,60,League One,,,,
77186,2026-01-01,Oluwakorede David Osundina -, Oluwakorede David Osundina,2004-02-13,114510,Casa Pia,308,Primeira Liga,,,,
77187,2026-01-01,Diogo Pereira -, Diogo Miguel Pereira Costa,2003-05-04,1888,Gil Vicente FC,308,Primeira Liga,,,,
77188,2026-01-01,João Carvalho -, João Gonçalo Carapinha Carvalho,2004-04-09,1896,Sporting Clube de Braga,308,Primeira Liga,,,,
77190,2026-01-01,Baek In Woo -,In-woo Back백인우,2006-11-29,1473,Ulsan HD FC,83,K League 1,,,,
77192,2026-01-01,Kim Dong Hwa -,Dong-hwa Kim김동화,2003-05-07,112258,Gwangju FC,83,K League 1,,,,
77193,2026-01-01,Kang Hui su -,Hui-su Kang강희수,2003-02-25,112258,Gwangju FC,83,K League 1,,,,
77195,2026-01-01,Choi Byung Wook -,Byung-wook Choi최병욱,2005-04-11,1478,Jeju United FC,83,K League 1,,,,
77196,2026-01-01,Kang Min Jae -,Min-jae Kang강민재,2003-05-14,1478,Jeju United FC,83,K League 1,,,,
77197,2026-01-01,Kim Jun Ha -,Jun-ha Kim김준하,2005-12-02,1478,Jeju United FC,83,K League 1,,,,
77198,2026-01-01,Joo Seung Min -,Seung-min Joo주승민,2006-06-13,1478,Jeju United FC,83,K League 1,,,,
77199,2026-01-01,Kim Jin Ho -,Jin-ho Kim김진호,2006-02-28,1478,Jeju United FC,83,K League 1,,,,
77200,2026-01-01,Kim Ji Woon -,Ji-woon Kim김지운,2006-03-08,1478,Jeju United FC,83,K League 1,,,,
77202,2026-01-01,Kim Min Jun -,Min-jun Kim김민준,2006-07-05,2056,Daegu FC,83,K League 1,,,,
77205,2026-01-01,Park Man Ho -,Man-ho Park박만호,2004-02-28,2056,Daegu FC,83,K League 1,,,,
77206,2026-01-01,Lee Rim -,Rim Lee이림,2003-08-12,2056,Daegu FC,83,K League 1,,,,
77209,2026-01-01,Kwon Tae Young -,Tae-young Kwon권태영,2002-06-05,2056,Daegu FC,83,K League 1,,,,
77215,2026-01-01,Hong Yong Jun -,Yong-jun Hong홍용준,2003-03-26,112258,Gwangju FC,83,K League 1,,,,
77216,2026-01-01,Jónatan Guðni Arnarsson -, Jónatan Guðni Arnarsson,2007-02-09,702,IFK Norrköping,56,Allsvenskan,,,,
77218,2026-01-01,Ryu Seong Min -,Seong-min Ryu류성민,2004-01-03,1473,Ulsan HD FC,83,K League 1,,,,
77226,2026-01-01,Benicio Christian Pená -, Benicio Christian Pená,2003-03-21,1447,Sønderjyske Fodbold,1,Superliga,,,,
77230,2026-01-01,Jhoni Ramallo Nimba -, Jhoni Ramallo Nimba,2003-03-15,132375,Gualberto Villarroel SJ,2017,División de Fútbol Profesional,,,,
77233,2026-01-01,Lindon Emërllahu -, Lindon Emërllahu,2002-12-07,110816,CFR Cluj,330,Liga I,,,,
77244,2026-01-01,Jeong Sang Woon -,Sang-woon Jeong정상운,2003-04-03,1477,Jeonbuk Hyundai Motors,83,K League 1,,,,
77245,2026-01-01,Yoon Hyun Seok -,Hyun-seok Yoon윤현석,2003-11-08,1477,Jeonbuk Hyundai Motors,83,K League 1,,,,
77251,2026-01-01,Kim Min Jae -,Min-jae Kim김민재,2004-06-07,1477,Jeonbuk Hyundai Motors,83,K League 1,,,,
77254,2026-01-01,Jin Tae Ho -,Tae-ho Jin진태호,2006-01-20,1477,Jeonbuk Hyundai Motors,83,K League 1,,,,
77255,2026-01-01,Seo Jeong Hyeok -,Jeong-hyeok Seo서정혁,2006-03-09,1477,Jeonbuk Hyundai Motors,83,K League 1,,,,
77258,2026-01-01,Hwang Jung Gu -,Jung-gu Hwang황정구,2005-07-22,1477,Jeonbuk Hyundai Motors,83,K League 1,,,,
77261,2026-01-01,Santiago Daniel Arias Fierro -, Santiago Daniel Arias Fierro,1995-06-19,111011,Cienciano,2020,Liga 1,,,,
77262,2026-01-01,Rudy Palomino Jordán -, Rudy Palomino Jordán,1998-07-23,111011,Cienciano,2020,Liga 1,,,,
77264,2026-01-01,Francesco Cavagna Salazar -, Francesco Cavagna Salazar,2000-09-16,114598,Atlético Grau,2020,Liga 1,,,,
77265,2026-01-01,Jherson Joao Aldair Reyes Rossi -, Jherson Joao Aldair Reyes Rossi,2004-08-26,114598,Atlético Grau,2020,Liga 1,,,,
77266,2026-01-01,César Aldair Vásquez Garcés -, César Aldair Vásquez Garcés,2003-02-23,114598,Atlético Grau,2020,Liga 1,,,,
77268,2026-01-01,Benjamín García Ceriani -, Benjamín García Ceriani,2000-03-18,114598,Atlético Grau,2020,Liga 1,,,,
77270,2026-01-01,Jasper Silva Torkildsen -, Jasper Silva Torkildsen,2003-12-21,922,Strømsgodset IF,41,Eliteserien,,,,
77271,2026-01-01,Luciano Andrés Vallejo -, Luciano Andrés Vallejo,2004-05-29,111708,Atlético Tucumán,353,Liga Profesional de Fútbol,,,,
77274,2026-01-01,Ieltsin Camões -, Ieltsin Jerónimo Semedo Camões,1999-04-16,418,Tromsø IL,41,Eliteserien,,,,
77289,2026-01-01,Andrés Nicolás Landa Medreno -, Andrés Nicolás Landa Medreno,1996-01-27,132375,Gualberto Villarroel SJ,2017,División de Fútbol Profesional,,,,
77292,2026-01-01,Salif Lebouath -, Salif Lebouath,2001-11-14,110321,Pau FC,17,Ligue 2,,,,
77295,2026-01-01,Isaac Heath -, Isaac Heath,2004-10-28,110313,Accrington Stanley,61,League Two,,,,
77296,2026-01-01,Josip Ćorluka -, Josip Ćorluka,1995-03-03,110749,Zagłębie Lubin,66,Ekstraklasa,,,,
77297,2026-01-01,Stanley Robert Dancey -, Stanley Robert Dancey,2007-03-08,121,Crewe Alexandra,61,League Two,,,,
77298,2026-01-01,Luca Jack Moore -, Luca Jack Moore,2005-09-28,121,Crewe Alexandra,61,League Two,,,,
77311,2026-01-01,Harry Hilvenius -, Harry Hilvenius,2007-10-06,711,BK Häcken,56,Allsvenskan,,,,
77325,2026-01-01,Leon Jakirović -, Leon Jakirović,2008-01-16,211,Dinamo Zagreb,317,Hrvatska nogometna liga,,,,
77333,2026-01-01,Tony Shimaga -, Anthony Msonter Shimaga,1999-08-24,114611,Academia Puerto Cabello,2019,Primera Division,,,,
77335,2026-01-01,Alex Noonan -, Alex Noonan,2008-07-15,306,Shamrock Rovers,65,Premier Division,,,,
77336,2026-01-01,Nuno Félix -, Nuno Miguel Madeira Fernandes Félix,2004-03-16,234,SL Benfica,308,Primeira Liga,,,,
77338,2026-01-01,Elton Fikaj -, Elton Fikaj,2005-10-18,1884,Panathinaikos FC,63,Super League,,,,
77344,2026-01-01,Zaid Amoussou-Tchibara -, Zaid Amoussou-Tchibara,2006-02-21,34,FC Schalke 04,20,2. Bundesliga,,,,
77346,2026-01-01,Rafita -, Rafael Garrido Hierro,2004-11-09,573,Málaga CF,54,La Liga 2,,,,
77349,2026-01-01,Sandro Vidigal -, Sandro Miguel Rodrigues Vidigal,2007-07-28,1896,Sporting Clube de Braga,308,Primeira Liga,,,,
77350,2026-01-01,Musa Isah -, Musa Isah,2002-01-04,114611,Academia Puerto Cabello,2019,Primera Division,,,,
77351,2026-01-01,Leo Burney -, Leo Burney,2001-11-02,111144,Seattle Sounders FC,39,Major League Soccer,,,,
77352,2026-01-01,Dimas Rafael Meza Daniz -, Dimas Rafael Meza Daniz,1994-04-23,114611,Academia Puerto Cabello,2019,Primera Division,,,,
77353,2026-01-01,Ziyad Salifu -, Ziyad Salifu,2006-06-20,113892,Degerfors IF,56,Allsvenskan,,,,
77354,2026-01-01,Chidozie Obi-Martin -, Chidozie Obi-Martin,2007-11-29,11,Manchester United,13,Premier League,,,,
77356,2026-01-01,Mateo Federico Rivero Blanco -, Mateo Federico Rivero Blanco,2004-09-22,112868,Boston River,338,Primera División,,,,
77357,2026-01-01,Diego Germán Osorio Hidalgo -, Diego Germán Osorio Hidalgo,2004-12-26,114611,Academia Puerto Cabello,2019,Primera Division,,,,
77358,2026-01-01,Felipe Daniel Chiappini Ospitaleche -, Felipe Daniel Chiappini Ospitaleche,2003-09-16,112868,Boston River,338,Primera División,,,,
77359,2026-01-01,Facundo Ezequiel Muñoa dos Santos -, Facundo Ezequiel Muñoa dos Santos,2004-06-11,112868,Boston River,338,Primera División,,,,
77362,2026-01-01,Yanis Rafii -, Yanis Rafii,2005-06-26,1816,Amiens SC,17,Ligue 2,,,,
77364,2026-01-01,Soriba Diaoune -, Soriba Diaoune,2007-08-14,65,Lille OSC,16,Ligue 1,,,,
77365,2026-01-01,Tobias van den Elshout -, Tobias van den Elshout,2007-02-02,246,Feyenoord,10,Eredivisie,,,,
77368,2026-01-01,Luca Klimowicz Corti -, Luca Klimowicz Corti,2004-05-19,110953,Instituto Atlético Central Córdoba,353,Liga Profesional de Fútbol,,,,
77372,2026-01-01,Ignacio Ovando -, Ignacio Ovando,2007-06-29,110580,Rosario Central,353,Liga Profesional de Fútbol,,,,
77376,2026-01-01,Bartosz Mazurek -, Bartosz Mazurek,2007-01-03,110745,Jagiellonia Białystok,66,Ekstraklasa,,,,
77379,2026-01-01,Louis Thomas Buffon -, Louis Thomas Buffon,2007-12-28,110738,Pisa,31,Serie A,,,,
77387,2026-01-01,Alaat Abdul-Rahman -, Alaat Abdul-Rahman,2007-04-04,112427,Western Sydney Wanderers,351,A-League Men,,,,
77389,2026-01-01,Meshari Hamoud Al Oufi -,Meshari Hamoud Al Oufiمشاري العوفي,2005-08-13,131798,NEOM SC,350,Pro League,,,,
77392,2026-01-01,Harrison Duncan -, Harrison Duncan,2008-05-31,1797,Rotherham United,60,League One,,,,
77393,2026-01-01,Mathias Jensen -, Mathias Jensen,2005-04-14,269,Brøndby IF,1,Superliga,,,,
77394,2026-01-01,Jacob Brøchner Ambæk -, Jacob Brøchner Ambæk,2008-03-28,269,Brøndby IF,1,Superliga,,,,
77395,2026-01-01,Sander Skoubo Sehested Ravn -, Sander Skoubo Sehested Ravn,2007-04-08,822,Vejle Boldklub,1,Superliga,,,,
77404,2026-01-01,Jack Lee Moorhouse -, Jack Lee Moorhouse,2005-11-29,1958,Leyton Orient,60,League One,,,,
77405,2026-01-01,Oliver Armstrong -, Oliver Armstrong,2006-10-09,121,Crewe Alexandra,61,League Two,,,,
77410,2026-01-01,Owen Lambe -, Owen Lambe,2000-08-15,1572,Drogheda United,65,Premier Division,,,,
77413,2026-01-01,Felix Constantin Meiser -, Felix Constantin Meiser,2007-01-16,100409,FC Augsburg,19,Bundesliga,,,,
77414,2026-01-01,Tim Arnold -, Tim Arnold,2006-07-29,110502,SV Darmstadt 98,20,2. Bundesliga,,,,
77415,2026-01-01,Ruud Nijstad -, Ruud Nijstad,2008-01-17,1908,FC Twente,10,Eredivisie,,,,
77418,2026-01-01,Bruno Gustavo Arady Mata -, Bruno Gustavo Arady Mata,2007-07-01,111325,Club Nacional de Football,338,Primera División,,,,
77423,2026-01-01,Azarias Emmanuel Londoño González -, Azarias Emmanuel Londoño González,2001-06-21,114581,Universidad Católica del Ecuador,2018,Serie A,,,,
77424,2026-01-01,Gabriele Mulazzi -, Gabriele Mulazzi,2003-04-01,110770,FC Sion,189,Super League,,,,
77430,2026-01-01,Matthew Kiernan -, Matthew Kiernan,2006-07-18,422,Cork City,65,Premier Division,,,,
77433,2026-01-01,Milan Bernhard Mbeng -, Milan Bernhard Mbeng,2002-04-06,834,Shelbourne FC,65,Premier Division,,,,
77434,2026-01-01,AJ Nash -, AJ Nash,2007-08-15,422,Cork City,65,Premier Division,,,,
77435,2026-01-01,Harry Nevin -, Harry Nevin,2004-04-15,422,Cork City,65,Premier Division,,,,
77436,2026-01-01,Matthew Murray -, Matthew Murray,2007-10-01,422,Cork City,65,Premier Division,,,,
77438,2026-01-01,Max Wilson -, Max Wilson,2007-01-30,1801,Preston North End,14,Championship,,,,
77439,2026-01-01,Evan Watts -, Evan Watts,2004-09-23,1960,Swansea City,14,Championship,,,,
77445,2026-01-01,Dennys Fabián Quintero Loor -, Dennys Fabián Quintero Loor,1997-06-14,114615,Mushuc Runa,2018,Serie A,,,,
77446,2026-01-01,Elián Joshué Caicedo López -, Elián Joshué Caicedo López,2005-03-06,114615,Mushuc Runa,2018,Serie A,,,,
77449,2026-01-01,Emerson Iván Pata Rodríguez -, Emerson Iván Pata Rodríguez,2004-07-11,112908,Independiente del Valle,2018,Serie A,,,,
77450,2026-01-01,Jean Pierre Arroyo Vernaza -, Jean Pierre Arroyo Vernaza,2003-10-04,112908,Independiente del Valle,2018,Serie A,,,,
77457,2026-01-01,Alexander Dean Harris -, Alexander Dean Harris,2005-02-16,694,Colorado Rapids,39,Major League Soccer,,,,
77459,2026-01-01,Anisse Hassouna Daylyn Saidi -,Anisse Hassouna Daylyn Saidiأنيس السعيدي,2008-06-20,131439,San Diego FC,39,Major League Soccer,,,,
77460,2026-01-01,Anthony Ramírez Hernández -, Anthony Ramírez Hernández,2005-12-22,695,FC Dallas,39,Major League Soccer,,,,
77461,2026-01-01,Cristian David González Taborda -, Cristian David González Taborda,1999-01-02,115536,Cerro Largo,338,Primera División,,,,
77463,2026-01-01,Christopher Applewhite -, Christopher Applewhite,2007-08-23,114162,Nashville SC,39,Major League Soccer,,,,
77464,2026-01-01,Colin Guske -, Colin Guske,2007-01-29,112606,Orlando City SC,39,Major League Soccer,,,,
77466,2026-01-01,Dean Gregory Boltz -, Dean Gregory Boltz,2006-06-07,693,Chicago Fire,39,Major League Soccer,,,,
77467,2026-01-01,Diego García Murillo -, Diego García Murillo,2006-10-17,695,FC Dallas,39,Major League Soccer,,,,
77474,2026-01-01,Elijah Wynder -, Elijah Wynder,2003-03-10,697,LA Galaxy,39,Major League Soccer,,,,
77483,2026-01-01,Francis W. Westfield -, Francis W. Westfield,2005-12-09,112134,Philadelphia Union,39,Major League Soccer,,,,
77486,2026-01-01,Harbor Tarczynski-Miller -, Harbor Tarczynski-Miller,2007-06-21,697,LA Galaxy,39,Major League Soccer,,,,
77488,2026-01-01,Ian James -, Ian James,2008-06-06,696,Sporting Kansas City,39,Major League Soccer,,,,
77490,2026-01-01,Jacob Bartlett -, Jacob Bartlett,2005-10-07,696,Sporting Kansas City,39,Major League Soccer,,,,
77491,2026-01-01,Jayden Hibbert -, Jayden Hibbert,2004-08-05,112885,Atlanta United,39,Major League Soccer,,,,
77494,2026-01-01,Leonardo Barroso -, Leonardo José Caetano Barroso,2005-06-12,693,Chicago Fire,39,Major League Soccer,,,,
77495,2026-01-01,Manu Duah -, Manu Duah,2005-06-05,131439,San Diego FC,39,Major League Soccer,,,,
77496,2026-01-01,Max Floriani -, Max Floriani,2003-02-06,111928,San Jose Earthquakes,39,Major League Soccer,,,,
77499,2026-01-01,Mykhi Joyner -, Mykhi Joyner,2006-08-30,113018,St. Louis CITY SC,39,Major League Soccer,,,,
77502,2026-01-01,Nicolás Santiago Rodríguez Calderón -, Nicolás Santiago Rodríguez Calderón,2004-04-25,112606,Orlando City SC,39,Major League Soccer,,,,
77509,2026-01-01,Noah O'Brien -, Noah O'Brien,2008-04-17,753,Waterford FC,65,Premier Division,,,,
77510,2026-01-01,Alan Zborowski -, Alan Zborowski,2007-11-19,753,Waterford FC,65,Premier Division,,,,
77511,2026-01-01,Reid Roberts -, Reid Roberts,2003-12-09,111928,San Jose Earthquakes,39,Major League Soccer,,,,
77517,2026-01-01,Ștefan Chirilă -, Ștefan Chirilă,2007-01-15,113149,FC Cincinnati,39,Major League Soccer,,,,
77520,2026-01-01,Juho Väinö Valtteri Lähteenmäki -, Juho Väinö Valtteri Lähteenmäki,2006-06-15,1788,FC Nordsjælland,1,Superliga,1334,Finland,78,Friendly International
77521,2026-01-01,Matheus Nascimento -, Matheus Nascimento de Paula,2004-03-03,697,LA Galaxy,39,Major League Soccer,,,,
77522,2026-01-01,Escleizon Freita Rivero -, Escleizon Freita Rivero,2007-01-25,110968,Bolívar,2017,División de Fútbol Profesional,,,,
77524,2026-01-01,Modou Kéba Cissé -, Modou Kéba Cissé,2005-08-04,252,LASK Linz,80,Bundesliga,,,,
77525,2026-01-01,Tryphose Aimé Queyrell Alexi Tchicamboud -, Tryphose Aimé Queyrell Alexi Tchicamboud,2005-12-08,252,LASK Linz,80,Bundesliga,,,,
77526,2026-01-01,Mateusz Kopczyński -, Mateusz Kopczyński,2007-12-17,111086,Piast Gliwice,66,Ekstraklasa,,,,
77527,2026-01-01,Alex Marchal -, Alex Marchal García,2007-09-17,110711,Real Sociedad de Fútbol B,54,La Liga 2,,,,
77528,2026-01-01,Luken Beitia -, Luken Beitia Aguirregomezcorta,2004-06-30,110711,Real Sociedad de Fútbol B,54,La Liga 2,,,,
77530,2026-01-01,Pere Haro -, Pere Haro Crespo,2004-05-20,110832,Granada CF,54,La Liga 2,,,,
77532,2026-01-01,Pedro Cedillo -, Pedro Fidel Cedillo Segura,2007-06-18,1861,UD Almería,54,La Liga 2,,,,
77534,2026-01-01,Guga -, Gustavo Gouveia Rodrigues Cruz,2006-09-28,131735,Al Kholood,350,Pro League,,,,
77536,2026-01-01,Talal Al Shbely -, Talal Al Shbely,2005-03-07,113037,Al Riyadh,350,Pro League,,,,
77539,2026-01-01,Enzo Montet -, Enzo Montet,2003-05-10,1814,Stade Lavallois Mayenne FC,17,Ligue 2,,,,
77545,2026-01-01,Markus Walker Andersen -, Markus Walker Andersen,2006-11-23,1788,FC Nordsjælland,1,Superliga,,,,
77547,2026-01-01,Lucas Anjos -, Lucas Rodrigues Carvalho dos Anjos,2004-07-07,237,Sporting CP,308,Primeira Liga,,,,
77553,2026-01-01,Mathias Langeland Macallister -, Mathias Langeland Macallister,2007-04-12,111400,Sydney FC,351,A-League Men,,,,
77555,2026-01-01,Peter Villum Berthelsen -, Peter Villum Berthelsen,2006-04-14,1788,FC Nordsjælland,1,Superliga,,,,
77556,2026-01-01,Wyatt Meyer -, Wyatt Meyer,2001-01-11,114162,Nashville SC,39,Major League Soccer,,,,
77557,2026-01-01,Matthew James Corcoran -, Matthew James Corcoran,2006-02-17,114162,Nashville SC,39,Major League Soccer,,,,
77558,2026-01-01,Abdoulaye Camara -, Abdoulaye Camara,2008-09-28,55,Udinese,31,Serie A,,,,
77559,2026-01-01,Ilay Feingold -, Ilay Feingold,2004-08-23,691,New England Revolution,39,Major League Soccer,,,,
77560,2026-01-01,Beau Mathew Lovie Leroux -, Beau Mathew Lovie Leroux,2003-08-31,111928,San Jose Earthquakes,39,Major League Soccer,,,,
77561,2026-01-01,Yousri Sbai -, Yousri Sbai,2004-08-08,1910,NEC Nijmegen,10,Eredivisie,,,,
77572,2026-01-01,Branimir Jočić -,Branimir JočićБранимир Јочић,1994-11-30,114628,Meizhou Hakka,2012,Super League,,,,
77573,2026-01-01,Li Hao -,Li Hao李昊,2004-03-06,131488,Qingdao West Coast FC,2012,Super League,,,,
77574,2026-01-01,Wang Shiqin -,Wang Shiqin汪士钦,2003-06-24,112163,Zhejiang FC,2012,Super League,,,,
77585,2026-01-01,Daniel Braut -, Daniel Braut,2005-05-01,418,Tromsø IL,41,Eliteserien,,,,
77586,2026-01-01,Arnold Enrique Flores Ruiz -, Arnold Enrique Flores Ruiz,2004-06-29,114598,Atlético Grau,2020,Liga 1,,,,
77587,2026-01-01,Adriel Uziel Trelles La Torre -, Adriel Uziel Trelles La Torre,2004-05-03,114598,Atlético Grau,2020,Liga 1,,,,
77588,2026-01-01,Aarom Jairsinio Fuentes Falcón -, Aarom Jairsinio Fuentes Falcón,2002-06-12,114598,Atlético Grau,2020,Liga 1,,,,
77589,2026-01-01,Fernando Dickes -, Fernando Dickes,2007-10-13,28,Hamburger SV,19,Bundesliga,,,,
77592,2026-01-01,Wiktor Nowak -, Wiktor Nowak,2004-09-20,1569,Wisła Płock,66,Ekstraklasa,,,,
77593,2026-01-01,Mateus Mané -, Mateus Bula Dami Mané,2007-09-16,110,Wolverhampton Wanderers,13,Premier League,,,,
77597,2026-01-01,Ahmed Ali Kaabi -, Ahmed Ali Kaabi,2005-03-04,112391,Al Qadsiah FC,350,Pro League,,,,
77598,2026-01-01,Sean Keane -, Sean Keane,2006-04-22,753,Waterford FC,65,Premier Division,,,,
77599,2026-01-01,Favour Ayobamide Daniel Fawunmi -, Favour Ayobamide Daniel Fawunmi,2006-04-26,1806,Stoke City,14,Championship,,,,
77602,2026-01-01,Samuel Bassett -, Samuel Bassett,2003-04-13,694,Colorado Rapids,39,Major League Soccer,,,,
77603,2026-01-01,Carlos Daniel Gómez Cassani -, Carlos Daniel Gómez Cassani,2005-02-09,111010,Alianza Lima,2020,Liga 1,,,,
77604,2026-01-01,Jhoao Velásquez Chumpitazi -, Jhoao Velásquez Chumpitazi,2005-08-02,111010,Alianza Lima,2020,Liga 1,,,,
77605,2026-01-01,Stephen Acquah -, Stephen Acquah,2006-05-01,1788,FC Nordsjælland,1,Superliga,,,,
77606,2026-01-01,Alfons Borén -, Alfons Borén,2006-09-13,319,IFK Göteborg,56,Allsvenskan,,,,
77608,2026-01-01,Axel Jair Cabellos Vásquez -, Axel Jair Cabellos Vásquez,2006-11-18,111013,Sporting Cristal,2020,Liga 1,,,,
77609,2026-01-01,Yuri Aleksandr Guboglo -, Yuri Aleksandr Guboglo,2007-03-20,111139,CF Montréal,39,Major League Soccer,,,,
77610,2026-01-01,Vishal Yadav -, Vishal Yadav,2008-01-15,115202,Punjab FC,2149,Super League,,,,
77621,2026-01-01,Alex Ramula -, Alex Ramula,2005-01-17,100325,HJK Helsinki,322,Veikkausliiga,,,,
77624,2026-01-01,Ofosu Boakye -, Ofosu Boakye,2007-07-10,100632,Go Ahead Eagles,10,Eredivisie,,,,
77625,2026-01-01,Orseer Achihi -, Orseer Achihi,2006-09-19,230,Royal Antwerp FC,4,Pro League,,,,
77626,2026-01-01,Gabriel Jesus David -, Gabriel Jesus David,2007-01-02,230,Royal Antwerp FC,4,Pro League,,,,
77629,2026-01-01,Mohafidh Ahamada Mbae -, Mohafidh Ahamada Mbae,2004-03-16,111273,Red Star FC,17,Ligue 2,,,,
77631,2026-01-01,Téo Barišić -, Téo Barišić,2004-09-30,66,Olympique Lyonnais,16,Ligue 1,,,,
77633,2026-01-01,Rayan Fofana -, Rayan Fofana,2006-02-12,64,RC Lens,16,Ligue 1,,,,
77636,2026-01-01,Abdoul Karim Coulibaly -, Abdoul Karim Coulibaly,2007-05-23,38,SV Werder Bremen,19,Bundesliga,,,,
77637,2026-01-01,Zhang Yujie -,Zhang Yujie张昱杰,2002-03-18,131487,Shenzhen Peng City,2012,Super League,,,,
77638,2026-01-01,Robin Mirisola -, Robin Mirisola,2006-12-08,673,KRC Genk,4,Pro League,,,,
77640,2026-01-01,Diego Armando Díaz -, Diego Armando Díaz,2002-01-10,111716,Club Atlético Unión,353,Liga Profesional de Fútbol,,,,
77643,2026-01-01,Connor James Barratt -, Connor James Barratt,2004-04-05,1932,Barnsley,60,League One,,,,
77651,2026-01-01,Ole Kristian Gjefle Lauvli -, Ole Kristian Gjefle Lauvli,1994-05-13,418,Tromsø IL,41,Eliteserien,,,,
77652,2026-01-01,Prince Amoako Junior -, Prince Amoako Junior,2007-02-19,1788,FC Nordsjælland,1,Superliga,,,,
77656,2026-01-01,Anderson Ayhuana Barros -, Anderson Ayhuana Barros,2006-01-30,110968,Bolívar,2017,División de Fútbol Profesional,,,,
77657,2026-01-01,Pedrinho -, Pedro Henrique Fonseca de Araújo Martins,2003-04-18,695,FC Dallas,39,Major League Soccer,,,,
77660,2026-01-01,Ian Smith -, Ian Smith,2002-07-22,111140,Portland Timbers,39,Major League Soccer,,,,
77663,2026-01-01,Joran Gerbet -, Joran Gerbet,2001-06-30,112606,Orlando City SC,39,Major League Soccer,,,,
77664,2026-01-01,Thijs Kraaijeveld -, Thijs Kraaijeveld,2007-05-03,246,Feyenoord,10,Eredivisie,,,,
77668,2026-01-01,Sergio Fabián Sánchez -, Sergio Fabián Sánchez,2001-08-17,101085,Racing Club,353,Liga Profesional de Fútbol,,,,
77671,2026-01-01,Kalani Kossa-Rienzi -, Kalani Kossa-Rienzi,2002-06-27,111144,Seattle Sounders FC,39,Major League Soccer,,,,
77673,2026-01-01,Toni Fruk -, Toni Fruk,2001-03-09,,,,,78,Friendly International,https://cdn.sofifa.net/meta/team/18588/30.png,79
77688,2026-01-01,Bruno Ignacio Jáuregui Sáez -, Bruno Ignacio Jáuregui Sáez,2004-01-17,110977,Unión Española,335,Primera Division,,,,
77689,2026-01-01,Augusto Héctor Seimandi -, Augusto Héctor Seimandi,1995-02-01,132375,Gualberto Villarroel SJ,2017,División de Fútbol Profesional,,,,
77691,2026-01-01,Esteban Santiago Da Silva Álvarez -, Esteban Santiago Da Silva Álvarez,2001-03-10,112615,Racing Club de Montevideo,338,Primera División,,,,
77692,2026-01-01,Diogo Fernandes -, Diogo Dias Fernandes,2005-02-17,236,FC Porto,308,Primeira Liga,,,,
77693,2026-01-01,Faye El-Hadji Fallou -, Faye El-Hadji Fallou,2005-12-28,111705,IF Brommapojkarna,56,Allsvenskan,,,,
77699,2026-01-01,David Korherr -, David Korherr,2002-06-24,2017,TSV Hartberg,80,Bundesliga,,,,
77703,2026-01-01,Roger Hinojo -, Roger Hinojo Estrada,2005-02-21,15012,Cultural Leonesa,54,La Liga 2,,,,
77707,2026-01-01,Wilfried Chancy Ndollo Bille -, Wilfried Chancy Ndollo Bille,2005-07-13,70,Montpellier HSC,17,Ligue 2,,,,
77712,2026-01-01,Ange Martial Tia -, Ange Martial Tia,2006-11-20,379,Stade de Reims,17,Ligue 2,,,,
77717,2026-01-01,Amadou Matar Coundoul -, Amadou Matar Coundoul,2002-05-19,459,Real Sporting de Gijón,54,La Liga 2,,,,
77718,2026-01-01,Kai Jansen -, Kai Jansen,2007-05-29,1913,SC Heerenveen,10,Eredivisie,,,,
77720,2026-01-01,Muhammed Roshal PP -, Muhammed Roshal PP,2003-03-08,111629,East Bengal FC,2149,Super League,,,,
77722,2026-01-01,Anandhu Nambrath Sundran -, Anandhu Nambrath Sundran,2004-09-20,111629,East Bengal FC,2149,Super League,,,,
77724,2026-01-01,Diego Rodrigo Porcel -, Diego Rodrigo Porcel,2005-01-21,111019,Argentinos Juniors,353,Liga Profesional de Fútbol,,,,
77726,2026-01-01,Thiago Gael Gigena Ruiz -, Thiago Gael Gigena Ruiz,2005-09-30,110396,Newell's Old Boys,353,Liga Profesional de Fútbol,,,,
77727,2026-01-01,Giorgio Costantini -, Giorgio Costantini,2006-04-16,1876,River Plate,353,Liga Profesional de Fútbol,,,,
77729,2026-01-01,Frederik Emmery Søgaard -, Frederik Emmery Søgaard,2006-12-25,271,Aarhus Gymnastikforening,1,Superliga,,,,
77732,2026-01-01,Ollie Joseph Dewsbury -, Ollie Joseph Dewsbury,2008-02-22,1962,Bristol Rovers,61,League Two,,,,
77738,2026-01-01,Cameron Ashia -, Cameron Ashia,2005-04-22,1939,Huddersfield Town,60,League One,,,,
77740,2026-01-01,Tiago Parente -, Tiago Parreira Parente,2004-01-14,10020,GD Estoril Praia,308,Primeira Liga,,,,
77744,2026-01-01,George Evans -, George Evans,2005-05-16,97,Millwall FC,14,Championship,,,,
77746,2026-01-01,Theo Carroll -, Theo Carroll,2007-06-21,1801,Preston North End,14,Championship,,,,
77747,2026-01-01,Max Uhlig -, Max Uhlig,2006-09-08,506,FC Erzgebirge Aue,2076,3. Liga,,,,
77752,2026-01-01,Dare Kareem -, Dare Kareem,2006-01-17,1572,Drogheda United,65,Premier Division,,,,
77759,2026-01-01,Artem Smolyakov -,Artem SmolyakovСмоляков Артем Геннадійович,2003-05-29,112996,Los Angeles FC,39,Major League Soccer,,,,
77760,2026-01-01,Kauã Elias -, Kauã Elias Nogueira,2006-03-28,101059,Shakhtar Donetsk,332,Premier League,,,,
77761,2026-01-01,Axel Brönner -, Axel Brönner,2008-04-04,702,IFK Norrköping,56,Allsvenskan,,,,
77762,2026-01-01,Iddrisu Moro -, Iddrisu Moro,2006-06-02,321,Halmstads BK,56,Allsvenskan,,,,
77763,2026-01-01,Marvin Illary -, Marvin Illary,2006-10-17,321,Halmstads BK,56,Allsvenskan,,,,
77764,2026-01-01,Tristan Zobel -, Tristan Zobel,2003-10-04,506,FC Erzgebirge Aue,2076,3. Liga,,,,
77766,2026-01-01,Schneider Peña Vaca -, Schneider Peña Vaca,2004-03-26,132375,Gualberto Villarroel SJ,2017,División de Fútbol Profesional,,,,
77775,2026-01-01,Santiago Paz -, Santiago Paz,2004-03-22,132375,Gualberto Villarroel SJ,2017,División de Fútbol Profesional,,,,
77776,2026-01-01,Diego David Vargas Chavez -, Diego David Vargas Chavez,2002-11-13,132375,Gualberto Villarroel SJ,2017,División de Fútbol Profesional,,,,
77786,2026-01-01,Li Ruiyue -,Li Ruiyue李睿跃,2006-05-15,111768,Beijing Guoan,2012,Super League,,,,
77789,2026-01-01,Henry Oscar Brown -, Henry Oscar Brown,2007-04-20,92,Grimsby Town,61,League Two,,,,
77792,2026-01-01,Oscar Rodrigo Cáceres Prieto -, Oscar Rodrigo Cáceres Prieto,2005-02-18,111006,Sportivo Luqueño,337,División Profesional,,,,
77793,2026-01-01,Julián Marchio -, Julián Marchio,2000-10-14,111713,Club Atlético San Martín,353,Liga Profesional de Fútbol,,,,
77794,2026-01-01,Blas Javier Escobar Molinas -, Blas Javier Escobar Molinas,2004-02-23,111006,Sportivo Luqueño,337,División Profesional,,,,
77795,2026-01-01,Santiago Ocampos Ibarra -, Santiago Ocampos Ibarra,2002-01-22,111006,Sportivo Luqueño,337,División Profesional,,,,
77796,2026-01-01,Jonathan Vidal Ramos Benitez -, Jonathan Vidal Ramos Benitez,2007-08-30,111006,Sportivo Luqueño,337,División Profesional,,,,
77798,2026-01-01,Elvis van der Laan -, Elvis van der Laan,2008-02-29,1915,FC Groningen,10,Eredivisie,,,,
77800,2026-01-01,Santiago Ramón Ramírez Debali -, Santiago Ramón Ramírez Debali,1998-03-12,112615,Racing Club de Montevideo,338,Primera División,,,,
77806,2026-01-01,Xie Jintian -,Xie Jintian解锦添,2006-03-28,111768,Beijing Guoan,2012,Super League,,,,
77807,2026-01-01,Wang Zihao -,Wang Zihao王子皓,2006-09-26,111768,Beijing Guoan,2012,Super League,,,,
77808,2026-01-01,Dai Jinyu -,Dai Jinyu戴金宇,2005-10-29,111768,Beijing Guoan,2012,Super League,,,,
77809,2026-01-01,Wang Yuxiang -,Wang Yuxiang王宇翔,2005-04-09,111768,Beijing Guoan,2012,Super League,,,,
77811,2026-01-01,An Zhicheng -,An Zhicheng安智诚,2007-01-15,111769,Changchun Yatai,2012,Super League,,,,
77812,2026-01-01,Xuan Zhijian -,Xuan Zhijian玄智健,2005-10-28,111769,Changchun Yatai,2012,Super League,,,,
77814,2026-01-01,Lucas Jetten -, Lucas Jetten,2007-06-07,245,Ajax,10,Eredivisie,,,,
77818,2026-01-01,Daniel Schneider -, Daniel Schneider,2002-03-01,131491,KFUM-Kameratene Oslo,41,Eliteserien,,,,
77822,2026-01-01,Blake Gillingham -, Blake Gillingham,2002-10-11,698,Houston Dynamo,39,Major League Soccer,,,,
77826,2026-01-01,Stephan Zagadou -, Stephan Zagadou,2008-10-24,1738,Le Havre AC,16,Ligue 1,,,,
77827,2026-01-01,Yeiler Stith Valencia Banguero -, Yeiler Stith Valencia Banguero,2004-05-28,101106,Once Caldas,336,Categoría Primera A,,,,
77829,2026-01-01,Hamidou Makalou -, Hamidou Makalou,2006-07-15,378,Stade Brestois 29,16,Ligue 1,,,,
77836,2026-01-01,Yassin Sbai -, Yassin Sbai,2003-07-14,10032,FC Lugano,189,Super League,,,,
77838,2026-01-01,Robin Lisewski -, Robin Lisewski,2006-02-13,171,1. FC Nürnberg,20,2. Bundesliga,,,,
77840,2026-01-01,Erick Farias -, Erick Samuel Corrêa Farias,1997-01-03,1473,Ulsan HD FC,83,K League 1,,,,
77851,2026-01-01,Víctor Valdepeñas -, Víctor Valdepeñas Talavera,2006-10-20,243,Real Madrid,53,La Liga,,,,
77863,2026-01-01,Teo Rodríguez Pagano -, Teo Rodríguez Pagano,2005-10-12,1013,San Lorenzo de Almagro,353,Liga Profesional de Fútbol,,,,
77875,2026-01-01,Milai Perott -, Milai Perott,2004-04-12,1937,Notts County,61,League Two,,,,
77879,2026-01-01,Nicholas Cavallo -, Nicholas Cavallo,2001-12-27,112828,New York City FC,39,Major League Soccer,,,,
77882,2026-01-01,Elias Aboulguie Egouli -, Elias Aboulguie Egouli,2002-08-06,110636,Fortuna Düsseldorf,20,2. Bundesliga,,,,
77883,2026-01-01,Alisson -, Alisson Santana Lopes da Fonseca,2005-09-21,101059,Shakhtar Donetsk,332,Premier League,,,,
77884,2026-01-01,Kim Hyeon Oh -,Hyeon-oh Kim김현오,2007-09-12,980,Daejeon Citizen,83,K League 1,,,,
77888,2026-01-01,Jeon Ji Wan -,Ji-wan Jeon전지완,2004-05-14,1477,Jeonbuk Hyundai Motors,83,K League 1,,,,
77889,2026-01-01,Denílson -, Valdenilson da Paz Araújo,2000-03-20,1478,Jeju United FC,83,K League 1,,,,
77902,2026-01-01,Li Moyu -,Li Moyu李漠雨,2005-04-08,116360,Chengdu Rongcheng,2012,Super League,,,,
77903,2026-01-01,Xu Hong -,Xu Hong徐虹,2005-03-07,116360,Chengdu Rongcheng,2012,Super League,,,,
77904,2026-01-01,Wang Ziteng -,Wang Ziteng王子腾,2005-05-05,116360,Chengdu Rongcheng,2012,Super League,,,,
77905,2026-01-01,Tang Zicheng -,Tang Zicheng唐梓程,2008-03-09,116360,Chengdu Rongcheng,2012,Super League,,,,
77906,2026-01-01,Liao Jintao -,Liao Jintao廖锦涛,2000-02-24,132305,Dalian Yingbo,2012,Super League,,,,
77907,2026-01-01,Ari Sigurpálsson -, Ari Sigurpálsson,2003-03-17,700,IF Elfsborg,56,Allsvenskan,,,,
77908,2026-01-01,Kang Jiawei -,Kang Jiawei康嘉玮,2004-08-16,111779,Henan FC,2012,Super League,,,,
77909,2026-01-01,Lei Xi -,Lei Xi雷熙,2004-04-19,111779,Henan FC,2012,Super League,,,,
77910,2026-01-01,Zhang Zhaozhi -,Zhang Zhaozhi张兆致,2004-03-09,111779,Henan FC,2012,Super League,,,,
77912,2026-01-01,Wei Xiangxin -,Wei Xiangxin魏祥鑫,2008-03-05,114628,Meizhou Hakka,2012,Super League,,,,
77914,2026-01-01,Zhang Jiajie -,Zhang Jiajie张家杰,2003-08-01,114628,Meizhou Hakka,2012,Super League,,,,
77915,2026-01-01,Zheng Chuanhui -,Zheng Chuanhui郑传辉,2007-01-01,131173,Qingdao Hainiu FC,2012,Super League,,,,
77916,2026-01-01,Yang Cong -,Yang Cong杨聪,2005-02-02,131173,Qingdao Hainiu FC,2012,Super League,,,,
77917,2026-01-01,Wang Kuan -,Wang Kuan王款,2005-10-15,131173,Qingdao Hainiu FC,2012,Super League,,,,
77918,2026-01-01,Zhang Boxuan -,Zhang Boxuan张伯煊,2008-05-15,131488,Qingdao West Coast FC,2012,Super League,,,,
77919,2026-01-01,Raphael Merkies -,Raphaël Merkies李小恆,2002-04-15,111724,Shandong Taishan,2012,Super League,,,,
77920,2026-01-01,Mei Shuaijun -,Mei Shuaijun梅帅军,2006-02-08,111724,Shandong Taishan,2012,Super League,,,,
77921,2026-01-01,Shemshidin Yusupjan -,Shemshidin Yusupjan谢木西丁·玉素甫江,2004-12-20,111724,Shandong Taishan,2012,Super League,,,,
77922,2026-01-01,Kuai Jiwen -,Kuai Jiwen蒯纪闻,2006-02-28,112540,Shanghai Port,2012,Super League,,,,
77924,2026-01-01,Li Xinxiang -,Li Xinxiang李新翔,2005-11-30,112540,Shanghai Port,2012,Super League,,,,
77925,2026-01-01,Liu Tiecheng -,Liu Tiecheng刘铁诚,2006-04-22,112540,Shanghai Port,2012,Super League,,,,
77926,2026-01-01,Li Zhiliang -,Li Zhiliang李智良,2007-06-18,112540,Shanghai Port,2012,Super League,,,,
77927,2026-01-01,Wang Hanlong -,Wang HanlongMarcel Petrov 王汉龙,2006-03-20,110955,Shanghai Shenhua,2012,Super League,,,,
77930,2026-01-01,He Quan -,He Quan和泉,2004-09-30,110955,Shanghai Shenhua,2012,Super League,,,,
77931,2026-01-01,Zhang Bin -,Zhang Bin张斌,2005-01-10,110955,Shanghai Shenhua,2012,Super League,,,,
77932,2026-01-01,He Linhan -,He Linhan贺麟涵,2004-06-29,110955,Shanghai Shenhua,2012,Super League,,,,
77934,2026-01-01,Wassim Bouziane -, Wassim Bouziane,2006-12-22,1906,AZ Alkmaar,10,Eredivisie,,,,
77936,2026-01-01,Shen Huanming -,Shen Huanming申桓铭,2004-01-29,131487,Shenzhen Peng City,2012,Super League,,,,
77938,2026-01-01,Zhang Haonan -,Zhang Haonan张皓楠,2005-06-30,131487,Shenzhen Peng City,2012,Super League,,,,
77939,2026-01-01,Jiang Weiyi -,Jiang Weiyi江唯一,2004-01-19,131487,Shenzhen Peng City,2012,Super League,,,,
77940,2026-01-01,Zhang Haoran -,Zhang Haoran张皓然,2006-07-18,111774,Tianjin Jinmen Tiger,2012,Super League,,,,
77941,2026-01-01,Zou Zhenxiang -,Zou Zhenxiang邹振祥,2003-05-13,116361,Wuhan Three Towns,2012,Super League,,,,
77944,2026-01-01,Ruan Jingwei -,Ruan Jingwei阮景威,2005-03-04,116361,Wuhan Three Towns,2012,Super League,,,,
77945,2026-01-01,Hu Tao -,Hu Tao胡涛,2004-04-08,131531,Yunnan Yukun,2012,Super League,,,,
77949,2026-01-01,Altti Hellemaa -, Altti Hellemaa,2004-07-25,700,IF Elfsborg,56,Allsvenskan,,,,
77950,2026-01-01,Diego Alberto Capdevila Fernández -, Diego Alberto Capdevila Fernández,2003-01-18,111325,Club Nacional de Football,338,Primera División,,,,
77951,2026-01-01,Samukele Alucious Kabini -, Samukele Alucious Kabini,2004-03-15,417,Molde FK,41,Eliteserien,,,,
77952,2026-01-01,Tord Rokkones Flolid -, Tord Rokkones Flolid,2005-03-02,112199,Sarpsborg 08 FF,41,Eliteserien,,,,
77953,2026-01-01,Hjalmar Smedberg -, Hjalmar Smedberg,2006-06-23,113892,Degerfors IF,56,Allsvenskan,,,,
77956,2026-01-01,Juan Camilo Mosquera Perlaza -, Juan Camilo Mosquera Perlaza,2002-07-14,112992,Atlético Bucaramanga,336,Categoría Primera A,,,,
77967,2026-01-01,Ian Pilcher -, Ian Pilcher,2003-03-21,131439,San Diego FC,39,Major League Soccer,,,,
77968,2026-01-01,Liam MacKenzie -, Liam MacKenzie,2007-03-15,101112,Vancouver Whitecaps FC,39,Major League Soccer,,,,
77969,2026-01-01,Cesar Ruvalcaba Perez -, Cesar Ruvalcaba Perez,2001-07-13,687,Columbus Crew,39,Major League Soccer,,,,
77970,2026-01-01,Jansen Miller -, Jansen Miller,2002-02-10,696,Sporting Kansas City,39,Major League Soccer,,,,
77972,2026-01-01,Alexandro Maidana Mendieta -, Alexandro Maidana Mendieta,2005-07-26,111329,Guaraní,337,División Profesional,,,,
77973,2026-01-01,Zakaria Sarjo Sawo -, Zakaria Sarjo Sawo,2000-01-11,710,Djurgårdens IF,56,Allsvenskan,,,,
77974,2026-01-01,Juan Daniel Vegas Polanco -, Juan Daniel Vegas Polanco,2005-02-11,110989,Caracas FC,2019,Primera Division,,,,
77975,2026-01-01,Francisco Antonio Valdés Ríos -, Francisco Antonio Valdés Ríos,2006-03-05,110975,Universidad Católica,335,Primera Division,,,,
77978,2026-01-01,Emil Rohd Schlichting -, Emil Rohd Schlichting,2004-11-04,1463,FK Haugesund,41,Eliteserien,,,,
77983,2026-01-01,Carlos Eduardo Velasquez Luna -, Carlos Eduardo Velasquez Luna,2005-01-06,114611,Academia Puerto Cabello,2019,Primera Division,,,,
77984,2026-01-01,Rui Isaac Alleyne González -, Rui Isaac Alleyne González,2005-03-09,114611,Academia Puerto Cabello,2019,Primera Division,,,,
78000,2026-01-01,Cristian Uribe -, Cristian Uribe,2007-10-07,101100,Atlético Nacional,336,Categoría Primera A,,,,
78004,2026-01-01,Nicola Pintus -, Nicola Pintus,2005-05-25,1842,Cagliari,31,Serie A,,,,
78009,2026-01-01,Michał Niedbała -, Michał Niedbała,2006-04-10,111083,Korona Kielce,66,Ekstraklasa,,,,
78012,2026-01-01,Yan Diomande -, Yan Diomande,2006-11-14,112172,RB Leipzig,19,Bundesliga,,,,
78014,2026-01-01,Dani Díaz -, Daniel Díaz Gándara,2006-06-22,110711,Real Sociedad de Fútbol B,54,La Liga 2,,,,
78015,2026-01-01,Santiago Gabriel Daniele -, Santiago Gabriel Daniele,2005-11-22,110404,CA Banfield,353,Liga Profesional de Fútbol,,,,
78016,2026-01-01,Lorenzo Albarracín Castro -, Lorenzo Albarracín Castro,2007-02-17,110953,Instituto Atlético Central Córdoba,353,Liga Profesional de Fútbol,,,,
78025,2026-01-01,Yusuf Can Karademir -, Yusuf Can Karademir,2008-01-04,113142,Alanyaspor,68,Süper Lig,,,,
78027,2026-01-01,Boran Başkan -, Boran Başkan,2006-03-29,436,Trabzonspor,68,Süper Lig,,,,
78028,2026-01-01,Álvaro Augusto -, Álvaro Ribeiro de Brito Augusto,2005-04-17,695,FC Dallas,39,Major League Soccer,,,,
78029,2026-01-01,David Isso -, David Isso,2007-08-17,111705,IF Brommapojkarna,56,Allsvenskan,,,,
78030,2026-01-01,Herman Sjåvik Opsahl -, Herman Sjåvik Opsahl,2008-01-22,113459,Kristiansund BK,41,Eliteserien,,,,
78034,2026-01-01,Mathias Silseth Mork -, Mathias Silseth Mork,2007-07-27,417,Molde FK,41,Eliteserien,,,,
78036,2026-01-01,Mads Orrhaug Larsen -, Mads Orrhaug Larsen,2006-04-09,1756,Hamarkameratene,41,Eliteserien,,,,
78037,2026-01-01,Juan Martín Rodríguez Camejo -, Juan Martín Rodríguez Camejo,2005-05-30,1842,Cagliari,31,Serie A,,,,
78040,2026-01-01,Kevin Krumme -, Kevin Krumme,2004-03-10,10030,SC Paderborn 07,20,2. Bundesliga,,,,
78042,2026-01-01,Victor Max Robert Svensson -, Victor Max Robert Svensson,2006-06-10,113458,IK Sirius,56,Allsvenskan,,,,
78044,2026-01-01,Dominik Chong Qui -, Dominik Chong Qui,2007-12-29,112885,Atlanta United,39,Major League Soccer,,,,
78047,2026-01-01,George William Morrison -, George William Morrison,2005-10-24,112260,Fleetwood Town,61,League Two,,,,
78049,2026-01-01,Abubacarr Sedi Kinteh -, Abubacarr Sedi Kinteh,2006-11-30,418,Tromsø IL,41,Eliteserien,,,,
78050,2026-01-01,David de Ornelas de Conno -, David de Ornelas de Conno,2008-06-25,1756,Hamarkameratene,41,Eliteserien,,,,
78051,2026-01-01,Sander Rød -, Sander Rød,2005-03-16,113459,Kristiansund BK,41,Eliteserien,,,,
78054,2026-01-01,Magnus Fjørtoft Løvik -, Magnus Fjørtoft Løvik,2005-10-07,417,Molde FK,41,Eliteserien,,,,
78055,2026-01-01,Alem Omerinović -, Alem Omerinović,2007-08-29,1757,Sandefjord Fotball,41,Eliteserien,,,,
78056,2026-01-01,Bendik Slotfeldt Berntsen -, Bendik Slotfeldt Berntsen,2007-04-17,1757,Sandefjord Fotball,41,Eliteserien,,,,
78057,2026-01-01,Jakob Jakobsen Swift -, Jakob Jakobsen Swift,2007-03-20,1757,Sandefjord Fotball,41,Eliteserien,,,,
78058,2026-01-01,Henrik Barstad Skretteberg -, Henrik Barstad Skretteberg,2007-10-03,1757,Sandefjord Fotball,41,Eliteserien,,,,
78059,2026-01-01,Ethan Bruchez -, Ethan Bruchez,2008-04-07,1862,FC Lausanne-Sport,189,Super League,,,,
78060,2026-01-01,Jimi Gower -, Jimi Gower,2004-10-01,1900,Moreirense FC,308,Primeira Liga,,,,
78063,2026-01-01,Lennart Karl -, Lennart Karl,2008-02-22,21,FC Bayern München,19,Bundesliga,,,,
78065,2026-01-01,Nikola Mitrovic -, Nikola Mitrovic,2006-05-28,711,BK Häcken,56,Allsvenskan,,,,
78066,2026-01-01,Olle Nilsson Löv -, Olle Nilsson Löv,2008-08-23,112072,Mjällby AIF,56,Allsvenskan,,,,
78070,2026-01-01,Rudy Nzingoula Matondo -, Rudy Nzingoula Matondo,2008-03-13,57,AJ Auxerre,16,Ligue 1,,,,
78071,2026-01-01,Nicolau -, Ignacio Nicolau Benlloch,2003-04-14,472,UD Las Palmas,54,La Liga 2,,,,
78072,2026-01-01,Omar Falah -, Omar Falah Ruiz,2003-09-09,110827,Real Oviedo,53,La Liga,,,,
78073,2026-01-01,Jordan Baylis -, Jordan Baylis,2005-10-17,111398,Newcastle Jets,351,A-League Men,,,,
78074,2026-01-01,Kane Richardson -, Kane Richardson,2007-05-30,1797,Rotherham United,60,League One,,,,
78075,2026-01-01,JJ Briggs -, JJ Briggs,2007-05-01,1944,Cambridge United,61,League Two,,,,
78076,2026-01-01,Facundo Martín Sánchez -, Facundo Martín Sánchez,2005-08-07,110395,Lanús,353,Liga Profesional de Fútbol,,,,
78077,2026-01-01,Jeremías Luciano Chavero Pérez -, Jeremías Luciano Chavero Pérez,2006-05-30,110395,Lanús,353,Liga Profesional de Fútbol,,,,
78078,2026-01-01,Giovanni Ismael Cantizano -, Giovanni Ismael Cantizano,2007-03-21,110580,Rosario Central,353,Liga Profesional de Fútbol,,,,
78079,2026-01-01,Mattéo Anselme -, Mattéo Anselme,2007-04-25,324,Servette FC,189,Super League,,,,
78081,2026-01-01,Ignacio Perruzzi Ambrosini -, Ignacio Perruzzi Ambrosini,2005-04-05,1013,San Lorenzo de Almagro,353,Liga Profesional de Fútbol,,,,
78085,2026-01-01,Matías Adrián Núñez -, Matías Adrián Núñez,2000-10-09,110991,Carabobo FC,2019,Primera Division,,,,
78086,2026-01-01,Joshuan Javier Berríos Mora -, Joshuan Javier Berríos Mora,1997-01-24,110991,Carabobo FC,2019,Primera Division,,,,
78087,2026-01-01,Ezequiel Nicolás Neira -, Ezequiel Nicolás Neira,2001-02-03,110991,Carabobo FC,2019,Primera Division,,,,
78088,2026-01-01,Otávio -, Otávio Manoel Galdino Fernandes,2005-11-25,718,Estrela da Amadora,308,Primeira Liga,,,,
78089,2026-01-01,Lukas Schimkus -, Lukas Schimkus,2007-10-05,506,FC Erzgebirge Aue,2076,3. Liga,,,,
78099,2026-01-01,Valentin Sulzbacher -, Valentin Sulzbacher,2005-03-11,191,FC Red Bull Salzburg,80,Bundesliga,,,,
78101,2026-01-01,Vicente Ariel Espinoza Hevia -, Vicente Ariel Espinoza Hevia,2003-11-14,111328,CD Palestino,335,Primera Division,,,,
78102,2026-01-01,Álex Andrés Rodríguez Reascos -, Álex Andrés Rodríguez Reascos,2003-11-08,114581,Universidad Católica del Ecuador,2018,Serie A,,,,
78103,2026-01-01,Eric David Valencia Reasco -, Eric David Valencia Reasco,2003-06-05,114581,Universidad Católica del Ecuador,2018,Serie A,,,,
78105,2026-01-01,Lucas Antonio Verza Martínez -, Lucas Antonio Verza Martínez,2001-04-14,101108,Club Olimpia,337,División Profesional,,,,
78113,2026-01-01,Triston Rowe -, Triston Rowe,2006-10-02,115494,FC Annecy,17,Ligue 2,,,,
78115,2026-01-01,Luke Joseph Butterfield -, Luke Joseph Butterfield,2003-09-29,1924,Chesterfield,61,League Two,,,,
78121,2026-01-01,Sebastián Mendoza Yépez -, Sebastián Mendoza Yépez,2005-10-29,110991,Carabobo FC,2019,Primera Division,,,,
78122,2026-01-01,Harry James Tustin -, Harry James Tustin,2007-05-09,1936,Cheltenham Town,61,League Two,,,,
78123,2026-01-01,George Christopher John Pratt -, George Christopher John Pratt,2003-09-17,3,Blackburn Rovers,14,Championship,,,,
78126,2026-01-01,Thomas Christopher Norcott -, Thomas Christopher Norcott,2004-11-22,1793,Reading FC,60,League One,,,,
78127,2026-01-01,Adriano Bregou -,Adriano BregouΑντριάνο Μπρέγκου,2006-04-09,1884,Panathinaikos FC,63,Super League,,,,
78131,2026-01-01,Magnus Elias Walther Baars -, Magnus Elias Walther Baars,2006-10-12,110588,1. FC Magdeburg,20,2. Bundesliga,,,,
78133,2026-01-01,Efe Doğan -, Efe Doğan,2004-08-20,101037,Çaykur Rizespor,68,Süper Lig,,,,
78135,2026-01-01,Tidiane Touré -, Tidiane Touré,2004-11-05,34,FC Schalke 04,20,2. Bundesliga,,,,
78136,2026-01-01,Matteo Schablas -, Matteo Schablas,2005-03-14,256,FK Austria Wien,80,Bundesliga,,,,
78138,2026-01-01,Kasper Boogaard -, Kasper Boogaard,2006-01-29,1906,AZ Alkmaar,10,Eredivisie,,,,
78144,2026-01-01,Pietro Avena -, Pietro Avena,2007-07-23,1843,Palermo FC,32,Serie B,,,,
78145,2026-01-01,Alejandro Jesús Gomes Rodríguez -, Alejandro Jesús Gomes Rodríguez,2008-03-11,66,Olympique Lyonnais,16,Ligue 1,,,,
78149,2026-01-01,Errol Mundle-Smith -, Errol Mundle-Smith,2006-03-19,1792,Norwich City,14,Championship,,,,
78150,2026-01-01,Travis Akomeah -, Travis Akomeah,2006-01-06,1802,Gillingham,61,League Two,,,,
78151,2026-01-01,Joshua John Taroni -, Joshua John Taroni,2007-03-01,15015,Burton Albion,60,League One,,,,
78152,2026-01-01,Jalal Adel Al Salem -, Jalal Adel Al Salem,2005-06-12,112096,Al Ettifaq,350,Pro League,,,,
78154,2026-01-01,Abdulmalik Saleh Saifi Al Khaibari -, Abdulmalik Saleh Saifi Al Khaibari,2007-09-14,113037,Al Riyadh,350,Pro League,,,,
78158,2026-01-01,Ibrahim Moriba Coulibaly -, Ibrahim Moriba Coulibaly,2005-12-07,1815,Clermont Foot 63,17,Ligue 2,,,,
78160,2026-01-01,Renato Nhaga -, Renato Sam Na Nhaga,2007-03-27,114510,Casa Pia,308,Primeira Liga,,,,
78161,2026-01-01,Tiago Brito -, Tiago Araújo Brito,2004-04-16,10020,GD Estoril Praia,308,Primeira Liga,,,,
78163,2026-01-01,Eden Gassama -, Eden Gassama,2005-07-26,62,En Avant Guingamp,17,Ligue 2,,,,
78164,2026-01-01,Yannick Gerritsen -, Yannick Gerritsen,2006-02-14,1908,FC Twente,10,Eredivisie,,,,
78172,2026-01-01,Kaick -, Kaick da Silva Ferreira,2005-11-29,695,FC Dallas,39,Major League Soccer,,,,
78174,2026-01-01,Aytor Herrera Martinez -, Aytor Herrera Martinez,2007-10-31,110989,Caracas FC,2019,Primera Division,,,,
78175,2026-01-01,Ángel Luis Figueroa Cedeño -, Ángel Luis Figueroa Cedeño,2005-05-29,110989,Caracas FC,2019,Primera Division,,,,
78176,2026-01-01,Chris Alexander Martínez Aponte -, Chris Alexander Martínez Aponte,2007-03-01,110989,Caracas FC,2019,Primera Division,,,,
78177,2026-01-01,Leart Zuka -, Leart Zuka,2005-08-27,324,Servette FC,189,Super League,,,,
78183,2026-01-01,Jake Benjamin Evans -, Jake Benjamin Evans,2008-08-21,95,Leicester City,14,Championship,,,,
78184,2026-01-01,Jay Steven Robinson -, Jay Steven Robinson,2007-03-15,17,Southampton,14,Championship,,,,
78185,2026-01-01,Jhon Alexander Rentería Arias -, Jhon Alexander Rentería Arias,2005-10-24,112713,Club Atlético Sarmiento,353,Liga Profesional de Fútbol,,,,
78188,2026-01-01,Sebastián Andrés Arancibia Flores -, Sebastián Andrés Arancibia Flores,2006-06-15,110975,Universidad Católica,335,Primera Division,,,,
78189,2026-01-01,Sebastián Villarroel Rojas -, Sebastián Villarroel Rojas,2007-02-08,131795,San Antonio Bulo Bulo,2017,División de Fútbol Profesional,,,,
78190,2026-01-01,Osama Khalid Abdulaziz Al Thumairy -, Osama Khalid Abdulaziz Al Thumairy,2005-09-26,113057,Al Fayha,350,Pro League,,,,
78193,2026-01-01,Rafa Rodríguez -, Rafael Rodríguez Ruiz,2003-07-10,573,Málaga CF,54,La Liga 2,,,,
78198,2026-01-01,Rodrigo Antonio Gómez Villalba -, Rodrigo Antonio Gómez Villalba,2006-05-08,112716,Cerro Porteño,337,División Profesional,,,,
78199,2026-01-01,José Alexander Rondón Maneiro -, José Alexander Rondón Maneiro,2005-07-19,110989,Caracas FC,2019,Primera Division,,,,
78202,2026-01-01,Christopher John Cupps -, Christopher John Cupps,2008-05-26,693,Chicago Fire,39,Major League Soccer,,,,
78204,2026-01-01,Kenneth Wilson Nielsen -, Kenneth Wilson Nielsen,2002-02-13,112996,Los Angeles FC,39,Major League Soccer,,,,
78207,2026-01-01,Gustavo Andres Caraballo Delgado -, Gustavo Andres Caraballo Delgado,2008-08-29,112606,Orlando City SC,39,Major League Soccer,,,,
78210,2026-01-01,Francesco Montali -, Francesco Montali,2000-09-06,111928,San Jose Earthquakes,39,Major League Soccer,,,,
78215,2026-01-01,Telli Siwe -, Telli Siwe,2004-12-14,57,AJ Auxerre,16,Ligue 1,,,,
78216,2026-01-01,Noham Fadjigui Kamara -, Noham Fadjigui Kamara,2007-01-22,73,Paris Saint-Germain,16,Ligue 1,,,,
78217,2026-01-01,Saud Mahmoud Osama Al Tumbkti -,Saud Mahmoud Osama Al Tumbktiسعود محمود التمبكتي,2005-01-28,113037,Al Riyadh,350,Pro League,,,,
78223,2026-01-01,Abdramane Farouz Mawurobi Ouedraogo -, Abdramane Farouz Mawurobi Ouedraogo,2006-10-11,232,Standard de Liège,4,Pro League,,,,
78229,2026-01-01,Olabade Olatomiwo Samuel Aluko -, Olabade Olatomiwo Samuel Aluko,2006-10-01,95,Leicester City,14,Championship,,,,
78230,2026-01-01,Opeoluwa David Abimbola -, Opeoluwa David Abimbola,2007-05-19,4,Bolton Wanderers,60,League One,,,,
78231,2026-01-01,Ronan Mansfield -, Ronan Mansfield,2005-12-06,753,Waterford FC,65,Premier Division,,,,
78233,2026-01-01,Patrick Lassana Carraro Injai -, Patrick Lassana Carraro Injai,2006-06-03,1816,Amiens SC,17,Ligue 2,,,,
78235,2026-01-01,Isaac Samuel England -, Isaac Samuel England,2008-04-29,127,Shrewsbury Town,61,League Two,,,,
78242,2026-01-01,James Clarke -, James Clarke,2006-10-22,1797,Rotherham United,60,League One,,,,
78245,2026-01-01,Ahmed Wisam Saeed -, Ahmed Wisam Saeed,2008-04-22,710,Djurgårdens IF,56,Allsvenskan,,,,
78246,2026-01-01,Kristoffer Halvorsen -, Kristoffer Halvorsen,2008-02-19,1757,Sandefjord Fotball,41,Eliteserien,,,,
78259,2026-01-01,Djenairo Gillian Noell Daniëls -, Djenairo Gillian Noell Daniëls,2002-01-07,82,Kilmarnock,50,Premiership,,,,
78260,2026-01-01,Axel Jonatan Alfonzo Villarreal -, Axel Jonatan Alfonzo Villarreal,2004-05-06,101108,Club Olimpia,337,División Profesional,,,,
78261,2026-01-01,Mihajlo Cvetkovic -,Mihajlo CvetkovicМихајло Цветковић,2007-01-10,229,RSC Anderlecht,4,Pro League,,,,
78263,2026-01-01,Alessio Cacciamani -, Alessio Cacciamani,2007-06-29,112124,SS Juve Stabia,32,Serie B,,,,
78267,2026-01-01,Celías Adán Ingenthron -, Celías Adán Ingenthron,2008-06-28,112689,Platense,353,Liga Profesional de Fútbol,,,,
78268,2026-01-01,Ivo Visona Dalla Pozza -, Ivo Visona Dalla Pozza,2007-01-16,112689,Platense,353,Liga Profesional de Fútbol,,,,
78282,2026-01-01,Marcos Fernández -, Marcos Fernández Sánchez,2003-05-17,1894,AD Ceuta FC,54,La Liga 2,,,,
78285,2026-01-01,Jan Eicher -, Jan Eicher,2004-02-16,1715,FC Thun,189,Super League,,,,
78288,2026-01-01,Lucien Dähler -, Lucien Dähler,2001-03-22,1715,FC Thun,189,Super League,,,,
78290,2026-01-01,Thomas Jack Taylor -, Thomas Jack Taylor,2005-02-21,1936,Cheltenham Town,61,League Two,,,,
78295,2026-01-01,Prosper Peter -, Prosper Peter,2007-08-09,1530,Angers SCO,16,Ligue 1,,,,
78298,2026-01-01,Daeshon Lawrence -, Daeshon Lawrence,2006-10-13,4,Bolton Wanderers,60,League One,,,,
78303,2026-01-01,Lucca Mendonca -, Lucca Mendonca,2007-10-02,1938,Peterborough United,60,League One,,,,
78304,2026-01-01,Ellis Bates -, Ellis Bates,2007-06-08,361,Stevenage,60,League One,,,,
78305,2026-01-01,Moses Alexander-Walker -, Moses Alexander-Walker,2007-07-27,112254,Newport County,61,League Two,,,,
78310,2026-01-01,Antony Jesús Henríquez Herrera -, Antony Jesús Henríquez Herrera,2006-10-15,112531,Deportes Iquique,335,Primera Division,,,,
78311,2026-01-01,Francisco Javier Marchant Madrid -, Francisco Javier Marchant Madrid,2006-07-31,110980,Colo-Colo,335,Primera Division,,,,
78312,2026-01-01,Rodrigo Ribeiro -, Rodrigo Santos Ribeiro,2006-05-26,112809,Famalicão,308,Primeira Liga,,,,
78314,2026-01-01,Valmir Matoshi -, Valmir Matoshi,2003-07-04,1715,FC Thun,189,Super League,,,,
78315,2026-01-01,Mathías Adrián Tomás Borges -, Mathías Adrián Tomás Borges,2001-01-30,100135,APOEL FC,318,1. Division,,,,
78316,2026-01-01,Franz-Ethan Meichtry -, Franz-Ethan Meichtry,2005-07-08,1715,FC Thun,189,Super League,,,,
78317,2026-01-01,Declan Frith -, Declan Frith,2002-05-16,1938,Peterborough United,60,League One,,,,
78318,2026-01-01,Marc Gutbub -, Marc Gutbub,2003-02-04,1715,FC Thun,189,Super League,,,,
78324,2026-01-01,Jorge Salustiano de Asís -, Jorge Salustiano de Asís,2006-01-29,101084,Gimnasia y Esgrima La Plata,353,Liga Profesional de Fútbol,,,,
78336,2026-01-01,Ricardo Iván Marecos Ortigazo -, Ricardo Iván Marecos Ortigazo,2005-02-21,112716,Cerro Porteño,337,División Profesional,,,,
78339,2026-01-01,Djibril Alain Lamego -, Djibril Alain Lamego,2003-02-25,132231,RAAL La Louvière,4,Pro League,,,,
78340,2026-01-01,Maxence Daniel Maisonneuve -, Maxence Daniel Maisonneuve,1999-02-11,132231,RAAL La Louvière,4,Pro League,,,,
78342,2026-01-01,Jordi Baininwa Liongola -, Jordi Baininwa Liongola,2000-05-17,132231,RAAL La Louvière,4,Pro League,,,,
78343,2026-01-01,Samuel Léopold Gueulette -, Samuel Léopold Gueulette,2000-05-19,132231,RAAL La Louvière,4,Pro League,,,,
78345,2026-01-01,Maxime Xavier Pau -, Maxime Xavier Pau,2000-03-31,132231,RAAL La Louvière,4,Pro League,,,,
78346,2026-01-01,Owen Maës -, Owen Maës,1998-09-24,132231,RAAL La Louvière,4,Pro League,,,,
78347,2026-01-01,Mohamed Yaya Guindo -, Mohamed Yaya Guindo,2003-08-01,132231,RAAL La Louvière,4,Pro League,,,,
78348,2026-01-01,Nolan Erwan Noa Gillot -, Nolan Erwan Noa Gillot,2002-10-31,132231,RAAL La Louvière,4,Pro League,,,,
78349,2026-01-01,Joël Ito Singa -, Joël Ito Singa,1998-03-27,132231,RAAL La Louvière,4,Pro League,,,,
78354,2026-01-01,Melvin Fabricio Díaz Canencia -, Melvin Fabricio Díaz Canencia,2001-11-26,110986,LDU Quito,2018,Serie A,,,,
78355,2026-01-01,Olger Armando Escobar Real -, Olger Armando Escobar Real,2006-09-11,111139,CF Montréal,39,Major League Soccer,,,,
78356,2026-01-01,José Luis Quiñones Mancilla -, José Luis Quiñones Mancilla,2002-06-13,114615,Mushuc Runa,2018,Serie A,,,,
78366,2026-01-01,Iago Parente -, Iago Parente Novoa,2006-02-25,462,Real Valladolid CF,54,La Liga 2,,,,
78367,2026-01-01,Oso -, Joaquín Martínez Gauna,2003-07-09,481,Sevilla FC,53,La Liga,,,,
78368,2026-01-01,Dani Bernabéu -, Daniel Bernabéu García,2007-01-15,1854,Albacete Balompié,54,La Liga 2,,,,
78374,2026-01-01,Dawid Polak -, Dawid Polak,2008-06-28,110747,Cracovia,66,Ekstraklasa,,,,
78377,2026-01-01,Lanroy Machine -, Lanroy Machine,2005-10-13,1530,Angers SCO,16,Ligue 1,,,,
78379,2026-01-01,Ilyas Azizi -, Ilyas Azizi,2008-04-13,1809,Toulouse FC,16,Ligue 1,,,,
78391,2026-01-01,Tanatswa Thierry Nyakuhwa -, Tanatswa Thierry Nyakuhwa,2005-09-17,1961,Cardiff City,60,League One,,,,
78393,2026-01-01,Sebastian Despotovski -, Sebastian Despotovski,2005-12-17,111399,Perth Glory,351,A-League Men,,,,
78399,2026-01-01,Jack John Newall -, Jack John Newall,2007-03-19,15015,Burton Albion,60,League One,,,,
78400,2026-01-01,Ibrahim Mohamed Fullah -, Ibrahim Mohamed Fullah,2007-04-05,89,Charlton Athletic,14,Championship,,,,
78401,2026-01-01,Frankie Phillips -, Frankie Phillips,2006-09-20,143,Exeter City,60,League One,,,,
78404,2026-01-01,Donovan Basset -, Donovan Basset,2004-01-05,58,Sporting Club Bastia,17,Ligue 2,,,,
78407,2026-01-01,Adebola Oluwo -, Adebola Oluwo,1999-06-17,113926,Salford City,61,League Two,,,,
78409,2026-01-01,Rohat Matyar -, Rohat Matyar,2005-05-12,135,Barnet,61,League Two,,,,
78411,2026-01-01,Jack Blower -, Jack Blower,2007-03-14,135,Barnet,61,League Two,,,,
78412,2026-01-01,Patrick Matejko -, Patrick Matejko,2007-06-28,135,Barnet,61,League Two,,,,
78414,2026-01-01,Lindokuhle Ndlovu -, Lindokuhle Ndlovu,1994-12-08,135,Barnet,61,League Two,,,,
78415,2026-01-01,Callum Lee Stead -, Callum Lee Stead,1999-12-25,135,Barnet,61,League Two,,,,
78418,2026-01-01,Benoît Vivian Nyssen -, Benoît Vivian Nyssen,1997-09-12,15005,SV Zulte Waregem,4,Pro League,,,,
78419,2026-01-01,Yannick Christophe Cappelle -, Yannick Christophe Cappelle,2003-07-07,15005,SV Zulte Waregem,4,Pro League,,,,
78421,2026-01-01,Wilguens Raphaël Polynice Paugain -, Wilguens Raphaël Polynice Paugain,2001-08-24,15005,SV Zulte Waregem,4,Pro League,,,,
78423,2026-01-01,Jeppe Lyngvold Erenbjerg -, Jeppe Lyngvold Erenbjerg,2000-04-29,15005,SV Zulte Waregem,4,Pro League,,,,
78424,2026-01-01,Tochukwu Nnadi -, Tochukwu Nnadi,2003-06-30,15005,SV Zulte Waregem,4,Pro League,,,,
78435,2026-01-01,Yannick Onohiol -, Yannick Onohiol,2004-08-21,110685,TSG 1899 Hoffenheim II,2076,3. Liga,,,,
78436,2026-01-01,Kelven Olagie Frees -, Kelven Olagie Frees,2005-02-03,10029,TSG 1899 Hoffenheim,19,Bundesliga,,,,
78440,2026-01-01,Yannis Hör -, Yannis Hör,2005-01-05,110685,TSG 1899 Hoffenheim II,2076,3. Liga,,,,
78441,2026-01-01,Faveur Ndayizeye -, Faveur Ndayizeye,2008-04-24,417,Molde FK,41,Eliteserien,,,,
78446,2026-01-01,Diren Dağdeviren -, Diren Dağdeviren,2005-03-08,110685,TSG 1899 Hoffenheim II,2076,3. Liga,,,,
78448,2026-01-01,Ruben Seyram Reisig -, Ruben Seyram Reisig,1996-03-16,110685,TSG 1899 Hoffenheim II,2076,3. Liga,,,,
78452,2026-01-01,Tah Ange Innocent D'Avilla Djé -, Tah Ange Innocent D'Avilla Djé,2003-05-05,693,Chicago Fire,39,Major League Soccer,,,,
78453,2026-01-01,Afonso Assis -, Afonso Assis da Cunha Almeida,2006-07-15,1900,Moreirense FC,308,Primeira Liga,,,,
78457,2026-01-01,Ibrahim Diabaté -, Ibrahim Diabaté,2004-06-16,15005,SV Zulte Waregem,4,Pro League,,,,
78469,2026-01-01,Dimitrios Kaloskamis -,Dimitrios KaloskamisΔημήτριος Καλοσκάμης,2005-03-01,278,AEK Athens,63,Super League,,,,
78474,2026-01-01,Ayoube Amaimouni-Echghouyab -, Ayoube Amaimouni-Echghouyab,2004-11-30,110685,TSG 1899 Hoffenheim II,2076,3. Liga,,,,
78482,2026-01-01,Mert Göckan -, Mert Göckan,2001-04-29,1825,MSV Duisburg,2076,3. Liga,,,,
78484,2026-01-01,Moritz Montag -, Moritz Montag,1998-03-27,1825,MSV Duisburg,2076,3. Liga,,,,
78522,2026-01-01,Emil Zorn -, Emil Zorn,2006-03-19,583,1. FC Schweinfurt 05,2076,3. Liga,,,,
78523,2026-01-01,Luka Trslic -, Luka Trslic,2001-05-08,583,1. FC Schweinfurt 05,2076,3. Liga,,,,
78524,2026-01-01,Lucas Christopher Zeller -, Lucas Christopher Zeller,2000-03-14,583,1. FC Schweinfurt 05,2076,3. Liga,,,,
78525,2026-01-01,Nick Doktorczyk -, Nick Doktorczyk,2005-10-27,583,1. FC Schweinfurt 05,2076,3. Liga,,,,
78528,2026-01-01,Dawid Gojny -, Dawid Gojny,1994-08-31,111082,Arka Gdynia,66,Ekstraklasa,,,,
78529,2026-01-01,Hide Kengei Vitalucci -,Hide Kengei Vitalucci手嶋 秀,2002-03-05,111082,Arka Gdynia,66,Ekstraklasa,,,,
78535,2026-01-01,Kamil Jakubczyk -, Kamil Jakubczyk,2004-08-10,111082,Arka Gdynia,66,Ekstraklasa,,,,
78538,2026-01-01,Tino Kusanović -, Tino Kusanović,2008-03-08,171,1. FC Nürnberg,20,2. Bundesliga,,,,
78539,2026-01-01,Aarón Josué Troche Martínez -, Aarón Josué Troche Martínez,2004-05-03,111008,Libertad,337,División Profesional,,,,
78540,2026-01-01,Charles Kwablan Herrmann -, Charles Kwablan Herrmann,2006-01-21,23,Borussia Mönchengladbach,19,Bundesliga,,,,
78541,2026-01-01,Eric Porstner -, Eric Porstner,2007-05-09,171,1. FC Nürnberg,20,2. Bundesliga,,,,
78543,2026-01-01,Emre Erdoğan -, Emre Erdoğan,2007-02-24,33,TSV 1860 München,2076,3. Liga,,,,
78547,2026-01-01,Ilan Bertrand Jean-Charles Jourdren -, Ilan Bertrand Jean-Charles Jourdren,2008-07-17,64,RC Lens,16,Ligue 1,,,,
78549,2026-01-01,Quentin Ndjantou Mbitcha -, Quentin Ndjantou Mbitcha,2007-07-23,73,Paris Saint-Germain,16,Ligue 1,,,,
78550,2026-01-01,Rego -, Alejandro Rego Mora,2003-06-11,448,Athletic Club,53,La Liga,,,,
78554,2026-01-01,Adrián Chovan -, Adrián Chovan,1995-10-08,112510,Bruk-Bet Termalica Nieciecza,66,Ekstraklasa,,,,
78558,2026-01-01,Gabriel Isik -, Gabriel Isik,1999-06-06,112510,Bruk-Bet Termalica Nieciecza,66,Ekstraklasa,,,,
78559,2026-01-01,Noah Mrosek -, Noah Mrosek,2004-06-18,112510,Bruk-Bet Termalica Nieciecza,66,Ekstraklasa,,,,
78560,2026-01-01,Dominik Andrzej Biniek -, Dominik Andrzej Biniek,2004-09-05,112510,Bruk-Bet Termalica Nieciecza,66,Ekstraklasa,,,,
78563,2026-01-01,Diego Deisadze -,Diego Deisadzeდიეგო დეისაძე,2004-10-15,112510,Bruk-Bet Termalica Nieciecza,66,Ekstraklasa,,,,
78564,2026-01-01,Wojciech Jakubik -, Wojciech Jakubik,2005-01-23,112510,Bruk-Bet Termalica Nieciecza,66,Ekstraklasa,,,,
78569,2026-01-01,Cyrill May -, Cyrill May,2007-02-06,898,FC St. Gallen 1879,189,Super League,,,,
78571,2026-01-01,Oliver Kapsimalis -, Oliver Kapsimalis,2007-06-20,321,Halmstads BK,56,Allsvenskan,,,,
78573,2026-01-01,Igor Fabian Gosik -, Igor Fabian Gosik,2008-02-07,417,Molde FK,41,Eliteserien,,,,
78578,2026-01-01,Ilan Daf -, Ilan Daf,2007-05-24,1816,Amiens SC,17,Ligue 2,,,,
78579,2026-01-01,Nathan Talbot -, Nathan Talbot,2007-09-12,1816,Amiens SC,17,Ligue 2,,,,
78583,2026-01-01,Muhammet Taha Güneş -, Muhammet Taha Güneş,2006-01-01,110776,Gaziantep FK,68,Süper Lig,,,,
78584,2026-01-01,Ismaël Guerti -,Ismaël Guertiإسماعيل غيرتي,2004-07-30,68,FC Metz,16,Ligue 1,,,,
78589,2026-01-01,Juan José Rosa Arboleda -, Juan José Rosa Arboleda,2007-07-04,101100,Atlético Nacional,336,Categoría Primera A,,,,
78610,2026-01-01,Mattias Heðinsson Lamhauge -, Mattias Heðinsson Lamhauge,1999-08-02,15006,Fredericia,1,Superliga,,,,
78611,2026-01-01,Mads Krogsøe Eriksen -, Mads Krogsøe Eriksen,2003-10-30,15006,Fredericia,1,Superliga,,,,
78612,2026-01-01,Daníel Freyr Kristjánsson -, Daníel Freyr Kristjánsson,2005-08-30,15006,Fredericia,1,Superliga,,,,
78613,2026-01-01,Jakob Vestergaard Jessen -, Jakob Vestergaard Jessen,2004-03-05,15006,Fredericia,1,Superliga,,,,
78614,2026-01-01,William Madsen -, William Madsen,2002-04-05,15006,Fredericia,1,Superliga,,,,
78615,2026-01-01,Daniel Bisgaard Haarbo -, Daniel Bisgaard Haarbo,2003-03-14,15006,Fredericia,1,Superliga,,,,
78618,2026-01-01,Martin Staghøj Huldahl -, Martin Staghøj Huldahl,2004-09-20,15006,Fredericia,1,Superliga,,,,
78621,2026-01-01,Oscar Buch -, Oscar Buch,1997-02-14,15006,Fredericia,1,Superliga,,,,
78629,2026-01-01,Julius Berthel Askou Harvey -, Julius Berthel Askou Harvey,2006-05-27,272,Odense Boldklub,1,Superliga,,,,
78630,2026-01-01,Marcus McCoy -, Marcus McCoy,2005-08-24,272,Odense Boldklub,1,Superliga,,,,
78632,2026-01-01,William Christian Martin -, William Christian Martin,2007-04-23,272,Odense Boldklub,1,Superliga,,,,
78634,2026-01-01,Elias Hansborg-Sørensen -, Elias Hansborg-Sørensen,2005-07-02,272,Odense Boldklub,1,Superliga,,,,
78642,2026-01-01,Ibrahim Akitunde Alani -, Ibrahim Akitunde Alani,2006-07-29,462,Real Valladolid CF,54,La Liga 2,,,,
78649,2026-01-01,Enzo Tacafred -, Enzo Tacafred,2005-04-08,1823,AS Nancy Lorraine,17,Ligue 2,,,,
78651,2026-01-01,Martin Yves Expérience -, Martin Yves Expérience,1999-03-09,1823,AS Nancy Lorraine,17,Ligue 2,,,,
78654,2026-01-01,Bakari Camara -, Bakari Camara,1994-01-04,1823,AS Nancy Lorraine,17,Ligue 2,,,,
78655,2026-01-01,Jakob Tranziska -, Jakob Tranziska,2001-06-25,583,1. FC Schweinfurt 05,2076,3. Liga,,,,
78657,2026-01-01,Michael Dellinger -, Michael Dellinger,1993-05-13,583,1. FC Schweinfurt 05,2076,3. Liga,,,,
78658,2026-01-01,Walid Bouabdeli -, Walid Bouabdeli,2000-08-02,1823,AS Nancy Lorraine,17,Ligue 2,,,,
78660,2026-01-01,Zakaria Fdaouch -, Zakaria Fdaouch,1997-03-11,1823,AS Nancy Lorraine,17,Ligue 2,,,,
78661,2026-01-01,Brandon Bokangu -, Brandon Bokangu,1999-12-10,1823,AS Nancy Lorraine,17,Ligue 2,,,,
78662,2026-01-01,Jimmy Evans Oghenerukwe -, Jimmy Evans Oghenerukwe,1999-03-13,1823,AS Nancy Lorraine,17,Ligue 2,,,,
78665,2026-01-01,Malte Persson -, Malte Persson,2006-07-02,321,Halmstads BK,56,Allsvenskan,,,,
78667,2026-01-01,Fabricio Vasquez Quispe -, Fabricio Vasquez Quispe,2003-06-02,132375,Gualberto Villarroel SJ,2017,División de Fútbol Profesional,,,,
78669,2026-01-01,Lucas Núñez -, Lucas Núñez Ramírez,2006-03-18,461,Valencia CF,53,La Liga,,,,
78670,2026-01-01,Rober Sierra -, Roberto Sierra Jiménez,1996-05-21,100759,FC Argeș,330,Liga I,,,,
78676,2026-01-01,David Matei -, David Matei,2006-07-19,308,Universitatea Craiova,330,Liga I,,,,
78686,2026-01-01,Felipe Andrade -, Felipe de Andrade Vieira,2002-05-29,698,Houston Dynamo,39,Major League Soccer,,,,
78695,2026-01-01,Mario Cristian Tudose -, Mario Cristian Tudose,2005-01-21,100759,FC Argeș,330,Liga I,,,,
78696,2026-01-01,Patrick Adrian Dulcea -, Patrick Adrian Dulcea,2005-02-10,131459,Unirea Slobozia,330,Liga I,,,,
78699,2026-01-01,Raul Ioan Palmeș -, Raul Ioan Palmeș,1996-08-16,114546,Csíkszereda Miercurea Ciuc,330,Liga I,,,,
78700,2026-01-01,Máté Simon -, Máté Simon,2006-07-19,114546,Csíkszereda Miercurea Ciuc,330,Liga I,,,,
78701,2026-01-01,Dávid Kelemen -, Dávid Kelemen,1992-05-24,114546,Csíkszereda Miercurea Ciuc,330,Liga I,,,,
78702,2026-01-01,Erwin Szilard Bloj -, Erwin Szilard Bloj,1997-07-24,114546,Csíkszereda Miercurea Ciuc,330,Liga I,,,,
78703,2026-01-01,Attila Csürös -, Attila Csürös,1995-02-15,114546,Csíkszereda Miercurea Ciuc,330,Liga I,,,,
78704,2026-01-01,Anderson Ceará -, Francisco Anderson de Jesus dos Santos,1999-05-21,114546,Csíkszereda Miercurea Ciuc,330,Liga I,,,,
78705,2026-01-01,Ervin Raul Bakoș -, Ervin Raul Bakoș,2004-05-27,114546,Csíkszereda Miercurea Ciuc,330,Liga I,,,,
78706,2026-01-01,Efraim Zoltan Bödő -, Efraim Zoltan Bödő,2007-02-01,114546,Csíkszereda Miercurea Ciuc,330,Liga I,,,,
78707,2026-01-01,Nagy János Patrik -, Nagy János Patrik,1992-08-07,114546,Csíkszereda Miercurea Ciuc,330,Liga I,,,,
78710,2026-01-01,Márk Karácsony -, Márk Karácsony,2003-07-07,114546,Csíkszereda Miercurea Ciuc,330,Liga I,,,,
78711,2026-01-01,Ramon Erdei -, Ramon Erdei,2008-07-03,114546,Csíkszereda Miercurea Ciuc,330,Liga I,,,,
78714,2026-01-01,Osaze Tafari De Rosario -, Osaze Tafari De Rosario,2001-07-19,111144,Seattle Sounders FC,39,Major League Soccer,,,,
78720,2026-01-01,Iker Varela -, Iker Varela Parra,2003-03-01,110069,CD Mirandés,54,La Liga 2,,,,
78722,2026-01-01,Rodrigo Rodrigues -, Rodrigo Prata Deusdado Rodrigues,2007-12-06,1888,Gil Vicente FC,308,Primeira Liga,,,,
78723,2026-01-01,Adam Stroud -, Adam Stroud,2005-04-12,111705,IF Brommapojkarna,56,Allsvenskan,,,,
78725,2026-01-01,William Kaldråstøyl Valenza -, William Kaldråstøyl Valenza,2008-05-04,1463,FK Haugesund,41,Eliteserien,,,,
78726,2026-01-01,Jaran Eike Østrem -, Jaran Eike Østrem,2007-09-28,1523,Bryne FK,41,Eliteserien,,,,
78728,2026-01-01,Hugo Solozábal -, Hugo Solozábal Granados,2003-02-07,1860,Getafe CF,53,La Liga,,,,
78729,2026-01-01,Xavi Moreno -, Xavier Moreno Hernández,2004-11-05,462,Real Valladolid CF,54,La Liga 2,,,,
78731,2026-01-01,Gerard Moreno -, Gerard Moreno García,2005-02-12,459,Real Sporting de Gijón,54,La Liga 2,,,,
78735,2026-01-01,Jakub Zieliński -, Jakub Zieliński,2008-02-21,175,VfL Wolfsburg,19,Bundesliga,,,,
78736,2026-01-01,Kamil Nowogoński -, Kamil Nowogoński,2007-02-18,110749,Zagłębie Lubin,66,Ekstraklasa,,,,
78742,2026-01-01,Radu Postelnicu -, Radu Postelnicu,2007-12-19,110072,Oțelul Galați,330,Liga I,,,,
78746,2026-01-01,Djé Tavares -, José Luís Rocha Tavares,2003-06-03,1438,Santa Clara,308,Primeira Liga,,,,
78751,2026-01-01,Callum Honohan -, Callum Honohan,2006-05-11,306,Shamrock Rovers,65,Premier Division,,,,
78753,2026-01-01,Jan Bürger -, Jan Bürger,2007-03-10,175,VfL Wolfsburg,19,Bundesliga,,,,
78756,2026-01-01,Augustin Delbecque -, Augustin Delbecque,2002-02-03,1739,Le Mans FC,17,Ligue 2,,,,
78757,2026-01-01,Harold Voyer -, Harold Voyer,1997-03-26,1739,Le Mans FC,17,Ligue 2,,,,
78758,2026-01-01,Jérémie Matumona Makanga -, Jérémie Matumona Makanga,2006-06-03,62,En Avant Guingamp,17,Ligue 2,,,,
78760,2026-01-01,Noa Boissé -, Noa Boissé,2006-01-20,1739,Le Mans FC,17,Ligue 2,,,,
78761,2026-01-01,Théo Eyoum Mouen -, Théo Eyoum Mouen,2002-01-07,1739,Le Mans FC,17,Ligue 2,,,,
78764,2026-01-01,Edwin Quarshie -, Edwin Quarshie,1995-10-25,1739,Le Mans FC,17,Ligue 2,,,,
78765,2026-01-01,Gabin Bernardeau -, Gabin Bernardeau,2006-01-24,72,OGC Nice,16,Ligue 1,,,,
78766,2026-01-01,Martin Rossignol -, Martin Rossignol,2003-11-03,1739,Le Mans FC,17,Ligue 2,,,,
78769,2026-01-01,Brice Oggad -, Brice Oggad,1997-05-22,1739,Le Mans FC,17,Ligue 2,,,,
78771,2026-01-01,Erwan Colas -, Erwan Colas,1997-04-22,1739,Le Mans FC,17,Ligue 2,,,,
78774,2026-01-01,Cesar Milton Yucra Reyes -, Cesar Milton Yucra Reyes,2003-03-25,131795,San Antonio Bulo Bulo,2017,División de Fútbol Profesional,,,,
78776,2026-01-01,Kacper Koscierski -, Kacper Koscierski,2007-06-23,160,VfL Bochum 1848,20,2. Bundesliga,,,,
78778,2026-01-01,Drilon Hazrollaj -, Drilon Hazrollaj,2004-02-19,310,Rapid Bucuresti,330,Liga I,,,,
78783,2026-01-01,Liam Henderson -, Liam Henderson,1996-08-23,79,Falkirk,50,Premiership,,,,
78784,2026-01-01,Mateo Chávez García -, Mateo Chávez García,2004-05-12,1906,AZ Alkmaar,10,Eredivisie,1386,Mexico,78,Friendly International
78785,2026-01-01,Gabriël Reiziger -, Gabriël Reiziger,2005-10-10,1914,PEC Zwolle,10,Eredivisie,,,,
78786,2026-01-01,Felix Rudolf Wimmer -, Felix Rudolf Wimmer,1998-08-17,780,SV Ried,80,Bundesliga,,,,
78787,2026-01-01,Dominik Stöger -, Dominik Stöger,2006-09-22,780,SV Ried,80,Bundesliga,,,,
78788,2026-01-01,Fabian Wohlmuth -, Fabian Wohlmuth,2002-06-25,111822,Wolfsberger AC,80,Bundesliga,,,,
78792,2026-01-01,Philip Weissenbacher -, Philip Weissenbacher,2005-06-01,780,SV Ried,80,Bundesliga,,,,
78793,2026-01-01,Mark Giovanni Grosse -, Mark Giovanni Grosse,1999-02-01,780,SV Ried,80,Bundesliga,,,,
78795,2026-01-01,Fabian Hubert Rossdorfer -, Fabian Hubert Rossdorfer,2005-11-09,780,SV Ried,80,Bundesliga,,,,
78797,2026-01-01,Antonio van Wyk -, Antonio van Wyk,2002-03-30,780,SV Ried,80,Bundesliga,,,,
78801,2026-01-01,Milán Vitális -, Milán Vitális,2002-01-28,,,,,78,Friendly International,https://cdn.sofifa.net/meta/team/18732/30.png,74
78836,2026-01-01,Kialy Abdoul Koné -, Kialy Abdoul Koné,1997-04-08,1894,AD Ceuta FC,54,La Liga 2,,,,
78837,2026-01-01,Aisar -, Aisar Ahmed Ahmed,2001-07-02,1894,AD Ceuta FC,54,La Liga 2,,,,
78838,2026-01-01,Yago Cantero -, Yago Cantero Pérez,2000-01-26,1894,AD Ceuta FC,54,La Liga 2,,,,
78839,2026-01-01,Andy Escudero -, Andy Escudero Jara,1999-07-10,1894,AD Ceuta FC,54,La Liga 2,,,,
78847,2026-01-01,Luis Gerardo Sabja Justiniano -, Luis Gerardo Sabja Justiniano,2008-02-09,110968,Bolívar,2017,División de Fútbol Profesional,,,,
78852,2026-01-01,Adrien Llukes -, Adrien Llukes,2008-07-21,110770,FC Sion,189,Super League,,,,
78858,2026-01-01,Lander Pinillos -, Lander Pinillos Wilson,2003-10-06,463,Deportivo Alavés,53,La Liga,,,,
78859,2026-01-01,Arturo -, Arturo Rodríguez Cosano,2006-08-05,472,UD Las Palmas,54,La Liga 2,,,,
78864,2026-01-01,Mouhamed Lamine Gueye -, Mouhamed Lamine Gueye,2004-09-15,110827,Real Oviedo,53,La Liga,,,,
78867,2026-01-01,Ali Osman Kalın -, Ali Osman Kalın,2008-03-23,110776,Gaziantep FK,68,Süper Lig,,,,
78872,2026-01-01,Abdulaziz Majed Nasser Al Hadhood -, Abdulaziz Majed Nasser Al Hadhood,2005-03-10,605,Al Hilal,350,Pro League,,,,
78874,2026-01-01,Luca Ian Ramirez -, Luca Ian Ramirez,2006-03-31,113037,Al Riyadh,350,Pro League,,,,
78875,2026-01-01,Thamer Abdullah Zamel Al Dhafeeri -,Thamer Abdullah Zamel Al Dhafeeriثامر الظفيري,2006-01-15,113037,Al Riyadh,350,Pro League,,,,
78877,2026-01-01,Oumar Sidibé -, Oumar Sidibé,2001-01-12,1823,AS Nancy Lorraine,17,Ligue 2,,,,
78878,2026-01-01,Dame Gueye -, Dame Gueye,1995-08-12,1739,Le Mans FC,17,Ligue 2,,,,
78886,2026-01-01,Ziyad Abdullah Ali Al Abdali Al Ghamdi -,Ziyad Abdullah Ali Al Abdali Al Ghamdiزياد الغامدي,2005-02-16,112096,Al Ettifaq,350,Pro League,,,,
78895,2026-01-01,Toivo Mero -, Toivo Mero,2007-10-07,100325,HJK Helsinki,322,Veikkausliiga,,,,
78906,2026-01-01,Oskar Skou Haugstrup -, Oskar Skou Haugstrup,2007-06-16,271,Aarhus Gymnastikforening,1,Superliga,,,,
78909,2026-01-01,Albert Rrahmani -, Albert Rrahmani,2007-03-11,1447,Sønderjyske Fodbold,1,Superliga,,,,
78910,2026-01-01,Alberto Vogtmann -, Alberto Vogtmann,2006-06-30,1447,Sønderjyske Fodbold,1,Superliga,,,,
78911,2026-01-01,Mikkel Bach Løndal -, Mikkel Bach Løndal,2006-05-31,1443,Viborg FF,1,Superliga,,,,
78916,2026-01-01,Alfredo Agyeman -, Alfredo Agyeman,2000-03-15,79,Falkirk,50,Premiership,,,,
78917,2026-01-01,Finn Yeats -, Finn Yeats,2004-04-19,79,Falkirk,50,Premiership,,,,
78920,2026-01-01,Kevin Angulo -, Kevin Angulo,2008-07-04,101099,América de Cali,336,Categoría Primera A,,,,
78923,2026-01-01,Kyrell Jeremiah Lisbie -, Kyrell Jeremiah Lisbie,2003-12-01,1938,Peterborough United,60,League One,,,,
78924,2026-01-01,Elias Vullum Slørdal -, Elias Vullum Slørdal,2008-10-14,298,Rosenborg BK,41,Eliteserien,,,,
78926,2026-01-01,Hugo Pinilla -, Hugo Pinilla Ruiz,2006-04-28,244,Real Zaragoza,54,La Liga 2,,,,
78933,2026-01-01,Marc Delgado -, Marc Delgado Garciandía,2005-06-18,467,SD Eibar,54,La Liga 2,,,,
78934,2026-01-01,Mattia Fortin -, Mattia Fortin,2003-07-08,110912,Calcio Padova,32,Serie B,,,,
78938,2026-01-01,Mads Mikkelsen -, Mads Mikkelsen,2008-08-28,418,Tromsø IL,41,Eliteserien,,,,
78941,2026-01-01,Malte Vilhelm Frejd Pålsson -, Malte Vilhelm Frejd Pålsson,2006-02-20,320,Malmö FF,56,Allsvenskan,,,,
78943,2026-01-01,Mohammed Walid Mohammed Al Rajbani Al Dossary -,Mohammed Walid Mohammed Al Rajbani Al Dossaryمحمد وليد الدوسري,2001-04-01,112393,Al Taawoun FC,350,Pro League,,,,
78947,2026-01-01,Diego Aaron Robles Agurto -, Diego Aaron Robles Agurto,2007-09-15,110977,Unión Española,335,Primera Division,,,,
78948,2026-01-01,Kevin Alexander Contreras Araya -, Kevin Alexander Contreras Araya,2004-12-23,110977,Unión Española,335,Primera Division,,,,
78949,2026-01-01,John McGovern -, John McGovern,2002-10-17,306,Shamrock Rovers,65,Premier Division,,,,
78950,2026-01-01,Osama Zaid Al Boardi -,Osama Zaid Al Boardiأسامة البواردي,1999-04-09,113037,Al Riyadh,350,Pro League,,,,
78953,2026-01-01,Faisal Al Mutairi -,Faisal Al Mutairiفيصل سعد المطيري,1996-05-22,115892,Al-Najma SC,350,Pro League,,,,
78956,2026-01-01,Abdullah Faisal Abdullah Al Sagheer -, Abdullah Faisal Abdullah Al Sagheer,2004-11-18,115892,Al-Najma SC,350,Pro League,,,,
78962,2026-01-01,İbrahim Kağan Alkış -, İbrahim Kağan Alkış,2006-01-01,110776,Gaziantep FK,68,Süper Lig,,,,
78968,2026-01-01,İsmail Esat Buğa -, İsmail Esat Buğa,2006-08-08,101033,Konyaspor,68,Süper Lig,,,,
78970,2026-01-01,Taha Emre İnce -, Taha Emre İnce,2007-07-26,436,Trabzonspor,68,Süper Lig,,,,
78971,2026-01-01,Ageu -, Eduardo Ageu Almeida Santos,2002-02-20,80,Hearts,50,Premiership,,,,
78973,2026-01-01,Cristian -, Cristian de Lima,2002-02-25,1438,Santa Clara,308,Primeira Liga,,,,
78974,2026-01-01,Diogo Martins -, Diogo Jorge Sousa Martins,1996-08-21,717,Alverca,308,Primeira Liga,,,,
78981,2026-01-01,Talisca -, João Pedro de Souza Borges,2003-03-20,717,Alverca,308,Primeira Liga,,,,
78984,2026-01-01,Yazan Abdullah Al Ruwaili -,Yazan Abdullah Al Ruwailiيزن عبدالله الرويلي,2005-05-19,113222,Al Hazem FC,350,Pro League,,,,
78986,2026-01-01,André Ceitil -, André Filipe Castanheira Ceitil,1995-03-11,112516,CD Tondela,308,Primeira Liga,,,,
78989,2026-01-01,Cícero -, Cícero Clebson Alves Santana,1997-05-10,112516,CD Tondela,308,Primeira Liga,,,,
78990,2026-01-01,Tiago Manso -, Tiago Miguel da Silva Manso,1999-12-13,112516,CD Tondela,308,Primeira Liga,,,,
78991,2026-01-01,Maranhão -, Pedro Henryque Pereira dos Santos,1999-03-02,112516,CD Tondela,308,Primeira Liga,,,,
78993,2026-01-01,Sié Milama-Moudjatovic Ouattara -, Sié Milama-Moudjatovic Ouattara,2002-05-20,112516,CD Tondela,308,Primeira Liga,,,,
78995,2026-01-01,Abdulaziz Al Dwehe -,Abdulaziz Al Dweheعبدالعزيز سليمان الضويحي,2000-05-03,113222,Al Hazem FC,350,Pro League,,,,
78996,2026-01-01,Ahmed Al Shamrani -,Ahmed Al Shamraniأحمد محمد حنش الشمراني,2002-03-13,113222,Al Hazem FC,350,Pro League,,,,
78998,2026-01-01,Nelson Josue Eliseche Amarilla -, Nelson Josue Eliseche Amarilla,2005-02-26,112716,Cerro Porteño,337,División Profesional,,,,
78999,2026-01-01,Drilon Islami -, Drilon Islami,2000-07-18,110816,CFR Cluj,330,Liga I,,,,
79000,2026-01-01,Leard Sadriu -, Leard Sadriu,2001-04-22,100759,FC Argeș,330,Liga I,,,,
79002,2026-01-01,Marko Gjorgjievski -,Marko GjorgjievskiМарко Ѓорѓиевски,2000-04-18,114147,FC Hermannstadt,330,Liga I,,,,
79006,2026-01-01,Sebastian George Marian Banu -, Sebastian George Marian Banu,2008-01-10,310,Rapid Bucuresti,330,Liga I,,,,
79007,2026-01-01,Samuel Akere -, Samuel Akere,2004-02-16,301,Widzew Łódź,66,Ekstraklasa,,,,
79008,2026-01-01,Jakub Budnicki -, Jakub Budnicki,2001-07-19,111083,Korona Kielce,66,Ekstraklasa,,,,
79009,2026-01-01,Natan Dzięgielewski -, Natan Dzięgielewski,2004-10-19,420,Górnik Zabrze,66,Ekstraklasa,,,,
79011,2026-01-01,Alberto Spagnoli -, Alberto Spagnoli,1994-10-02,110912,Calcio Padova,32,Serie B,,,,
79012,2026-01-01,Mattia Bortolussi -, Mattia Bortolussi,1996-05-02,110912,Calcio Padova,32,Serie B,,,,
79014,2026-01-01,Jonnathan Kevin Varas Marcillo -, Jonnathan Kevin Varas Marcillo,1993-05-26,110912,Calcio Padova,32,Serie B,,,,
79015,2026-01-01,Alessandro Julian Capelli -, Alessandro Julian Capelli,1997-04-20,110912,Calcio Padova,32,Serie B,,,,
79016,2026-01-01,Pietro Fusi -, Pietro Fusi,1998-01-21,110912,Calcio Padova,32,Serie B,,,,
79017,2026-01-01,Carlo Faedo -, Carlo Faedo,1999-05-18,110912,Calcio Padova,32,Serie B,,,,
79020,2026-01-01,Michele Voltan -, Michele Voltan,2002-09-20,110912,Calcio Padova,32,Serie B,,,,
79024,2026-01-01,Tom Opitz -, Tom Opitz,2003-11-13,110678,TSV Havelse,2076,3. Liga,,,,
79025,2026-01-01,Irichad Behrens -, Irichad Behrens,2004-04-28,110678,TSV Havelse,2076,3. Liga,,,,
79026,2026-01-01,Timo Friedrich -, Timo Friedrich,1998-01-16,110678,TSV Havelse,2076,3. Liga,,,,
79027,2026-01-01,Ronald Koeman Jr. -, Ronald Koeman Jr.,1995-05-23,100638,Telstar,10,Eredivisie,,,,
79028,2026-01-01,Tyrick Bodak -, Tyrick Bodak,2002-02-15,100638,Telstar,10,Eredivisie,,,,
79029,2026-01-01,Guus Offerhaus -, Guus Offerhaus,2001-01-03,100638,Telstar,10,Eredivisie,,,,
79030,2026-01-01,Devon Koswal -, Devon Koswal,2003-08-21,100638,Telstar,10,Eredivisie,,,,
79032,2026-01-01,Tyrese Noslin -, Tyrese Noslin,2002-09-11,100638,Telstar,10,Eredivisie,,,,
79034,2026-01-01,Jonathan Moalem -, Jonathan Moalem,2007-02-01,819,FC København,1,Superliga,,,,
79037,2026-01-01,Luca Blondeau -, Luca Blondeau,2006-02-11,645,FC Volendam,10,Eredivisie,,,,
79038,2026-01-01,Anass Bouziane -, Anass Bouziane,2006-12-22,645,FC Volendam,10,Eredivisie,,,,
79039,2026-01-01,Nordin Bukala -, Nordin Bukala,2005-09-18,645,FC Volendam,10,Eredivisie,,,,
79040,2026-01-01,Aurelio Oehlers -, Aurelio Oehlers,2004-02-05,645,FC Volendam,10,Eredivisie,,,,
79041,2026-01-01,Mauro Nils Zijlstra -, Mauro Nils Zijlstra,2004-11-09,645,FC Volendam,10,Eredivisie,,,,
79042,2026-01-01,Soufiane Hetli -, Soufiane Hetli,2001-05-30,100638,Telstar,10,Eredivisie,,,,
79043,2026-01-01,Tyrone Owusu -, Tyrone Owusu,1999-03-05,100638,Telstar,10,Eredivisie,,,,
79044,2026-01-01,Sebastiaan Hagedoorn -, Sebastiaan Hagedoorn,2004-11-30,100638,Telstar,10,Eredivisie,,,,
79045,2026-01-01,Adil Lechkar -, Adil Lechkar,2001-09-02,100638,Telstar,10,Eredivisie,,,,
79048,2026-01-01,Rodri Suárez -, Rodrigo Suárez Marcos,2002-11-14,15012,Cultural Leonesa,54,La Liga 2,,,,
79049,2026-01-01,Álvaro Martínez -, Álvaro Martínez Navarro,2002-05-04,1900,Moreirense FC,308,Primeira Liga,,,,
79053,2026-01-01,Konstantinos Doumtsios -,Konstantinos DoumtsiosΚωνσταντίνος Δούμτσιος,1997-09-20,110078,Asociația Clubul Sportiv Petrolul 52,330,Liga I,,,,
79057,2026-01-01,Courtney Alphonso Clarke -, Courtney Alphonso Clarke,2003-04-20,1803,Walsall,61,League Two,,,,
79058,2026-01-01,Yassine Zakir -, Yassine Zakir,1997-03-13,114545,Metaloglobus București,330,Liga I,,,,
79059,2026-01-01,George Caramalău -, George Caramalău,1995-06-23,114545,Metaloglobus București,330,Liga I,,,,
79060,2026-01-01,Andrei Sava -, Andrei Sava,1991-05-07,114545,Metaloglobus București,330,Liga I,,,,
79061,2026-01-01,Gabriel Paraschiv Dumitru -, Gabriel Paraschiv Dumitru,2005-10-14,114545,Metaloglobus București,330,Liga I,,,,
79062,2026-01-01,Robert Cornel Neacșu -, Robert Cornel Neacșu,2000-01-30,114545,Metaloglobus București,330,Liga I,,,,
79063,2026-01-01,Stefan Višić -,Stefan VišićСтефан Вишић,1997-11-20,114545,Metaloglobus București,330,Liga I,,,,
79064,2026-01-01,Adrian Marian Sîrbu -, Adrian Marian Sîrbu,2004-06-09,114545,Metaloglobus București,330,Liga I,,,,
79065,2026-01-01,Răzvan Cristian Milea -, Răzvan Cristian Milea,2000-02-05,114545,Metaloglobus București,330,Liga I,,,,
79066,2026-01-01,Daniel Sandu -, Daniel Sandu,2007-06-28,110072,Oțelul Galați,330,Liga I,,,,
79069,2026-01-01,Andrias Edmundsson -, Andrias Edmundsson,2000-12-18,1569,Wisła Płock,66,Ekstraklasa,,,,
79070,2026-01-01,Jorge Jiménez -, Jorge Jiménez Rodríguez,1999-05-20,1569,Wisła Płock,66,Ekstraklasa,,,,
79071,2026-01-01,Krystian Pomorski -, Krystian Pomorski,1995-12-30,1569,Wisła Płock,66,Ekstraklasa,,,,
79074,2026-01-01,Bartosz Borowski -, Bartosz Borowski,2007-01-24,1569,Wisła Płock,66,Ekstraklasa,,,,
79077,2026-01-01,Stanisław Pruszkowski -, Stanisław Pruszkowski,2004-07-22,1569,Wisła Płock,66,Ekstraklasa,,,,
79078,2026-01-01,Jannik Oltrogge -, Jannik Oltrogge,1995-05-24,110678,TSV Havelse,2076,3. Liga,,,,
79080,2026-01-01,Emre Aytun -, Emre Aytun,2000-01-26,110678,TSV Havelse,2076,3. Liga,,,,
79081,2026-01-01,Hasan Özdemir -, Hasan Özdemir,2004-01-06,110678,TSV Havelse,2076,3. Liga,,,,
79082,2026-01-01,Marko Ilić -, Marko Ilić,1999-05-31,110678,TSV Havelse,2076,3. Liga,,,,
79083,2026-01-01,Lorenzo Paldino -, Lorenzo Paldino,1999-09-25,110678,TSV Havelse,2076,3. Liga,,,,
79085,2026-01-01,Bastien Donio -, Bastien Donio,2005-09-22,420,Górnik Zabrze,66,Ekstraklasa,,,,
79086,2026-01-01,Filippo Pellacani -, Filippo Pellacani,1998-02-26,200,Pescara,32,Serie B,,,,
79088,2026-01-01,Brando Moruzzi -, Brando Moruzzi,2004-07-20,1746,Empoli,32,Serie B,,,,
79089,2026-01-01,Niccolò Squizzato -, Niccolò Squizzato,2002-01-07,200,Pescara,32,Serie B,,,,
79090,2026-01-01,Lorenzo Meazzi -, Lorenzo Meazzi,2001-05-28,200,Pescara,32,Serie B,,,,
79091,2026-01-01,Bence Ötvös -, Bence Ötvös,1998-03-13,1874,Ferencvárosi Torna Club,64,Nemzeti Bajnokság I,1886,Hungary,78,Friendly International
79092,2026-01-01,Filozofe Mabete -, Filozofe Mabete,2005-03-14,1934,Swindon Town,61,League Two,,,,
79093,2026-01-01,Matteo Dagasso -, Matteo Dagasso,2004-04-01,200,Pescara,32,Serie B,,,,
79098,2026-01-01,Barnabás Szabolcs Nagy -, Barnabás Szabolcs Nagy,2000-09-05,1874,Ferencvárosi Torna Club,64,Nemzeti Bajnokság I,,,,
79100,2026-01-01,Denis Donkor -, Denis Donkor,2002-12-20,110685,TSG 1899 Hoffenheim II,2076,3. Liga,,,,
79101,2026-01-01,Juan Tiago Esteban Poller -, Juan Tiago Esteban Poller,2007-02-27,110685,TSG 1899 Hoffenheim II,2076,3. Liga,,,,
79102,2026-01-01,Ben Opoku Labes -, Ben Opoku Labes,2004-03-02,110685,TSG 1899 Hoffenheim II,2076,3. Liga,,,,
79107,2026-01-01,Andrija Maksimovic -,Andrija MaksimovicАндрија Максимовић,2007-06-05,112172,RB Leipzig,19,Bundesliga,,,,
79109,2026-01-01,Jean Vercruysse -, Jean Vercruysse,2000-07-03,1739,Le Mans FC,17,Ligue 2,,,,
79110,2026-01-01,Stavros Pnevmonidis -,Stavros PnevmonidisΣταύρος Πνευμονίδης,2006-08-07,280,Olympiacos FC,63,Super League,,,,
79111,2026-01-01,Argyrios Liatsikouras -,Argyrios LiatsikourasΑργύριος Λιατσικούρας,2006-12-20,280,Olympiacos FC,63,Super League,,,,
79112,2026-01-01,Harrison John Burke -, Harrison John Burke,2002-09-13,1803,Walsall,61,League Two,,,,
79113,2026-01-01,Emirhan Cüneyt Demircan -, Emirhan Cüneyt Demircan,2005-01-20,1903,FC Utrecht,10,Eredivisie,,,,
79114,2026-01-01,Charlie Warren -, Charlie Warren,2004-01-24,4,Bolton Wanderers,60,League One,,,,
79115,2026-01-01,Reda Laalaoui -,Reda Laalaouiرضا العلاوي,2005-05-11,681,KVC Westerlo,4,Pro League,,,,
79117,2026-01-01,Claudio Manzi -, Claudio Manzi,2000-06-21,2038,Avellino,32,Serie B,,,,
79118,2026-01-01,Cosimo Francesco Patierno -, Cosimo Francesco Patierno,1991-03-01,2038,Avellino,32,Serie B,,,,
79121,2026-01-01,Antonio De Cristofaro -, Antonio De Cristofaro,2000-01-10,2038,Avellino,32,Serie B,,,,
79122,2026-01-01,Raffaele Russo -, Raffaele Russo,1999-02-25,2038,Avellino,32,Serie B,,,,
79123,2026-01-01,Din Alomerović -,Din AlomerovićДин Аломеровиќ,1997-06-29,110750,UTA Arad,330,Liga I,,,,
79124,2026-01-01,Caio Ferreira -, Caio Ferreira Martins,2000-12-15,100759,FC Argeș,330,Liga I,,,,
79125,2026-01-01,Hegedűs János Krisztián -, Hegedűs János Krisztián,1996-10-04,114546,Csíkszereda Miercurea Ciuc,330,Liga I,,,,
79127,2026-01-01,Adam Arvelo -, José Adam Arvelo López,2005-05-31,472,UD Las Palmas,54,La Liga 2,,,,
79128,2026-01-01,Wessel Speel -, Wessel Speel,2001-10-17,834,Shelbourne FC,65,Premier Division,,,,
79129,2026-01-01,Andrea Franzoni -, Andrea Franzoni,1997-03-24,113147,Virtus Entella,32,Serie B,,,,
79131,2026-01-01,Muharrem Cinan -, Muharrem Cinan,1998-05-13,101032,Kocaelispor,68,Süper Lig,,,,
79135,2026-01-01,Furkan Gedik -, Furkan Gedik,2002-07-12,101032,Kocaelispor,68,Süper Lig,,,,
79136,2026-01-01,Luka Lučić -, Luka Lučić,1995-01-02,110749,Zagłębie Lubin,66,Ekstraklasa,,,,
79137,2026-01-01,Elton Hedström -, Elton Hedström,2003-07-11,111705,IF Brommapojkarna,56,Allsvenskan,,,,
79141,2026-01-01,Ni Rodrigues -, Gabriel Miranda Rodrigues,2003-03-01,718,Estrela da Amadora,308,Primeira Liga,,,,
79147,2026-01-01,Ramalho -, Diogo Sá Ramalho,1999-07-01,110075,FCV Farul Constanța,330,Liga I,,,,
79148,2026-01-01,Ovidijus Šiaulys -, Ovidijus Šiaulys,1999-07-19,113147,Virtus Entella,32,Serie B,,,,
79149,2026-01-01,Antonio Boccadamo -, Antonio Boccadamo,1999-07-24,113147,Virtus Entella,32,Serie B,,,,
79150,2026-01-01,Stefano Di Mario -, Stefano Di Mario,2004-10-17,113147,Virtus Entella,32,Serie B,,,,
79151,2026-01-01,Denis Portanova -, Denis Portanova,2001-06-20,113147,Virtus Entella,32,Serie B,,,,
79154,2026-01-01,Iacopo Lipani -, Iacopo Lipani,2001-04-24,113147,Virtus Entella,32,Serie B,,,,
79158,2026-01-01,Bernat Guiu -, Bernat Guiu Vilanova,2000-09-20,113147,Virtus Entella,32,Serie B,,,,
79160,2026-01-01,Damian Kelvin -, Damian Kelvin,2002-06-15,10032,FC Lugano,189,Super League,,,,
79161,2026-01-01,Altin Shala -, Altin Shala,2002-12-18,110770,FC Sion,189,Super League,,,,
79162,2026-01-01,Reece Smith -, Reece Smith,2002-04-28,112222,Harrogate Town,61,League Two,,,,
79163,2026-01-01,Maas Willemsen -, Maas Willemsen,2003-04-29,1913,SC Heerenveen,10,Eredivisie,,,,
79165,2026-01-01,Liam Christopher West -, Liam Christopher West,2007-12-16,819,FC København,1,Superliga,,,,
79167,2026-01-01,Alessandro Campanile -, Alessandro Campanile,2005-02-14,2038,Avellino,32,Serie B,,,,
79168,2026-01-01,Riad Šuta -, Riad Šuta,2002-06-29,110752,FC Botoşani,330,Liga I,,,,
79169,2026-01-01,Diego Percan -, Diego Pertejo Canseco,2001-11-13,111082,Arka Gdynia,66,Ekstraklasa,,,,
79172,2026-01-01,Jaden Pharell Earl Williams -, Jaden Pharell Earl Williams,2004-09-06,1935,Colchester United,61,League Two,,,,
79175,2026-01-01,Diockoumalang Gomes -, Diockoumalang Gomes,2005-05-28,1739,Le Mans FC,17,Ligue 2,,,,
79180,2026-01-01,Szabolcs Szalay -, Szabolcs Szalay,2002-02-17,114546,Csíkszereda Miercurea Ciuc,330,Liga I,,,,
79181,2026-01-01,Luca Gabriel Stancu -, Luca Gabriel Stancu,2005-05-09,114147,FC Hermannstadt,330,Liga I,,,,
79184,2026-01-01,Milorad Stajić -, Milorad Stajić,2002-02-07,111395,Brisbane Roar,351,A-League Men,,,,
79186,2026-01-01,Mikel Rodríguez -, Mikel Rodríguez Ulacia,2002-04-03,110711,Real Sociedad de Fútbol B,54,La Liga 2,,,,
79187,2026-01-01,Tomy Carbonell -, Tomás Carbonell del Río,2005-02-23,110711,Real Sociedad de Fútbol B,54,La Liga 2,,,,
79188,2026-01-01,Darío Ramírez -, Darío Ramírez Ramírez,2005-01-14,110711,Real Sociedad de Fútbol B,54,La Liga 2,,,,
79189,2026-01-01,Job Nguono Ochieng -, Job Nguono Ochieng,2003-01-17,110711,Real Sociedad de Fútbol B,54,La Liga 2,,,,
79190,2026-01-01,Sydney Osazuwa -, Sydney Ehizogie Osazuwa Omoruyi,2007-04-21,110711,Real Sociedad de Fútbol B,54,La Liga 2,,,,
79192,2026-01-01,Cristian Makaté -, Cristian Makaté Bokoya,2002-09-21,2014,Union Saint-Gilloise,4,Pro League,,,,
79194,2026-01-01,Rafael Garutti -, Rafael Gomes Garutti,1998-11-25,131459,Unirea Slobozia,330,Liga I,,,,
79197,2026-01-01,Florian Haxha -, Florian Haxha,2002-04-06,111097,Motor Lublin,66,Ekstraklasa,,,,
79198,2026-01-01,Szilágyi Szabolcs Krisztián -, Szilágyi Szabolcs Krisztián,2003-09-23,114546,Csíkszereda Miercurea Ciuc,330,Liga I,,,,
79201,2026-01-01,Kyle James McAdam -, Kyle James McAdam,2004-12-24,1940,Mansfield Town,60,League One,,,,
79202,2026-01-01,Lee Thomas Jenkins -, Lee Thomas Jenkins,2001-08-30,112254,Newport County,61,League Two,,,,
79203,2026-01-01,Frederick Sass -, Frederick Sass,2001-07-27,110313,Accrington Stanley,61,League Two,,,,
79207,2026-01-01,Alexandre Nicolas Duville-Parsemain -, Alexandre Nicolas Duville-Parsemain,2003-05-27,10032,FC Lugano,189,Super League,,,,
79210,2026-01-01,Yevgen Morozov -,Yevgen MorozovМорозов Євген Євгенович,2007-02-15,894,FC Zürich,189,Super League,,,,
79211,2026-01-01,Alan Cocoyo Cole -, Alan Cocoyo Cole,2008-05-08,1756,Hamarkameratene,41,Eliteserien,,,,
79212,2026-01-01,Rilind Nivokazi -, Rilind Nivokazi,2000-01-26,110770,FC Sion,189,Super League,,,,
79214,2026-01-01,Nevio Biner -, Nevio Biner,2006-08-17,110770,FC Sion,189,Super League,,,,
79215,2026-01-01,Tristan Brown -, Tristan Brown,2007-10-17,687,Columbus Crew,39,Major League Soccer,,,,
79216,2026-01-01,Justin-Kai von der Hitz -, Justin-Kai von der Hitz,2006-10-22,171,1. FC Nürnberg,20,2. Bundesliga,,,,
79217,2026-01-01,Ahmed Kendouci -,Ahmed Kendouciأحمد قندوسي,1999-06-22,10032,FC Lugano,189,Super League,,,,
79218,2026-01-01,Julian Yao Mawuli Etse -, Julian Yao Mawuli Etse,2006-03-23,110176,SSV Ulm 1846,2076,3. Liga,,,,
79225,2026-01-01,Malcolm Isaiah Shaw -, Malcolm Isaiah Shaw,1995-07-27,1571,Galway United,65,Premier Division,,,,
79228,2026-01-01,Juan Pablo Bosca Fraquelli -, Juan Pablo Bosca Fraquelli,2005-04-13,112615,Racing Club de Montevideo,338,Primera División,,,,
79229,2026-01-01,Maximiliano Jesús Pinela Borysiuk -, Maximiliano Jesús Pinela Borysiuk,2005-10-24,112615,Racing Club de Montevideo,338,Primera División,,,,
79230,2026-01-01,Mart Piero Cari Velarde -, Mart Piero Cari Velarde,2007-08-21,111010,Alianza Lima,2020,Liga 1,,,,
79231,2026-01-01,Leandro Nicolás Umpiérrez Hernández -, Leandro Nicolás Umpiérrez Hernández,2004-03-20,101110,Peñarol,338,Primera División,,,,
79233,2026-01-01,Leco Zeevalkink -, Leco Zeevalkink,2005-09-14,100634,Heracles Almelo,10,Eredivisie,,,,
79234,2026-01-01,Álex Zahir Verón -, Álex Zahir Verón,2008-10-24,101088,Vélez Sarsfield,353,Liga Profesional de Fútbol,,,,
79241,2026-01-01,Miran Qela -, Miran Qela,2006-12-13,33,TSV 1860 München,2076,3. Liga,,,,
79242,2026-01-01,Philip Brittijn -, Philip Brittijn,2004-04-09,634,Fortuna Sittard,10,Eredivisie,,,,
79243,2026-01-01,Yassir Salah Rahmouni -, Yassir Salah Rahmouni,2006-06-13,100632,Go Ahead Eagles,10,Eredivisie,,,,
79245,2026-01-01,Abdulrahman Ali Al Ghamdi -,Abdulrahman Ali Al Ghamdiعبدالرحمن علي الغامدي,2006-02-13,112393,Al Taawoun FC,350,Pro League,,,,
79246,2026-01-01,Tobías Luciano Andrada -, Tobías Luciano Andrada,2007-02-02,101088,Vélez Sarsfield,353,Liga Profesional de Fútbol,,,,
79248,2026-01-01,Alan Forneris -, Alan Forneris,2005-01-28,101085,Racing Club,353,Liga Profesional de Fútbol,,,,
79249,2026-01-01,Chafik El Hansar -, Chafik El Hansar,2005-04-13,1823,AS Nancy Lorraine,17,Ligue 2,,,,
79250,2026-01-01,Kevin Boubacar Filling -, Kevin Boubacar Filling,2008-11-30,433,AIK,56,Allsvenskan,,,,
79251,2026-01-01,Yannick Geiger -, Yannick Geiger,2007-06-23,433,AIK,56,Allsvenskan,,,,
79252,2026-01-01,Dion Gallapeni -, Dion Gallapeni,2004-12-22,301,Widzew Łódź,66,Ekstraklasa,,,,
79253,2026-01-01,Tamar Svetlin -, Tamar Svetlin,2001-07-30,111083,Korona Kielce,66,Ekstraklasa,,,,
79256,2026-01-01,Johan Alexander Lietsa -, Johan Alexander Lietsa,2005-02-15,100325,HJK Helsinki,322,Veikkausliiga,,,,
79258,2026-01-01,Finn Niklas Ludwig -, Finn Niklas Ludwig,2006-03-10,492,SV Wehen Wiesbaden,2076,3. Liga,,,,
79262,2026-01-01,Angelos Angelopoulos -,Angelos AngelopoulosΆγγελος Αγγελόπουλος,2003-02-19,278,AEK Athens,63,Super League,,,,
79263,2026-01-01,Diogo Batista -, Diogo José Branco Batista,2000-04-21,114147,FC Hermannstadt,330,Liga I,,,,
79264,2026-01-01,Kristian Mandić -, Kristian Mandić,2007-10-02,171,1. FC Nürnberg,20,2. Bundesliga,,,,
79265,2026-01-01,Mattéo Veillon -, Mattéo Veillon,2002-03-01,115494,FC Annecy,17,Ligue 2,,,,
79266,2026-01-01,Piet Lasse Scobel -, Piet Lasse Scobel,2005-04-22,171,1. FC Nürnberg,20,2. Bundesliga,,,,
79267,2026-01-01,Ayoub Chaikhoun -,Ayoub Chaikhounأيوب شيخون,2006-01-22,171,1. FC Nürnberg,20,2. Bundesliga,,,,
79269,2026-01-01,Paul Scholl -, Paul Scholl,2006-07-23,1832,Karlsruher SC,20,2. Bundesliga,,,,
79270,2026-01-01,Alisson -, Alisson de Almeida Santos,2002-09-27,237,Sporting CP,308,Primeira Liga,,,,
79271,2026-01-01,Ifeanyi-Arthur Ndukwe -, Ifeanyi-Arthur Ndukwe,2008-03-03,256,FK Austria Wien,80,Bundesliga,,,,
79274,2026-01-01,Cláudio Braga -, Cláudio Rafael Soares Braga,1999-10-28,80,Hearts,50,Premiership,,,,
79276,2026-01-01,Yevgeniy Kucherenko -,Yevgeniy KucherenkoКучеренко Євгеній Ігорович,1999-08-27,181,Dundee United FC,50,Premiership,,,,
79280,2026-01-01,Ime Daniel Okon -, Ime Daniel Okon,2004-02-20,485,Hannover 96,20,2. Bundesliga,,,,
79281,2026-01-01,Darwin Johan Guagua Silva -, Darwin Johan Guagua Silva,2007-11-06,112908,Independiente del Valle,2018,Serie A,,,,
79284,2026-01-01,Lee Bonis -, Lee Bonis,1999-08-03,1924,Chesterfield,61,League Two,,,,
79285,2026-01-01,Jerik von der Felsen -, Jerik von der Felsen,2004-10-22,110697,VfB Stuttgart II,2076,3. Liga,,,,
79286,2026-01-01,Florian Pascal Hellstern -, Florian Pascal Hellstern,2007-10-18,36,VfB Stuttgart,19,Bundesliga,,,,
79287,2026-01-01,Julian Lüers -, Julian Lüers,2006-01-25,110697,VfB Stuttgart II,2076,3. Liga,,,,
79288,2026-01-01,Lauri Lukas Penna -, Lauri Lukas Penna,2006-07-02,110697,VfB Stuttgart II,2076,3. Liga,,,,
79289,2026-01-01,Deli Hajdini -, Deli Hajdini,2006-10-02,110697,VfB Stuttgart II,2076,3. Liga,,,,
79291,2026-01-01,Kenny Freßle -, Kenny Freßle,2006-02-08,110697,VfB Stuttgart II,2076,3. Liga,,,,
79293,2026-01-01,Jorge Meireles -, Jorge Monteiro Meireles,2004-04-04,718,Estrela da Amadora,308,Primeira Liga,,,,
79295,2026-01-01,Kiko -, Francisco Miguel Teixeira Domingues,2002-04-16,1900,Moreirense FC,308,Primeira Liga,,,,
79298,2026-01-01,Hamza Muqaj -, Hamza Muqaj,2005-10-03,576,Holstein Kiel,20,2. Bundesliga,,,,
79299,2026-01-01,Leon Parduzi -, Leon Parduzi,2006-12-10,576,Holstein Kiel,20,2. Bundesliga,,,,
79300,2026-01-01,Lazar Jovanović -,Lazar JovanovićЛазар Јовановић,2006-11-30,36,VfB Stuttgart,19,Bundesliga,,,,
79303,2026-01-01,Olle Julius Samuelsson -, Olle Julius Samuelsson,2004-05-16,711,BK Häcken,56,Allsvenskan,,,,
79305,2026-01-01,Atanas Chernev -,Atanas ChernevАтанас Атанасов Чернев,2002-03-25,718,Estrela da Amadora,308,Primeira Liga,,,,
79306,2026-01-01,Ehije Success Ukaki -, Ehije Success Ukaki,2004-10-02,1794,Sheffield United,14,Championship,,,,
79307,2026-01-01,Ederson Edwin Castillo Ayoví -, Ederson Edwin Castillo Ayoví,2008-12-10,110986,LDU Quito,2018,Serie A,,,,
79308,2026-01-01,Thiago Balieiro -, Thiago Balieiro Lourenço de Carvalho,2003-02-23,1887,Vitória SC,308,Primeira Liga,,,,
79309,2026-01-01,Juan Diego Castillo Reyes -, Juan Diego Castillo Reyes,2003-01-13,1887,Vitória SC,308,Primeira Liga,,,,
79310,2026-01-01,Nail Moutha-Sebtaoui -,Nail Moutha-Sebtaouiنايل السبتاوي,2005-11-17,537,FCV Dender EH,4,Pro League,,,,
79311,2026-01-01,Luc Marijnissen -, Luc Marijnissen,2003-01-09,537,FCV Dender EH,4,Pro League,,,,
79312,2026-01-01,David Grilo -, David Allen Grilo,1996-08-13,718,Estrela da Amadora,308,Primeira Liga,,,,
79316,2026-01-01,Noah Elia Brogli -, Noah Elia Brogli,2008-05-28,1713,FC Winterthur,189,Super League,,,,
79317,2026-01-01,Santos Daiber -, David Michael Santos Daiber,2007-01-10,21,FC Bayern München,19,Bundesliga,,,,
79319,2026-01-01,Neville Ogidi Nwankwo -, Neville Ogidi Nwankwo,2002-10-08,100638,Telstar,10,Eredivisie,,,,
79320,2026-01-01,Malte Simon Brüning -, Malte Simon Brüning,2004-03-18,526,Rot-Weiss Essen,2076,3. Liga,,,,
79321,2026-01-01,Benjamin Merlin Zank -, Benjamin Merlin Zank,2004-08-14,110645,Viktoria Köln,2076,3. Liga,,,,
79322,2026-01-01,Yannick Aime Tonye -, Yannick Aime Tonye,2004-09-18,110645,Viktoria Köln,2076,3. Liga,,,,
79323,2026-01-01,Deivison -, Deivison Souza Brito,2006-05-04,1891,CD Nacional,308,Primeira Liga,,,,
79325,2026-01-01,Gabriel Eric Sadłek -, Gabriel Eric Sadłek,2006-05-28,1825,MSV Duisburg,2076,3. Liga,,,,
79326,2026-01-01,Lucas Hermes -, Lucas Hermes,2000-03-23,543,SSV Jahn Regensburg,2076,3. Liga,,,,
79327,2026-01-01,Almin Mešanović -, Almin Mešanović,2004-01-17,110501,SC Verl,2076,3. Liga,,,,
79328,2026-01-01,Davis Asante -, Davis Asante,2003-04-15,543,SSV Jahn Regensburg,2076,3. Liga,,,,
79329,2026-01-01,Alem Japaur -, Alem Japaur,2004-04-23,110501,SC Verl,2076,3. Liga,,,,
79330,2026-01-01,Phil Beckhoff -, Phil Beckhoff,2000-04-10,543,SSV Jahn Regensburg,2076,3. Liga,,,,
79331,2026-01-01,Fabian Wessig -, Fabian Wessig,2003-04-27,110501,SC Verl,2076,3. Liga,,,,
79332,2026-01-01,Giorgi Kavlashvili -,Giorgi Kavlashviliგიორგი ყავლაშვილი,2007-01-24,2014,Union Saint-Gilloise,4,Pro League,,,,
79333,2026-01-01,Marc Richter -, Marc Richter,2001-11-25,1826,Alemannia Aachen,2076,3. Liga,,,,
79334,2026-01-01,Raul Alexander Florucz -, Raul Alexander Florucz,2001-06-10,2014,Union Saint-Gilloise,4,Pro League,,,,
79335,2026-01-01,Joel da Silva Kiala -, Joel Miguel da Silva Kiala,2004-01-21,1826,Alemannia Aachen,2076,3. Liga,,,,
79336,2026-01-01,Tijn Van Ingelgom -, Tijn Van Ingelgom,2007-03-05,110724,KV Mechelen,4,Pro League,,,,
79337,2026-01-01,Axel Willockx -, Axel Willockx,2007-02-07,110724,KV Mechelen,4,Pro League,,,,
79338,2026-01-01,Gaoussou Kyassou Diarra -, Gaoussou Kyassou Diarra,2002-11-21,246,Feyenoord,10,Eredivisie,,,,
79341,2026-01-01,Maharabam Maxion Singh -, Maharabam Maxion Singh,2004-01-31,111633,Mohammedan SC,2149,Super League,,,,
79342,2026-01-01,Callum James Osmand -, Callum James Osmand,2005-11-08,78,Celtic,50,Premiership,,,,
79343,2026-01-01,Mark Țuțu -, Mark Țuțu,2004-01-02,110750,UTA Arad,330,Liga I,,,,
79363,2026-01-01,Nikolaos Athanasiou -,Nikolaos AthanasiouΝικόλαος Αθανασίου,2001-03-16,744,Rio Ave FC,308,Primeira Liga,,,,
79364,2026-01-01,Gianluca Pelzer -, Gianluca Pelzer,2006-05-05,110685,TSG 1899 Hoffenheim II,2076,3. Liga,,,,
79365,2026-01-01,Alex Honajzer -, Alex Honajzer,2006-02-20,110685,TSG 1899 Hoffenheim II,2076,3. Liga,,,,
79366,2026-01-01,Melvin Onos -, Melvin Onos,2006-08-06,110685,TSG 1899 Hoffenheim II,2076,3. Liga,,,,
79368,2026-01-01,Leonard Krasniqi -, Leonard Krasniqi,2006-04-09,110685,TSG 1899 Hoffenheim II,2076,3. Liga,,,,
79369,2026-01-01,Tim Aziz Paumgartner -, Tim Aziz Paumgartner,2005-03-05,2015,Grazer AK 1902,80,Bundesliga,,,,
79370,2026-01-01,Blessing Miguel Makanda Maleko -, Blessing Miguel Makanda Maleko,2006-02-14,110685,TSG 1899 Hoffenheim II,2076,3. Liga,,,,
79371,2026-01-01,Emmanuel Chukwu -, Emmanuel Chukwu,2006-11-07,111822,Wolfsberger AC,80,Bundesliga,,,,
79372,2026-01-01,Precious Benjamin -, Precious Benjamin,2006-10-01,10029,TSG 1899 Hoffenheim,19,Bundesliga,,,,
79373,2026-01-01,Ramiz Harakaté -, Ramiz Harakaté,2002-07-13,2015,Grazer AK 1902,80,Bundesliga,,,,
79375,2026-01-01,Arbnor Prenqi -, Arbnor Prenqi,2000-05-15,2015,Grazer AK 1902,80,Bundesliga,,,,
79376,2026-01-01,Fabio Antonio Luque-Notaro -, Fabio Antonio Luque-Notaro,2005-08-31,583,1. FC Schweinfurt 05,2076,3. Liga,,,,
79377,2026-01-01,Maximilian Weisbäcker -, Maximilian Weisbäcker,2001-04-18,583,1. FC Schweinfurt 05,2076,3. Liga,,,,
79378,2026-01-01,Uche Destiny Obiogumu -, Uche Destiny Obiogumu,2004-04-27,583,1. FC Schweinfurt 05,2076,3. Liga,,,,
79379,2026-01-01,Altin Ibisi -, Altin Ibisi,2006-07-21,583,1. FC Schweinfurt 05,2076,3. Liga,,,,
79380,2026-01-01,Luka Kalandia -, Luka Kalandia,2006-08-30,583,1. FC Schweinfurt 05,2076,3. Liga,,,,
79381,2026-01-01,Konstantinos Chrysopoulos -,Konstantinos ChrysopoulosΙωάννης Κωνσταντίνος Χρυσόπουλος,2003-05-21,278,AEK Athens,63,Super League,,,,
79383,2026-01-01,Robin Fabinski -, Robin Fabinski,2003-08-26,487,VfL Osnabrück,2076,3. Liga,,,,
79384,2026-01-01,Bernd Riesselmann -, Bernd Riesselmann,2005-07-05,487,VfL Osnabrück,2076,3. Liga,,,,
79388,2026-01-01,Louis Christopher Chukwuemeka Flower -, Louis Christopher Chukwuemeka Flower,2004-10-06,110890,Crawley Town,61,League Two,,,,
79389,2026-01-01,Juan Bautista Dadín -, Juan Bautista Dadín,2006-05-20,1876,River Plate,353,Liga Profesional de Fútbol,,,,
79390,2026-01-01,Mário Sauer -, Mário Sauer,2004-05-15,1809,Toulouse FC,16,Ligue 1,,,,
79391,2026-01-01,Kushtrim Asallari -, Kushtrim Asallari,2003-04-23,110532,SV Waldhof Mannheim,2076,3. Liga,,,,
79392,2026-01-01,Jan Marco Niemann -, Jan Marco Niemann,2004-07-05,110532,SV Waldhof Mannheim,2076,3. Liga,,,,
79393,2026-01-01,Davinchi -, David Cordón Mancha,2007-10-16,1860,Getafe CF,53,La Liga,,,,
79394,2026-01-01,Omar Sillah -, Omar Sillah,2003-07-25,165,SpVgg Greuther Fürth,20,2. Bundesliga,,,,
79396,2026-01-01,Neiva -, Guilherme Neiva e Silva,2001-03-15,131463,AVS Futebol SAD,308,Primeira Liga,,,,
79397,2026-01-01,Gibson Osahumen Yah -, Gibson Osahumen Yah,2003-09-27,645,FC Volendam,10,Eredivisie,,,,
79398,2026-01-01,Guilherme Peixoto -, Guilherme Martinho Peixoto,2006-05-25,1908,FC Twente,10,Eredivisie,,,,
79399,2026-01-01,Gilberto Rafael Mora Zambrano -, Gilberto Rafael Mora Zambrano,2008-10-14,,,,,78,Friendly International,https://cdn.sofifa.net/meta/team/18576/30.png,76
79401,2026-01-01,David Hummel -, David Hummel,2002-01-01,27,FC Hansa Rostock,2076,3. Liga,,,,
79402,2026-01-01,Igor Jesus -, Igor Jesus Maciel da Cruz,2001-02-25,14,Nottingham Forest,13,Premier League,,,,
79403,2026-01-01,Sebastian Jung -, Sebastian Jung,2005-05-04,165,SpVgg Greuther Fürth,20,2. Bundesliga,,,,
79404,2026-01-01,Malthe Riis Ladefoged -, Malthe Riis Ladefoged,2005-12-14,15006,Fredericia,1,Superliga,,,,
79407,2026-01-01,Oscar Gadeberg Buur -, Oscar Gadeberg Buur,2006-10-29,819,FC København,1,Superliga,,,,
79419,2026-01-01,Miguel Ángel Peralta Quiñónez -, Miguel Ángel Peralta Quiñónez,2008-04-26,112908,Independiente del Valle,2018,Serie A,,,,
79420,2026-01-01,Kenji Mboma Dem -, Kenji Mboma Dem,2002-01-22,113149,FC Cincinnati,39,Major League Soccer,,,,
79421,2026-01-01,Joaquín Andrés Bogarín Gómez -, Joaquín Andrés Bogarín Gómez,2007-07-24,111008,Libertad,337,División Profesional,,,,
79422,2026-01-01,Francisco Silverio Mongelos Hanson -, Francisco Silverio Mongelos Hanson,2005-02-15,111006,Sportivo Luqueño,337,División Profesional,,,,
79423,2026-01-01,Joaquín Paredes Filippini -, Joaquín Paredes Filippini,2003-05-11,111006,Sportivo Luqueño,337,División Profesional,,,,
79425,2026-01-01,Killian Robert Barrett -, Killian Robert Barrett,2004-03-15,1807,Sheffield Wednesday,14,Championship,,,,
79427,2026-01-01,Oleksandr Romanchuk -,Oleksandr RomanchukРоманчук Олександр Богданович,1999-12-16,308,Universitatea Craiova,330,Liga I,,,,
79428,2026-01-01,Claudy Mbuyi Kabamba -, Claudy Mbuyi Kabamba,1999-06-03,254,SK Rapid,80,Bundesliga,,,,
79429,2026-01-01,Nikita Stoinov -, Nikita Stoinov,2005-08-24,100757,Dinamo Bucureşti,330,Liga I,,,,
79430,2026-01-01,Lorenzo Biliboc -, Lorenzo Biliboc,2006-10-22,110816,CFR Cluj,330,Liga I,,,,
79434,2026-01-01,Taine Charlie Anderson -, Taine Charlie Anderson,2005-09-17,1936,Cheltenham Town,61,League Two,,,,
79437,2026-01-01,Bruno Carvalho -, Bruno José Moreira Barreto Carvalho,1997-09-16,114545,Metaloglobus București,330,Liga I,,,,
79443,2026-01-01,Kevyn Vinícius -, Kevyn Vinícius Medeiros de Freitas,2005-07-01,1891,CD Nacional,308,Primeira Liga,,,,
79444,2026-01-01,Delano McCoy-Splatt -, Delano McCoy-Splatt,2004-10-11,112259,AFC Wimbledon,60,League One,,,,
79448,2026-01-01,Mateja Stjepanović -,Mateja StjepanovićМатеја Стјепановић,2004-02-20,1900,Moreirense FC,308,Primeira Liga,,,,
79453,2026-01-01,Eliman Cham -, Eliman Cham,2005-07-06,112493,Carrarese,32,Serie B,,,,
79455,2026-01-01,Salim Amani Musah -, Salim Amani Musah,2006-02-22,38,SV Werder Bremen,19,Bundesliga,,,,
79458,2026-01-01,Mukhammadali Urinboev -,Mukhammadali UrinboevМуҳаммадали Ўринбоев,2005-04-24,230,Royal Antwerp FC,4,Pro League,,,,
79459,2026-01-01,Marino Illescas -, Marino Illescas Montaño,2001-01-09,110069,CD Mirandés,54,La Liga 2,,,,
79461,2026-01-01,Stefan Smarkalev -,Stefan SmarkalevСтефан Стефанов Смъркалев,2007-05-14,38,SV Werder Bremen,19,Bundesliga,,,,
79463,2026-01-01,Edu Coniac -, Eduard Coniac Covalciuc,2005-07-29,110069,CD Mirandés,54,La Liga 2,,,,
79470,2026-01-01,Franck Ferry Fomeyem Sob -, Franck Ferry Fomeyem Sob,1999-10-17,1867,Córdoba CF,54,La Liga 2,,,,
79472,2026-01-01,Théo Edgard Epailly -, Théo Edgard Epailly,1999-02-10,132231,RAAL La Louvière,4,Pro League,,,,
79474,2026-01-01,Samu Becerra -, Samuel Becerra Gómez,2006-06-01,480,Rayo Vallecano,53,La Liga,,,,
79478,2026-01-01,Mawuli Kwame Mensah Vadze -, Mawuli Kwame Mensah Vadze,2003-11-15,449,Real Betis Balompié,53,La Liga,,,,
79479,2026-01-01,Pablo Ruan -, Pablo Ruan Messias Cardozo,2003-02-01,1891,CD Nacional,308,Primeira Liga,,,,
79480,2026-01-01,Ismael Barea -, Ismael Barea Fernández,2005-07-16,110069,CD Mirandés,54,La Liga 2,,,,
79487,2026-01-01,Unai Ayala -, Unai Ayala Cornejo,2004-02-22,467,SD Eibar,54,La Liga 2,,,,
79490,2026-01-01,Rayan Enad Al Mutairi -,Rayan Enad Al Mutairiريان المطيري,2000-12-24,113057,Al Fayha,350,Pro League,,,,
79493,2026-01-01,Dan Sinaté -, Dan Sinaté,2006-06-09,1530,Angers SCO,16,Ligue 1,,,,
79494,2026-01-01,Abdulmalik Saleh Al Jaber -,Abdulmalik Saleh Al Jaberعبدالملك الجابر,2004-01-07,112139,Al Nassr,350,Pro League,,,,
79496,2026-01-01,Loïc Williams Socka Bongué -, Loïc Williams Socka Bongué,1998-09-05,1815,Clermont Foot 63,17,Ligue 2,,,,
79497,2026-01-01,Lucas Bretelle -, Lucas Bretelle,2002-04-17,132231,RAAL La Louvière,4,Pro League,,,,
79498,2026-01-01,Cédric Makutungu -, Cédric Makutungu,1997-10-03,115494,FC Annecy,17,Ligue 2,,,,
79499,2026-01-01,Abdel Hbouch -, Abdel Hbouch,1999-01-25,115494,FC Annecy,17,Ligue 2,,,,
79503,2026-01-01,Louis Nyamekye Awortwie-Grant -, Louis Nyamekye Awortwie-Grant,2000-08-07,162,FC Energie Cottbus,2076,3. Liga,,,,
79504,2026-01-01,Christian Tchouante -, Christian Tchouante,2006-01-17,112072,Mjällby AIF,56,Allsvenskan,,,,
79505,2026-01-01,Bernardo Schappo -, Bernardo Schappo,1999-03-22,718,Estrela da Amadora,308,Primeira Liga,,,,
79506,2026-01-01,António Machado -, António Sousa Machado,2006-12-19,131463,AVS Futebol SAD,308,Primeira Liga,,,,
79512,2026-01-01,Bo Åsulv Hegland -, Bo Åsulv Hegland,2004-06-18,710,Djurgårdens IF,56,Allsvenskan,,,,
79513,2026-01-01,Bahmed Deuff -, Bahmed Deuff,2006-03-10,71,FC Nantes,16,Ligue 1,,,,
79514,2026-01-01,Matúš Vojtko -, Matúš Vojtko,2000-10-05,111091,Lechia Gdańsk,66,Ekstraklasa,,,,
79515,2026-01-01,Mattéo Commaret -, Mattéo Commaret,2002-01-02,1814,Stade Lavallois Mayenne FC,17,Ligue 2,,,,
79525,2026-01-01,Adrian Lars Fredrik Svanbäck -, Adrian Lars Fredrik Svanbäck,2004-06-08,711,BK Häcken,56,Allsvenskan,,,,
79526,2026-01-01,Lasse Bruun Madsen -, Lasse Bruun Madsen,2005-03-19,711,BK Häcken,56,Allsvenskan,,,,
79527,2026-01-01,Andrej Đurić -,Andrej ĐurićАндреј Ђурић,2003-09-21,320,Malmö FF,56,Allsvenskan,,,,
79528,2026-01-01,Juanpa -, Juan Palomares Pulpillo,2000-07-25,110069,CD Mirandés,54,La Liga 2,,,,
79530,2026-01-01,Youssef Njoya Ngapout -, Youssef Njoya Ngapout,2004-04-18,62,En Avant Guingamp,17,Ligue 2,,,,
79531,2026-01-01,Soumaïla Sylla -, Soumaïla Sylla,2004-03-15,379,Stade de Reims,17,Ligue 2,,,,
79533,2026-01-01,Marcel Ratnik -, Marcel Ratnik,2003-12-23,111701,Al Ain,2013,Pro League,,,,
79535,2026-01-01,Yahya Benkhaleq -,Yahya Benkhaleqيحيى بنخالق,2001-09-14,111701,Al Ain,2013,Pro League,,,,
79536,2026-01-01,Peixinho -, André Tiago Ramos das Neves,2004-05-23,10020,GD Estoril Praia,308,Primeira Liga,,,,
79538,2026-01-01,Houssine Rahimi -,Houssine Rahimiحسين رحيمي,2002-02-04,111701,Al Ain,2013,Pro League,,,,
79543,2026-01-01,Bernardo Lourenço -, Bernardo José Almeida Lourenço,2002-08-21,10020,GD Estoril Praia,308,Primeira Liga,,,,
79545,2026-01-01,Longin Vianey Bimai -, Longin Vianey Bimai,2006-02-17,10020,GD Estoril Praia,308,Primeira Liga,,,,
79547,2026-01-01,Souleymane Faye -, Souleymane Faye,2003-02-08,110832,Granada CF,54,La Liga 2,,,,
79548,2026-01-01,Stefen Erwan Tchamche -, Stefen Erwan Tchamche,2006-01-08,271,Aarhus Gymnastikforening,1,Superliga,,,,
79549,2026-01-01,Magnus Hvitfeldt Andersen -, Magnus Hvitfeldt Andersen,2006-04-03,272,Odense Boldklub,1,Superliga,,,,
79551,2026-01-01,Bastian Lykkegaard Holm -, Bastian Lykkegaard Holm,2005-02-13,270,Silkeborg IF,1,Superliga,,,,
79552,2026-01-01,Joaquín González -, Joaquin Felipe González Rodríguez,2000-10-14,1968,Cádiz CF,54,La Liga 2,,,,
79553,2026-01-01,Marcus Eskildsen -, Marcus Eskildsen,2007-12-03,272,Odense Boldklub,1,Superliga,,,,
79554,2026-01-01,Bismark Junior Edjeodji -, Bismark Junior Edjeodji,2007-04-24,822,Vejle Boldklub,1,Superliga,,,,
79555,2026-01-01,Malte Såby Heyde -, Malte Såby Heyde,2007-02-18,1788,FC Nordsjælland,1,Superliga,,,,
79556,2026-01-01,Kotaro Uchino -,Kotaro Uchino内野 航太郎,2004-06-19,269,Brøndby IF,1,Superliga,,,,
79557,2026-01-01,Shō Fukuda -,Shō Fukuda福田 翔生,2001-03-23,269,Brøndby IF,1,Superliga,,,,
79558,2026-01-01,Pachanga Cassoma Kristensen -, Pachanga Cassoma Kristensen,2006-12-07,1447,Sønderjyske Fodbold,1,Superliga,,,,
79559,2026-01-01,Josué Souza -, Josué Souza dos Santos,2005-04-25,1891,CD Nacional,308,Primeira Liga,,,,
79560,2026-01-01,Edward Edier Cedeño Guerrel -, Edward Edier Cedeño Guerrel,2003-07-05,472,UD Las Palmas,54,La Liga 2,,,,
79561,2026-01-01,Paskal Konrad Meyer -, Paskal Konrad Meyer,2005-06-25,111097,Motor Lublin,66,Ekstraklasa,,,,
79566,2026-01-01,Liam Robert Oska Bonetig -, Liam Robert Oska Bonetig,2005-08-20,112224,Melbourne City FC,351,A-League Men,,,,
79571,2026-01-01,Souleymane Coulibaly -, Souleymane Coulibaly,2001-12-26,112126,IFK Värnamo,56,Allsvenskan,,,,
79572,2026-01-01,Peter Edache Sunday -, Peter Edache Sunday,2007-01-27,1756,Hamarkameratene,41,Eliteserien,,,,
79573,2026-01-01,James Ampofo -, James Ampofo,2003-10-20,922,Strømsgodset IF,41,Eliteserien,,,,
79574,2026-01-01,Alie Conteh -, Alie Conteh,2004-10-29,922,Strømsgodset IF,41,Eliteserien,,,,
79575,2026-01-01,Abdou Aziz Fall -, Abdou Aziz Fall,2007-02-20,326,Fenerbahçe SK,68,Süper Lig,,,,
79579,2026-01-01,Cathal McCarthy -, Cathal McCarthy,2006-08-31,1952,Hull City,14,Championship,,,,
79582,2026-01-01,Mikel Santos -, Mikel Santos Linares,2004-11-01,448,Athletic Club,53,La Liga,,,,
79583,2026-01-01,Víctor Valverde -, Víctor Valverde da Silva,2001-12-26,1854,Albacete Balompié,54,La Liga 2,,,,
79585,2026-01-01,Jayden Joseph -, Jayden Joseph,2005-12-08,15048,Tranmere Rovers,61,League Two,,,,
79587,2026-01-01,Louis Donald Page -, Louis Donald Page,2008-07-10,95,Leicester City,14,Championship,,,,
79598,2026-01-01,Favour Onukwuli -, Favour Onukwuli,2005-04-09,1807,Sheffield Wednesday,14,Championship,,,,
79607,2026-01-01,Rafael Luís -, Rafael Filipe Gonçalves Soares Luís,2005-02-18,76,RC Strasbourg Alsace,16,Ligue 1,,,,
79608,2026-01-01,João Veloso -, João Miguel Fins Veloso,2005-06-26,234,SL Benfica,308,Primeira Liga,,,,
79609,2026-01-01,Yannis Lawson -, Yannis Lawson,2004-11-22,68,FC Metz,16,Ligue 1,,,,
79610,2026-01-01,Teddy Andami Averlant -, Teddy Andami Averlant,1999-10-02,1816,Amiens SC,17,Ligue 2,,,,
79611,2026-01-01,Lassana Traoré -, Lassana Traoré,2007-05-06,1819,AS Saint-Étienne,17,Ligue 2,,,,
79612,2026-01-01,Manu Obón -, Manuel Obón Salido,2002-08-28,244,Real Zaragoza,54,La Liga 2,,,,
79613,2026-01-01,Henry Estuardo Caparó Bendezu -, Henry Estuardo Caparó Bendezu,2005-01-29,111013,Sporting Cristal,2020,Liga 1,,,,
79615,2026-01-01,Kevin Tamayo Zapata -, Kevin Tamayo Zapata,1999-10-27,101106,Once Caldas,336,Categoría Primera A,,,,
79616,2026-01-01,Tomás García Rojas -, Tomás García Rojas,2006-04-26,101106,Once Caldas,336,Categoría Primera A,,,,
79618,2026-01-01,Stjepan Davidović -, Stjepan Davidović,2005-02-13,111083,Korona Kielce,66,Ekstraklasa,,,,
79620,2026-01-01,Pavlo Isenko -,Pavlo IsenkoІсенко Павло Андрійович,2003-07-21,308,Universitatea Craiova,330,Liga I,,,,
79621,2026-01-01,Paul Venot -, Paul Venot,2001-10-07,115494,FC Annecy,17,Ligue 2,,,,
79623,2026-01-01,Mathieu Mion -, Mathieu Mion,2000-09-02,1805,Grenoble Foot 38,17,Ligue 2,,,,
79624,2026-01-01,Giovani Versini -, Giovani Versini,2004-03-18,110321,Pau FC,17,Ligue 2,,,,
79629,2026-01-01,Jair Cunha -, Jair Paula da Cunha Filho,2005-03-07,14,Nottingham Forest,13,Premier League,,,,
79632,2026-01-01,Mohau Nkota -, Mohau Nkota,2004-11-09,112096,Al Ettifaq,350,Pro League,,,,
79634,2026-01-01,Guillaume Trani -, Guillaume Trani,1997-12-27,111273,Red Star FC,17,Ligue 2,,,,
79635,2026-01-01,Jordan Mendes Correia -, Jordan Mendes Correia,2004-03-07,111659,Rodez Aveyron Football,17,Ligue 2,,,,
79637,2026-01-01,Dylan Luzolo Vangi Vungele -, Dylan Luzolo Vangi Vungele,2005-08-08,111659,Rodez Aveyron Football,17,Ligue 2,,,,
79638,2026-01-01,Octave Joly -, Octave Joly,2002-09-16,111659,Rodez Aveyron Football,17,Ligue 2,,,,
79639,2026-01-01,Mathis Magnin -, Mathis Magnin,2001-09-24,111659,Rodez Aveyron Football,17,Ligue 2,,,,
79640,2026-01-01,Clément Jolibois Houilliez -, Clément Jolibois Houilliez,1997-09-03,111659,Rodez Aveyron Football,17,Ligue 2,,,,
79641,2026-01-01,Issiaka Karamoko -, Issiaka Karamoko,2001-07-15,58,Sporting Club Bastia,17,Ligue 2,,,,
79642,2026-01-01,Nicolas Parravicini -, Nicolas Parravicini,1997-08-05,58,Sporting Club Bastia,17,Ligue 2,,,,
79644,2026-01-01,Alexandru Gheorghe -, Alexandru Gheorghe,2002-10-12,114545,Metaloglobus București,330,Liga I,,,,
79645,2026-01-01,Adriano George Flavius Manole -, Adriano George Flavius Manole,2007-07-28,100759,FC Argeș,330,Liga I,,,,
79646,2026-01-01,Rafael Ionuț Petriu -, Rafael Ionuț Petriu,2008-11-02,100759,FC Argeș,330,Liga I,,,,
79647,2026-01-01,Luca Marian Crăciun -, Luca Marian Crăciun,2008-08-25,100759,FC Argeș,330,Liga I,,,,
79650,2026-01-01,Dan-Emilian Neicu -, Dan-Emilian Neicu,2002-09-16,110072,Oțelul Galați,330,Liga I,,,,
79651,2026-01-01,Matteo Mantini -, Matteo Mantini,2007-08-27,322,Grasshopper Club Zürich,189,Super League,,,,
79652,2026-01-01,Dan Cristian Neicu -, Dan Cristian Neicu,2004-11-03,110072,Oțelul Galați,330,Liga I,,,,
79653,2026-01-01,Matei Frunză -, Matei Frunză,2006-03-12,110072,Oțelul Galați,330,Liga I,,,,
79654,2026-01-01,Pantaleo Creti -, Pantaleo Creti,2008-07-22,322,Grasshopper Club Zürich,189,Super League,,,,
79655,2026-01-01,Albert Caparrós -, Albert Caparrós Guzmán,1998-10-14,1894,AD Ceuta FC,54,La Liga 2,,,,
79657,2026-01-01,Nico Toca -, Nicolás Toca Diego,2003-03-18,15012,Cultural Leonesa,54,La Liga 2,,,,
79661,2026-01-01,Astigarraga -, Eneko Astigarraga Alkorta,2004-01-08,110711,Real Sociedad de Fútbol B,54,La Liga 2,,,,
79662,2026-01-01,Malick Diop -, Malick Diop,2006-02-05,111276,USL Dunkerque,17,Ligue 2,,,,
79663,2026-01-01,Winsley Boteli Mokango -, Winsley Boteli Mokango,2006-07-05,110770,FC Sion,189,Super League,,,,
79680,2026-01-01,Josh Miles -, Josh Miles,2006-11-30,753,Waterford FC,65,Premier Division,,,,
79681,2026-01-01,Eseosa Sule -, Eseosa Sule,2006-04-01,83,Motherwell FC,50,Premiership,,,,
79683,2026-01-01,Richard Larkland King -, Richard Larkland King,2001-11-27,100805,St. Mirren,50,Premiership,,,,
79686,2026-01-01,Diogo Ferreira -, Diogo José de Nazaré e Jesus Ferreira,2007-02-10,234,SL Benfica,308,Primeira Liga,,,,
79687,2026-01-01,Joshua Liam Wynder -, Joshua Liam Wynder,2005-05-02,234,SL Benfica,308,Primeira Liga,,,,
79689,2026-01-01,Dimitrios Chatsidis -,Dimitrios ChatsidisΔημήτριος Χατσίδης,2006-06-14,393,PAOK,63,Super League,,,,
79690,2026-01-01,Gonçalo Oliveira -, Gonçalo Calisto de Oliveira,2006-07-04,234,SL Benfica,308,Primeira Liga,,,,
79691,2026-01-01,Nodar Lominadze -,Nodar Lominadzeნოდარ ლომინაძე,2002-04-04,10020,GD Estoril Praia,308,Primeira Liga,,,,
79692,2026-01-01,Alpár Gergely -, Alpár Gergely,2007-10-18,114546,Csíkszereda Miercurea Ciuc,330,Liga I,,,,
79694,2026-01-01,Bence Végh -, Bence Végh,1997-05-13,114546,Csíkszereda Miercurea Ciuc,330,Liga I,,,,
79696,2026-01-01,Aitor Uzkudun -, Aitor Uzkudun Arruti,2000-12-13,114554,FC Andorra,54,La Liga 2,,,,
79698,2026-01-01,Alexandru-Simion Tabuncic -, Alexandru-Simion Tabuncic,2006-05-27,100757,Dinamo Bucureşti,330,Liga I,,,,
79703,2026-01-01,Gael Alonso -, Gael Alonso Moreno,2002-07-22,114554,FC Andorra,54,La Liga 2,,,,
79704,2026-01-01,Robinho -, Robson Lucas Oliveira Botelho,2002-08-07,718,Estrela da Amadora,308,Primeira Liga,,,,
79705,2026-01-01,Tony Rudy Lesueur -, Tony Rudy Lesueur,2000-08-19,487,VfL Osnabrück,2076,3. Liga,,,,
79706,2026-01-01,Dimitrios Bataoulas -,Dimitrios BataoulasΔημήτριος Μπαταούλας,2007-03-14,393,PAOK,63,Super League,,,,
79707,2026-01-01,Ivan Emanuel Ramirez Ferreira -, Ivan Emanuel Ramirez Ferreira,2004-06-04,111329,Guaraní,337,División Profesional,,,,
79708,2026-01-01,Milan Zonneveld -, Milan Zonneveld,2003-10-08,100638,Telstar,10,Eredivisie,,,,
79709,2026-01-01,Benjamin Rhys Hughes -, Benjamin Rhys Hughes,2003-11-15,1944,Cambridge United,61,League Two,,,,
79710,2026-01-01,Calvin Rosario Baretto -, Calvin Rosario Baretto,1999-09-09,114168,Jamshedpur FC,2149,Super League,,,,
79711,2026-01-01,Ifeanyi Kelvin Eze -, Ifeanyi Kelvin Eze,1999-05-07,111766,Wellington Phoenix,351,A-League Men,,,,
79712,2026-01-01,Lalramsanga -, Ramsanga Tlaichhun,2000-04-24,111629,East Bengal FC,2149,Super League,,,,
79716,2026-01-01,Martand Raina -, Martand Raina,2000-09-10,111629,East Bengal FC,2149,Super League,,,,
79718,2026-01-01,Lenny Agbaire -, Lenny Agbaire,2005-03-04,1797,Rotherham United,60,League One,,,,
79736,2026-01-01,Alex Lizancos -, Alejandro Lizancos Saldaña,2003-09-14,10846,Burgos CF,54,La Liga 2,,,,
79737,2026-01-01,Enis Vauclain Kamga -, Enis Vauclain Kamga,2007-07-08,29,1. FC Kaiserslautern,20,2. Bundesliga,,,,
79746,2026-01-01,Hiroki Akiyama -,Hiroki Akiyama秋山 裕紀,2000-12-09,110502,SV Darmstadt 98,20,2. Bundesliga,,,,
79751,2026-01-01,Josep Cerdà -, Josep Cerdà Amengual,2003-02-04,114554,FC Andorra,54,La Liga 2,,,,
79752,2026-01-01,Marc Doménech -, Marc Doménech Costa,2002-11-01,114554,FC Andorra,54,La Liga 2,,,,
79754,2026-01-01,Leonardo Nicolás Amaral Núñez -, Leonardo Nicolás Amaral Núñez,2003-04-12,115536,Cerro Largo,338,Primera División,,,,
79755,2026-01-01,Erik Weinhauer -, Erik Weinhauer,2001-01-23,506,FC Erzgebirge Aue,2076,3. Liga,,,,
79756,2026-01-01,Jannic Ehlers -, Jannic Ehlers,2003-01-05,506,FC Erzgebirge Aue,2076,3. Liga,,,,
79757,2026-01-01,Joel Sebastián Romero -, Joel Sebastián Romero,2006-06-01,101099,América de Cali,336,Categoría Primera A,,,,
79758,2026-01-01,Kener Nicolas González Mosquera -, Kener Nicolas González Mosquera,2005-10-05,101099,América de Cali,336,Categoría Primera A,,,,
79759,2026-01-01,Giannis Niarchos -,Giannis NiarchosΓιάννης Νιάρχος,2002-06-26,1569,Wisła Płock,66,Ekstraklasa,,,,
79761,2026-01-01,Mahamadou Baldé Baldé -, Mahamadou Baldé Baldé,2007-01-30,393,PAOK,63,Super League,,,,
79762,2026-01-01,Adam Kölle -, Adam Kölle,2006-04-28,111235,1. FC Heidenheim 1846,19,Bundesliga,,,,
79763,2026-01-01,Nick Rothweiler -, Nick Rothweiler,2006-06-16,111235,1. FC Heidenheim 1846,19,Bundesliga,,,,
79764,2026-01-01,Anestis Mythou -,Anestis MythouΑνέστης Μύθου,2007-05-22,393,PAOK,63,Super League,,,,
79766,2026-01-01,Oliver Evans -, Oliver Evans,2008-06-01,111399,Perth Glory,351,A-League Men,,,,
79767,2026-01-01,Iurie Iovu -, Iurie Iovu,2002-07-06,181,Dundee United FC,50,Premiership,,,,
79769,2026-01-01,Dani Martín -, Daniel Martín Rodríguez,2005-09-26,110839,SD Huesca,54,La Liga 2,,,,
79771,2026-01-01,Rayan Lucas -, Rayan Lucas Marques de Souza,2005-01-03,237,Sporting CP,308,Primeira Liga,,,,
79772,2026-01-01,Marco Boras -, Marco Boras,2001-09-28,15040,WSG Tirol,80,Bundesliga,,,,
79773,2026-01-01,Raphael Gschösser -, Raphael Gschösser,2006-04-20,15040,WSG Tirol,80,Bundesliga,,,,
79774,2026-01-01,Lukas Schweighofer -, Lukas Schweighofer,2006-10-27,15040,WSG Tirol,80,Bundesliga,,,,
79775,2026-01-01,Max Böhnke -, Max Böhnke,2003-08-16,162,FC Energie Cottbus,2076,3. Liga,,,,
79776,2026-01-01,Michael Neuner -, Michael Neuner,2006-12-12,15040,WSG Tirol,80,Bundesliga,,,,
79777,2026-01-01,Christian Huetz -, Christian Huetz,2006-07-03,15040,WSG Tirol,80,Bundesliga,,,,
79778,2026-01-01,David Falkner -, David Falkner,2007-06-10,15040,WSG Tirol,80,Bundesliga,,,,
79780,2026-01-01,Kjartan Már Kjartansson -, Kjartan Már Kjartansson,2006-07-14,77,Aberdeen,50,Premiership,,,,
79781,2026-01-01,Hayato Inamura -,Hayato Inamura稲村 隼翔,2002-05-06,78,Celtic,50,Premiership,,,,
79782,2026-01-01,Rodrigo Auzmendi -, Rodrigo Auzmendi,2001-01-02,110404,CA Banfield,353,Liga Profesional de Fútbol,,,,
79784,2026-01-01,Paul Bratschko -, Paul Bratschko,2005-10-14,2017,TSV Hartberg,80,Bundesliga,,,,
79785,2026-01-01,Habib Anas Coulibaly -, Habib Anas Coulibaly,2003-11-11,2017,TSV Hartberg,80,Bundesliga,,,,
79786,2026-01-01,Azamat Uriev -, Azamat Uriev,2004-05-27,111376,US Boulogne Cote d'Opale,17,Ligue 2,,,,
79787,2026-01-01,Siad Gourville -, Siad Gourville,2000-05-25,111376,US Boulogne Cote d'Opale,17,Ligue 2,,,,
79788,2026-01-01,Jonathan Ndaya Kapenga -, Jonathan Ndaya Kapenga,2004-01-16,111376,US Boulogne Cote d'Opale,17,Ligue 2,,,,
79789,2026-01-01,Sonny Duflos -, Sonny Duflos,1995-06-08,111376,US Boulogne Cote d'Opale,17,Ligue 2,,,,
79790,2026-01-01,Hervé Touré -, Hervé Touré,2000-05-20,111376,US Boulogne Cote d'Opale,17,Ligue 2,,,,
79791,2026-01-01,Nolan Binet -, Nolan Binet,2004-03-21,111376,US Boulogne Cote d'Opale,17,Ligue 2,,,,
79792,2026-01-01,Sohan Paillard -, Sohan Paillard,2003-11-02,111376,US Boulogne Cote d'Opale,17,Ligue 2,,,,
79793,2026-01-01,Luka Boiteau -, Luka Boiteau,2006-01-02,111376,US Boulogne Cote d'Opale,17,Ligue 2,,,,
79794,2026-01-01,Amine El Farissi -, Amine El Farissi,1998-11-18,111376,US Boulogne Cote d'Opale,17,Ligue 2,,,,
79795,2026-01-01,Exaucé Mpembele Boula -, Exaucé Mpembele Boula,2002-05-15,111376,US Boulogne Cote d'Opale,17,Ligue 2,,,,
79796,2026-01-01,Christian Kitenge -, Christian Kitenge,2001-08-22,111376,US Boulogne Cote d'Opale,17,Ligue 2,,,,
79797,2026-01-01,Corentin Fatou -, Corentin Fatou,1999-01-17,111376,US Boulogne Cote d'Opale,17,Ligue 2,,,,
79798,2026-01-01,Zanga Koné -, Zanga Koné,2004-11-12,111376,US Boulogne Cote d'Opale,17,Ligue 2,,,,
79800,2026-01-01,Aiden Joshua Harangi -, Aiden Joshua Harangi,2006-02-08,131439,San Diego FC,39,Major League Soccer,,,,
79801,2026-01-01,Ángel Gabriel Aquino Maciel -, Ángel Gabriel Aquino Maciel,2004-07-15,111329,Guaraní,337,División Profesional,,,,
79803,2026-01-01,Jan Matthias Becker -, Jan Matthias Becker,2007-04-12,492,SV Wehen Wiesbaden,2076,3. Liga,,,,
79804,2026-01-01,Georgios Kyriopoulos -,Georgios KyriopoulosΓεώργιος Κυριόπουλος,2004-08-24,1884,Panathinaikos FC,63,Super League,,,,
79805,2026-01-01,Erik Hovden Flataker -, Erik Hovden Flataker,2004-12-26,433,AIK,56,Allsvenskan,,,,
79810,2026-01-01,Mathias Grundetjern -, Mathias Grundetjern,2000-07-25,920,Vålerenga Fotball,41,Eliteserien,,,,
79811,2026-01-01,Dorian Junior -, Dorian Junior Hanza Meha,2001-05-12,1443,Viborg FF,1,Superliga,,,,
79812,2026-01-01,Nicolás Ernestro Hernández Pinilla -, Nicolás Ernestro Hernández Pinilla,2004-10-02,112992,Atlético Bucaramanga,336,Categoría Primera A,,,,
79813,2026-01-01,Giannis Bokos -,Giannis BokosΓιάννης Μπόκος,2007-02-03,1884,Panathinaikos FC,63,Super League,,,,
79814,2026-01-01,Tyrique Christopher Mercera -, Tyrique Christopher Mercera,2003-12-19,1915,FC Groningen,10,Eredivisie,,,,
79815,2026-01-01,Joel Vega Zambrano -, Joel Vega Zambrano,2004-09-10,10030,SC Paderborn 07,20,2. Bundesliga,,,,
79816,2026-01-01,Ruben Müller -, Ruben Müller,2005-08-24,10030,SC Paderborn 07,20,2. Bundesliga,,,,
79817,2026-01-01,Florent Hajdini -, Florent Hajdini,2006-09-02,111822,Wolfsberger AC,80,Bundesliga,,,,
79818,2026-01-01,Krzysztof Jerzy Koton -, Krzysztof Jerzy Koton,2003-05-17,537,FCV Dender EH,4,Pro League,,,,
79820,2026-01-01,Abdoul Karim Traoré -, Abdoul Karim Traoré,2007-01-12,100087,Oud-Heverlee Leuven,4,Pro League,,,,
79821,2026-01-01,Juan Cruz Meza -, Juan Cruz Meza,2008-03-14,1876,River Plate,353,Liga Profesional de Fútbol,,,,
79822,2026-01-01,Key-Shawn Wong-A-Soij -, Key-Shawn Wong-A-Soij,2006-10-01,645,FC Volendam,10,Eredivisie,,,,
79823,2026-01-01,Ayoni Santos -, Ayoni Santos,2005-07-18,100646,Sparta Rotterdam,10,Eredivisie,,,,
79824,2026-01-01,Ivan Mandić -, Ivan Mandić,2003-03-10,114510,Casa Pia,308,Primeira Liga,,,,
79826,2026-01-01,Rafael Ștefan Munteanu -, Rafael Ștefan Munteanu,2006-03-01,110075,FCV Farul Constanța,330,Liga I,,,,
79828,2026-01-01,Ibrahima Makaya Diaby -, Ibrahima Makaya Diaby,2007-03-17,1750,Cercle Brugge KSV,4,Pro League,,,,
79830,2026-01-01,Mateusz Głowiński -, Mateusz Głowiński,2006-01-12,111083,Korona Kielce,66,Ekstraklasa,,,,
79831,2026-01-01,Kacper Minuczyc -, Kacper Minuczyc,2008-04-22,111083,Korona Kielce,66,Ekstraklasa,,,,
79832,2026-01-01,Franciszek Lewandowski -, Franciszek Lewandowski,2008-05-23,111097,Motor Lublin,66,Ekstraklasa,,,,
79835,2026-01-01,Dinis Rodrigues -, José Dinis Pinto de Magalhães Rodrigues,2005-07-14,110770,FC Sion,189,Super League,,,,
79836,2026-01-01,Marcel Predenkiewicz -, Marcel Predenkiewicz,2004-04-06,111082,Arka Gdynia,66,Ekstraklasa,,,,
79837,2026-01-01,Valy Konaté -, Valy Konaté,2006-11-14,1750,Cercle Brugge KSV,4,Pro League,,,,
79840,2026-01-01,Nykolas Sessock -, Nykolas Sessock,2000-06-17,112885,Atlanta United,39,Major League Soccer,,,,
79842,2026-01-01,Mohammed Bassim Ahmed Rashid -,Mohammed Bassim Ahmed Rashidمحمد باسم,1995-07-03,111629,East Bengal FC,2149,Super League,,,,
79851,2026-01-01,Ronney Willson Kharbudon -, Ronney Willson Kharbudon,2003-03-02,113298,FC Goa,2149,Super League,,,,
79852,2026-01-01,Hjalte Boe Kling Rasmussen -, Hjalte Boe Kling Rasmussen,2007-10-15,1788,FC Nordsjælland,1,Superliga,,,,
79859,2026-01-01,Abdoulaye Kolev Camara -, Abdoulaye Kolev Camara,2006-12-21,822,Vejle Boldklub,1,Superliga,,,,
79862,2026-01-01,Tobias Lykkebak -, Tobias Lykkebak,2006-07-15,822,Vejle Boldklub,1,Superliga,,,,
79866,2026-01-01,Joshua Torquato -, Joshua Torquato,2007-07-24,695,FC Dallas,39,Major League Soccer,,,,
79867,2026-01-01,Samuel Sarver -, Samuel Sarver,2003-03-03,695,FC Dallas,39,Major League Soccer,,,,
79868,2026-01-01,Nigel Ogidi Nwankwo -, Nigel Ogidi Nwankwo,1998-08-04,100638,Telstar,10,Eredivisie,,,,
79872,2026-01-01,Octavio Alfonso -, Octavio Alfonso,2005-12-18,111329,Guaraní,337,División Profesional,,,,
79878,2026-01-01,Ethan O'Brien -, Ethan O'Brien,2001-01-24,1572,Drogheda United,65,Premier Division,,,,
79881,2026-01-01,Eric Klein -, Eric Klein,2006-11-20,691,New England Revolution,39,Major League Soccer,,,,
79886,2026-01-01,Seymour Garfield-Reid -, Seymour Garfield-Reid,2008-03-04,112828,New York City FC,39,Major League Soccer,,,,
79888,2026-01-01,Andy Emanuel Rojas Maroto -, Andy Emanuel Rojas Maroto,2005-12-05,689,New York Red Bulls,39,Major League Soccer,,,,
79895,2026-01-01,Gage Guerra -, Gage Guerra,2002-12-21,111140,Portland Timbers,39,Major League Soccer,,,,
79897,2026-01-01,Brendan McSorley -, Brendan McSorley,2002-02-01,113018,St. Louis CITY SC,39,Major League Soccer,,,,
79900,2026-01-01,Malik Henry -, Malik Henry,2002-07-23,111651,Toronto FC,39,Major League Soccer,,,,
79903,2026-01-01,Rayan Elloumi -,Rayan Elloumiريان اللومي,2007-09-17,101112,Vancouver Whitecaps FC,39,Major League Soccer,,,,
79908,2026-01-01,Davy Jean Carl Kamon Gui -, Davy Jean Carl Kamon Gui,2006-06-15,717,Alverca,308,Primeira Liga,,,,
79909,2026-01-01,Cédric Jean-Luc Nuozzi -, Cédric Jean-Luc Nuozzi,2006-01-30,717,Alverca,308,Primeira Liga,,,,
79910,2026-01-01,Tiago Leite -, Tiago Rafael Fernandes Leite,2000-07-31,717,Alverca,308,Primeira Liga,,,,
79911,2026-01-01,Felipe Lima -, Felipe de Almeida Lima,2006-04-17,717,Alverca,308,Primeira Liga,,,,
79912,2026-01-01,Ikker Julian de La Caridad Caldeira dos Santos -, Ikker Julian de La Caridad Caldeira dos Santos,2005-07-07,717,Alverca,308,Primeira Liga,,,,
79913,2026-01-01,Alex Amorim -, Alexsandro Amorim de Freitas Filho,2005-05-18,717,Alverca,308,Primeira Liga,,,,
79914,2026-01-01,Martin Andreas Bakkenget -, Martin Andreas Bakkenget,2008-01-28,112199,Sarpsborg 08 FF,41,Eliteserien,,,,
79915,2026-01-01,Geovane Meurer -, Geovane Santana Meurer,2002-05-25,100135,APOEL FC,318,1. Division,,,,
79916,2026-01-01,Christos Kosidis -,Christos KosidisΧρήστος Κοσίδης,2005-02-28,278,AEK Athens,63,Super League,,,,
79917,2026-01-01,Enrique Marlon Aguilar -, Enrique Marlon Aguilar,2007-01-27,191,FC Red Bull Salzburg,80,Bundesliga,,,,
79918,2026-01-01,Jannik Schuster -, Jannik Schuster,2006-05-16,191,FC Red Bull Salzburg,80,Bundesliga,,,,
79919,2026-01-01,Lorenzo Villa -, Lorenzo Villa,2003-07-26,110912,Calcio Padova,32,Serie B,,,,
79920,2026-01-01,Dominik Weixelbraun -, Dominik Weixelbraun,2003-12-17,254,SK Rapid,80,Bundesliga,,,,
79922,2026-01-01,Ármin Pécsi -, Ármin Pécsi,2005-02-24,9,Liverpool,13,Premier League,,,,
79923,2026-01-01,Krisztián Keresztes -, Krisztián Keresztes,2000-01-04,181,Dundee United FC,50,Premiership,,,,
79924,2026-01-01,Valentin Oelz -, Valentin Oelz,2005-04-24,110720,Blau-Weiß Linz,80,Bundesliga,,,,
79926,2026-01-01,Felix Gerstmayer -, Felix Gerstmayer,2004-05-24,110720,Blau-Weiß Linz,80,Bundesliga,,,,
79927,2026-01-01,Dario Felix Naamo -, Dario Felix Naamo,2005-05-14,181,Dundee United FC,50,Premiership,,,,
79929,2026-01-01,Alexandre Bi Zaouai -, Alexandre Bi Zaouai,2005-04-01,58,Sporting Club Bastia,17,Ligue 2,,,,
79930,2026-01-01,Art Smakaj -, Art Smakaj,2003-02-04,252,LASK Linz,80,Bundesliga,,,,
79931,2026-01-01,Alexander Hofleitner -, Alexander Hofleitner,2000-05-03,2015,Grazer AK 1902,80,Bundesliga,,,,
79932,2026-01-01,Darius Achitei -, Darius Achitei,2008-08-01,2015,Grazer AK 1902,80,Bundesliga,,,,
79933,2026-01-01,Daniel Antosch -, Daniel Antosch,2000-03-07,15009,SC Rheindorf Altach,80,Bundesliga,,,,
79934,2026-01-01,Yann Massombo Litawumba -, Yann Massombo Litawumba,2000-02-12,15009,SC Rheindorf Altach,80,Bundesliga,,,,
79935,2026-01-01,Sami Jalal Karchoud -, Sami Jalal Karchoud,2004-08-08,1443,Viborg FF,1,Superliga,,,,
79936,2026-01-01,Leon McCann -, Leon McCann,2000-03-16,79,Falkirk,50,Premiership,,,,
79938,2026-01-01,Keelan Adams -, Keelan Adams,2001-11-13,79,Falkirk,50,Premiership,,,,
79940,2026-01-01,Nevio Zotz -, Nevio Zotz,2007-07-03,780,SV Ried,80,Bundesliga,,,,
79941,2026-01-01,Ekain Azkune -, Ekain Azkune Astarloza,2001-01-26,780,SV Ried,80,Bundesliga,,,,
79942,2026-01-01,Peter Kiedl -, Peter Kiedl,2004-01-13,780,SV Ried,80,Bundesliga,,,,
79943,2026-01-01,Loiange Delphin Ondoa Belinga -, Loiange Delphin Ondoa Belinga,2005-04-11,780,SV Ried,80,Bundesliga,,,,
79944,2026-01-01,Conrad Scholl -, Conrad Scholl,2007-07-27,780,SV Ried,80,Bundesliga,,,,
79945,2026-01-01,Nermin Mešić -, Nermin Mešić,2006-01-23,780,SV Ried,80,Bundesliga,,,,
79948,2026-01-01,Tomáš Ladra -, Tomáš Ladra,1997-04-24,110468,Viktoria Plzeň,319,První liga,,,,
79949,2026-01-01,Thomas Lang -, Thomas Lang,1997-06-12,79,Falkirk,50,Premiership,,,,
79950,2026-01-01,Mihail Polendakov -,Mihail PolendakovМихаил Йорданов Полендаков,2007-06-05,1794,Sheffield United,14,Championship,,,,
79951,2026-01-01,Nicky William Hogarth -, Nicky William Hogarth,2001-07-04,79,Falkirk,50,Premiership,,,,
79956,2026-01-01,Simon Fynbo Stüker -, Simon Fynbo Stüker,2007-04-23,270,Silkeborg IF,1,Superliga,,,,
79957,2026-01-01,Mikkel Øxenberg-Mogensen -, Mikkel Øxenberg-Mogensen,2007-01-25,270,Silkeborg IF,1,Superliga,,,,
79959,2026-01-01,Serxho Ujka -, Serxho Ujka,1998-08-27,15005,SV Zulte Waregem,4,Pro League,,,,
79960,2026-01-01,Peng Shunjie -,Peng Shunjie彭顺杰,2007-07-03,132305,Dalian Yingbo,2012,Super League,,,,
79961,2026-01-01,Wang Kang -,Wang Kang王康,2006-05-05,116361,Wuhan Three Towns,2012,Super League,,,,
79962,2026-01-01,Qi Qiancheng -,Qi Qiancheng齐千程,2006-04-05,111724,Shandong Taishan,2012,Super League,,,,
79963,2026-01-01,Peng Yixiang -,Peng Yixiang彭逸翔,2005-05-27,111724,Shandong Taishan,2012,Super League,,,,
79965,2026-01-01,Wang Haobin -,Wang Haobin王昊斌,2006-08-11,111724,Shandong Taishan,2012,Super League,,,,
79966,2026-01-01,Liu Qiwei -,Liu Qiwei刘骐玮,2005-12-21,111724,Shandong Taishan,2012,Super League,,,,
79967,2026-01-01,Wu Fei -,Wu Fei吴非,2003-05-01,111779,Henan FC,2012,Super League,,,,
79968,2026-01-01,Hamed Karamoko Dramé -, Hamed Karamoko Dramé,2001-06-13,718,Estrela da Amadora,308,Primeira Liga,,,,
79970,2026-01-01,Miguel Figueira -, Miguel Figueira Damasceno,2000-04-22,111629,East Bengal FC,2149,Super League,,,,
79971,2026-01-01,Kazunari Kita -,Kazunari Kita喜多 壱也,2005-09-16,110711,Real Sociedad de Fútbol B,54,La Liga 2,,,,
79972,2026-01-01,Gabriele Parlanti -, Gabriele Parlanti,2004-01-28,112493,Carrarese,32,Serie B,,,,
79974,2026-01-01,Wang Jinglei -,Wang Jinglei王晶磊,2007-03-20,112540,Shanghai Port,2012,Super League,,,,
79976,2026-01-01,Luan Hao -,Luan Hao栾昊,2005-06-01,131488,Qingdao West Coast FC,2012,Super League,,,,
79978,2026-01-01,Qi Bingyu -,Qi Bingyu戚秉宇,2005-03-06,131488,Qingdao West Coast FC,2012,Super League,,,,
79979,2026-01-01,Eric Topór -, Eric Topór,2005-02-12,112510,Bruk-Bet Termalica Nieciecza,66,Ekstraklasa,,,,
79980,2026-01-01,Moris Valinčić -, Moris Valinčić,2002-11-17,211,Dinamo Zagreb,317,Hrvatska nogometna liga,,,,
79981,2026-01-01,Mateo Lisica -, Mateo Lisica,2003-07-09,211,Dinamo Zagreb,317,Hrvatska nogometna liga,,,,
79983,2026-01-01,Fang Haiyang -,Fang Haiyang方海洋,2006-05-20,131488,Qingdao West Coast FC,2012,Super League,,,,
79984,2026-01-01,Wu Zhicheng -,Wu Zhicheng武之程,2007-09-15,111769,Changchun Yatai,2012,Super League,,,,
79985,2026-01-01,Peng Haochen -,Peng Haochen彭浩宸,2005-03-09,116360,Chengdu Rongcheng,2012,Super League,,,,
79986,2026-01-01,Yan Yihan -,Yan Yihan闫奕涵,2006-04-25,132305,Dalian Yingbo,2012,Super League,,,,
79987,2026-01-01,Wen Zhanlin -,Wen Zhanlin温展霖,2008-07-28,114628,Meizhou Hakka,2012,Super League,,,,
79988,2026-01-01,Alex Jojo -,Christian Alexander Jojo亞歷斯祖,1999-02-11,112540,Shanghai Port,2012,Super League,,,,
79990,2026-01-01,Wu Qipeng -,Wu Qipeng吴启鹏,2007-02-28,110955,Shanghai Shenhua,2012,Super League,,,,
79991,2026-01-01,Karel Spáčil -, Karel Spáčil,2003-05-18,110468,Viktoria Plzeň,319,První liga,,,,
79992,2026-01-01,Zhu Wenchuan -,Zhu Wenchuan朱文传,2005-08-22,116361,Wuhan Three Towns,2012,Super League,,,,
79993,2026-01-01,Zikrulla Memetimin -,Zikrulla Memetimin则科如拉·麦麦提依明,2004-04-27,116361,Wuhan Three Towns,2012,Super League,,,,
79995,2026-01-01,Zhang Aihui -,Zhang Aihui张瑷晖,2005-05-27,112163,Zhejiang FC,2012,Super League,,,,
79996,2026-01-01,Wang Junjie -,Wang Junjie王俊杰,2005-08-09,112163,Zhejiang FC,2012,Super League,,,,
79999,2026-01-01,Andrés Campos -, Andrés Campos Bautista,2002-05-14,100888,CD Leganés,54,La Liga 2,,,,
80000,2026-01-01,Jo Jin Ho -,Jin-ho Jo조진호,2003-07-10,101033,Konyaspor,68,Süper Lig,,,,
80001,2026-01-01,Serhat Öztaşdelen -, Serhat Öztaşdelen,2004-12-09,101032,Kocaelispor,68,Süper Lig,,,,
80003,2026-01-01,Adama Dramé -, Adama Dramé,2005-01-05,111822,Wolfsberger AC,80,Bundesliga,,,,
80004,2026-01-01,Viktor Damjanić -, Viktor Damjanić,2005-11-03,100087,Oud-Heverlee Leuven,4,Pro League,,,,
80005,2026-01-01,Laro Gómez -, Laro Gómez Rodriguez,2006-10-17,456,Racing Santander,54,La Liga 2,,,,
80006,2026-01-01,Matías Ignacio Pérez Sepúlveda -, Matías Ignacio Pérez Sepúlveda,2005-04-13,347,Lecce,31,Serie A,,,,
80008,2026-01-01,Mathaeus Andrew Roberts -, Mathaeus Andrew Roberts,2004-11-30,361,Stevenage,60,League One,,,,
80009,2026-01-01,Luca Giossa Rosano -, Luca Giossa Rosano,2000-05-24,131795,San Antonio Bulo Bulo,2017,División de Fútbol Profesional,,,,
80010,2026-01-01,Šime Gržan -, Šime Gržan,1994-04-06,114604,Macarthur FC,351,A-League Men,,,,
80012,2026-01-01,Diego Michel -, Diego Michel,1997-10-16,110532,SV Waldhof Mannheim,2076,3. Liga,,,,
80016,2026-01-01,Charlie Ethan Lutz -, Charlie Ethan Lutz,2004-10-15,422,Cork City,65,Premier Division,,,,
80017,2026-01-01,Dara McGuinness -, Dara McGuinness,2004-02-12,1571,Galway United,65,Premier Division,,,,
80018,2026-01-01,Juan David Obando González -, Juan David Obando González,2006-12-09,101100,Atlético Nacional,336,Categoría Primera A,,,,
80019,2026-01-01,Kauan Gomes -, Kauan de Souza Gomes,2005-04-26,717,Alverca,308,Primeira Liga,,,,
80020,2026-01-01,Mouhamed Lamine N'Diaye -, Mouhamed Lamine N'Diaye,2005-07-16,717,Alverca,308,Primeira Liga,,,,
80021,2026-01-01,Naves -, Kaiky Marques Naves,2002-05-08,717,Alverca,308,Primeira Liga,,,,
80022,2026-01-01,Abderrahmane Soumare -, Abderrahmane Soumare,2006-11-11,717,Alverca,308,Primeira Liga,,,,
80023,2026-01-01,Agustín Nahuel Moreira Morales -, Agustín Nahuel Moreira Morales,2001-05-28,1888,Gil Vicente FC,308,Primeira Liga,,,,
80024,2026-01-01,Paulo Vitor -, Paulo Vitor Leal Sousa Lima,2001-07-19,131463,AVS Futebol SAD,308,Primeira Liga,,,,
80025,2026-01-01,Oumar Camara -, Oumar Camara,2007-05-11,1887,Vitória SC,308,Primeira Liga,,,,
80026,2026-01-01,Matija Mitrović -,Matija MitrovićМатија Митровић,2004-12-12,1887,Vitória SC,308,Primeira Liga,,,,
80027,2026-01-01,Julian Francis Kwaaitaal -, Julian Francis Kwaaitaal,2005-05-22,111393,Adelaide United,351,A-League Men,,,,
80029,2026-01-01,Rio Hillen -, Rio Hillen,2003-03-05,1904,NAC Breda,10,Eredivisie,,,,
80030,2026-01-01,Stan Henderikx -, Stan Henderikx,2003-07-08,1971,Excelsior,10,Eredivisie,,,,
80031,2026-01-01,Hatim Es-Saoubi -,Hatim Es-Saoubiحاتم الصوابي,2000-12-13,674,KAA Gent,4,Pro League,,,,
80032,2026-01-01,Amine Ouahabi -,Amine Ouahabiأمين الوهابي,2008-07-04,110724,KV Mechelen,4,Pro League,,,,
80034,2026-01-01,Halil Özdemir -, Halil Özdemir,2005-08-18,110724,KV Mechelen,4,Pro League,,,,
80035,2026-01-01,Jonathan Italeng Ngock -, Jonathan Italeng Ngock,2001-01-18,112494,Südtirol,32,Serie B,,,,
80043,2026-01-01,Álex Maizon Rodríguez González -, Álex Maizon Rodríguez González,2003-05-22,111716,Club Atlético Unión,353,Liga Profesional de Fútbol,,,,
80044,2026-01-01,Dillon Charles Kojo Addai -, Dillon Charles Kojo Addai,2005-03-15,112764,Bromley,61,League Two,,,,
80045,2026-01-01,Radosław Dominik Żelezny -, Radosław Dominik Żelezny,2006-09-06,52,Roma,31,Serie A,,,,
80047,2026-01-01,Konstantinos Giannakou -,Konstantinos GiannakouΚωνσταντίνος Γιαννακού,2005-04-25,100135,APOEL FC,318,1. Division,,,,
80048,2026-01-01,Makai Jaydan William Bond Welch -, Makai Jaydan William Bond Welch,2005-10-04,1958,Leyton Orient,60,League One,,,,
80057,2026-01-01,Manley Clerveaux -, Manley Clerveaux,2006-05-08,110980,Colo-Colo,335,Primera Division,,,,
80058,2026-01-01,Isaac Sinclair -, Isaac Sinclair,2001-07-26,110313,Accrington Stanley,61,League Two,,,,
80060,2026-01-01,Finlay James Tunstall -, Finlay James Tunstall,2007-02-26,110313,Accrington Stanley,61,League Two,,,,
80062,2026-01-01,Jake Tom Tabor -, Jake Tom Tabor,2002-08-26,1934,Swindon Town,61,League Two,,,,
80063,2026-01-01,Djibril Coulibaly -, Djibril Coulibaly,2008-11-18,72,OGC Nice,16,Ligue 1,,,,
80064,2026-01-01,Louis Siliadin -, Louis Siliadin,2001-10-21,111376,US Boulogne Cote d'Opale,17,Ligue 2,,,,
80065,2026-01-01,Joffrey Bultel -, Joffrey Bultel,2000-03-14,111376,US Boulogne Cote d'Opale,17,Ligue 2,,,,
80066,2026-01-01,Souleymane Keita -, Souleymane Keita,2005-12-23,111376,US Boulogne Cote d'Opale,17,Ligue 2,,,,
80067,2026-01-01,Khalis Merah -, Khalis Merah,2007-02-24,66,Olympique Lyonnais,16,Ligue 1,,,,
80068,2026-01-01,Andrei Bogdan Dinu -, Andrei Bogdan Dinu,2008-03-10,100759,FC Argeș,330,Liga I,,,,
80070,2026-01-01,Luigi Palomba -, Luigi Palomba,2003-04-17,113147,Virtus Entella,32,Serie B,,,,
80071,2026-01-01,Andrea Nabi Bottaro -, Andrea Nabi Bottaro,2007-04-07,113147,Virtus Entella,32,Serie B,,,,
80072,2026-01-01,Ernesto Matteazzi -, Ernesto Matteazzi,2005-01-11,113147,Virtus Entella,32,Serie B,,,,
80073,2026-01-01,Denis Višinský -, Denis Višinský,2003-03-21,110468,Viktoria Plzeň,319,První liga,,,,
80074,2026-01-01,Gastón Alejo Bouhier -, Gastón Alejo Bouhier,2008-01-01,111019,Argentinos Juniors,353,Liga Profesional de Fútbol,,,,
80075,2026-01-01,Mattia Mannini -, Mattia Mannini,2006-07-08,112124,SS Juve Stabia,32,Serie B,,,,
80076,2026-01-01,Filippo Reale -, Filippo Reale,2006-02-24,112124,SS Juve Stabia,32,Serie B,,,,
80079,2026-01-01,Erik Freij -, Erik Freij,2006-03-25,112126,IFK Värnamo,56,Allsvenskan,,,,
80080,2026-01-01,Sabah Kerjota -, Sabah Kerjota,2001-08-14,80,Hearts,50,Premiership,,,,
80081,2026-01-01,Håvard Vatland Karlsen -, Håvard Vatland Karlsen,2002-03-29,1463,FK Haugesund,41,Eliteserien,,,,
80082,2026-01-01,Jalmaro Tyreese Calvin -, Jalmaro Tyreese Calvin,2003-06-30,100805,St. Mirren,50,Premiership,,,,
80084,2026-01-01,Almenara -, Gonzalo Francisco Almenara Hernández,1997-05-15,1894,AD Ceuta FC,54,La Liga 2,,,,
80085,2026-01-01,Leonardo Graziani -, Leonardo Graziani,2005-05-21,200,Pescara,32,Serie B,,,,
80086,2026-01-01,Martín Adolfo García -, Martín Adolfo García,2005-08-06,111707,CA Aldosivi,353,Liga Profesional de Fútbol,,,,
80089,2026-01-01,Cristian Sima -, Cristian Sima,2007-01-06,110075,FCV Farul Constanța,330,Liga I,,,,
80090,2026-01-01,Facundo Sebastián De La Vega -, Facundo Sebastián De La Vega,2003-04-15,111707,CA Aldosivi,353,Liga Profesional de Fútbol,,,,
80091,2026-01-01,Awad Abdu Dahal -,Awad Abdu Dahalعواد عبده دهل,2005-02-23,112096,Al Ettifaq,350,Pro League,,,,
80092,2026-01-01,Piotr Pietryga -, Piotr Pietryga,2002-10-25,420,Górnik Zabrze,66,Ekstraklasa,,,,
80094,2026-01-01,Taisei Abe -,Taisei Abe安部 大晴,2004-06-07,897,FC Luzern,189,Super League,,,,
80096,2026-01-01,Joyeux Masanka Bungi -, Joyeux Masanka Bungi,2007-01-24,112172,RB Leipzig,19,Bundesliga,,,,
80098,2026-01-01,Tiziano Perrotta -, Tiziano Perrotta,2006-11-25,110404,CA Banfield,353,Liga Profesional de Fútbol,,,,
80110,2026-01-01,Alejo Navarro -, Alejo Navarro,2006-08-16,110396,Newell's Old Boys,353,Liga Profesional de Fútbol,,,,
80111,2026-01-01,Dorian Paloschi -, Dorian Paloschi,2005-11-21,322,Grasshopper Club Zürich,189,Super League,,,,
80112,2026-01-01,Alan Fabricio Ledesma Velázquez -, Alan Fabricio Ledesma Velázquez,2008-09-04,101108,Club Olimpia,337,División Profesional,,,,
80113,2026-01-01,Jakes Gorosabel -, Jakes Gorosabel Añorga,2004-06-29,110711,Real Sociedad de Fútbol B,54,La Liga 2,,,,
80114,2026-01-01,Facundo Gulli -, Facundo Gulli,2005-09-25,1013,San Lorenzo de Almagro,353,Liga Profesional de Fútbol,,,,
80117,2026-01-01,Facundo Ezequiel Insfrán Lirussi -, Facundo Ezequiel Insfrán Lirussi,2006-05-04,101108,Club Olimpia,337,División Profesional,,,,
80123,2026-01-01,Matías Arias -, Matías Arias,2007-05-08,101088,Vélez Sarsfield,353,Liga Profesional de Fútbol,,,,
80125,2026-01-01,Ryan Oluwatobi Adewusi -, Ryan Oluwatobi Adewusi,2005-02-04,537,FCV Dender EH,4,Pro League,,,,
80126,2026-01-01,Mohammed Jamel El Âdfaoui -, Mohammed Jamel El Âdfaoui,2008-02-28,674,KAA Gent,4,Pro League,,,,
80127,2026-01-01,Dilan Godoy -, Dilan Godoy,2006-02-05,101088,Vélez Sarsfield,353,Liga Profesional de Fútbol,,,,
80128,2026-01-01,Ian Struyf -, Ian Struyf,2007-08-22,110724,KV Mechelen,4,Pro League,,,,
80133,2026-01-01,Chen Zhexuan -,Chen Zhexuan陈哲宣,2003-09-24,111774,Tianjin Jinmen Tiger,2012,Super League,,,,
80134,2026-01-01,Wang Pengbo -,Wang Pengbo王鹏博,2004-03-22,131531,Yunnan Yukun,2012,Super League,,,,
80135,2026-01-01,Phil Croker -, Phil Croker,2006-10-09,121,Crewe Alexandra,61,League Two,,,,
80136,2026-01-01,Mathis Clairicia -, Mathis Clairicia,2002-08-30,160,VfL Bochum 1848,20,2. Bundesliga,,,,
80138,2026-01-01,Lucas Ferreira -, Lucas Manuel Silva Ferreira,2006-11-25,897,FC Luzern,189,Super League,,,,
80139,2026-01-01,Mio Zimmermann -, Mio Zimmermann,2007-08-08,897,FC Luzern,189,Super League,,,,
80140,2026-01-01,Janis Widmer -, Janis Widmer,2007-07-13,898,FC St. Gallen 1879,189,Super League,,,,
80141,2026-01-01,Enoch Owusu -, Enoch Owusu,2005-01-08,898,FC St. Gallen 1879,189,Super League,,,,
80142,2026-01-01,Tibault Citherlet -, Tibault Citherlet,2005-03-05,1713,FC Winterthur,189,Super League,,,,
80143,2026-01-01,Julius Holder -, Julius Holder,2005-03-24,1713,FC Winterthur,189,Super League,,,,
80144,2026-01-01,Gian Stork -, Gian Stork,2007-03-12,894,FC Zürich,189,Super League,,,,
80145,2026-01-01,Loris Giandomenico -, Loris Giandomenico,2005-09-28,322,Grasshopper Club Zürich,189,Super League,,,,
80146,2026-01-01,Joeri Jesse Heerkens -, Joeri Jesse Heerkens,2006-05-08,245,Ajax,10,Eredivisie,,,,
80147,2026-01-01,Jaygo van Ommeren -, Jaygo van Ommeren,2008-05-08,1903,FC Utrecht,10,Eredivisie,,,,
80148,2026-01-01,Jerolldino Bergraaf -, Jerolldino Bergraaf,2006-07-05,1971,Excelsior,10,Eredivisie,,,,
80149,2026-01-01,Tijmen Holla -, Tijmen Holla,2006-07-25,1971,Excelsior,10,Eredivisie,,,,
80150,2026-01-01,Nolan Martens -, Nolan Martens,2004-07-07,1971,Excelsior,10,Eredivisie,,,,
80151,2026-01-01,Nesto Groen -, Nesto Groen,2004-07-22,1971,Excelsior,10,Eredivisie,,,,
80152,2026-01-01,Michał Willmann -, Michał Willmann,2004-07-22,100852,CD Castellón,54,La Liga 2,,,,
80153,2026-01-01,Yefrei Stiven Rodríguez Sinisterra -, Yefrei Stiven Rodríguez Sinisterra,2005-05-11,112516,CD Tondela,308,Primeira Liga,,,,
80154,2026-01-01,Umar Abubakar -, Umar Abubakar,2006-02-15,112809,Famalicão,308,Primeira Liga,,,,
80155,2026-01-01,Renan Santana -, Renan Cunha Macedo Santana,2005-03-13,112809,Famalicão,308,Primeira Liga,,,,
80156,2026-01-01,Ruggero Frosinini -, Ruggero Frosinini,2001-02-16,110908,Catanzaro,32,Serie B,,,,
80157,2026-01-01,Bruno Verrengia -, Bruno Verrengia,2003-09-22,110908,Catanzaro,32,Serie B,,,,
80158,2026-01-01,Kim Jee Won -,Jee-won Kim김지원,2004-02-12,982,FC Seoul,83,K League 1,,,,
80160,2026-01-01,Michael Francis Simões Cardo -, Michael Francis Simões Cardo,2003-11-16,1572,Drogheda United,65,Premier Division,,,,
80161,2026-01-01,Max Pfister -, Max Pfister,2007-04-03,110502,SV Darmstadt 98,20,2. Bundesliga,,,,
80162,2026-01-01,Benedikt Börner -, Benedikt Börner,2006-04-10,110502,SV Darmstadt 98,20,2. Bundesliga,,,,
80163,2026-01-01,Farid Alfa-Ruprecht -, Farid Alfa-Ruprecht,2006-07-27,160,VfL Bochum 1848,20,2. Bundesliga,,,,
80165,2026-01-01,Andrik Markgraf -, Andrik Markgraf,2006-03-07,1831,1. FC Union Berlin,19,Bundesliga,,,,
80166,2026-01-01,Aboubacar Camara -, Aboubacar Camara,2001-01-05,114545,Metaloglobus București,330,Liga I,,,,
80168,2026-01-01,Jordan Harrison -, Jordan Harrison,2002-09-09,112390,Al Fateh,350,Pro League,,,,
80169,2026-01-01,Eldin Lolić -, Eldin Lolić,2004-05-15,111657,Frosinone,32,Serie B,,,,
80170,2026-01-01,Wesley -, Wesley Vinícius França Lima,2003-09-06,52,Roma,31,Serie A,,,,
80172,2026-01-01,Andrea Bozzolan -, Andrea Bozzolan,2004-02-23,110740,Reggiana,32,Serie B,,,,
80175,2026-01-01,Patryk Kukulski -, Patryk Kukulski,2004-07-03,111097,Motor Lublin,66,Ekstraklasa,,,,
80177,2026-01-01,Sambou Camara -, Sambou Camara,2007-04-20,1713,FC Winterthur,189,Super League,,,,
80180,2026-01-01,Park Su Bin -,Su-been Park박수빈,2005-08-27,1474,Pohang Steelers,83,K League 1,,,,
80182,2026-01-01,René Mitongo Muteba -, René Mitongo Muteba,2008-01-18,232,Standard de Liège,4,Pro League,,,,
80183,2026-01-01,Simone Bonetti -, Simone Bonetti,2004-10-25,110740,Reggiana,32,Serie B,,,,
80185,2026-01-01,Owono-Darnell Keumo -, Owono-Darnell Keumo,2007-10-01,160,VfL Bochum 1848,20,2. Bundesliga,,,,
80186,2026-01-01,Ahmet Sivri -, Ahmet Sivri,1999-07-06,111117,Fatih Karagümrük,68,Süper Lig,,,,
80187,2026-01-01,Oumar Conté -, Oumar Conté,2007-01-14,110740,Reggiana,32,Serie B,,,,
80190,2026-01-01,Maruis Tresor Doh -, Maruis Tresor Doh,2003-12-17,111117,Fatih Karagümrük,68,Süper Lig,,,,
80194,2026-01-01,John Xaver Posselt -, John Xaver Posselt,2003-12-31,110678,TSV Havelse,2076,3. Liga,,,,
80196,2026-01-01,Damiano Basili -, Damiano Basili,2004-02-02,110740,Reggiana,32,Serie B,,,,
80197,2026-01-01,Kim Se Hyoung -,Se-hyoung Kim김세형,2007-01-24,1473,Ulsan HD FC,83,K League 1,,,,
80199,2026-01-01,Oskar Tomczyk -, Oskar Tomczyk,2006-01-25,1569,Wisła Płock,66,Ekstraklasa,,,,
80200,2026-01-01,Matteo Guidi -, Matteo Guidi,2003-07-03,110915,Cesena FC,32,Serie B,,,,
80201,2026-01-01,Jasper Maljojoki -, Jasper Maljojoki,2002-06-11,111239,FC Ingolstadt 04,2076,3. Liga,,,,
80203,2026-01-01,Alessandro Nunziante -, Alessandro Nunziante,2007-03-14,55,Udinese,31,Serie A,,,,
80205,2026-01-01,Jokūbas Mažionis -, Jokūbas Mažionis,2006-06-23,1936,Cheltenham Town,61,League Two,,,,
80206,2026-01-01,Mohammed Amine Groune -, Mohammed Amine Groune,1997-09-05,523,1. FC Saarbrücken,2076,3. Liga,,,,
80216,2026-01-01,Ron Raçi -, Ron Raçi,2002-09-18,263,Hajduk Split,317,Hrvatska nogometna liga,,,,
80217,2026-01-01,Ángel Recio -, Ángel Recio Gutiérrez,2003-01-05,573,Málaga CF,54,La Liga 2,,,,
80218,2026-01-01,Cajetan Benjamin Lenz -, Cajetan Benjamin Lenz,2006-06-16,160,VfL Bochum 1848,20,2. Bundesliga,,,,
80219,2026-01-01,Brody Lee -, Brody Lee,2008-07-31,422,Cork City,65,Premier Division,,,,
80222,2026-01-01,Paul Bachmann -, Paul Bachmann,2005-07-19,33,TSV 1860 München,2076,3. Liga,,,,
80224,2026-01-01,Marko Kerkez -,Marko KerkezМарко Керкез,2000-06-26,634,Fortuna Sittard,10,Eredivisie,,,,
80226,2026-01-01,Ozzy Neo Jönsson -, Ozzy Neo Jönsson,2007-01-19,113458,IK Sirius,56,Allsvenskan,,,,
80227,2026-01-01,Egor Vassenin -, Egor Vassenin,2007-10-24,306,Shamrock Rovers,65,Premier Division,,,,
80228,2026-01-01,Praful Kumar Venkatesh -, Praful Kumar Venkatesh,2003-07-01,114168,Jamshedpur FC,2149,Super League,,,,
80229,2026-01-01,William Quentin Harhouz -, William Quentin Harhouz,1999-12-30,1739,Le Mans FC,17,Ligue 2,,,,
80231,2026-01-01,Yannik Wagner -, Yannik Wagner,2007-05-09,111235,1. FC Heidenheim 1846,19,Bundesliga,,,,
80233,2026-01-01,Kieran Wilson -, Kieran Wilson,2007-03-23,143,Exeter City,60,League One,,,,
80234,2026-01-01,Aymerick Nedelec -, Aymerick Nedelec,2007-03-19,115494,FC Annecy,17,Ligue 2,,,,
80235,2026-01-01,Yanis Dahalani -, Yanis Dahalani,2005-02-23,111659,Rodez Aveyron Football,17,Ligue 2,,,,
80236,2026-01-01,Paul Michael Junior Okon-Engstler -, Paul Michael Junior Okon-Engstler,2005-01-24,111400,Sydney FC,351,A-League Men,,,,
80238,2026-01-01,Thiemoko Diarra -, Thiemoko Diarra,2003-04-19,379,Stade de Reims,17,Ligue 2,,,,
80239,2026-01-01,Ethan Clavreul -, Ethan Clavreul,2006-06-29,1814,Stade Lavallois Mayenne FC,17,Ligue 2,,,,
80240,2026-01-01,Mathis N'Tessa -, Mathis N'Tessa,2008-07-28,1814,Stade Lavallois Mayenne FC,17,Ligue 2,,,,
80243,2026-01-01,Jack William Perkins -, Jack William Perkins,2003-10-26,1930,Northampton Town,60,League One,,,,
80245,2026-01-01,Matthew Ireland -, Matthew Ireland,2006-10-30,1930,Northampton Town,60,League One,,,,
80259,2026-01-01,Álvaro Choco -, Álvaro Díez Ruiz,2005-05-01,15012,Cultural Leonesa,54,La Liga 2,,,,
80263,2026-01-01,Blerton Isufi -, Blerton Isufi,2006-02-14,1757,Sandefjord Fotball,41,Eliteserien,,,,
80264,2026-01-01,Alessandro Adriano Crimaldi -, Alessandro Adriano Crimaldi,2007-09-28,160,VfL Bochum 1848,20,2. Bundesliga,,,,
80265,2026-01-01,Jamie Atangana -, Jamie Atangana,2007-11-12,324,Servette FC,189,Super League,,,,
80267,2026-01-01,Marwan Aubert -, Marwan Aubert,2006-02-12,324,Servette FC,189,Super League,,,,
80268,2026-01-01,Julien Astic -, Julien Astic,2005-03-20,1815,Clermont Foot 63,17,Ligue 2,,,,
80269,2026-01-01,Lirim Jashari -, Lirim Jashari,2006-04-21,160,VfL Bochum 1848,20,2. Bundesliga,,,,
80270,2026-01-01,Enzo Cantero -, Enzo Cantero,2005-05-15,1815,Clermont Foot 63,17,Ligue 2,,,,
80272,2026-01-01,Cameron Walters -, Cameron Walters,2006-10-09,1936,Cheltenham Town,61,League Two,,,,
80274,2026-01-01,Thierry Diethelm -, Thierry Diethelm,2006-09-30,1713,FC Winterthur,189,Super League,,,,
80275,2026-01-01,Leandro Leon Maksutaj -, Leandro Leon Maksutaj,2007-06-18,1713,FC Winterthur,189,Super League,,,,
80276,2026-01-01,Hugo García -, Hugo García Jiménez,2005-09-08,467,SD Eibar,54,La Liga 2,,,,
80277,2026-01-01,Sarasketa -, Lucas Sarasketa Unamuno,2006-12-19,467,SD Eibar,54,La Liga 2,,,,
80279,2026-01-01,Adel Amer Al Anzi -,Adel Amer Al Anziعادل عامر العنزي,2005-11-25,115892,Al-Najma SC,350,Pro League,,,,
80280,2026-01-01,Daniel Edward Carter -, Daniel Edward Carter,2007-02-05,1958,Leyton Orient,60,League One,,,,
80281,2026-01-01,Arnaud Dobbels -, Arnaud Dobbels,2005-02-02,15005,SV Zulte Waregem,4,Pro League,,,,
80283,2026-01-01,Giovane -, Giovane Santana do Nascimento,2003-11-24,206,Hellas Verona FC,31,Serie A,,,,
80284,2026-01-01,Oleksandr Safronov -,Oleksandr SafronovСафронов Олександр Олександрович,1999-06-11,131459,Unirea Slobozia,330,Liga I,,,,
80285,2026-01-01,Christoforos Kolimatsis -,Christoforos KolimatsisΧριστόφορος Κολιμάτσης,2006-08-04,278,AEK Athens,63,Super League,,,,
80286,2026-01-01,Omar Pašagić -, Omar Pašagić,1997-10-11,114545,Metaloglobus București,330,Liga I,,,,
80287,2026-01-01,Ahmed Khatir -,Ahmed Khatirأحمد خاطر,2005-03-14,113037,Al Riyadh,350,Pro League,,,,
80289,2026-01-01,Mert Demirci Nijmeijer -, Mert Demirci Nijmeijer,2003-10-23,1786,Randers FC,1,Superliga,,,,
80290,2026-01-01,Yanis da Rocha -, Yanis Franklin da Rocha,2004-05-10,1896,Sporting Clube de Braga,308,Primeira Liga,,,,
80291,2026-01-01,Tidiane Ba Gueye -, Tidiane Ba Gueye,2002-07-12,531,SC Preußen Münster,20,2. Bundesliga,,,,
80292,2026-01-01,Yarlen -, Yarlen Faustino Augusto,2006-02-20,112516,CD Tondela,308,Primeira Liga,,,,
80293,2026-01-01,Rhys Walker -, Rhys Walker,2006-04-29,79,Falkirk,50,Premiership,,,,
80294,2026-01-01,Reece Wilson -, Reece Wilson,2006-11-20,1797,Rotherham United,60,League One,,,,
80295,2026-01-01,Viktor Džodić -,Viktor DžodićВиктор Џодић,2006-11-15,70,Montpellier HSC,17,Ligue 2,,,,
80300,2026-01-01,Moussa Kyabou -, Moussa Kyabou,1998-04-18,101025,Gençlerbirliği SK,68,Süper Lig,,,,
80302,2026-01-01,Ensar Kemaloğlu -, Ensar Kemaloğlu,1998-10-05,101025,Gençlerbirliği SK,68,Süper Lig,,,,
80304,2026-01-01,Abbosbek Fayzullaev -,Abbosbek FayzullaevФайзуллаев Аббосбек Саиджон угли,2003-10-03,101014,Medipol Başakşehir FK,68,Süper Lig,,,,
80305,2026-01-01,Enver Kulašin -, Enver Kulašin,2003-09-11,110776,Gaziantep FK,68,Süper Lig,,,,
80308,2026-01-01,Taycan Kurt -, Taycan Kurt,2008-05-18,485,Hannover 96,20,2. Bundesliga,,,,
80313,2026-01-01,Gonçalo Sobral -, Gonçalo Júnior da Silva Sobral,2006-06-11,234,SL Benfica,308,Primeira Liga,,,,
80314,2026-01-01,Zadok Yohanna -, Zadok Yohanna,2007-06-29,433,AIK,56,Allsvenskan,,,,
80315,2026-01-01,Ignacio Andrés Pérez Gutiérrez -, Ignacio Andrés Pérez Gutiérrez,2006-06-06,110975,Universidad Católica,335,Primera Division,,,,
80316,2026-01-01,Sabri Dahary Kondo -, Sabri Dahary Kondo,2006-07-11,711,BK Häcken,56,Allsvenskan,,,,
80318,2026-01-01,Raul Eliano Marița -, Raul Eliano Marița,2006-09-27,165,SpVgg Greuther Fürth,20,2. Bundesliga,,,,
80319,2026-01-01,Marlon Fries -, Marlon Fries,2004-06-29,165,SpVgg Greuther Fürth,20,2. Bundesliga,,,,
80320,2026-01-01,Fabian Ziegler -, Fabian Ziegler,2001-04-28,543,SSV Jahn Regensburg,2076,3. Liga,,,,
80322,2026-01-01,Abdelsamad Hachem -, Abdelsamad Hachem,2002-06-28,111273,Red Star FC,17,Ligue 2,,,,
80323,2026-01-01,Souleymane Alio -, Souleymane Alio,2006-10-28,1788,FC Nordsjælland,1,Superliga,,,,
80324,2026-01-01,Clemens Astrup -, Clemens Astrup,2006-01-12,822,Vejle Boldklub,1,Superliga,,,,
80325,2026-01-01,Fanuel Ghebreyohannes Yrga-Alem -, Fanuel Ghebreyohannes Yrga-Alem,2006-12-03,2041,Fredrikstad FK,41,Eliteserien,,,,
80326,2026-01-01,Ethan Amundsen-Day -, Ethan Amundsen-Day,2005-05-09,1756,Hamarkameratene,41,Eliteserien,,,,
80328,2026-01-01,Joris Boguo -, Joris Boguo,2007-10-17,780,SV Ried,80,Bundesliga,,,,
80329,2026-01-01,Fate Kotey -, Fate Kotey,2007-04-25,110890,Crawley Town,61,League Two,,,,
80330,2026-01-01,Ruben Butt -, Ruben Butt,2007-08-15,113926,Salford City,61,League Two,,,,
80335,2026-01-01,Abdulwahid Al Nakhli -,Abdulwahid Al Nakhliعبدالواحد علي النخلي,1997-07-01,115892,Al-Najma SC,350,Pro League,,,,
80338,2026-01-01,Mohammed Mansour Mile -,Mohammed Mansour Mileمحمد منصور ملي,2000-03-12,115892,Al-Najma SC,350,Pro League,,,,
80339,2026-01-01,Marko Rajkovačić -, Marko Rajkovačić,1999-12-09,110500,Eintracht Braunschweig,20,2. Bundesliga,,,,
80342,2026-01-01,Gerenabarrena -, Beñat Gerenabarrena Zendoia,2003-03-29,100852,CD Castellón,54,La Liga 2,,,,
80343,2026-01-01,Andrej Bacanin -,Andrej BacaninАндреј Бачанин,2007-03-07,896,FC Basel 1893,189,Super League,,,,
80346,2026-01-01,Noah Le Bret Maboulou -, Noah Le Bret Maboulou,2005-01-16,171,1. FC Nürnberg,20,2. Bundesliga,,,,
80347,2026-01-01,Robson Woodcock -, Robson Woodcock,2007-11-27,1932,Barnsley,60,League One,,,,
80349,2026-01-01,Tobias Toumai Moses Brenan -, Tobias Toumai Moses Brenan,2006-07-16,1917,Wigan Athletic,60,League One,,,,
80350,2026-01-01,Sandro Wyss -, Sandro Wyss,2008-05-03,897,FC Luzern,189,Super League,,,,
80351,2026-01-01,Eus Waayers -, Eus Waayers,2006-04-08,247,PSV,10,Eredivisie,,,,
80352,2026-01-01,Joel van den Berg -, Joel van den Berg,2007-02-11,247,PSV,10,Eredivisie,,,,
80353,2026-01-01,Nicolás Ignacio Suárez Reyes -, Nicolás Ignacio Suárez Reyes,2005-07-31,110980,Colo-Colo,335,Primera Division,,,,
80357,2026-01-01,Adetunji Rasaq Adeshina -, Adetunji Rasaq Adeshina,2004-12-02,252,LASK Linz,80,Bundesliga,,,,
80370,2026-01-01,Lemar Mark Gordon -, Lemar Mark Gordon,2005-11-17,1958,Leyton Orient,60,League One,,,,
80375,2026-01-01,Hamid Ahadad -,Hamid Ahadadحميد أحداد,1994-11-30,111629,East Bengal FC,2149,Super League,,,,
80376,2026-01-01,Rio Bass Ray Ngumoha Adigun -, Rio Bass Ray Ngumoha Adigun,2008-08-29,9,Liverpool,13,Premier League,,,,
80377,2026-01-01,Tómas Bent Magnússon -, Tómas Bent Magnússon,2002-08-14,80,Hearts,50,Premiership,,,,
80378,2026-01-01,Moussa Gbemou -, Moussa Gbemou,2007-09-09,634,Fortuna Sittard,10,Eredivisie,,,,
80379,2026-01-01,Leon Švitek -, Leon Švitek,2007-09-01,110678,TSV Havelse,2076,3. Liga,,,,
80380,2026-01-01,Branimir Mlačić -, Branimir Mlačić,2007-03-12,263,Hajduk Split,317,Hrvatska nogometna liga,,,,
80381,2026-01-01,Vyacheslav Surkis -,Vyacheslav SurkisСуркіс Вячеслав Григорійович,2006-02-27,101047,Dynamo Kyiv,332,Premier League,,,,
80383,2026-01-01,Kaito Matsuzawa -,Kaito Matsuzawa松澤 海斗,2001-02-05,680,Sint-Truidense VV,4,Pro League,,,,
80384,2026-01-01,Cardoso Pinto Mandume Varela -, Cardoso Pinto Mandume Varela,2008-10-29,211,Dinamo Zagreb,317,Hrvatska nogometna liga,,,,
80386,2026-01-01,Rodrigo Mendes -, Rodrigo Miguel Azevedo Mendes,2005-04-02,1438,Santa Clara,308,Primeira Liga,,,,
80388,2026-01-01,Dani González -, Daniel Frutos González-Birchall,2007-05-23,1934,Swindon Town,61,League Two,,,,
80389,2026-01-01,Antony Robert McCormick -, Antony Robert McCormick,2007-04-30,1934,Swindon Town,61,League Two,,,,
80392,2026-01-01,Dilhan Demir -, Dilhan Demir,2003-06-28,101025,Gençlerbirliği SK,68,Süper Lig,,,,
80393,2026-01-01,Bop Guèye -, Bop Guèye,2007-03-06,112199,Sarpsborg 08 FF,41,Eliteserien,,,,
80402,2026-01-01,Nasser Al Haleel -,Nasser Al Haleelناصر عبد الله الهليل,2000-02-06,115892,Al-Najma SC,350,Pro League,,,,
80405,2026-01-01,Marino Skelin -, Marino Skelin,2006-09-18,263,Hajduk Split,317,Hrvatska nogometna liga,,,,
80407,2026-01-01,Joseph Liteta -, Joseph Liteta,2006-02-22,1842,Cagliari,31,Serie A,,,,
80411,2026-01-01,Deivid Stiven Muhlethaler Méndez -, Deivid Stiven Muhlethaler Méndez,2006-01-31,101110,Peñarol,338,Primera División,,,,
80412,2026-01-01,Joshua Alan Powell -, Joshua Alan Powell,2005-01-09,1935,Colchester United,61,League Two,,,,
80421,2026-01-01,Liam Selin -, Liam Selin,2006-03-13,1516,FC Midtjylland,1,Superliga,,,,
80428,2026-01-01,Robert Junior Nkeng -, Robert Junior Nkeng,2007-08-04,112259,AFC Wimbledon,60,League One,,,,
80442,2026-01-01,Jeremiah Nii-Ayikwoa Okine-Peters -, Jeremiah Nii-Ayikwoa Okine-Peters,2004-12-16,1793,Reading FC,60,League One,,,,
80455,2026-01-01,David Klein -, David Klein,2006-04-27,111239,FC Ingolstadt 04,2076,3. Liga,,,,
80456,2026-01-01,Pierre Landry Kabore -, Pierre Landry Kabore,2001-07-05,80,Hearts,50,Premiership,,,,
80458,2026-01-01,Furkan Orak -, Furkan Orak,2001-05-28,101037,Çaykur Rizespor,68,Süper Lig,,,,
80461,2026-01-01,Nikoloz Ugrekhelidze -,Nikoloz Ugrekhelidzeნიკოლოზ უგრეხელიძე,2003-08-15,111117,Fatih Karagümrük,68,Süper Lig,,,,
80467,2026-01-01,Martin Beautrel Atemengue Ndzie -, Martin Beautrel Atemengue Ndzie,2003-01-16,254,SK Rapid,80,Bundesliga,,,,
80470,2026-01-01,Bruno Goda -, Bruno Goda,1998-04-17,211,Dinamo Zagreb,317,Hrvatska nogometna liga,,,,
80474,2026-01-01,Emeka Alex Stepien-Iwumene -, Emeka Alex Stepien-Iwumene,2005-04-16,112764,Bromley,61,League Two,,,,
80475,2026-01-01,Jarvis Harry Thornton -, Jarvis Harry Thornton,2006-01-10,1807,Sheffield Wednesday,14,Championship,,,,
80476,2026-01-01,Bruno Fernandes -, Bruno Vilela de Carvalho Fernandes,2006-01-09,1807,Sheffield Wednesday,14,Championship,,,,
80478,2026-01-01,Reece Harry Johnson -, Reece Harry Johnson,2006-01-31,1807,Sheffield Wednesday,14,Championship,,,,
80479,2026-01-01,Logan Scott Stretch -, Logan Scott Stretch,2006-11-04,1807,Sheffield Wednesday,14,Championship,,,,
80481,2026-01-01,Théna Massock -, Théna Massock,2007-09-18,111276,USL Dunkerque,17,Ligue 2,,,,
80484,2026-01-01,Rafael Antonio Mosquera Díaz -, Rafael Antonio Mosquera Díaz,2005-05-24,689,New York Red Bulls,39,Major League Soccer,,,,
80485,2026-01-01,Mihailo Bogićević -,Mihailo BogićevićМихаило Богићевић,1998-05-30,100325,HJK Helsinki,322,Veikkausliiga,,,,
80486,2026-01-01,Ebenezer Annan -, Ebenezer Annan,2002-08-21,1819,AS Saint-Étienne,17,Ligue 2,,,,
80488,2026-01-01,Jesper Tielemans -, Jesper Tielemans,2006-05-17,645,FC Volendam,10,Eredivisie,,,,
80489,2026-01-01,Robin van Cruijsen -, Robin van Cruijsen,2006-02-20,645,FC Volendam,10,Eredivisie,,,,
80490,2026-01-01,Jermaine Rijssel -, Jermaine Rijssel,2005-03-25,1913,SC Heerenveen,10,Eredivisie,,,,
80492,2026-01-01,Ryoga Kida -,Ryoga Kida貴田 遼河,2005-07-15,111019,Argentinos Juniors,353,Liga Profesional de Fútbol,,,,
80494,2026-01-01,Philippe Ndinga Ossiabadjouo -, Philippe Ndinga Ossiabadjouo,2005-06-03,113892,Degerfors IF,56,Allsvenskan,,,,
80500,2026-01-01,Stijn Petiet -, Stijn Petiet,2003-08-26,1915,FC Groningen,10,Eredivisie,,,,
80501,2026-01-01,Finley Frank Barbrook -, Finley Frank Barbrook,2004-12-04,149,Lincoln City,60,League One,,,,
80503,2026-01-01,Robin Kelder -, Robin Kelder,2005-03-22,1915,FC Groningen,10,Eredivisie,,,,
80504,2026-01-01,Henrique Menke -, Henrique Menke Lopes,2007-01-12,1745,Como,31,Serie A,,,,
80505,2026-01-01,Eman Košpo -, Eman Košpo,2007-05-17,110374,Fiorentina,31,Serie A,,,,
80508,2026-01-01,Riccardo Braschi -, Riccardo Braschi,2006-08-24,110374,Fiorentina,31,Serie A,,,,
80521,2026-01-01,Kevin Estiven Prieto Machado -, Kevin Estiven Prieto Machado,2003-06-27,114510,Casa Pia,308,Primeira Liga,,,,
80522,2026-01-01,Ignacio Alastra -, Ignacio Alastra,2007-10-29,112670,Talleres,353,Liga Profesional de Fútbol,,,,
80523,2026-01-01,Jismerai Dillema -, Jismerai Dillema,2007-02-14,1915,FC Groningen,10,Eredivisie,,,,
80524,2026-01-01,Stijn Middendorp -, Stijn Middendorp,2004-12-02,1971,Excelsior,10,Eredivisie,,,,
80525,2026-01-01,Guilliano Cairo -, Guilliano Cairo,2006-03-18,1971,Excelsior,10,Eredivisie,,,,
80526,2026-01-01,Yénio Holder -, Yénio Holder,2007-07-02,1915,FC Groningen,10,Eredivisie,,,,
80527,2026-01-01,Mark Hoekstra -, Mark Hoekstra,2006-02-10,1915,FC Groningen,10,Eredivisie,,,,
80528,2026-01-01,Patrick André Wik -, Patrick André Wik,2004-10-05,1523,Bryne FK,41,Eliteserien,,,,
80534,2026-01-01,Luan Gadegbeku -, Luan Gadegbeku,2007-03-13,1819,AS Saint-Étienne,17,Ligue 2,,,,
80535,2026-01-01,Abdulaziz Ali Noman Al Asbahi -,Abdulaziz Ali Noman Al Asbahiعبدالعزيز علي نعمان الاصبحي,2005-06-01,113037,Al Riyadh,350,Pro League,,,,
80536,2026-01-01,Rafael Venâncio -, Rafael Correia Venâncio,2006-03-18,112809,Famalicão,308,Primeira Liga,,,,
80537,2026-01-01,Nadir El Jamali -,Nadir El Jamaliنادر الجمالي,2007-04-17,1819,AS Saint-Étienne,17,Ligue 2,,,,
80538,2026-01-01,Anis Ouzenadji -, Anis Ouzenadji,2006-11-04,294,ESTAC Troyes,17,Ligue 2,,,,
80539,2026-01-01,Matteo Marchisano -, Matteo Marchisano,2004-10-06,2038,Avellino,32,Serie B,,,,
80541,2026-01-01,Arthylio Nadé -, Arthylio Nadé,2007-03-19,294,ESTAC Troyes,17,Ligue 2,,,,
80542,2026-01-01,Roman Murcy -, Roman Murcy,2006-02-23,294,ESTAC Troyes,17,Ligue 2,,,,
80543,2026-01-01,Ibrahim Raache -, Ibrahim Raache,2006-02-24,115494,FC Annecy,17,Ligue 2,,,,
80544,2026-01-01,Charlie Dressel -, Charlie Dressel,2005-09-30,1805,Grenoble Foot 38,17,Ligue 2,,,,
80545,2026-01-01,Lenny Dziki Loussilaho -, Lenny Dziki Loussilaho,2005-05-05,111276,USL Dunkerque,17,Ligue 2,,,,
80552,2026-01-01,Gui Freitas -, Guilherme Machado Caldeira da Mota Freitas,2006-05-17,1888,Gil Vicente FC,308,Primeira Liga,,,,
80554,2026-01-01,Zakaria Ztouti -, Zakaria Ztouti,2006-10-20,1823,AS Nancy Lorraine,17,Ligue 2,,,,
80555,2026-01-01,Charles Kamel Olson -, Charles Kamel Olson,2004-10-26,1920,Oldham Athletic,61,League Two,,,,
80556,2026-01-01,Sam de Laat -, Sam de Laat,2006-06-12,1910,NEC Nijmegen,10,Eredivisie,,,,
80557,2026-01-01,Freek Entius -, Freek Entius,2006-05-26,1910,NEC Nijmegen,10,Eredivisie,,,,
80558,2026-01-01,João Gastão -, João Moisés Gastão,2006-07-22,718,Estrela da Amadora,308,Primeira Liga,,,,
80560,2026-01-01,Emmanuel Chinedu Elekwa -, Emmanuel Chinedu Elekwa,2005-06-11,1826,Alemannia Aachen,2076,3. Liga,,,,
80561,2026-01-01,Andrei Dan Dumitru -, Andrei Dan Dumitru,2006-10-28,110752,FC Botoşani,330,Liga I,,,,
80562,2026-01-01,Szabolcs Dusinszki -, Szabolcs Dusinszki,2005-08-06,114546,Csíkszereda Miercurea Ciuc,330,Liga I,,,,
80564,2026-01-01,Dimitri Valkanis -, Dimitri Valkanis,2005-10-18,111395,Brisbane Roar,351,A-League Men,,,,
80565,2026-01-01,Princewill Omonefe Ehibhatiomhan -, Princewill Omonefe Ehibhatiomhan,2005-10-20,1934,Swindon Town,61,League Two,,,,
80568,2026-01-01,Dylan Lewis Moody -, Dylan Lewis Moody,2008-03-11,17,Southampton,14,Championship,,,,
80569,2026-01-01,Jonathan Moses Momoh Sesay -, Jonathan Moses Momoh Sesay,2007-01-05,17,Southampton,14,Championship,,,,
80570,2026-01-01,Tylel Tati -, Tylel Tati,2008-01-19,71,FC Nantes,16,Ligue 1,,,,
80572,2026-01-01,Alexander James Moore -, Alexander James Moore,2006-09-18,1947,Wrexham,14,Championship,,,,
80574,2026-01-01,Igor Nikic -,Igor NikicИгор Никић,2000-08-25,110069,CD Mirandés,54,La Liga 2,,,,
80576,2026-01-01,Oier Llorente -, Oier Llorente Korta,2005-03-24,467,SD Eibar,54,La Liga 2,,,,
80577,2026-01-01,Or Alon Israelov -, Or Alon Israelov,2004-09-02,10020,GD Estoril Praia,308,Primeira Liga,,,,
80578,2026-01-01,Cléo Mélières -, Cléo Mélières,2005-04-13,68,FC Metz,16,Ligue 1,,,,
80579,2026-01-01,Pepijn Reulen -, Pepijn Reulen,2008-06-01,1904,NAC Breda,10,Eredivisie,,,,
80580,2026-01-01,Jemuel Erat -, Jemuel Erat,2007-09-02,1904,NAC Breda,10,Eredivisie,,,,
80581,2026-01-01,Christian Chiza -, Christian Chiza,2007-12-18,1904,NAC Breda,10,Eredivisie,,,,
80582,2026-01-01,Givaro Rahajaän Renwarin -, Givaro Rahajaän Renwarin,2008-02-19,1914,PEC Zwolle,10,Eredivisie,,,,
80584,2026-01-01,Giannino Felicio Vianello -, Giannino Felicio Vianello,2007-06-10,100646,Sparta Rotterdam,10,Eredivisie,,,,
80585,2026-01-01,Abdelraffie Benzzine -, Abdelraffie Benzzine,2006-04-04,100638,Telstar,10,Eredivisie,,,,
80586,2026-01-01,Yamano Olfers -, Yamano Olfers,2006-08-02,100638,Telstar,10,Eredivisie,,,,
80587,2026-01-01,Jaylan van Schooneveld -, Jaylan van Schooneveld,2005-02-02,100638,Telstar,10,Eredivisie,,,,
80588,2026-01-01,Rojendro Jeveraino Oudsten -, Rojendro Jeveraino Oudsten,2007-11-12,100638,Telstar,10,Eredivisie,,,,
80589,2026-01-01,Dylan Mertens -, Dylan Mertens,1995-07-20,100638,Telstar,10,Eredivisie,,,,
80591,2026-01-01,Guilherme Smith -, Guilherme Henriques da Silva Carvalho,2003-06-11,2014,Union Saint-Gilloise,4,Pro League,,,,
80592,2026-01-01,Nelson Savonnier -, Nelson Savonnier,2008-02-28,110770,FC Sion,189,Super League,,,,
80593,2026-01-01,Georgios Liavas -,Georgios LiavasΓεώργιος Λιάβας,2001-02-12,744,Rio Ave FC,308,Primeira Liga,,,,
80595,2026-01-01,Jordan Hodkin -, Jordan Hodkin,2007-03-14,121,Crewe Alexandra,61,League Two,,,,
80596,2026-01-01,Yuto Tsunashima -,Yuto Tsunashima綱島 悠斗,2000-08-15,230,Royal Antwerp FC,4,Pro League,,,,
80597,2026-01-01,Christian Comotto -, Christian Comotto,2008-04-25,110741,Spezia,32,Serie B,,,,
80598,2026-01-01,José Julián Martínez Crisanto -, José Julián Martínez Crisanto,2003-12-01,717,Alverca,308,Primeira Liga,,,,
80600,2026-01-01,Allan Godoi -, Allan Godoi Santos,1993-04-04,101026,Göztepe SK,68,Süper Lig,,,,
80601,2026-01-01,Rhaldney -, Rhaldney Norberto Simião Gomes,1998-11-20,101026,Göztepe SK,68,Süper Lig,,,,
80602,2026-01-01,Tommaso Simone Marras -, Tommaso Simone Marras,2004-02-23,111433,Mantova,32,Serie B,,,,
80603,2026-01-01,Janderson -, Janderson de Carvalho Costa,1999-05-06,101026,Göztepe SK,68,Süper Lig,,,,
80606,2026-01-01,Olaf Gooitzen Paul Gorter -, Olaf Gooitzen Paul Gorter,2005-01-31,347,Lecce,31,Serie A,,,,
80610,2026-01-01,Snyder Brunell -, Snyder Brunell,2007-03-23,111144,Seattle Sounders FC,39,Major League Soccer,,,,
80611,2026-01-01,Rwan Cruz -, Rwan Philipe Rodrigues de Souza Cruz,2001-05-20,111065,Real Salt Lake,39,Major League Soccer,,,,
80612,2026-01-01,Pedro J. Soma -, Pedro J. Soma,2006-06-30,131439,San Diego FC,39,Major League Soccer,,,,
80616,2026-01-01,Ian Zohar Alegría Pindal -, Ian Zohar Alegría Pindal,2008-05-03,111328,CD Palestino,335,Primera Division,,,,
80617,2026-01-01,Ryan Carlos -, Ryan Carlos Santos de Sousa,2002-05-14,718,Estrela da Amadora,308,Primeira Liga,,,,
80618,2026-01-01,Daniel Vost -, Daniel Vost,2006-04-17,1939,Huddersfield Town,60,League One,,,,
80620,2026-01-01,Strahinja Stojković -,Strahinja StojkovićСтрахиња Стојковић,2007-03-08,1819,AS Saint-Étienne,17,Ligue 2,,,,
80622,2026-01-01,Jorge Delgado -, Jorge Delgado Caballero,2002-11-09,462,Real Valladolid CF,54,La Liga 2,,,,
80623,2026-01-01,Yahya Bathily -, Yahya Bathily,2003-06-08,58,Sporting Club Bastia,17,Ligue 2,,,,
80624,2026-01-01,Noah Zilliox -, Noah Zilliox,2003-03-17,58,Sporting Club Bastia,17,Ligue 2,,,,
80625,2026-01-01,Toni Tamarit -, Toni Tamarit Tamarit,2005-11-22,110069,CD Mirandés,54,La Liga 2,,,,
80626,2026-01-01,Sheriff Kassama -, Sheriff Kassama,2004-09-16,1848,SSC Bari,32,Serie B,,,,
80627,2026-01-01,Balla Moussa Mané -, Balla Moussa Mané,2003-11-19,1848,SSC Bari,32,Serie B,,,,
80628,2026-01-01,Indrit Mavraj -, Indrit Mavraj,2006-01-23,1848,SSC Bari,32,Serie B,,,,
80630,2026-01-01,Emanuele Rao -, Emanuele Rao,2006-03-28,1848,SSC Bari,32,Serie B,,,,
80634,2026-01-01,Jamal Harkass -,Jamal Harkassجمال حركاس,1995-11-24,113217,Damac FC,350,Pro League,,,,
80635,2026-01-01,Christ Ivan Wawa -, Christ Ivan Wawa,2007-06-09,711,BK Häcken,56,Allsvenskan,,,,
80637,2026-01-01,Landerson -, Landerson Costa Araújo,2006-12-12,1900,Moreirense FC,308,Primeira Liga,,,,
80638,2026-01-01,Adrián Nicolás Helm -, Adrián Nicolás Helm,2005-09-27,433,AIK,56,Allsvenskan,,,,
80639,2026-01-01,Ebrar Yiğit Aydın -, Ebrar Yiğit Aydın,2000-09-03,101025,Gençlerbirliği SK,68,Süper Lig,,,,
80641,2026-01-01,Ibrahim Mohammad Abdallah Sabra -,Ibrahim Mohammad Abdallah Sabraإبراهيم صبرة,2006-02-01,101026,Göztepe SK,68,Süper Lig,,,,
80642,2026-01-01,Mücahit İbrahimoğlu -, Mücahit İbrahimoğlu,2005-03-09,101033,Konyaspor,68,Süper Lig,,,,
80643,2026-01-01,Ebrima Ceesay -, Ebrima Ceesay,2006-06-01,748,Samsunspor,68,Süper Lig,,,,
80644,2026-01-01,Polat Yaldır -, Polat Yaldır,2003-05-17,748,Samsunspor,68,Süper Lig,,,,
80645,2026-01-01,Vittorio Magni -, Vittorio Magni,2006-06-01,110915,Cesena FC,32,Serie B,,,,
80647,2026-01-01,Elikya Legros -, Elikya Legros,2008-06-06,57,AJ Auxerre,16,Ligue 1,,,,
80648,2026-01-01,Louis Mezerette -, Louis Mezerette,2006-08-30,57,AJ Auxerre,16,Ligue 1,,,,
80650,2026-01-01,Ryan Rodin -, Ryan Rodin,2006-03-02,57,AJ Auxerre,16,Ligue 1,,,,
80651,2026-01-01,Tidiane Devernois -, Tidiane Devernois,2007-10-18,57,AJ Auxerre,16,Ligue 1,,,,
80653,2026-01-01,Nikola Mituljikic -,Nikola MituljikicНикола Митуљикић,2003-01-20,15005,SV Zulte Waregem,4,Pro League,,,,
80655,2026-01-01,Yukiyoshi Karashima -,Yukiyoshi Karashima辛島 侑烈,1997-01-15,100325,HJK Helsinki,322,Veikkausliiga,,,,
80657,2026-01-01,Hian Rincon -, Hian Rincon,2007-11-15,101106,Once Caldas,336,Categoría Primera A,,,,
80658,2026-01-01,Ethan -, Ethan Ventosa González,2004-02-11,10846,Burgos CF,54,La Liga 2,,,,
80659,2026-01-01,Sergio Martínez -, Sergio Martínez Montero,2007-05-15,456,Racing Santander,54,La Liga 2,,,,
80660,2026-01-01,Serpeta -, Sergio Sanchís Hernández,2000-04-07,100852,CD Castellón,54,La Liga 2,,,,
80661,2026-01-01,Efe Aghama Ugiagbe -, Efe Aghama Ugiagbe,2004-06-11,1968,Cádiz CF,54,La Liga 2,,,,
80662,2026-01-01,Josema -, José Manuel López Pérez,2003-03-08,1894,AD Ceuta FC,54,La Liga 2,,,,
80663,2026-01-01,Jofre Torrents -, Jofre Torrents Salvat,2007-01-28,241,FC Barcelona,53,La Liga,,,,
80664,2026-01-01,Gabriel Alonso Maureira Morales -, Gabriel Alonso Maureira Morales,2007-02-07,110980,Colo-Colo,335,Primera Division,,,,
80665,2026-01-01,Jeremiah Dennit Mensah -, Jeremiah Dennit Mensah,2008-02-21,32,Bayer 04 Leverkusen,19,Bundesliga,,,,
80666,2026-01-01,Manu Fernández -, Manuel Fernández Arroyo,2001-04-23,450,RC Celta,53,La Liga,,,,
80667,2026-01-01,Unax Agote -, Unax Agote Aranburu,2003-03-28,110711,Real Sociedad de Fútbol B,54,La Liga 2,,,,
80668,2026-01-01,Gorka Gorosabel -, Gorka Gorosabel Añorga,2006-05-13,110711,Real Sociedad de Fútbol B,54,La Liga 2,,,,
80669,2026-01-01,Orobengoa -, Ekain Orobengoa Arbelaiz,2004-06-17,110711,Real Sociedad de Fútbol B,54,La Liga 2,,,,
80670,2026-01-01,Rayyan Koubini -, Rayyan Koubini,2005-06-06,100638,Telstar,10,Eredivisie,,,,
80671,2026-01-01,Jasper Hartog -, Jasper Hartog,2006-03-23,1906,AZ Alkmaar,10,Eredivisie,,,,
80673,2026-01-01,Salvi Esquivel -, Salvador Esquivel Gámez,2005-09-30,240,Atlético Madrid,53,La Liga,,,,
80674,2026-01-01,Dro -, Pedro Fernández Sarmiento,2008-01-12,241,FC Barcelona,53,La Liga,,,,
80678,2026-01-01,Martín Wilhelm Krug -, Martín Wilhelm Krug,2006-07-09,1853,Levante UD,53,La Liga,,,,
80679,2026-01-01,Nacho Pérez -, Nacho Pérez Gómez,2008-08-29,1853,Levante UD,53,La Liga,,,,
80681,2026-01-01,Edu Altozano -, Eduardo Altozano Agudo,2006-10-17,481,Sevilla FC,53,La Liga,,,,
80682,2026-01-01,Miguel Sierra -, Miguel Ángel Sierra Ortega,2004-07-14,481,Sevilla FC,53,La Liga,,,,
80683,2026-01-01,Aimar Blázquez -, Aimar Blázquez Labraca,2006-03-19,461,Valencia CF,53,La Liga,,,,
80684,2026-01-01,Jean Ives Valou -, Jean Ives Valou,2005-12-22,483,Villarreal CF,53,La Liga,,,,
80688,2026-01-01,Maxima Adeagan Goffi -, Maxima Adeagan Goffi,2008-01-23,65,Lille OSC,16,Ligue 1,,,,
80689,2026-01-01,Hamza Koutoune -,Hamza Koutouneحمزة كوتون,2006-09-17,115494,FC Annecy,17,Ligue 2,,,,
80690,2026-01-01,Mathys De Carvalho -, Mathys de Carvalho Soares,2005-05-01,66,Olympique Lyonnais,16,Ligue 1,,,,
80691,2026-01-01,Enzo Faty -, Enzo Faty,2007-03-09,1809,Toulouse FC,16,Ligue 1,,,,
80695,2026-01-01,Seny Koumbassa -, Seny Koumbassa,2007-06-20,1809,Toulouse FC,16,Ligue 1,,,,
80696,2026-01-01,Alexis Vossah -, Alexis Vossah,2008-03-11,1809,Toulouse FC,16,Ligue 1,,,,
80697,2026-01-01,Fermín García -, Fermín García Murillo,2003-09-30,10846,Burgos CF,54,La Liga 2,,,,
80699,2026-01-01,Mees Yunfei Eppink -, Mees Yunfei Eppink,2006-03-25,1903,FC Utrecht,10,Eredivisie,,,,
80703,2026-01-01,Saïd Imigene -, Saïd Imigene,2005-01-16,100888,CD Leganés,54,La Liga 2,,,,
80704,2026-01-01,Abdou Maiga -, Abdoulaye Maiga Koita,2006-11-02,110069,CD Mirandés,54,La Liga 2,,,,
80705,2026-01-01,Juan Sánchez -, Juan Sánchez Collantes,2003-09-25,15012,Cultural Leonesa,54,La Liga 2,,,,
80706,2026-01-01,Dominique A. Moubeke -, Dominique A. Moubeke,2005-08-11,110832,Granada CF,54,La Liga 2,,,,
80707,2026-01-01,Mario Gambín -, Mario Jiménez Gambin,2007-07-01,110832,Granada CF,54,La Liga 2,,,,
80708,2026-01-01,Seydou -, Seydou Fall Lázaro,2005-05-08,110832,Granada CF,54,La Liga 2,,,,
80709,2026-01-01,Santi Franco -, Santiago Franco de la Torre,2004-08-18,456,Racing Santander,54,La Liga 2,,,,
80710,2026-01-01,Alejandro Villarreal Zuluaga -, Alejandro Villarreal Zuluaga,2005-07-28,111707,CA Aldosivi,353,Liga Profesional de Fútbol,,,,
80711,2026-01-01,Rio Solomon Cardines -, Rio Solomon Cardines,2006-07-01,1799,Crystal Palace,13,Premier League,,,,
80712,2026-01-01,Jon Eceizabarrena -, Jon Eceizabarrena Rezola,2005-03-23,110711,Real Sociedad de Fútbol B,54,La Liga 2,,,,
80714,2026-01-01,Lautaro Iván Mora -, Lautaro Iván Mora,2005-02-25,111711,Huracán,353,Liga Profesional de Fútbol,,,,
80717,2026-01-01,Jon Garro -, Jon Garro Larrarte,2005-06-10,110711,Real Sociedad de Fútbol B,54,La Liga 2,,,,
80719,2026-01-01,Gorka Carrera -, Gorka Carrera Zarranz,2005-05-18,110711,Real Sociedad de Fútbol B,54,La Liga 2,,,,
80720,2026-01-01,Astiazarán -, Lander Astiazaran Escabias,2006-04-07,110711,Real Sociedad de Fútbol B,54,La Liga 2,,,,
80721,2026-01-01,Aranda -, José Luis Aranda Rojas,2006-01-31,462,Real Valladolid CF,54,La Liga 2,,,,
80723,2026-01-01,Ernie Weaver -, Ernie Weaver,2006-09-08,1807,Sheffield Wednesday,14,Championship,,,,
80724,2026-01-01,George William Brown -, George William Brown,2006-05-28,1807,Sheffield Wednesday,14,Championship,,,,
80728,2026-01-01,İbrahim Kaya -, İbrahim Kaya,2001-03-09,113142,Alanyaspor,68,Süper Lig,,,,
80729,2026-01-01,Uchenna Ogundu -, Uchenna Ogundu,2006-05-12,113142,Alanyaspor,68,Süper Lig,,,,
80731,2026-01-01,Yiğit Efe Demir -, Yiğit Efe Demir,2004-08-02,326,Fenerbahçe SK,68,Süper Lig,,,,
80734,2026-01-01,Nick Schmidt -, Nick Schmidt,2007-09-12,110329,FC St. Pauli,19,Bundesliga,,,,
80736,2026-01-01,Berkay Aslan -, Berkay Aslan,2007-01-05,101014,Medipol Başakşehir FK,68,Süper Lig,,,,
80741,2026-01-01,Gonçalo Maia -, Gonçalo Maia Pereira,2005-11-30,1888,Gil Vicente FC,308,Primeira Liga,,,,
80742,2026-01-01,Thomas Goos -, Thomas Goos,2008-05-21,1904,NAC Breda,10,Eredivisie,,,,
80744,2026-01-01,Florian Boulet -, Florian Boulet,2003-03-29,111376,US Boulogne Cote d'Opale,17,Ligue 2,,,,
80745,2026-01-01,Yasin Eratilla -, Yasin Eratilla,2004-04-05,111339,Kasımpaşa SK,68,Süper Lig,,,,
80749,2026-01-01,Antonio Martínez -, Antonio Martínez Bastida,2006-04-09,468,Elche CF,53,La Liga,,,,
80752,2026-01-01,Enol Prendes -, Enol Prendes Ortiz,2004-05-31,459,Real Sporting de Gijón,54,La Liga 2,,,,
80754,2026-01-01,Edwin Olamide Agbaje -, Edwin Olamide Agbaje,2004-01-25,563,Sligo Rovers,65,Premier Division,,,,
80755,2026-01-01,Aiman Dardari -, Aiman Dardari,2005-03-21,100409,FC Augsburg,19,Bundesliga,,,,
80756,2026-01-01,Gabriel Carvalho -, Gabriel Carvalho Teixeira,2007-08-17,112391,Al Qadsiah FC,350,Pro League,,,,
80763,2026-01-01,Shalom Ekong -, Shalom Ekong,2003-11-20,111594,GAIS,56,Allsvenskan,,,,
80765,2026-01-01,Alcides Ariel Ávalos Samudio -, Alcides Ariel Ávalos Samudio,2005-01-27,131795,San Antonio Bulo Bulo,2017,División de Fútbol Profesional,,,,
80766,2026-01-01,Jayden Candelaria -, Jayden Candelaria,2004-03-02,1904,NAC Breda,10,Eredivisie,,,,
80771,2026-01-01,Julián Ariel Vignolo -, Julián Ariel Vignolo,2006-12-07,1809,Toulouse FC,16,Ligue 1,,,,
80772,2026-01-01,Darris Zema -,Darris Zemaداريس زيما,2007-05-20,1809,Toulouse FC,16,Ligue 1,,,,
80773,2026-01-01,Naïme Ben Zayer Saïd Mchindra -, Naïme Ben Zayer Saïd Mchindra,2005-05-28,1809,Toulouse FC,16,Ligue 1,,,,
80774,2026-01-01,Gaëtan Bakhouche Piernas -, Gaëtan Bakhouche Piernas,2005-02-14,1809,Toulouse FC,16,Ligue 1,,,,
80775,2026-01-01,Frédéric Efuele Ngoyala -, Frédéric Efuele Ngoyala,2005-02-20,1809,Toulouse FC,16,Ligue 1,,,,
80776,2026-01-01,Jibril El Baraka -,Jibril El Barakaجبريل البركة,2007-02-23,1530,Angers SCO,16,Ligue 1,,,,
80777,2026-01-01,Matheus Mendes -, Matheus Mendes Werneck de Oliveira,1999-03-10,717,Alverca,308,Primeira Liga,,,,
80778,2026-01-01,Ilann Garin -, Ilann Garin,2006-03-01,1530,Angers SCO,16,Ligue 1,,,,
80779,2026-01-01,Maurice Lionel Ngangué -, Maurice Lionel Ngangué,2005-05-26,1530,Angers SCO,16,Ligue 1,,,,
80780,2026-01-01,Johannes Simon Siebeking -, Johannes Simon Siebeking,2006-03-02,34,FC Schalke 04,20,2. Bundesliga,,,,
80781,2026-01-01,Ivan Varfolomeev -,Ivan VarfolomeevВарфоломєєв Іван Олександрович,2004-03-24,149,Lincoln City,60,League One,,,,
80782,2026-01-01,Lou Alexandre -, Lou Alexandre,2005-12-17,1816,Amiens SC,17,Ligue 2,,,,
80799,2026-01-01,Kelian Baruti Liamba -, Kelian Baruti Liamba,2005-11-22,10020,GD Estoril Praia,308,Primeira Liga,,,,
80800,2026-01-01,Diego Mauricio Mercado Solano -, Diego Mauricio Mercado Solano,2006-05-14,131795,San Antonio Bulo Bulo,2017,División de Fútbol Profesional,,,,
80801,2026-01-01,Jaime Sánchez-Rubio -, Jaime Sánchez Rubio Rubio,2006-06-21,244,Real Zaragoza,54,La Liga 2,,,,
80803,2026-01-01,Mathys Silistrie -, Mathys Silistrie,2005-09-16,74,Stade Rennais FC,16,Ligue 1,,,,
80804,2026-01-01,Nordan Mukiele -, Nordan Mukiele,2006-02-12,74,Stade Rennais FC,16,Ligue 1,,,,
80805,2026-01-01,Mauro -, Mauro Echegoyen Berrozpe,2005-03-03,479,CA Osasuna,53,La Liga,,,,
80806,2026-01-01,Iván Corralejo -, Iván Corralejo Mantero,2007-05-01,449,Real Betis Balompié,53,La Liga,,,,
80807,2026-01-01,Thiago Pitarch -,Thiago Pitarch Pinarتياغو بيتارش بينار,2007-08-03,243,Real Madrid,53,La Liga,,,,
80808,2026-01-01,Pablo Santiago -, Pablo Santiago López,2000-09-27,100852,CD Castellón,54,La Liga 2,,,,
80809,2026-01-01,Matteo Pittarella -, Matteo Pittarella,2008-05-26,47,AC Milan,31,Serie A,,,,
80810,2026-01-01,Jeremy Kandje Mbambi -, Jeremy Kandje Mbambi,2008-05-04,110738,Pisa,31,Serie A,,,,
80811,2026-01-01,Gioele Zacchi -, Gioele Zacchi,2003-07-10,111974,Sassuolo,31,Serie A,,,,
80812,2026-01-01,Hugo San -, Hugo San Modesto Valdespino,2005-10-24,462,Real Valladolid CF,54,La Liga 2,,,,
80813,2026-01-01,Yassin Moslih -, Yassin Moslih,2007-07-24,1910,NEC Nijmegen,10,Eredivisie,,,,
80816,2026-01-01,Bradley-Paul Burrowes -, Bradley-Paul Burrowes,2008-03-04,2,Aston Villa,13,Premier League,,,,
80817,2026-01-01,Bradley Nam James -, Bradley Nam James,2006-09-02,232,Standard de Liège,4,Pro League,,,,
80818,2026-01-01,Mark Andrew Barber -, Mark Andrew Barber,2008-06-16,1936,Cheltenham Town,61,League Two,,,,
80820,2026-01-01,Mohamed Alì Zoma -, Mohamed Alì Zoma,2003-12-15,171,1. FC Nürnberg,20,2. Bundesliga,,,,
80821,2026-01-01,Ervin Bashi -, Ervin Bashi,2005-07-24,110908,Catanzaro,32,Serie B,,,,
80823,2026-01-01,Christian Marietta -, Christian Marietta,2002-04-14,110908,Catanzaro,32,Serie B,,,,
80831,2026-01-01,Damar Dixon O'Neill -, Damar Dixon O'Neill,2004-05-03,111657,Frosinone,32,Serie B,,,,
80832,2026-01-01,Jacopo Gelli -, Jacopo Gelli,2001-05-11,111657,Frosinone,32,Serie B,,,,
80833,2026-01-01,Abdoulie Ndow -, Abdoulie Ndow,2005-01-06,111657,Frosinone,32,Serie B,,,,
80835,2026-01-01,Samuele Capolupo -, Samuele Capolupo,2006-04-08,111811,Monza,32,Serie B,,,,
80836,2026-01-01,Luca Di Maggio -, Luca Di Maggio,2005-03-31,110912,Calcio Padova,32,Serie B,,,,
80838,2026-01-01,Davide Giannini -, Davide Giannini,2005-03-30,200,Pescara,32,Serie B,,,,
80840,2026-01-01,Lorenzo Berardi -, Lorenzo Berardi,2005-04-05,200,Pescara,32,Serie B,,,,
80841,2026-01-01,Matteo Onofri -, Matteo Onofri,2004-03-15,110741,Spezia,32,Serie B,,,,
80843,2026-01-01,Kenzo Noël -, Kenzo Noël,2006-07-28,1823,AS Nancy Lorraine,17,Ligue 2,,,,
80846,2026-01-01,Amadou Diakité -, Amadou Diakité,2005-05-31,294,ESTAC Troyes,17,Ligue 2,,,,
80847,2026-01-01,Brayan Mateo Caicedo Ramos -, Brayan Mateo Caicedo Ramos,2006-08-14,236,FC Porto,308,Primeira Liga,,,,
80850,2026-01-01,Fayssal El Mahboub -, Fayssal El Mahboub,2007-07-22,70,Montpellier HSC,17,Ligue 2,,,,
80852,2026-01-01,Alexander David Williams -, Alexander David Williams,2005-01-02,109,West Bromwich Albion,14,Championship,,,,
80853,2026-01-01,Sulyman Krubally -, Sulyman Krubally,2008-08-29,15015,Burton Albion,60,League One,,,,
80857,2026-01-01,Islamdine Halifa -, Islamdine Halifa,2004-12-20,111273,Red Star FC,17,Ligue 2,,,,
80858,2026-01-01,Kerem Yalçın -, Kerem Yalçın,2004-12-02,10030,SC Paderborn 07,20,2. Bundesliga,,,,
80859,2026-01-01,Philip Hildesheim -, Philip Hildesheim,2005-02-09,159,DSC Arminia Bielefeld,20,2. Bundesliga,,,,
80861,2026-01-01,Fallou Cham -, Fallou Cham,2006-02-14,206,Hellas Verona FC,31,Serie A,,,,
80862,2026-01-01,Steven Folly Nador -, Steven Folly Nador,2002-06-23,1744,Modena,32,Serie B,,,,
80863,2026-01-01,Daniel Tonoli -, Daniel Tonoli,2002-08-22,1744,Modena,32,Serie B,,,,
80864,2026-01-01,Michele Pezzolato -, Michele Pezzolato,2004-02-28,1744,Modena,32,Serie B,,,,
80866,2026-01-01,Carlos Ezequiel Gugenheim -, Carlos Ezequiel Gugenheim,2004-07-26,115472,Deportivo Riestra,353,Liga Profesional de Fútbol,,,,
80868,2026-01-01,Maks Juraj Ćelić -, Maks Juraj Ćelić,1996-03-08,114546,Csíkszereda Miercurea Ciuc,330,Liga I,,,,
80871,2026-01-01,Rajmund Molnár -, Rajmund Molnár,2002-08-28,110746,Pogoń Szczecin,66,Ekstraklasa,,,,
80872,2026-01-01,Dani Bolt -, Daniel Lima de Castro,1999-06-18,113888,Qarabağ FK,313,Premyer Liqa,,,,
80874,2026-01-01,True Blakeley Grant -, True Blakeley Grant,2005-11-02,1806,Stoke City,14,Championship,,,,
80875,2026-01-01,Raúl Pereira -, Raúl Pereira Vargas,2005-01-01,1968,Cádiz CF,54,La Liga 2,,,,
80876,2026-01-01,Maxim Kireev -,Maxim KireevКиреев Максим Игоревич,2004-07-09,110724,KV Mechelen,4,Pro League,,,,
80881,2026-01-01,Lewis McCann -, Lewis McCann,2001-06-07,112260,Fleetwood Town,61,League Two,,,,
80882,2026-01-01,Lucas Ferreira -, Lucas dos Santos Ferreira,2006-04-28,101059,Shakhtar Donetsk,332,Premier League,,,,
80884,2026-01-01,Stanislas Maxime Tom Kielt -, Stanislas Maxime Tom Kielt,2001-11-27,62,En Avant Guingamp,17,Ligue 2,,,,
80885,2026-01-01,Daniel Júnior -, Daniel de Melo Araujo Júnior,2002-05-09,1891,CD Nacional,308,Primeira Liga,,,,
80886,2026-01-01,Rafael Lobato -, Rafael Genuino Lobato,2006-02-23,744,Rio Ave FC,308,Primeira Liga,,,,
80887,2026-01-01,Ahmed Franck Sidibé -, Ahmed Franck Sidibé,2002-02-10,205,Venezia,32,Serie B,,,,
80893,2026-01-01,Adam Bakoune -, Adam Bakoune,2006-02-06,111811,Monza,32,Serie B,,,,
80901,2026-01-01,Elydjah Mendy -, Elydjah Mendy,2000-03-14,1823,AS Nancy Lorraine,17,Ligue 2,,,,
80902,2026-01-01,Elie N'Tamon Ahouonon -, Elie N'Tamon Ahouonon,2004-04-22,379,Stade de Reims,17,Ligue 2,,,,
80903,2026-01-01,David Suárez -, David Suárez Cárdenes,2000-11-13,492,SV Wehen Wiesbaden,2076,3. Liga,,,,
80904,2026-01-01,Nikolas Achilleas Lysandrou -,Nikolas Achilleas LysandrouΝικόλας Αχιλλέας Λυσάνδρου,2007-12-19,100135,APOEL FC,318,1. Division,,,,
80907,2026-01-01,Konstantinos Poursaitidis -,Konstantinos PoursaitidisΚωνσταντίνος Πουρσαϊτίδης,2006-01-24,100135,APOEL FC,318,1. Division,,,,
80909,2026-01-01,Iuri Tabatadze -,Iuri Tabatadzeიური ტაბატაძე,1999-11-29,1968,Cádiz CF,54,La Liga 2,,,,
80911,2026-01-01,Patati -, Weslley Pinto Batista,2003-10-01,1906,AZ Alkmaar,10,Eredivisie,,,,
80912,2026-01-01,Pedro Ataíde -, Pedro Ataíde de Souza Oliveira,2005-06-28,100135,APOEL FC,318,1. Division,,,,
80915,2026-01-01,Jan Virgili -, Jan Virgili Tenas,2006-07-26,453,RCD Mallorca,53,La Liga,,,,
80916,2026-01-01,Luca Meirelles -, Luca Oliveira Meirelles,2007-03-15,101059,Shakhtar Donetsk,332,Premier League,,,,
80917,2026-01-01,Isaque -, Isaque Severino Silva,2007-02-24,101059,Shakhtar Donetsk,332,Premier League,,,,
80918,2026-01-01,Khaled Ali Noman Al Asbahi -,Khaled Ali Noman Al Asbahiخالد الاصبحي,2003-11-01,113037,Al Riyadh,350,Pro League,,,,
81231,2026-01-01,Matěj Šín -, Matěj Šín,2004-06-02,1906,AZ Alkmaar,10,Eredivisie,,,,
81232,2026-01-01,Ammar Nasser Al Harfi -,Ammar Nasser Al Harfiعمار ناصر الهرفي,2001-03-25,113037,Al Riyadh,350,Pro League,,,,
81233,2026-01-01,Juan Manuel Rengifo Duque -, Juan Manuel Rengifo Duque,2005-04-02,101100,Atlético Nacional,336,Categoría Primera A,,,,
81234,2026-01-01,Lalbiakdika Vanlalvunga -, Lalbiakdika Vanlalvunga,1999-12-24,113040,NorthEast United,2149,Super League,,,,
81235,2026-01-01,Abdulrahman Talal Al Khaibari -,Abdulrahman Talal Al Khaibariعبدالرحمن طلال الخيبري,2000-03-18,113217,Damac FC,350,Pro League,,,,
81236,2026-01-01,David Kaiki -, David Kaiki Flores da Silva,2004-06-26,113217,Damac FC,350,Pro League,,,,
81237,2026-01-01,Romualdas Jansonas -, Romualdas Jansonas,2005-06-01,112513,FC Arouca,308,Primeira Liga,,,,
81238,2026-01-01,Elias Mokwana -, Elias Mokwana,1999-09-08,113222,Al Hazem FC,350,Pro League,,,,
81239,2026-01-01,Aboubacar Bah -, Aboubacar Bah,2005-09-30,113222,Al Hazem FC,350,Pro League,,,,
81240,2026-01-01,Jannis Gerhard Bärtl -, Jannis Gerhard Bärtl,2006-06-24,21,FC Bayern München,19,Bundesliga,,,,
81241,2026-01-01,Fynn Ole Wolter -, Fynn Ole Wolter,2006-06-08,110678,TSV Havelse,2076,3. Liga,,,,
81248,2026-01-01,Muhammed İyyad Kadıoğlu -,Muhammed İyyad Kadıoğluمحمد إياد كاديوغلو,2007-01-01,111117,Fatih Karagümrük,68,Süper Lig,,,,
81252,2026-01-01,Cheveyo Mul-Balentien -, Cheveyo Mul-Balentien,2006-12-18,47,AC Milan,31,Serie A,,,,
81257,2026-01-01,Emanuele Lorenzelli -, Emanuele Lorenzelli,2007-05-11,110741,Spezia,32,Serie B,,,,
81260,2026-01-01,Vincent Gunnar Johansson -, Vincent Gunnar Johansson,2006-02-11,321,Halmstads BK,56,Allsvenskan,,,,
81262,2026-01-01,Andrei Coubiș -, Andrei Coubiș,2003-09-29,1837,Sampdoria,32,Serie B,,,,
81263,2026-01-01,Kamil Jakóbczyk -, Kamil Jakóbczyk,2007-10-23,873,Lech Poznań,66,Ekstraklasa,,,,
81264,2026-01-01,Bartosz Szczepankiewicz -, Bartosz Szczepankiewicz,2006-12-10,111091,Lechia Gdańsk,66,Ekstraklasa,,,,
81265,2026-01-01,Fernando Closter -, Fernando Closter,2008-07-18,110093,Independiente,353,Liga Profesional de Fútbol,,,,
81268,2026-01-01,Abdul Aziz Khalid Al Fawaz -,Abdul Aziz Khalid Al Fawazعبدالعزيز الفواز,2008-03-28,112390,Al Fateh,350,Pro League,,,,
81272,2026-01-01,Sultan Anwar Al Anzi -,Sultan Anwar Al Anziسلطان أنور العنزي,2003-08-07,111674,Al Shabab,350,Pro League,,,,
81273,2026-01-01,Eron Gojani -, Eron Gojani,2006-12-02,1756,Hamarkameratene,41,Eliteserien,,,,
81274,2026-01-01,Nana Kwame Boakye -, Nana Kwame Boakye,2005-12-05,919,SK Brann,41,Eliteserien,,,,
81276,2026-01-01,Promise Ikojo Meliga -, Promise Ikojo Meliga,2007-08-21,920,Vålerenga Fotball,41,Eliteserien,,,,
81283,2026-01-01,Miguel Nogueira -, João Miguel da Costa Nogueira,2005-02-27,1887,Vitória SC,308,Primeira Liga,,,,
81286,2026-01-01,Joe Wallis -, Joe Wallis,2005-06-07,109,West Bromwich Albion,14,Championship,,,,
81288,2026-01-01,Giorgi Tabatadze -,Giorgi Tabatadzeგიორგი ტაბატაძე,2005-10-29,822,Vejle Boldklub,1,Superliga,,,,
81291,2026-01-01,Wandepanga Ismahila Ouédraogo -, Wandepanga Ismahila Ouédraogo,1999-11-05,272,Odense Boldklub,1,Superliga,,,,
81292,2026-01-01,Ahmed Mohammed Ibrahim Omar -,Ahmed Mohammed Ibrahim Omarأحمد محمد إبراهيم عمر هوساوي,2003-06-14,113217,Damac FC,350,Pro League,,,,
81295,2026-01-01,Moustapha Sémbène -, Moustapha Sémbène,2006-06-15,112393,Al Taawoun FC,350,Pro League,,,,
81296,2026-01-01,Mads Riis Abrahamsen -, Mads Riis Abrahamsen,2007-01-13,272,Odense Boldklub,1,Superliga,,,,
81299,2026-01-01,Martijn Overmars -, Martijn Overmars,2006-06-07,1910,NEC Nijmegen,10,Eredivisie,,,,
81306,2026-01-01,Milos Pantovic -,Milos PantovicМилош Пантовић,2002-08-24,1884,Panathinaikos FC,63,Super League,,,,
81307,2026-01-01,Lorran -, Lorran Lucas Pereira de Sousa,2006-07-04,110738,Pisa,31,Serie A,,,,
81309,2026-01-01,Davide Mancini -, Davide Mancini,2005-05-02,112494,Südtirol,32,Serie B,,,,
81310,2026-01-01,Amine Daali -,Amine Daaliأمين دالي,2004-04-25,537,FCV Dender EH,4,Pro League,,,,
81312,2026-01-01,Siebe Van Keymolen -, Siebe Van Keymolen,2005-02-10,15005,SV Zulte Waregem,4,Pro League,,,,
81315,2026-01-01,Zaid Seha -, Zaid Seha,2007-01-25,111276,USL Dunkerque,17,Ligue 2,,,,
81316,2026-01-01,Carl Junior Robinson -, Carl Junior Robinson,2004-04-06,621,Livingston FC,50,Premiership,,,,
81317,2026-01-01,Vincent Akrofi Frank Ocansey -, Vincent Akrofi Frank Ocansey,2000-09-10,159,DSC Arminia Bielefeld,20,2. Bundesliga,,,,
81318,2026-01-01,Semih Sarli -, Semih Sarli,2004-03-10,159,DSC Arminia Bielefeld,20,2. Bundesliga,,,,
81319,2026-01-01,Veljko Milosavljevic -,Veljko MilosavljevicВељко Милосављевић,2007-06-28,1943,AFC Bournemouth,13,Premier League,,,,
81320,2026-01-01,Noah Fernandez -, Noah Fernandez,2008-01-09,247,PSV,10,Eredivisie,,,,
81322,2026-01-01,William Michael Brook -, William Michael Brook,2003-11-09,127,Shrewsbury Town,61,League Two,,,,
81323,2026-01-01,Daniel Hendrik Hülsenbusch -, Daniel Hendrik Hülsenbusch,2005-01-18,160,VfL Bochum 1848,20,2. Bundesliga,,,,
81324,2026-01-01,Gustavo Mancha -, Gustavo Teixeira Lopes da Conceição,2004-07-25,280,Olympiacos FC,63,Super League,,,,
81325,2026-01-01,Donnell Ocarriel McNeilly -, Donnell Ocarriel McNeilly,2005-10-30,1933,Wycombe Wanderers,60,League One,,,,
81326,2026-01-01,Adam Markhiev -,Adam MarkhievМархиев Адам Умарович,2002-03-17,171,1. FC Nürnberg,20,2. Bundesliga,1334,Finland,78,Friendly International
81327,2026-01-01,Figueiredo -, Lucas Figueiredo dos Santos,2001-08-14,717,Alverca,308,Primeira Liga,,,,
81328,2026-01-01,Vincenzo Sarno -, Vincenzo Sarno,2008-05-16,1842,Cagliari,31,Serie A,,,,
81329,2026-01-01,Ryan Wesley Ogam Rabok -, Ryan Wesley Ogam Rabok,2004-12-21,111822,Wolfsberger AC,80,Bundesliga,,,,
81336,2026-01-01,Riccardo Burgio -, Riccardo Burgio,2001-05-05,1848,SSC Bari,32,Serie B,,,,
81337,2026-01-01,Lakyle Samuel -, Lakyle Samuel,2006-05-06,112764,Bromley,61,League Two,,,,
81340,2026-01-01,Elijah Olaniyi Odede -, Elijah Olaniyi Odede,2007-01-12,294,ESTAC Troyes,17,Ligue 2,,,,
81341,2026-01-01,Lalrinzuala Lalbiaknia -, Lalrinzuala Lalbiaknia,2000-09-15,113040,NorthEast United,2149,Super League,,,,
81342,2026-01-01,Veljko Ilić -,Veljko IlićВељко Илић,2003-07-21,301,Widzew Łódź,66,Ekstraklasa,,,,
81343,2026-01-01,Bogdan Mircetic -,Bogdan MirceticБогдан Мирчетић,2005-10-25,114326,Raków Częstochowa,66,Ekstraklasa,,,,
81344,2026-01-01,Cruz Beszant -, Cruz Beszant,2007-10-02,1802,Gillingham,61,League Two,,,,
81345,2026-01-01,Lalnuntluanga Bawitlung -, Lalnuntluanga Bawitlung,1999-11-27,113300,Mumbai City FC,2149,Super League,,,,
81346,2026-01-01,Deveron Fonville -, Deveron Fonville,2003-05-16,1910,NEC Nijmegen,10,Eredivisie,,,,
81348,2026-01-01,Lamine Bèye -, Lamine Bèye,2007-05-17,112809,Famalicão,308,Primeira Liga,,,,
81358,2026-01-01,Omar Correia -, Omar Correia,2000-04-10,112124,SS Juve Stabia,32,Serie B,,,,
81377,2026-01-01,Tommaso Casalino -, Tommaso Casalino,2007-07-31,1837,Sampdoria,32,Serie B,,,,
81378,2026-01-01,Gibi -, Gibert Jordana Camara,2007-02-26,110062,Girona FC,53,La Liga,,,,
81379,2026-01-01,Zothanpuia Zothanpuia -, Zothanpuia Zothanpuia,2004-04-07,113300,Mumbai City FC,2149,Super League,,,,
81381,2026-01-01,Erik Prekop -, Erik Prekop,1997-10-08,266,SK Slavia Praha,319,První liga,,,,
81383,2026-01-01,Matheus Gonçalves -, Matheus Gonçalves Martins,2005-08-18,112387,Al Ahli SFC,350,Pro League,,,,
81388,2026-01-01,Joe Emery -, Joe Emery,2006-12-27,1807,Sheffield Wednesday,14,Championship,,,,
81389,2026-01-01,Yisa Alao -, Yisa Alao,2008-11-17,1807,Sheffield Wednesday,14,Championship,,,,
81393,2026-01-01,Adrián Molina -, Adrián Molina Colorado,2005-07-22,480,Rayo Vallecano,53,La Liga,,,,
81402,2026-01-01,Amadou Saidou Niang -, Amadou Saidou Niang,2005-08-30,111701,Al Ain,2013,Pro League,,,,
81403,2026-01-01,Mateja Djordjević -,Mateja DjordjevićМатеја Ђорђевић,2003-01-17,114161,Austin FC,39,Major League Soccer,,,,
81404,2026-01-01,Mamadou Dieng -, Mamadou Dieng,2004-02-04,111138,Minnesota United FC,39,Major League Soccer,,,,
81405,2026-01-01,Jonas Naafo -, Jonas Naafo,2006-05-10,111701,Al Ain,2013,Pro League,,,,
81406,2026-01-01,Thalys -, Thalys Henrique Gomes de Araújo,2005-02-22,1861,UD Almería,54,La Liga 2,,,,
81407,2026-01-01,Hassan Sani Muhammed -, Hassan Sani Muhammed,2006-07-21,111701,Al Ain,2013,Pro League,,,,
81409,2026-01-01,Joshua Udoh -, Joshua Udoh,2007-07-05,111701,Al Ain,2013,Pro League,,,,
81410,2026-01-01,Adem Arous -, Adem Arous,2004-07-17,111339,Kasımpaşa SK,68,Süper Lig,,,,
81412,2026-01-01,Alexis Casadei -, Alexis Casadei,2004-12-23,115494,FC Annecy,17,Ligue 2,,,,
81414,2026-01-01,Alioune Badara Mané -, Alioune Badara Mané,2003-02-10,242,RC Deportivo de La Coruña,54,La Liga 2,,,,
81415,2026-01-01,Xavier Bertoncello -, Xavier Bertoncello,2005-10-08,111398,Newcastle Jets,351,A-League Men,,,,
81416,2026-01-01,Ousseynou Fall Seck -, Ousseynou Fall Seck,2007-06-22,1786,Randers FC,1,Superliga,,,,
81418,2026-01-01,Max Cooper -, Max Cooper,2007-01-14,111398,Newcastle Jets,351,A-League Men,,,,
81422,2026-01-01,Óscar Correia Ferreira -, Óscar Correia Ferreira,1997-09-28,110078,Asociația Clubul Sportiv Petrolul 52,330,Liga I,,,,
81423,2026-01-01,Marcos Alberto Zambrano Delgado -, Marcos Alberto Zambrano Delgado,2005-01-20,111065,Real Salt Lake,39,Major League Soccer,,,,
81424,2026-01-01,Samuel Gidi -, Samuel Gidi,2004-04-15,113149,FC Cincinnati,39,Major League Soccer,,,,
81425,2026-01-01,Viktor Radojević -,Viktor RadojevićВиктор Радојевић,2004-07-14,693,Chicago Fire,39,Major League Soccer,,,,
81426,2026-01-01,Yvan Junior Djemba Mbappé Kingue -, Yvan Junior Djemba Mbappé Kingue,2005-04-14,70,Montpellier HSC,17,Ligue 2,,,,
81427,2026-01-01,Kacper Potulski -, Kacper Potulski,2007-10-19,169,1. FSV Mainz 05,19,Bundesliga,,,,
81430,2026-01-01,Ibai Aguirre -, Ibai Aguirre Basurco,2007-01-10,110711,Real Sociedad de Fútbol B,54,La Liga 2,,,,
81446,2026-01-01,Charly Aaron Vegas Espana -, Charly Aaron Vegas Espana,2007-03-20,110989,Caracas FC,2019,Primera Division,,,,
81447,2026-01-01,Marco Morigi -, Marco Morigi,2007-03-19,110989,Caracas FC,2019,Primera Division,,,,
81449,2026-01-01,Yeiker José Rebolledo Viscaya -, Yeiker José Rebolledo Viscaya,2005-04-06,114611,Academia Puerto Cabello,2019,Primera Division,,,,
81451,2026-01-01,Sebastian Esteban Flores Mallqui -, Sebastian Esteban Flores Mallqui,2005-06-15,111014,Universitario de Deportes,2020,Liga 1,,,,
81452,2026-01-01,Juan David Delgado Vásquez -, Juan David Delgado Vásquez,2005-05-08,111010,Alianza Lima,2020,Liga 1,,,,
81453,2026-01-01,Brian Jair Arias Guillén -, Brian Jair Arias Guillén,2006-09-02,111010,Alianza Lima,2020,Liga 1,,,,
81458,2026-01-01,Abdoulie Tamba -, Abdoulie Tamba,2006-01-11,702,IFK Norrköping,56,Allsvenskan,,,,
81459,2026-01-01,Matthias Nartey -, Matthias Nartey,2004-08-28,113458,IK Sirius,56,Allsvenskan,,,,
81460,2026-01-01,Baba Salifu Apiiga -, Baba Salifu Apiiga,2007-03-07,111705,IF Brommapojkarna,56,Allsvenskan,,,,
81461,2026-01-01,Christoffer Felix Cornelius Petersen -, Christoffer Felix Cornelius Petersen,1997-10-20,702,IFK Norrköping,56,Allsvenskan,,,,
81462,2026-01-01,Axel Kouame -, Axel Kouame,2003-10-14,433,AIK,56,Allsvenskan,,,,
81463,2026-01-01,Courage Otokwefor -, Courage Otokwefor,2007-06-30,111705,IF Brommapojkarna,56,Allsvenskan,,,,
81467,2026-01-01,Ernestas Lysionok -, Ernestas Lysionok,2007-03-09,110556,Genoa,31,Serie A,,,,
81468,2026-01-01,Gianluca Maria Astaldi -, Gianluca Maria Astaldi,2006-04-10,50,Parma,31,Serie A,,,,
81470,2026-01-01,Paúl Andrés Durán López -, Paúl Andrés Durán López,2005-07-03,110986,LDU Quito,2018,Serie A,,,,
81473,2026-01-01,Eduardo Andrés Delmas Schaerer -, Eduardo Andrés Delmas Schaerer,2007-04-19,101108,Club Olimpia,337,División Profesional,,,,
81474,2026-01-01,Musibau Aziz -, Musibau Aziz,2006-12-30,2017,TSV Hartberg,80,Bundesliga,,,,
81475,2026-01-01,Tochukwu Micheal Raymond -, Tochukwu Micheal Raymond,2003-11-30,111822,Wolfsberger AC,80,Bundesliga,,,,
81477,2026-01-01,Logan Dobbs -, Logan Dobbs,2006-09-21,1802,Gillingham,61,League Two,,,,
81478,2026-01-01,Damien Theodore -, Damien Theodore,2007-08-24,1802,Gillingham,61,League Two,,,,
81480,2026-01-01,Feyzo Kasumovic -, Feyzo Kasumovic,2008-01-18,111393,Adelaide United,351,A-League Men,,,,
81481,2026-01-01,Malual Nichola -, Malual Nichola,2008-05-17,111393,Adelaide United,351,A-League Men,,,,
81482,2026-01-01,Nickolas Gustavo Alfaro -, Nickolas Gustavo Alfaro,2008-02-02,111400,Sydney FC,351,A-League Men,,,,
81483,2026-01-01,Jude Robertson -, Jude Robertson,2008-08-28,110890,Crawley Town,61,League Two,,,,
81484,2026-01-01,Tyler Jordan Williams -, Tyler Jordan Williams,2007-12-22,111400,Sydney FC,351,A-League Men,,,,
81485,2026-01-01,Will Heater -, Will Heater,2006-12-27,110890,Crawley Town,61,League Two,,,,
81486,2026-01-01,Ricky Fransen -, Ricky Fransen,2007-03-23,112427,Western Sydney Wanderers,351,A-League Men,,,,
81487,2026-01-01,Ben Mewett -, Ben Mewett,2007-02-28,112427,Western Sydney Wanderers,351,A-League Men,,,,
81491,2026-01-01,Ale Gomes -, Alejandro Gomes Furtado,2008-02-14,244,Real Zaragoza,54,La Liga 2,,,,
81495,2026-01-01,Kurainashe Musanhi -, Kurainashe Musanhi,2006-03-14,1935,Colchester United,61,League Two,,,,
81496,2026-01-01,Ronnie Harvey -, Ronnie Harvey,2007-09-27,1935,Colchester United,61,League Two,,,,
81508,2026-01-01,Tankadhar Bag -, Tankadhar Bag,2003-12-07,113257,Odisha FC,2149,Super League,,,,
81509,2026-01-01,Oskar Jarde -, Oskar Jarde,2007-10-09,111705,IF Brommapojkarna,56,Allsvenskan,,,,
81510,2026-01-01,Fernando Mena -, Fernando Mena,2008-09-22,110968,Bolívar,2017,División de Fútbol Profesional,,,,
81511,2026-01-01,Victor Hugo -, Victor Hugo Ramos de Souza,2004-05-10,112393,Al Taawoun FC,350,Pro League,,,,
81512,2026-01-01,Ruan -, Ruan Pereira Duarte,2005-05-03,113142,Alanyaspor,68,Süper Lig,,,,
81513,2026-01-01,Matija Gluscevic -,Matija GluscevicМатија Глушчевић,2004-06-13,112096,Al Ettifaq,350,Pro League,,,,
81515,2026-01-01,André Miranda -, André Alexandre Mendes Miranda,2007-09-25,236,FC Porto,308,Primeira Liga,,,,
81516,2026-01-01,José Ignacio Salas Lira -, José Ignacio Salas Lira,2008-02-22,110975,Universidad Católica,335,Primera Division,,,,
81517,2026-01-01,Samet Karakoç -, Samet Karakoç,2002-10-22,741,Antalyaspor,68,Süper Lig,,,,
81518,2026-01-01,Noah José Saviolo -, Noah José Saviolo,2004-03-07,1887,Vitória SC,308,Primeira Liga,,,,
81519,2026-01-01,Rica Rocha -, Ricardo Joaquim Ferreira Rocha,2003-09-07,1887,Vitória SC,308,Primeira Liga,,,,
81520,2026-01-01,Daniel Edwards -, Daniel Edwards,1998-08-06,111766,Wellington Phoenix,351,A-League Men,,,,
81526,2026-01-01,Mathias Ferrante -, Mathias Ferrante,2006-09-01,48,Napoli,31,Serie A,,,,
81532,2026-01-01,Gonzalo Ezequiel Reyna -, Gonzalo Ezequiel Reyna,2006-07-23,101085,Racing Club,353,Liga Profesional de Fútbol,,,,
81534,2026-01-01,Kristjan Bendra -, Kristjan Bendra,2006-01-30,209,SK Sturm Graz,80,Bundesliga,,,,
81535,2026-01-01,Fousseny Max Doumbia -, Fousseny Max Doumbia,2005-02-23,1824,Eintracht Frankfurt,19,Bundesliga,,,,
81537,2026-01-01,Mickael Sebedian Dosso -, Mickael Sebedian Dosso,2005-08-23,111822,Wolfsberger AC,80,Bundesliga,,,,
81544,2026-01-01,Oscar Kabwit Tshikomb -, Oscar Kabwit Tshikomb,2005-05-05,897,FC Luzern,189,Super League,,,,
81546,2026-01-01,Len Bakker -, Len Bakker,2006-06-14,1914,PEC Zwolle,10,Eredivisie,,,,
81547,2026-01-01,David Voute -, David Voute,2005-11-04,1914,PEC Zwolle,10,Eredivisie,,,,
81551,2026-01-01,Matteo Petrignani -, Matteo Petrignani,2005-09-09,58,Sporting Club Bastia,17,Ligue 2,,,,
81552,2026-01-01,Saki Calliste Emmanuel Kouassi -, Saki Calliste Emmanuel Kouassi,2003-02-23,111376,US Boulogne Cote d'Opale,17,Ligue 2,,,,
81555,2026-01-01,Seth Antwi -, Seth Antwi,1999-11-09,113018,St. Louis CITY SC,39,Major League Soccer,,,,
81557,2026-01-01,Gilbert Mendy -, Gilbert Mendy,2004-11-05,131174,Eyüpspor,68,Süper Lig,,,,
81558,2026-01-01,Salem Mounir Bouajila -, Salem Mounir Bouajila,2007-08-01,101026,Göztepe SK,68,Süper Lig,,,,
81560,2026-01-01,Bachir Gueye -, Mouhamed El Bachir Gueye,2003-03-08,741,Antalyaspor,68,Süper Lig,,,,
81562,2026-01-01,Isyak Mohamed -, Isyak Mohamed,2008-02-21,70,Montpellier HSC,17,Ligue 2,,,,
81564,2026-01-01,David Djédjé -, David Djédjé,2007-01-30,58,Sporting Club Bastia,17,Ligue 2,,,,
81567,2026-01-01,Christ Otiniel Sadia -, Christ Otiniel Sadia,2007-04-11,131174,Eyüpspor,68,Süper Lig,,,,
81568,2026-01-01,Franck Leroy Atoen -, Franck Leroy Atoen,2006-07-21,748,Samsunspor,68,Süper Lig,,,,
81569,2026-01-01,Luca Ekrem Stancic -, Luca Ekrem Stancic,2007-01-20,101014,Medipol Başakşehir FK,68,Süper Lig,,,,
81573,2026-01-01,El Hadji Youssoupha Mbodji -, El Hadji Youssoupha Mbodji,2004-01-09,266,SK Slavia Praha,319,První liga,,,,
81578,2026-01-01,Tahsin Bülbül -, Tahsin Bülbül,2006-06-09,748,Samsunspor,68,Süper Lig,,,,
81579,2026-01-01,Bafodé Dansoko -, Bafodé Dansoko,1995-12-28,1713,FC Winterthur,189,Super League,,,,
81580,2026-01-01,Luca Ferretti -, Luca Ferretti,2003-12-23,110915,Cesena FC,32,Serie B,,,,
81581,2026-01-01,Matthew Dench -, Matthew Dench,2003-12-08,111395,Brisbane Roar,351,A-League Men,,,,
81588,2026-01-01,Devrim Şahin -, Devrim Şahin,2007-04-01,327,Beşiktaş JK,68,Süper Lig,,,,
81589,2026-01-01,Benjamin Nagel -, Benjamin Nagel,2007-11-11,1908,FC Twente,10,Eredivisie,,,,
81590,2026-01-01,Alex Mihai Orban -, Alex Mihai Orban,2008-10-14,110751,Universitatea Cluj,330,Liga I,,,,
81593,2026-01-01,Marcelo Stephano Timorán Paz -, Marcelo Stephano Timorán Paz,2006-07-08,1867,Córdoba CF,54,La Liga 2,,,,
81595,2026-01-01,Enzo Koffi Vinette -, Enzo Koffi Vinette,2006-03-04,1738,Le Havre AC,16,Ligue 1,,,,
81597,2026-01-01,Alisson -, Alisson Souza de Jesus,2005-04-11,718,Estrela da Amadora,308,Primeira Liga,,,,
81605,2026-01-01,Merijn van de Wiel -, Merijn van de Wiel,2005-12-23,1910,NEC Nijmegen,10,Eredivisie,,,,
81606,2026-01-01,Wesley Bruno Lima Delgado -, Wesley Bruno Lima Delgado,2004-03-05,112390,Al Fateh,350,Pro League,,,,
81614,2026-01-01,Viktor Alestig -, Viktor Alestig,2007-09-19,711,BK Häcken,56,Allsvenskan,,,,
81615,2026-01-01,Thiago Martín Acosta -, Thiago Martín Acosta,2005-02-25,1876,River Plate,353,Liga Profesional de Fútbol,,,,
81616,2026-01-01,Evan Anderson Brown -, Evan Anderson Brown,2007-06-09,110176,SSV Ulm 1846,2076,3. Liga,,,,
81620,2026-01-01,Lucas Martín Agustín Obregón -, Lucas Martín Agustín Obregón,2006-02-11,1876,River Plate,353,Liga Profesional de Fútbol,,,,
81621,2026-01-01,Viktor Bjarki Daðason -, Viktor Bjarki Daðason,2008-06-30,819,FC København,1,Superliga,,,,
81623,2026-01-01,Vitus Friis -, Vitus Friis,2007-03-31,272,Odense Boldklub,1,Superliga,,,,
81626,2026-01-01,Salim Laghzaoui -,Salim Laghzaouiسليم لغزاوي,2005-11-07,2041,Fredrikstad FK,41,Eliteserien,,,,
81628,2026-01-01,Tarek Aggoun -,Tarek Aggounطارق عقون,1997-10-27,114545,Metaloglobus București,330,Liga I,,,,
81629,2026-01-01,Máximo Desábato -, Máximo Desábato,2005-06-06,101083,Estudiantes de La Plata,353,Liga Profesional de Fútbol,,,,
81630,2026-01-01,Abdoul Fatha Tinde Teribe -, Abdoul Fatha Tinde Teribe,2007-06-04,433,AIK,56,Allsvenskan,,,,
81634,2026-01-01,Yanik Noah Spalt -, Yanik Noah Spalt,2007-09-03,110697,VfB Stuttgart II,2076,3. Liga,,,,
81635,2026-01-01,Theo Tobias Kretschmer -, Theo Tobias Kretschmer,2007-02-16,506,FC Erzgebirge Aue,2076,3. Liga,,,,
81643,2026-01-01,Lionel Daryl Rymmei -, Lionel Daryl Rymmei,2005-08-15,113298,FC Goa,2149,Super League,,,,
81655,2026-01-01,Danyal Hakan Zor -, Danyal Hakan Zor,2007-06-05,1832,Karlsruher SC,20,2. Bundesliga,,,,
81656,2026-01-01,Samuel Kuffour Jr. -, Samuel Kuffour Jr.,2003-10-25,1935,Colchester United,61,League Two,,,,
81659,2026-01-01,Mathis Jangeal -, Mathis Jangeal,2008-06-24,73,Paris Saint-Germain,16,Ligue 1,,,,
81660,2026-01-01,Ammar Al Khaibari -,Ammar Al Khaibariعمار محمد الخيبري,2004-09-03,113057,Al Fayha,350,Pro League,,,,
81663,2026-01-01,Pape Cabral -, Pape Cabral,2007-01-20,69,AS Monaco,16,Ligue 1,,,,
81665,2026-01-01,Aristide Jean Junior Mateta -, Aristide Jean Junior Mateta,2003-01-03,1814,Stade Lavallois Mayenne FC,17,Ligue 2,,,,
81670,2026-01-01,Iker Calderon -, Iker Calderon Balda,2006-03-27,110711,Real Sociedad de Fútbol B,54,La Liga 2,,,,
81678,2026-01-01,John-Oliver Lacayo -, John-Oliver Lacayo,2008-02-18,111705,IF Brommapojkarna,56,Allsvenskan,,,,
81684,2026-01-01,Tobias Weigel -, Tobias Weigel,2007-04-26,111235,1. FC Heidenheim 1846,19,Bundesliga,,,,
81688,2026-01-01,Alonzo Vincent -, Alonzo Vincent,2008-10-06,324,Servette FC,189,Super League,,,,
81690,2026-01-01,Villads Rutkjær -, Villads Rutkjær,2008-10-04,1788,FC Nordsjælland,1,Superliga,,,,
81708,2026-01-01,Fabian André Jakobsen -, Fabian André Jakobsen,2007-02-03,1463,FK Haugesund,41,Eliteserien,,,,
81711,2026-01-01,Felix Vater -, Felix Vater,2007-11-02,110176,SSV Ulm 1846,2076,3. Liga,,,,
81712,2026-01-01,Benedikt Ehe -, Benedikt Ehe,2007-01-12,110176,SSV Ulm 1846,2076,3. Liga,,,,
81713,2026-01-01,Marios Balamotis -,Marios BalamotisΜάριος Μπαλαμώτης,2005-05-06,278,AEK Athens,63,Super League,,,,
81717,2026-01-01,Thiago Ismael Fernández Martínez -, Thiago Ismael Fernández Martínez,2007-07-07,111008,Libertad,337,División Profesional,,,,
81724,2026-01-01,Camilo Durán -, Camilo Andres Durán Márquez,2002-02-01,113888,Qarabağ FK,313,Premyer Liqa,,,,
81725,2026-01-01,Monti Theiß -, Monti Theiß,2006-12-23,159,DSC Arminia Bielefeld,20,2. Bundesliga,,,,
81726,2026-01-01,Jan Urbich -, Jan Urbich,2004-06-23,23,Borussia Mönchengladbach,19,Bundesliga,,,,
81730,2026-01-01,David Abrangao -, David Abrangao,2004-08-08,165,SpVgg Greuther Fürth,20,2. Bundesliga,,,,
81734,2026-01-01,Ivan Lima -, Ivan Correia Posser Lima,2005-01-13,234,SL Benfica,308,Primeira Liga,,,,
81738,2026-01-01,Diego Morcillo -, Diego Morcillo Muñoz,2003-06-18,463,Deportivo Alavés,53,La Liga,,,,
81743,2026-01-01,Mateo Pérez Curci -, Mateo Pérez Curci,2006-01-24,110093,Independiente,353,Liga Profesional de Fútbol,,,,
81744,2026-01-01,Mario Santiago Barrera -, Mario Santiago Barrera,2003-01-11,111713,Club Atlético San Martín,353,Liga Profesional de Fútbol,,,,
81745,2026-01-01,Amin Laoukili -, Amin Laoukili,2005-01-14,634,Fortuna Sittard,10,Eredivisie,,,,
81746,2026-01-01,Robin van Duiven -, Robin van Duiven,2006-04-08,247,PSV,10,Eredivisie,,,,
81754,2026-01-01,Elijah Oluwashola Ogundana -, Elijah Oluwashola Ogundana,2005-02-22,101047,Dynamo Kyiv,332,Premier League,,,,
81762,2026-01-01,Tómas Óli Kristjánsson -, Tómas Óli Kristjánsson,2008-02-27,271,Aarhus Gymnastikforening,1,Superliga,,,,
81765,2026-01-01,Baye Coulibaly -, Baye Coulibaly,2006-01-08,114640,Charlotte FC,39,Major League Soccer,,,,
81766,2026-01-01,Ryan Ashley Kalms -, Ryan Ashley Kalms,2006-06-22,112224,Melbourne City FC,351,A-League Men,,,,
81769,2026-01-01,Niklas Mohr -, Niklas Mohr,2004-07-23,10030,SC Paderborn 07,20,2. Bundesliga,,,,
81771,2026-01-01,Jordan Knight -, Jordan Knight,2002-06-13,114162,Nashville SC,39,Major League Soccer,,,,
81776,2026-01-01,Ville Aleksi Jukanpoika Koski -, Ville Aleksi Jukanpoika Koski,2002-01-27,,,,,78,Friendly International,https://cdn.sofifa.net/meta/team/18570/30.png,72
81784,2026-01-01,Oiva Jukkola -, Oiva Jukkola,2002-05-21,,,,,78,Friendly International,https://cdn.sofifa.net/meta/team/18570/30.png,72
81785,2026-01-01,Jakub Martinec -, Jakub Martinec,1998-03-13,267,Sparta Praha,319,První liga,,,,
81786,2026-01-01,Matyáš Šilhavý -, Matyáš Šilhavý,2007-03-01,110468,Viktoria Plzeň,319,První liga,,,,
81789,2026-01-01,Joseph Layousse Samb -, Joseph Layousse Samb,2000-10-25,1814,Stade Lavallois Mayenne FC,17,Ligue 2,,,,
81792,2026-01-01,Rosenberg Gabriel -, Rosenberg Gabriel,1998-12-06,114168,Jamshedpur FC,2149,Super League,,,,
81793,2026-01-01,Andreas Søndenbroe -, Andreas Søndenbroe,2008-03-16,1788,FC Nordsjælland,1,Superliga,,,,
81803,2026-01-01,Theo Upton -, Theo Upton,2008-02-17,1926,Blackpool FC,60,League One,,,,
81804,2026-01-01,Jamal Williamson -, Jamal Williamson,2008-03-23,15015,Burton Albion,60,League One,,,,
81813,2026-01-01,Cristian Leonel Jaime -, Cristian Leonel Jaime,2006-07-14,1876,River Plate,353,Liga Profesional de Fútbol,,,,
81823,2026-01-01,Cheick Konaté -, Cheick Konaté,2005-08-10,111273,Red Star FC,17,Ligue 2,,,,
81831,2026-01-01,Oscar Rodrigo Alexander Acuña Vera -, Oscar Rodrigo Alexander Acuña Vera,2007-12-14,111008,Libertad,337,División Profesional,,,,
81832,2026-01-01,Tadiwanashe Kuzamba -, Tadiwanashe Kuzamba,2006-12-28,111399,Perth Glory,351,A-League Men,,,,
81839,2026-01-01,Vladyslav Veleten -,Vladyslav VeletenВелетень Владислав Сергійович,2002-10-01,,,,,78,Friendly International,https://cdn.sofifa.net/meta/team/18624/30.png,77
81842,2026-01-01,Awan Lual -, Awan Lual,2006-12-16,112427,Western Sydney Wanderers,351,A-League Men,,,,
81843,2026-01-01,Yandri David Vásquez Zambrano -, Yandri David Vásquez Zambrano,2006-08-01,112908,Independiente del Valle,2018,Serie A,,,,
81844,2026-01-01,Montrell Amare Culbreath -, Montrell Amare Culbreath,2007-08-29,32,Bayer 04 Leverkusen,19,Bundesliga,,,,
81845,2026-01-01,Pharell Nash -, Pharell Nash,2008-02-07,245,Ajax,10,Eredivisie,,,,
81846,2026-01-01,Eymen Laghrissi -, Eymen Laghrissi,2008-06-04,1832,Karlsruher SC,20,2. Bundesliga,,,,
81847,2026-01-01,Luka Hodak -, Luka Hodak,2006-06-10,263,Hajduk Split,317,Hrvatska nogometna liga,,,,
81848,2026-01-01,Max Jensen -, Max Jensen,2008-03-27,822,Vejle Boldklub,1,Superliga,,,,
81849,2026-01-01,Harouna Djibirin -, Harouna Djibirin,2006-11-05,1530,Angers SCO,16,Ligue 1,,,,
81852,2026-01-01,Filippo Bertaccini -, Filippo Bertaccini,2007-03-04,110915,Cesena FC,32,Serie B,,,,
81870,2026-01-01,Jefferson Soares Oliveira Ramos -, Jefferson Soares Oliveira Ramos,2005-05-13,112390,Al Fateh,350,Pro League,,,,
81872,2026-01-01,Odai Hussein Abdulghani Slimani -,Odai Hussein Abdulghani Slimaniعدي حسين عبدالغني سليماني,2005-03-29,131735,Al Kholood,350,Pro League,,,,
81875,2026-01-01,Vitor Vargas -, Vitor Hugo Brenneisen Vargas,2004-03-08,115892,Al-Najma SC,350,Pro League,,,,
81879,2026-01-01,Marin Prekodravac -, Marin Prekodravac,2005-03-03,115892,Al-Najma SC,350,Pro League,,,,
81886,2026-01-01,Noah Maieroni -, Noah Maieroni,2005-08-10,111395,Brisbane Roar,351,A-League Men,,,,
81888,2026-01-01,Will McKay -, Will McKay,2006-06-07,114604,Macarthur FC,351,A-League Men,,,,
81889,2026-01-01,Beckham Nicolez Soares Baker -, Beckham Nicolez Soares Baker,2008-08-08,112224,Melbourne City FC,351,A-League Men,,,,
81890,2026-01-01,Xavier Stella -, Xavier Stella,2006-08-21,111397,Melbourne Victory,351,A-League Men,,,,
81895,2026-01-01,Nehemiah Oriola II -, Nehemiah Oriola II,2007-06-11,1808,Brighton & Hove Albion,13,Premier League,,,,
81896,2026-01-01,Lucas Gardenier -, Lucas Gardenier,2007-01-04,246,Feyenoord,10,Eredivisie,,,,
81908,2026-01-01,Luca Antonio Noveli -, Luca Antonio Noveli,2008-02-02,114546,Csíkszereda Miercurea Ciuc,330,Liga I,,,,
81920,2026-01-01,Nikola Stojanović -,Nikola StojanovićНикола Стојановић,1995-02-17,114168,Jamshedpur FC,2149,Super League,,,,
81923,2026-01-01,Samir Zeljković -, Samir Zeljković,1997-09-04,115202,Punjab FC,2149,Super League,,,,
81954,2026-01-01,Nolan Xavier Muteba N'Tumba -, Nolan Xavier Muteba N'Tumba,2007-10-03,110532,SV Waldhof Mannheim,2076,3. Liga,,,,
81956,2026-01-01,Tahsin Mohammed Jamshid -,Tahsin Mohammed Jamshidتحسين جمشيد,2006-06-16,,,,,78,Friendly International,https://cdn.sofifa.net/meta/team/18544/30.png,69
81964,2026-01-01,Sheikh Aadil -, Sheikh Aadil,2005-08-02,113300,Mumbai City FC,2149,Super League,,,,
81965,2026-01-01,Mohammed Kaif -, Mohammed Kaif,2005-02-11,113300,Mumbai City FC,2149,Super League,,,,
81966,2026-01-01,Dhruv Alva -, Dhruv Alva,2002-08-28,113300,Mumbai City FC,2149,Super League,,,,
81967,2026-01-01,Harsh Kadam -, Harsh Kadam,2006-07-25,113300,Mumbai City FC,2149,Super League,,,,
81968,2026-01-01,Vasyl Burtnyk -,Vasyl BurtnykБуртник Василь Романович,2002-07-23,101047,Dynamo Kyiv,332,Premier League,,,,
81975,2026-01-01,Fodé Pascoal -, Fodé Carlos Gaspar Pascoal,2004-12-26,1896,Sporting Clube de Braga,308,Primeira Liga,,,,
81981,2026-01-01,Anaru Henri Carbonatto Cassidy -, Anaru Henri Carbonatto Cassidy,2006-02-26,111766,Wellington Phoenix,351,A-League Men,,,,
81982,2026-01-01,Vinko Stanisic -, Vinko Stanisic,2007-01-08,111393,Adelaide United,351,A-League Men,,,,
81983,2026-01-01,Zane Helweh -, Zane Helweh,2006-04-21,114604,Macarthur FC,351,A-League Men,,,,
81987,2026-01-01,Adetokunbo Adewale Ayomide Oyekunle -, Adetokunbo Adewale Ayomide Oyekunle,2007-01-09,17,Southampton,14,Championship,,,,
81988,2026-01-01,Jelani Seedorf -, Jelani Seedorf,2004-12-12,100646,Sparta Rotterdam,10,Eredivisie,,,,
81991,2026-01-01,Mika Tom Wallentowitz -, Mika Tom Wallentowitz,2007-12-28,34,FC Schalke 04,20,2. Bundesliga,,,,
81992,2026-01-01,Melih Sayin -, Melih Sayin,2003-06-23,531,SC Preußen Münster,20,2. Bundesliga,,,,
81995,2026-01-01,Zaher Ibrahim Makkawi -,Zaher Ibrahim Makkawiزاهر ابراهيم مكاوى,2006-08-01,113217,Damac FC,350,Pro League,,,,
82001,2026-01-01,Marvin Schulz -, Marvin Schulz,2004-04-11,531,SC Preußen Münster,20,2. Bundesliga,,,,
82002,2026-01-01,Melle Roede -, Melle Roede,2006-06-26,100634,Heracles Almelo,10,Eredivisie,,,,
82003,2026-01-01,Sil Blokhuis -, Sil Blokhuis,2008-03-18,100634,Heracles Almelo,10,Eredivisie,,,,
82004,2026-01-01,Jeppe Wijnreder -, Jeppe Wijnreder,2006-02-07,100634,Heracles Almelo,10,Eredivisie,,,,
82005,2026-01-01,Noa El Hamdaoui -, Noa El Hamdaoui,2007-10-25,1971,Excelsior,10,Eredivisie,,,,
82006,2026-01-01,Rafael Ribeiro -, Rafael Ribeiro Alves,1996-01-18,113301,SC Delhi,2149,Super League,,,,
82083,2026-01-01,Tadjidine Mmadi -, Tadjidine Mmadi,2007-03-03,219,Olympique de Marseille,16,Ligue 1,,,,
82084,2026-01-01,Lucas Rosier -, Lucas Rosier,2007-03-12,74,Stade Rennais FC,16,Ligue 1,,,,
82095,2026-01-01,Joey Garuccio -, Joey Garuccio,2006-11-08,111393,Adelaide United,351,A-League Men,,,,
82096,2026-01-01,Israel Mbula-Monga -, Israel Mbula-Monga,2008-07-15,111393,Adelaide United,351,A-League Men,,,,
82097,2026-01-01,Sotirios Phillis -, Sotirios Phillis,2006-08-11,111393,Adelaide United,351,A-League Men,,,,
82100,2026-01-01,Sebastian Ante Kršlović -, Sebastian Ante Kršlović,2006-07-16,114604,Macarthur FC,351,A-League Men,,,,
82101,2026-01-01,Lachlan Jason Charles -, Lachlan Jason Charles,2007-04-24,112224,Melbourne City FC,351,A-League Men,,,,
82102,2026-01-01,Emre Zahid Sağlam -, Emre Zahid Sağlam,2005-03-04,111397,Melbourne Victory,351,A-League Men,,,,
82103,2026-01-01,Richard Nkomo -, Richard Nkomo,2007-02-06,111398,Newcastle Jets,351,A-League Men,,,,
82104,2026-01-01,Jaspreet Singh -, Jaspreet Singh,1999-02-27,113302,Bengaluru FC,2149,Super League,,,,
82105,2026-01-01,Sirozhiddin Kuziev -,Sirozhiddin KuzievСирожиддин Кузиев,1996-09-01,113302,Bengaluru FC,2149,Super League,,,,
82106,2026-01-01,Emre Ünüvar -, Emre Ünüvar,2008-03-18,245,Ajax,10,Eredivisie,,,,
82107,2026-01-01,Corean Drost -, Corean Drost,2007-04-02,1914,PEC Zwolle,10,Eredivisie,,,,
82108,2026-01-01,Jayden Holtman -, Jayden Holtman,2008-10-16,1914,PEC Zwolle,10,Eredivisie,,,,
82117,2026-01-01,Manu Rodríguez -, Manuel Rodríguez Paz,2005-11-16,459,Real Sporting de Gijón,54,La Liga 2,,,,
82118,2026-01-01,Nico Riestra -, Nicolás Riestra Coalla,2007-05-30,459,Real Sporting de Gijón,54,La Liga 2,,,,
82119,2026-01-01,Djibril Gueye -, Djibril Gueye,2006-10-06,100888,CD Leganés,54,La Liga 2,,,,
82124,2026-01-01,Selton -, Selton Sued Sánchez Camilo,2007-02-20,448,Athletic Club,53,La Liga,,,,
82128,2026-01-01,Fabio Moreno Y Fell -, Fabio Moreno Y Fell,2000-06-04,169,1. FSV Mainz 05,19,Bundesliga,,,,
82130,2026-01-01,Facundo Carrizo Viña -, Facundo Carrizo Viña,2007-05-31,111019,Argentinos Juniors,353,Liga Profesional de Fútbol,,,,
82133,2026-01-01,Yazan Madani -,Yazan Madaniيزن مدني,2005-02-07,112387,Al Ahli SFC,350,Pro League,,,,
82138,2026-01-01,Izhak Hammoudi -, Izhak Hammoudi,2004-11-07,1739,Le Mans FC,17,Ligue 2,,,,
82145,2026-01-01,André Escobar Jensen -, André Escobar Jensen,2007-08-22,269,Brøndby IF,1,Superliga,,,,
82146,2026-01-01,Viggo Bønstrup Poulsen -, Viggo Bønstrup Poulsen,2008-04-07,269,Brøndby IF,1,Superliga,,,,
82147,2026-01-01,Ali Al Najar -, Ali Al Najar,2008-01-23,269,Brøndby IF,1,Superliga,,,,
82151,2026-01-01,Theodor Lundbergh -, Theodor Lundbergh,2008-08-21,320,Malmö FF,56,Allsvenskan,,,,
82154,2026-01-01,Luca Franjo Vozar -, Luca Franjo Vozar,2007-05-06,34,FC Schalke 04,20,2. Bundesliga,,,,
82157,2026-01-01,Noah Donkor Znamensky -, Noah Donkor Znamensky,2006-11-25,294,ESTAC Troyes,17,Ligue 2,,,,
82162,2026-01-01,Vicente Amaro Cárcamo Osorio -, Vicente Amaro Cárcamo Osorio,2005-07-17,110975,Universidad Católica,335,Primera Division,,,,
82163,2026-01-01,Jussi Niska -, Jussi Niska,2002-08-15,,,,,78,Friendly International,https://cdn.sofifa.net/meta/team/18570/30.png,72
82181,2026-01-01,Emil Leveälahti -, Emil Leveälahti,2006-08-22,100325,HJK Helsinki,322,Veikkausliiga,,,,
82182,2026-01-01,Antton Nylund -, Antton Nylund,2007-06-18,100325,HJK Helsinki,322,Veikkausliiga,,,,
82185,2026-01-01,Nick Twisk -, Nick Twisk,2003-03-13,1906,AZ Alkmaar,10,Eredivisie,,,,
82190,2026-01-01,Mika Karim Khadr -, Mika Karim Khadr,2006-02-21,34,FC Schalke 04,20,2. Bundesliga,,,,
82191,2026-01-01,Ayman Emran Gülaşı -, Ayman Emran Gülaşı,2006-05-05,34,FC Schalke 04,20,2. Bundesliga,,,,
82194,2026-01-01,Pharell Hensel -, Pharell Hensel,2007-06-08,175,VfL Wolfsburg,19,Bundesliga,,,,
82197,2026-01-01,Barnaby Williams -, Barnaby Williams,2006-10-08,17,Southampton,14,Championship,,,,
82199,2026-01-01,Friedrich Müller -, Friedrich Müller,2006-02-14,503,Dynamo Dresden,20,2. Bundesliga,,,,
82201,2026-01-01,Armandas Raudonis -, Armandas Raudonis,2007-07-29,112126,IFK Värnamo,56,Allsvenskan,,,,
82204,2026-01-01,Axel Dodote -, Axel Dodote,2007-01-18,1819,AS Saint-Étienne,17,Ligue 2,,,,
82207,2026-01-01,Harrison Gray -, Harrison Gray,2007-11-06,1934,Swindon Town,61,League Two,,,,
82208,2026-01-01,Thomas Lopes -, Thomas Lopes,2007-01-27,324,Servette FC,189,Super League,,,,
82209,2026-01-01,Yasir Abdullah R. Al Shammari -,Yasir Abdullah R. Al Shammariياسر عبدالله الشمري,2004-06-22,112096,Al Ettifaq,350,Pro League,,,,
82210,2026-01-01,Mishaal Sulaiman Al Dawood -,Mishaal Sulaiman Al Dawoodمشعل الداود,2008-02-08,605,Al Hilal,350,Pro League,,,,
82236,2026-01-01,El Mehdi Al Harrar -,El Mehdi Al Harrarالمهدي الحرار,2000-11-30,,,,,78,Friendly International,https://cdn.sofifa.net/meta/team/18551/30.png,79
82246,2026-01-01,Dario Marcial Espínola -, Dario Marcial Espínola,2007-02-26,112716,Cerro Porteño,337,División Profesional,,,,
82247,2026-01-01,Jorge Gabriel Marcelino Rolón -, Jorge Gabriel Marcelino Rolón,2005-08-05,112716,Cerro Porteño,337,División Profesional,,,,
82253,2026-01-01,Youssef Ayman Hafez Farahat -, Youssef Ayman Hafez Farahat,1999-03-21,,,,,78,Friendly International,https://cdn.sofifa.net/meta/team/18544/30.png,69
82264,2026-01-01,Joaquín Freitas -, Joaquín Freitas,2006-12-02,1876,River Plate,353,Liga Profesional de Fútbol,,,,
82267,2026-01-01,Paogoumang Singson -, Paogoumang Singson,2004-08-07,111633,Mohammedan SC,2149,Super League,,,,
82313,2026-01-01,Gogou Hangshing -, Lamgoulen Gou Hangshing,1997-10-05,113301,SC Delhi,2149,Super League,,,,
82314,2026-01-01,Lautaro Ismael Gutiérrez -, Lautaro Ismael Gutiérrez,2006-02-05,111022,Belgrano de Córdoba,353,Liga Profesional de Fútbol,,,,
82330,2026-01-01,Lushendry Martes -, Lushendry Martes,2008-05-06,100646,Sparta Rotterdam,10,Eredivisie,,,,
82332,2026-01-01,Ayoub Ouarghi -, Ayoub Ouarghi,2008-02-05,246,Feyenoord,10,Eredivisie,,,,
82333,2026-01-01,Shaqueel van Persie -, Shaqueel van Persie,2006-11-16,246,Feyenoord,10,Eredivisie,,,,
82334,2026-01-01,Morientes -, Alberto Morientes Palencia,2006-01-01,1854,Albacete Balompié,54,La Liga 2,,,,
82349,2026-01-01,Riley Foxe -, Riley Foxe,2006-10-10,111399,Perth Glory,351,A-League Men,,,,
82352,2026-01-01,Joel Matuanana -, Joel Matuanana,2008-01-11,897,FC Luzern,189,Super League,,,,
82353,2026-01-01,Aaron Tchamda -, Aaron Tchamda,2007-01-07,894,FC Zürich,189,Super League,,,,
82354,2026-01-01,Damien Osborne Odera -, Damien Osborne Odera,2007-07-26,894,FC Zürich,189,Super League,,,,
82355,2026-01-01,Malek Sadek Ishuayed Sanchez -, Malek Sadek Ishuayed Sanchez,2007-03-16,324,Servette FC,189,Super League,,,,
82358,2026-01-01,Harrison Bettoni -, Harrison Bettoni,2007-07-24,1917,Wigan Athletic,60,League One,,,,
82367,2026-01-01,Ali Abdulhadi Al Nakhli -,Ali Abdulhadi Al Nakhliعلى عبدالهادي النخلي,2005-02-14,131798,NEOM SC,350,Pro League,,,,
82369,2026-01-01,Abdullah Al Muhaisen -,Abdullah Al Muhaisenعبدالله المحيسن,2007-04-26,112391,Al Qadsiah FC,350,Pro League,,,,
82374,2026-01-01,Mircea Mario Tache -, Mircea Mario Tache,2005-01-22,114545,Metaloglobus București,330,Liga I,,,,
82378,2026-01-01,Macielo Tschantret -, Macielo Tschantret,2006-02-22,696,Sporting Kansas City,39,Major League Soccer,,,,
82393,2026-01-01,Ferdinand Pohl -, Ferdinand Pohl,2007-02-02,32,Bayer 04 Leverkusen,19,Bundesliga,,,,
82394,2026-01-01,Naba Mensah -, Naba Mensah,2007-05-08,32,Bayer 04 Leverkusen,19,Bundesliga,,,,
82424,2026-01-01,Georgios Kouraklis -,Georgios KouraklisΓεώργιος Κουράκλης,2006-03-18,280,Olympiacos FC,63,Super League,,,,
82425,2026-01-01,Bruno Katz -, Bruno Katz,2008-05-14,175,VfL Wolfsburg,19,Bundesliga,,,,
82426,2026-01-01,Mylo van der Lans -, Mylo van der Lans,2007-04-11,245,Ajax,10,Eredivisie,,,,
82427,2026-01-01,Elías Alexander Legendre Quiñónez -, Elías Alexander Legendre Quiñónez,2008-04-22,74,Stade Rennais FC,16,Ligue 1,,,,
82432,2026-01-01,Rodrigo Rêgo -, Rodrigo Miguel Ferreira Rêgo,2005-01-03,234,SL Benfica,308,Primeira Liga,,,,
82448,2026-01-01,Archie Baptiste -, Archie Baptiste,2005-10-28,12,Middlesbrough,14,Championship,,,,
82451,2026-01-01,Jykese Fields -, Jykese Fields,2007-06-14,110685,TSG 1899 Hoffenheim II,2076,3. Liga,,,,
82452,2026-01-01,Eyyüb Arda Yasar -, Eyyüb Arda Yasar,2008-01-21,159,DSC Arminia Bielefeld,20,2. Bundesliga,,,,
82454,2026-01-01,Miguel Mardochée Matumona -, Miguel Mardochée Matumona,2007-05-22,324,Servette FC,189,Super League,,,,
82483,2026-01-01,Bogdan Redushko -,Bogdan RedushkoРедушко Богдан Анатолійович,2007-01-07,101047,Dynamo Kyiv,332,Premier League,,,,
82485,2026-01-01,Dani Tijman -, Dani Tijman,2006-06-13,100632,Go Ahead Eagles,10,Eredivisie,,,,
82498,2026-01-01,Rodrigo Jesús López -, Rodrigo Jesús López,2002-03-29,131795,San Antonio Bulo Bulo,2017,División de Fútbol Profesional,,,,
82521,2026-01-01,Alfie Cicale -, Alfie Cicale,2002-04-19,100325,HJK Helsinki,322,Veikkausliiga,,,,
82522,2026-01-01,Lee Devitt -, Lee Devitt,2000-06-03,1571,Galway United,65,Premier Division,,,,
82665,2026-01-01,Carlos Macià -, Carlos Macià Coves,2008-09-01,483,Villarreal CF,53,La Liga,,,,
82666,2026-01-01,Younes Jaber El Meftahi -, Younes Jaber El Meftahi,2007-10-11,100646,Sparta Rotterdam,10,Eredivisie,,,,
82667,2026-01-01,Juan Fernando Arango Tortolero -, Juan Fernando Arango Tortolero,2006-06-27,110062,Girona FC,53,La Liga,,,,
82670,2026-01-01,Mamoudou Cissokho -, Mamoudou Cissokho,2007-12-20,57,AJ Auxerre,16,Ligue 1,,,,
82671,2026-01-01,Noam Obougou Jacquet -, Noam Obougou Jacquet,2006-03-15,1738,Le Havre AC,16,Ligue 1,,,,
82674,2026-01-01,Marcos Leiva -, Marcos Leiva Calvo,2005-03-26,100888,CD Leganés,54,La Liga 2,,,,
82694,2026-01-01,Mattheo Guendez -, Mattheo Guendez,2005-10-16,1823,AS Nancy Lorraine,17,Ligue 2,,,,
82697,2026-01-01,Iliès Abdelkrim -, Iliès Abdelkrim,2006-12-05,1816,Amiens SC,17,Ligue 2,,,,
82698,2026-01-01,Owen Lennox Gibs -, Owen Lennox Gibs,2006-11-21,29,1. FC Kaiserslautern,20,2. Bundesliga,,,,
82700,2026-01-01,Erik Müller -, Erik Müller,2006-06-11,29,1. FC Kaiserslautern,20,2. Bundesliga,,,,
82701,2026-01-01,Peterson Paul -, Peterson Paul,2006-11-05,1816,Amiens SC,17,Ligue 2,,,,
82702,2026-01-01,Erblin Sadikaj -, Erblin Sadikaj,2008-03-13,897,FC Luzern,189,Super League,,,,
82703,2026-01-01,Jan-Peter Zaugg -, Jan-Peter Zaugg,2006-04-10,1715,FC Thun,189,Super League,,,,
82704,2026-01-01,Adam Ilic -, Adam Ilic,2008-05-03,1715,FC Thun,189,Super League,,,,
82730,2026-01-01,Mouhamed Sissokho -, Mouhamed Sissokho,2005-01-21,111276,USL Dunkerque,17,Ligue 2,,,,
82733,2026-01-01,Justin Eversen -, Justin Eversen,2006-04-18,1903,FC Utrecht,10,Eredivisie,,,,
82735,2026-01-01,Trevor Chidubem Benedict -, Trevor Chidubem Benedict,2007-04-04,175,VfL Wolfsburg,19,Bundesliga,,,,
82736,2026-01-01,Jinairo Johnson -, Jinairo Johnson,2007-04-08,245,Ajax,10,Eredivisie,,,,
82738,2026-01-01,Daniel Brugger -, Daniel Brugger,2008-06-16,114546,Csíkszereda Miercurea Ciuc,330,Liga I,,,,
82739,2026-01-01,Kenny Quetant -, Kenny Quetant,2006-07-17,1738,Le Havre AC,16,Ligue 1,,,,
82741,2026-01-01,Fritz Henri Fleck -, Fritz Henri Fleck,2007-05-30,23,Borussia Mönchengladbach,19,Bundesliga,,,,
82744,2026-01-01,José Neto -, José Pedro Formoso Neto,2008-04-19,234,SL Benfica,308,Primeira Liga,,,,
166963,2026-01-01,Gökhan Değirmenci -, Gökhan Değirmenci,1989-03-21,101032,Kocaelispor,68,Süper Lig,,,,
170114,2026-01-01,Brian Graham -, Brian Graham,1987-11-23,79,Falkirk,50,Premiership,,,,
182896,2026-01-01,Roberto José Rosales Altuve -, Roberto José Rosales Altuve,1988-11-20,110990,Deportivo Táchira,2019,Primera Division,,,,
186507,2026-01-01,Christian Tamba Landu-Landu -, Christian Tamba Landu-Landu,1992-01-25,1523,Bryne FK,41,Eliteserien,,,,
187075,2026-01-01,Dayro Mauricio Moreno Galindo -, Dayro Mauricio Moreno Galindo,1985-09-16,101106,Once Caldas,336,Categoría Primera A,,,,
189146,2026-01-01,Dávid Attila Gróf -, Dávid Attila Gróf,1989-04-17,1874,Ferencvárosi Torna Club,64,Nemzeti Bajnokság I,,,,
190602,2026-01-01,Riccardo Brosco -, Riccardo Brosco,1991-02-03,200,Pescara,32,Serie B,,,,
193241,2026-01-01,Roberto Júnior Fernández Torres -, Roberto Júnior Fernández Torres,1988-03-29,112716,Cerro Porteño,337,División Profesional,,,,
194571,2026-01-01,Andrés Sebastián Soria Quintana -,Andrés Sebastián Soria Quintanaسيباستيان سوريا,1983-11-08,,,,,,,,
198955,2026-01-01,Juan Muñiz -, Juan Muñiz Gallego,1992-03-14,111393,Adelaide United,351,A-League Men,,,,
199259,2026-01-01,Kim Da Sol -,Da-sol Kim김다솔,1989-01-04,112555,FC Anyang,83,K League 1,,,,
200904,2026-01-01,Davide Bariti -, Davide Bariti,1991-07-07,113147,Virtus Entella,32,Serie B,,,,
201482,2026-01-01,Julián Cuesta -, Julián Cuesta Díaz,1991-03-28,741,Antalyaspor,68,Süper Lig,,,,
204042,2026-01-01,Marco Perrotta -, Marco Perrotta,1994-02-14,110912,Calcio Padova,32,Serie B,,,,
205703,2026-01-01,Miguel Bañuz -, Miguel Bañuz Antón,1993-06-26,15012,Cultural Leonesa,54,La Liga 2,,,,
205747,2026-01-01,Martin Sourzac -, Martin Sourzac,1992-03-25,1823,AS Nancy Lorraine,17,Ligue 2,,,,
207528,2026-01-01,Ross Alan Richard Frank Fitzsimons -, Ross Alan Richard Frank Fitzsimons,1994-05-28,1930,Northampton Town,60,League One,,,,
208247,2026-01-01,Lukas Spendlhofer -, Lukas Spendlhofer,1993-06-02,2017,TSV Hartberg,80,Bundesliga,,,,
208755,2026-01-01,Cristian Nedelcovici -, Cristian Nedelcovici,1993-06-02,114545,Metaloglobus București,330,Liga I,,,,
209236,2026-01-01,Guilherme -, Guilherme dos Santos Torres,1991-04-05,,,,,78,Friendly International,https://cdn.sofifa.net/meta/team/18544/30.png,69
209320,2026-01-01,Nicolas Saint-Ruf -, Nicolas Saint-Ruf,1992-10-24,1823,AS Nancy Lorraine,17,Ligue 2,,,,
209438,2026-01-01,Gustav Marcus Haglind-Sangré -, Gustav Marcus Haglind-Sangré,1995-02-04,1569,Wisła Płock,66,Ekstraklasa,,,,
209602,2026-01-01,Tommaso Cancellotti -, Tommaso Cancellotti,1992-05-22,2038,Avellino,32,Serie B,,,,
210205,2026-01-01,Dion Omar Rudchell Malone -, Dion Omar Rudchell Malone,1989-02-13,100638,Telstar,10,Eredivisie,,,,
210394,2026-01-01,Jordan Ikoko -, Jordan Ikoko,1994-02-03,100757,Dinamo Bucureşti,330,Liga I,,,,
211437,2026-01-01,Leonardo Fabrizio Bertone -, Leonardo Fabrizio Bertone,1994-03-14,1715,FC Thun,189,Super League,,,,
211438,2026-01-01,Marco Bürki -, Marco Bürki,1993-07-10,1715,FC Thun,189,Super League,,,,
212347,2026-01-01,Kim Young Chan -,Young-chan Kim김영찬 金荣赞,1993-09-04,112555,FC Anyang,83,K League 1,,,,
212485,2026-01-01,Danny Bakker -, Danny Bakker,1995-01-16,100638,Telstar,10,Eredivisie,,,,
213156,2026-01-01,Stephen Rhys Browne -, Stephen Rhys Browne,1995-11-16,135,Barnet,61,League Two,,,,
213163,2026-01-01,Milan Rodić -,Milan RodićMилaн Poдић,1991-04-02,894,FC Zürich,189,Super League,,,,
213724,2026-01-01,Bicho -, Javier Fernández Abruñedo,1996-02-20,15012,Cultural Leonesa,54,La Liga 2,,,,
214065,2026-01-01,Hans Francisco Salinas Flores -, Hans Francisco Salinas Flores,1990-04-23,112531,Deportes Iquique,335,Primera Division,,,,
214440,2026-01-01,Darío Esteban Melo Pulgar -, Darío Esteban Melo Pulgar,1994-03-24,110975,Universidad Católica,335,Primera Division,,,,
214520,2026-01-01,Edwin Fabry Castro Barros -, Edwin Fabry Castro Barros,1992-02-21,112992,Atlético Bucaramanga,336,Categoría Primera A,,,,
214661,2026-01-01,Gaspar Emmanuel Iñíguez -, Gaspar Emmanuel Iñíguez,1994-03-26,110396,Newell's Old Boys,353,Liga Profesional de Fútbol,,,,
214698,2026-01-01,Luis Ignacio Casanova Sandoval -, Luis Ignacio Casanova Sandoval,1992-07-01,112531,Deportes Iquique,335,Primera Division,,,,
214830,2026-01-01,Sebastián Emmanuel González Valdéz -, Sebastián Emmanuel González Valdéz,1992-03-04,111713,Club Atlético San Martín,353,Liga Profesional de Fútbol,,,,
214836,2026-01-01,João Luis Ortiz Pérez -, João Luis Ortiz Pérez,1991-02-10,111011,Cienciano,2020,Liga 1,,,,
214854,2026-01-01,Rúben Ignacio Farfán Arancibia -, Rúben Ignacio Farfán Arancibia,1991-09-25,112531,Deportes Iquique,335,Primera Division,,,,
214893,2026-01-01,Szymon Sobczak -, Szymon Sobczak,1992-12-07,111082,Arka Gdynia,66,Ekstraklasa,,,,
214922,2026-01-01,Álvaro Sebastián Ramos Sepúlveda -, Álvaro Sebastián Ramos Sepúlveda,1992-04-14,112531,Deportes Iquique,335,Primera Division,,,,
215011,2026-01-01,Mauro Ángel Maidana -, Mauro Ángel Maidana,1990-07-12,110990,Deportivo Táchira,2019,Primera Division,,,,
215054,2026-01-01,Víctor Leandro Cuesta -, Víctor Leandro Cuesta,1988-11-19,110396,Newell's Old Boys,353,Liga Profesional de Fútbol,,,,
215113,2026-01-01,Miguel Nicolás Bertocchi -, Miguel Nicolás Bertocchi,1989-06-09,115536,Cerro Largo,338,Primera División,,,,
215420,2026-01-01,Robbie Muirhead -, Robbie Muirhead,1996-03-08,621,Livingston FC,50,Premiership,,,,
215643,2026-01-01,Ramiro -, Ramiro Moschen Benetti,1993-05-22,695,FC Dallas,39,Major League Soccer,,,,
216230,2026-01-01,Mawouna Kodjo Amevor -, Mawouna Kodjo Amevor,1991-12-16,645,FC Volendam,10,Eredivisie,,,,
217021,2026-01-01,Sandro Lima -, Sandro César Cordovil de Lima,1990-10-28,717,Alverca,308,Primeira Liga,,,,
217990,2026-01-01,Juan Pablo Gómez Vidal -, Juan Pablo Gómez Vidal,1991-05-11,112531,Deportes Iquique,335,Primera Division,,,,
218651,2026-01-01,Pieros Sotiriou -,Pieros SotiriouΠιέρος Σωτηρίου,1993-01-13,100135,APOEL FC,318,1. Division,,,,
219175,2026-01-01,Juan Cruz Randazzo -, Juan Cruz Randazzo,1994-10-11,115472,Deportivo Riestra,353,Liga Profesional de Fútbol,,,,
219339,2026-01-01,Marcos Felipe -, Marcos Felipe de Freitas Monteiro,1996-04-13,131174,Eyüpspor,68,Süper Lig,,,,
219414,2026-01-01,Israel Alba Marín -, Israel Alba Marín,1995-05-06,112992,Atlético Bucaramanga,336,Categoría Primera A,,,,
219586,2026-01-01,Simone Russini -, Simone Russini,1996-03-20,110912,Calcio Padova,32,Serie B,,,,
219621,2026-01-01,Gary Oliver -, Gary Oliver,1995-07-14,79,Falkirk,50,Premiership,,,,
220073,2026-01-01,Maximiliano Javier Amondarain Colzada -, Maximiliano Javier Amondarain Colzada,1993-01-22,111011,Cienciano,2020,Liga 1,,,,
220147,2026-01-01,Federico Hernán Álvarez -, Federico Hernán Álvarez,1994-08-07,111715,Tigre,353,Liga Profesional de Fútbol,,,,
220346,2026-01-01,Pedro López -, Pedro López Galisteo,1995-01-21,1894,AD Ceuta FC,54,La Liga 2,,,,
220380,2026-01-01,Rami Hisham Abdel Aziz Rabia -,Rami Hisham Abdel Aziz Rabiaرامى ربيعة,1993-05-20,111701,Al Ain,2013,Pro League,,,,
220754,2026-01-01,Danilo Fabián Ortiz Soto -, Danilo Fabián Ortiz Soto,1992-07-28,111011,Cienciano,2020,Liga 1,,,,
221316,2026-01-01,Matías Javier Blázquez Lavín -, Matías Javier Blázquez Lavín,1991-05-08,112531,Deportes Iquique,335,Primera Division,,,,
221463,2026-01-01,Ernesto Exequiel Hernández Oncina -, Ernesto Exequiel Hernández Oncina,1985-07-26,112868,Boston River,338,Primera División,,,,
221493,2026-01-01,Woo Joo Seong -,Ju-seong Woo우주성,1993-06-08,2056,Daegu FC,83,K League 1,,,,
222075,2026-01-01,Yang He -,Yang He杨贺,1990-03-22,131531,Yunnan Yukun,2012,Super League,,,,
222157,2026-01-01,Daniele James Collinge -, Daniele James Collinge,1998-04-09,135,Barnet,61,League Two,,,,
222592,2026-01-01,Kim Dong Jin -,Dong-jin Kim김동진 金东珍,1992-12-28,112555,FC Anyang,83,K League 1,,,,
223100,2026-01-01,Pibe -, Agustín Emanuel Pastoriza Cacabelos,1996-01-31,15012,Cultural Leonesa,54,La Liga 2,,,,
223696,2026-01-01,Mohamed Hamdaoui -, Mohamed Hamdaoui,1993-06-10,100638,Telstar,10,Eredivisie,,,,
223827,2026-01-01,Joseph Patrick McDonnell -, Joseph Patrick McDonnell,1994-05-19,112259,AFC Wimbledon,60,League One,,,,
224142,2026-01-01,Carlos Alberto Henao Sánchez -, Carlos Alberto Henao Sánchez,1988-12-03,112992,Atlético Bucaramanga,336,Categoría Primera A,,,,
224846,2026-01-01,Konstantinos Kotsaris -,Konstantinos KotsarisΚωνσταντίνος Κότσαρης,1996-07-25,1884,Panathinaikos FC,63,Super League,,,,
224882,2026-01-01,Anthony Ribelin -, Anthony Ribelin,1996-04-08,1739,Le Mans FC,17,Ligue 2,,,,
224959,2026-01-01,Abdulrahman Al Khaibary -,Abdulrahman Al Khaibaryعبدالرحمن محمد يونس الخيبري,1988-02-03,113222,Al Hazem FC,350,Pro League,,,,
224996,2026-01-01,Francesco Belli -, Francesco Belli,1994-03-16,110912,Calcio Padova,32,Serie B,,,,
225166,2026-01-01,Xavier Lenogue -, Xavier Lenogue,1996-12-27,111376,US Boulogne Cote d'Opale,17,Ligue 2,,,,
225674,2026-01-01,Diego Nicolás Fernández Castro -, Diego Nicolás Fernández Castro,1998-03-08,112531,Deportes Iquique,335,Primera Division,,,,
225720,2026-01-01,Glenn Bijl -, Glenn Bijl,1995-07-13,230,Royal Antwerp FC,4,Pro League,,,,
225921,2026-01-01,Ramil Teymur oğlu Şeydayev -,Ramil Teymur oğlu ŞeydayevШейдаев Рамиль Теймурович,1996-03-15,113888,Qarabağ FK,313,Premyer Liqa,,,,
226182,2026-01-01,Sui Weijie -,Sui Weijie隋维杰,1983-04-06,132305,Dalian Yingbo,2012,Super League,,,,
226205,2026-01-01,Ćazim Suljić -, Ćazim Suljić,1996-10-29,1823,AS Nancy Lorraine,17,Ligue 2,,,,
226393,2026-01-01,Nicolás Franco Pelaitay -, Nicolás Franco Pelaitay,1992-12-27,111713,Club Atlético San Martín,353,Liga Profesional de Fútbol,,,,
226486,2026-01-01,César Alejandro González Ramírez -, César Alejandro González Ramírez,1997-01-11,112531,Deportes Iquique,335,Primera Division,,,,
226720,2026-01-01,Witi -, Witiness Chimoio João Quembo,1996-08-26,1891,CD Nacional,308,Primeira Liga,,,,
226730,2026-01-01,Facundo Lescano -, Facundo Lescano,1996-08-18,2038,Avellino,32,Serie B,,,,
226855,2026-01-01,Daniel Alejandro Franco -, Daniel Alejandro Franco,1991-07-15,114598,Atlético Grau,2020,Liga 1,,,,
227427,2026-01-01,Alibek Aliev -,Alibek AlievАлиев Алибек Алиевич,1996-08-16,1870,Östers IF,56,Allsvenskan,,,,
227688,2026-01-01,Khaled Al Muqaitib -,Khaled Al Muqaitibخالد المقيطيب,1992-02-03,115892,Al-Najma SC,350,Pro League,,,,
227759,2026-01-01,Calvin Miller -, Calvin Miller,1998-01-09,79,Falkirk,50,Premiership,,,,
227760,2026-01-01,Aidan Robert Nesbitt -, Aidan Robert Nesbitt,1997-02-05,79,Falkirk,50,Premiership,,,,
228134,2026-01-01,Patrick McClean -, Patrick McClean,1996-11-22,563,Sligo Rovers,65,Premier Division,,,,
228145,2026-01-01,Fabián Marcelo Hormazábal Berríos -, Fabián Marcelo Hormazábal Berríos,1996-04-26,15029,Universidad de Chile,335,Primera Division,,,,
228176,2026-01-01,Joo Hyeon Woo -,Hyun-woo Ju주현우 朱炫吾,1990-09-12,112555,FC Anyang,83,K League 1,,,,
228352,2026-01-01,Edmilson Junior -,Edmílson Junior Paulo da Silvaادميلسون جونيور,1994-08-19,,,,,78,Friendly International,https://cdn.sofifa.net/meta/team/18544/30.png,69
228457,2026-01-01,Adrian Dabasse -, Adrian Dabasse,1993-07-27,1823,AS Nancy Lorraine,17,Ligue 2,,,,
228739,2026-01-01,José Feliciano Peñarrieta Flores -, José Feliciano Peñarrieta Flores,1988-11-18,131795,San Antonio Bulo Bulo,2017,División de Fútbol Profesional,,,,
228875,2026-01-01,João Oliveira -, João Pedro Abreu de Oliveira,1996-01-06,111082,Arka Gdynia,66,Ekstraklasa,,,,
228974,2026-01-01,Damià Sabater -, Damiá Sabater Tous,1996-02-03,114545,Metaloglobus București,330,Liga I,,,,
228981,2026-01-01,Yohan Alexandre Mady Boli -, Yohan Alexandre Mady Boli,1993-11-17,741,Antalyaspor,68,Süper Lig,,,,
229208,2026-01-01,Regan Jak Booty -, Regan Jak Booty,1998-03-04,381,Barrow,61,League Two,,,,
229295,2026-01-01,Park In Hyeok -,In-hyeok Park박인혁,1995-12-29,112258,Gwangju FC,83,K League 1,,,,
229402,2026-01-01,Daniel Alexis Castillo Lavin -, Daniel Alexis Castillo Lavin,1990-10-23,112531,Deportes Iquique,335,Primera Division,,,,
229819,2026-01-01,Martin Rasner -, Martin Rasner,1995-05-18,780,SV Ried,80,Bundesliga,,,,
229856,2026-01-01,Javier Andrés Parraguez Herrera -, Javier Andrés Parraguez Herrera,1989-12-31,112531,Deportes Iquique,335,Primera Division,,,,
229921,2026-01-01,Afolabi Oladipo Christopher Akinyemi -, Afolabi Oladipo Christopher Akinyemi,1997-06-10,445,Derry City,65,Premier Division,,,,
230090,2026-01-01,Evandro -, Evandro da Silva,1997-01-14,1478,Jeju United FC,83,K League 1,,,,
230163,2026-01-01,Adam Frizzell -, Adam Frizzell,1998-02-21,445,Derry City,65,Premier Division,,,,
230207,2026-01-01,Kel Perinho -, Kel Bruno Pereira Negrão,1996-02-29,1719,Vitória,7,Série A,,,,
230270,2026-01-01,Fabiem Jardim -, Fabiem Kel Jardim Ramos,1996-02-29,569,Vasco da Gama,7,Série A,,,,
230275,2026-01-01,Emerson Avintes -, Emerson Maicon Avintes Reis,1996-02-29,569,Vasco da Gama,7,Série A,,,,
230330,2026-01-01,Nivo Serpinho -, Nivaldo Mateus Serpa Pombal,1996-02-29,569,Vasco da Gama,7,Série A,,,,
230345,2026-01-01,Raullino Meneses -, Raullino Daniel Meneses Vila,2000-02-29,1719,Vitória,7,Série A,,,,
230377,2026-01-01,Sanaldo Caiado -, Sanaldo Dilson Caiado Dutra,1992-02-29,569,Vasco da Gama,7,Série A,,,,
230405,2026-01-01,Barbosaldinho -, Luciano Renato Barbosa Baumer,1992-02-29,569,Vasco da Gama,7,Série A,,,,
230448,2026-01-01,Porphirinho -, R. Nicholas Porfírio Jardim,2000-02-29,1719,Vitória,7,Série A,,,,
230518,2026-01-01,Franci Martinho -, F. Sidney Martins Pires,1996-02-29,1719,Vitória,7,Série A,,,,
230881,2026-01-01,Joseph Richard Quigley -, Joseph Richard Quigley,1996-10-12,1920,Oldham Athletic,61,League Two,,,,
231125,2026-01-01,Liberto Beltrán -, Liberto Luis Beltrán Martínez,1996-12-26,110839,SD Huesca,54,La Liga 2,,,,
231254,2026-01-01,Attila Osváth -, Attila Osváth,1995-12-10,,,,,78,Friendly International,https://cdn.sofifa.net/meta/team/18732/30.png,74
231509,2026-01-01,Björn Anton Cajtoft -, Björn Anton Cajtoft,1994-02-13,1523,Bryne FK,41,Eliteserien,,,,
231520,2026-01-01,Kevin Leonel Sibille -, Kevin Leonel Sibille,1998-09-15,111629,East Bengal FC,2149,Super League,,,,
231526,2026-01-01,Yhoan Many Andzouana -, Yhoan Many Andzouana,1996-12-13,101033,Konyaspor,68,Süper Lig,,,,
231600,2026-01-01,Marc Navarro -, Marc Navarro Ceciliano,1995-07-02,111082,Arka Gdynia,66,Ekstraklasa,,,,
231613,2026-01-01,Shawn Fitzgerald Joseph McCoulsky -, Shawn Fitzgerald Joseph McCoulsky,1997-01-06,112222,Harrogate Town,61,League Two,,,,
231664,2026-01-01,James José Aguirre Hernández -, James José Aguirre Hernández,1992-05-21,101106,Once Caldas,336,Categoría Primera A,,,,
231706,2026-01-01,Kevin Alexander Londoño Asprilla -, Kevin Alexander Londoño Asprilla,1993-11-23,112992,Atlético Bucaramanga,336,Categoría Primera A,,,,
231946,2026-01-01,Seo Jae Min -,Jae-min Seo서재민 徐在民,1997-12-04,112558,Suwon FC,83,K League 1,,,,
232118,2026-01-01,Antoine Rabillard -, Antoine Rabillard,1995-09-22,1739,Le Mans FC,17,Ligue 2,,,,
232123,2026-01-01,Luka Gugeshashvili -,Luka Gugeshashviliლუკა გუგეშაშვილი,1999-04-29,393,PAOK,63,Super League,,,,
232170,2026-01-01,Björn Sebastian Starke Hedlund -, Björn Sebastian Starke Hedlund,1995-04-05,1870,Östers IF,56,Allsvenskan,,,,
232232,2026-01-01,Kim Jung Hyun -,Jung-hyun Kim김정현 金贤重,1993-06-01,112555,FC Anyang,83,K League 1,,,,
232264,2026-01-01,Che Shiwei -,Che Shiwei车世伟,1996-10-30,131173,Qingdao Hainiu FC,2012,Super League,,,,
232417,2026-01-01,Nicolas Kocik -, Nicolas Kocik,1998-08-04,1739,Le Mans FC,17,Ligue 2,,,,
232653,2026-01-01,Rodrigo Ernesto Tapia -, Rodrigo Ernesto Tapia,1994-09-28,114598,Atlético Grau,2020,Liga 1,,,,
232757,2026-01-01,Kyle Michael Scott -, Kyle Michael Scott,1997-12-22,110890,Crawley Town,61,League Two,,,,
233128,2026-01-01,Qamaruddin Maziar Kouhyar -,Qamaruddin Maziar Kouhyarقمرالدین مازیار کوهیار,1997-09-29,1937,Notts County,61,League Two,,,,
233190,2026-01-01,Duban Felipe Palacio Mosquera -, Duban Felipe Palacio Mosquera,1997-03-16,112667,Nacional Potosí,2017,División de Fútbol Profesional,,,,
233710,2026-01-01,Lucas Gabriel Di Yorio -, Lucas Gabriel Di Yorio,1996-11-22,15029,Universidad de Chile,335,Primera Division,,,,
233711,2026-01-01,Thomas Oude Kotte -, Thomas Oude Kotte,1996-03-20,112555,FC Anyang,83,K League 1,,,,
233777,2026-01-01,Pedro Silva Torrejón -, Pedro Silva Torrejón,1997-01-25,101084,Gimnasia y Esgrima La Plata,353,Liga Profesional de Fútbol,,,,
233918,2026-01-01,Ramón Maximiliano Velazco -, Ramón Maximiliano Velazco,1995-03-08,111713,Club Atlético San Martín,353,Liga Profesional de Fútbol,,,,
233988,2026-01-01,Vágner Norteiro -, Vágner Nilson Norteiro Brito,1996-02-29,1719,Vitória,7,Série A,,,,
233998,2026-01-01,Márcio Velinha -, Márcio Anderson Vasquez Hoffman,1992-02-29,1719,Vitória,7,Série A,,,,
234019,2026-01-01,Ranteiro Alves -, Ranteiro César Alves Catarino,1996-02-29,569,Vasco da Gama,7,Série A,,,,
234023,2026-01-01,Éder Aldralho -, Éder Marvin Aldralho Castro,2000-02-29,569,Vasco da Gama,7,Série A,,,,
234339,2026-01-01,Park Dae Hoon -,Dae-hun Park박대훈,1996-03-30,2056,Daegu FC,83,K League 1,,,,
234537,2026-01-01,Teddy Bouriaud -, Teddy Bouriaud,1997-01-03,1823,AS Nancy Lorraine,17,Ligue 2,,,,
234605,2026-01-01,Nawaf Al Shuwaier -,Nawaf Al Shuwaierنواف حمود الشويعر,1991-07-25,131735,Al Kholood,350,Pro League,,,,
234704,2026-01-01,Michał Piotr Marcjanik -, Michał Piotr Marcjanik,1994-12-15,111082,Arka Gdynia,66,Ekstraklasa,,,,
234735,2026-01-01,Aleksandar Jovanović -,Aleksandar JovanovićАлександар Јовановић,1992-12-06,101032,Kocaelispor,68,Süper Lig,,,,
234919,2026-01-01,Cristian Camilo Valencia Cifuentes -, Cristian Camilo Valencia Cifuentes,1991-12-04,131795,San Antonio Bulo Bulo,2017,División de Fútbol Profesional,,,,
234970,2026-01-01,Miguel David Terans Pérez -, Miguel David Terans Pérez,1994-08-11,101110,Peñarol,338,Primera División,,,,
235082,2026-01-01,Iacopo Cernigoi -, Iacopo Cernigoi,1995-01-04,110816,CFR Cluj,330,Liga I,,,,
235185,2026-01-01,Przemysław Stolc -, Przemysław Stolc,1994-07-03,111082,Arka Gdynia,66,Ekstraklasa,,,,
235370,2026-01-01,Yago -, Yago César da Silva,1997-05-26,112555,FC Anyang,83,K League 1,,,,
235835,2026-01-01,Alessandro Confente -, Alessandro Confente,1998-06-07,112124,SS Juve Stabia,32,Serie B,,,,
235926,2026-01-01,Federico Matías Javier Zaracho -, Federico Matías Javier Zaracho,1998-03-10,101085,Racing Club,353,Liga Profesional de Fútbol,,,,
236074,2026-01-01,Fred Soidares -, Fred Kauê Soidares Lima,1996-02-29,1719,Vitória,7,Série A,,,,
236146,2026-01-01,Marlon Dorrão -, Marlon Wilson Dorrão Barni,1996-02-29,1719,Vitória,7,Série A,,,,
236170,2026-01-01,Ever Sineiro -, Ever Tomás Sineiro Parrela,2000-02-29,569,Vasco da Gama,7,Série A,,,,
236172,2026-01-01,Nilson Padilho -, Nilson Leôncio Padilho Borges,2000-02-29,569,Vasco da Gama,7,Série A,,,,
236173,2026-01-01,Alex Doneiro -, Alex Charles Doneiro Gomes,2000-02-29,1719,Vitória,7,Série A,,,,
236178,2026-01-01,Renato Rochela -, Renato Peter Rochela Costa,1996-02-29,1719,Vitória,7,Série A,,,,
236186,2026-01-01,Ever Corredeira -, Ever José Corredeira Foz,1996-02-29,569,Vasco da Gama,7,Série A,,,,
236237,2026-01-01,Juan Cruz Bolado -, Juan Cruz Bolado,1997-07-22,111011,Cienciano,2020,Liga 1,,,,
236488,2026-01-01,Abdoulaye Traorè -, Abdoulaye Traorè,2003-06-28,15005,SV Zulte Waregem,4,Pro League,,,,
236618,2026-01-01,Laurent Lemoine -, Laurent Lemoine,1998-04-24,15005,SV Zulte Waregem,4,Pro League,,,,
236635,2026-01-01,Juan Rodríguez -, Juan Rodríguez Martínez,1995-05-08,113299,Kerala Blasters FC,2149,Super League,,,,
236985,2026-01-01,Dragoş Ionuţ Huiban -, Dragoş Ionuţ Huiban,1990-01-29,114545,Metaloglobus București,330,Liga I,,,,
237097,2026-01-01,Moon Jung In -,Jung-in Moon문정인 文政仁,1998-03-16,1473,Ulsan HD FC,83,K League 1,,,,
237324,2026-01-01,Vlad Mihai Dragomir -, Vlad Mihai Dragomir,1999-04-24,,,,,78,Friendly International,https://cdn.sofifa.net/meta/team/18638/30.png,73
237651,2026-01-01,Edgardo José Rito Cuero -, Edgardo José Rito Cuero,1996-02-17,110989,Caracas FC,2019,Primera Division,,,,
237883,2026-01-01,Rafinha -, Rafael Baldres Hermann,1997-12-29,110078,Asociația Clubul Sportiv Petrolul 52,330,Liga I,,,,
238221,2026-01-01,Nikola Hrvatsko Tavares -, Nikola Hrvatsko Tavares,1999-01-17,135,Barnet,61,League Two,,,,
238254,2026-01-01,Lee Sang Yong -,Sang-yong Lee이상용,1994-03-19,112555,FC Anyang,83,K League 1,,,,
238413,2026-01-01,Antonio Di Nardo -, Antonio Di Nardo,1998-09-30,200,Pescara,32,Serie B,,,,
238551,2026-01-01,Robinho -, Robson Azevedo da Silva,1995-07-21,113146,Mohun Bagan Super Giant,2149,Super League,,,,
238889,2026-01-01,Alejandro Artunduaga Meneses -, Alejandro Artunduaga Meneses,1997-09-09,112992,Atlético Bucaramanga,336,Categoría Primera A,,,,
238996,2026-01-01,Maxence Carlier -, Maxence Carlier,1997-03-15,1823,AS Nancy Lorraine,17,Ligue 2,,,,
239086,2026-01-01,Daniel Lønborg Thøgersen -, Daniel Lønborg Thøgersen,2000-01-08,15006,Fredericia,1,Superliga,,,,
239197,2026-01-01,Antoliano Santiago Moyano -, Antoliano Santiago Moyano,1997-09-23,112965,Central Cordoba SdE,353,Liga Profesional de Fútbol,,,,
239453,2026-01-01,Steve Furtado -, Steve Jose Furtado Pereira,1994-11-22,110075,FCV Farul Constanța,330,Liga I,,,,
239626,2026-01-01,Rafael Durán Martínez -, Rafael Durán Martínez,1997-08-20,114604,Macarthur FC,351,A-League Men,,,,
239955,2026-01-01,Jens Berland Husebø -, Jens Berland Husebø,1999-03-07,418,Tromsø IL,41,Eliteserien,,,,
239962,2026-01-01,Ivan Jukić -, Ivan Jukić,1996-06-21,112555,FC Anyang,83,K League 1,,,,
240043,2026-01-01,Filip Manojlović -,Filip ManojlovićФилип Манојловић,1996-04-25,710,Djurgårdens IF,56,Allsvenskan,,,,
240056,2026-01-01,Dominic Minz -, Dominic Minz,1999-03-07,110678,TSV Havelse,2076,3. Liga,,,,
240154,2026-01-01,Ronan Manning -, Ronan Manning,2000-05-15,563,Sligo Rovers,65,Premier Division,,,,
240252,2026-01-01,Víctor Felipe Méndez Obando -, Víctor Felipe Méndez Obando,1999-09-23,110980,Colo-Colo,335,Primera Division,,,,
240280,2026-01-01,Matheus Oliveira -, Matheus Oliveira Santos,1997-09-28,112555,FC Anyang,83,K League 1,,,,
240352,2026-01-01,Jáider Alfonso Riquett Molina -, Jáider Alfonso Riquett Molina,1990-05-10,101106,Once Caldas,336,Categoría Primera A,,,,
240392,2026-01-01,Deng Yubiao -,Deng Yubiao邓宇彪,1997-06-08,114628,Meizhou Hakka,2012,Super League,,,,
240431,2026-01-01,Jozef Dolný -, Jozef Dolný,1992-05-13,114546,Csíkszereda Miercurea Ciuc,330,Liga I,,,,
240572,2026-01-01,Emilio Stuberg Simonsen -, Emilio Stuberg Simonsen,1999-10-31,15006,Fredericia,1,Superliga,,,,
240643,2026-01-01,Hatem Ibrahim Al Juhani -,Hatem Ibrahim Al Juhaniحاتم إبراهيم الجهني,1996-07-31,113060,Al Akhdoud Saudi Club,350,Pro League,,,,
240763,2026-01-01,Jamie Sneddon -, Jamie Sneddon,1997-09-06,79,Falkirk,50,Premiership,,,,
240811,2026-01-01,Luis Marcelo Torres -, Luis Marcelo Torres,1997-11-06,101084,Gimnasia y Esgrima La Plata,353,Liga Profesional de Fútbol,,,,
240929,2026-01-01,Brad Spencer -, Brad Spencer,1996-05-16,79,Falkirk,50,Premiership,,,,
241079,2026-01-01,Charalambos Kyriakou -,Charalambos KyriakouΧαράλαμπος Κυριάκου,1995-02-09,100757,Dinamo Bucureşti,330,Liga I,,,,
241172,2026-01-01,Diego Barri -, Diego Hernández Barriuso,1995-09-19,100852,CD Castellón,54,La Liga 2,,,,
241505,2026-01-01,Thomas Carrique -, Thomas Carrique,1999-02-26,114554,FC Andorra,54,La Liga 2,,,,
241602,2026-01-01,Jhon Adolfo Arias Andrade -, Jhon Adolfo Arias Andrade,1997-09-21,110,Wolverhampton Wanderers,13,Premier League,,,,
241682,2026-01-01,Redru -, Carlos Redruello Nimo,1997-06-23,1894,AD Ceuta FC,54,La Liga 2,,,,
241855,2026-01-01,Genís -, Genís Montolio Lafuente,1996-07-23,1715,FC Thun,189,Super League,,,,
241932,2026-01-01,Lorenzo Alejandro Molina -, Lorenzo Alejandro Molina,1997-08-10,111713,Club Atlético San Martín,353,Liga Profesional de Fútbol,,,,
241997,2026-01-01,Yan Peng -,Yan Peng闫鹏,1995-05-27,132305,Dalian Yingbo,2012,Super League,,,,
242105,2026-01-01,Matvei Igonen -, Matvei Igonen,1996-10-02,113892,Degerfors IF,56,Allsvenskan,,,,
242222,2026-01-01,Lindon Selahi -, Lindon Selahi,1999-02-26,301,Widzew Łódź,66,Ekstraklasa,,,,
242451,2026-01-01,David Josué Colmán Escobar -, David Josué Colmán Escobar,1998-07-25,110396,Newell's Old Boys,353,Liga Profesional de Fútbol,,,,
242462,2026-01-01,Antonio Alejandro Díaz Campos -, Antonio Alejandro Díaz Campos,2000-04-26,15029,Universidad de Chile,335,Primera Division,,,,
242600,2026-01-01,Nicklas Strunck Jakobsen -, Nicklas Strunck Jakobsen,1999-08-17,1523,Bryne FK,41,Eliteserien,,,,
242678,2026-01-01,Juan Camilo Salazar Hinestrosa -, Juan Camilo Salazar Hinestrosa,1997-06-29,111769,Changchun Yatai,2012,Super League,,,,
242698,2026-01-01,Han Zilong -,Han Zilong韩子龙,1994-04-06,131531,Yunnan Yukun,2012,Super League,,,,
242870,2026-01-01,Monday Bassey Etim -, Monday Bassey Etim,1998-12-04,308,Universitatea Craiova,330,Liga I,,,,
242883,2026-01-01,Lee Min Soo -,Min-soo Lee이민수,1992-01-11,112555,FC Anyang,83,K League 1,,,,
243108,2026-01-01,Liu Yi -,Liu Yi刘逸,1997-01-26,132305,Dalian Yingbo,2012,Super League,,,,
243212,2026-01-01,Johann Berger -, Johann Berger,1999-07-23,110678,TSV Havelse,2076,3. Liga,,,,
243229,2026-01-01,Tim Freriks -, Tim Freriks,1998-10-02,1443,Viborg FF,1,Superliga,,,,
243316,2026-01-01,Quique Fornos -, Enrique Fornos Domínguez,1997-01-01,15012,Cultural Leonesa,54,La Liga 2,,,,
243465,2026-01-01,Carlos Alberto Romaña Mena -, Carlos Alberto Romaña Mena,1999-11-10,112992,Atlético Bucaramanga,336,Categoría Primera A,,,,
243883,2026-01-01,Joshua Endres -, Joshua Endres,1997-03-22,583,1. FC Schweinfurt 05,2076,3. Liga,,,,
243893,2026-01-01,Kenan Fatkić -, Kenan Fatkić,1997-08-20,27,FC Hansa Rostock,2076,3. Liga,,,,
244027,2026-01-01,Kristian Böhnlein -, Kristian Böhnlein,1990-05-10,583,1. FC Schweinfurt 05,2076,3. Liga,,,,
244079,2026-01-01,Besfort Leutrim Kolgeci -, Besfort Leutrim Kolgeci,1998-01-05,110678,TSV Havelse,2076,3. Liga,,,,
244094,2026-01-01,Leonard Langhans -, Leonard Langhans,1998-10-23,583,1. FC Schweinfurt 05,2076,3. Liga,,,,
244241,2026-01-01,Oliver James Kensdale -, Oliver James Kensdale,2000-04-20,135,Barnet,61,League Two,,,,
244311,2026-01-01,Lucas Ribeiro -, Lucas Ribeiro Costa,1998-10-09,15012,Cultural Leonesa,54,La Liga 2,,,,
244324,2026-01-01,Olivér Schindler -, Olivér Schindler,1999-10-16,110678,TSV Havelse,2076,3. Liga,,,,
244478,2026-01-01,Kacper Krzepisz -, Kacper Krzepisz,1999-12-16,111082,Arka Gdynia,66,Ekstraklasa,,,,
244483,2026-01-01,Manuel Gasparini -, Manuel Gasparini,2002-05-19,1746,Empoli,32,Serie B,,,,
244720,2026-01-01,Brent Georges Gabriël -, Brent Georges Gabriël,1999-01-27,15005,SV Zulte Waregem,4,Pro League,,,,
244769,2026-01-01,Sultan Mohammed Saleh Tanker -,Sultan Mohammed Saleh Tankerسلطان تنكر,1998-09-01,113222,Al Hazem FC,350,Pro League,,,,
244824,2026-01-01,Ignacio Antonio Núñez Estrada -, Ignacio Antonio Núñez Estrada,1999-01-15,110977,Unión Española,335,Primera Division,,,,
244902,2026-01-01,Facundo Ismael Castro Souto -, Facundo Ismael Castro Souto,1995-01-22,111328,CD Palestino,335,Primera Division,,,,
244906,2026-01-01,Andrea Tiritiello -, Andrea Tiritiello,1995-03-28,113147,Virtus Entella,32,Serie B,,,,
244944,2026-01-01,Rodrigo Cáseres -, Rodrigo Cáseres,1997-08-29,111713,Club Atlético San Martín,353,Liga Profesional de Fútbol,,,,
244984,2026-01-01,Lucas Pellegrini -, Lucas Pellegrini,2000-04-17,110075,FCV Farul Constanța,330,Liga I,,,,
245014,2026-01-01,Simon Janssen -, Simon Janssen,2000-09-25,1971,Excelsior,10,Eredivisie,,,,
245059,2026-01-01,Maximiliano Agustín Zelaya -, Maximiliano Agustín Zelaya,1997-03-04,1013,San Lorenzo de Almagro,353,Liga Profesional de Fútbol,,,,
245063,2026-01-01,Pasquale Pane -, Pasquale Pane,1990-03-11,2038,Avellino,32,Serie B,,,,
245094,2026-01-01,Patricio Albornoz -, Patricio Albornoz,2000-04-04,111708,Atlético Tucumán,353,Liga Profesional de Fútbol,,,,
245215,2026-01-01,Steffan Patricio Pino Briceño -, Steffan Patricio Pino Briceño,1994-02-26,112531,Deportes Iquique,335,Primera Division,,,,
245337,2026-01-01,Marcos Luis Arturia -, Marcos Luis Arturia,1998-02-08,110404,CA Banfield,353,Liga Profesional de Fútbol,,,,
245356,2026-01-01,Faisal Mohammed Al Darisi -,Faisal Mohammed Al Darisiفيصل محمد دارسي,1997-02-11,112390,Al Fateh,350,Pro League,,,,
245374,2026-01-01,Emiliano Ariel Muñoz Aizcorbe -, Emiliano Ariel Muñoz Aizcorbe,2000-07-21,115472,Deportivo Riestra,353,Liga Profesional de Fútbol,,,,
245407,2026-01-01,Nino Ziswiler -, Nino Ziswiler,1999-10-23,1715,FC Thun,189,Super League,,,,
245497,2026-01-01,Chema Núñez -, José Manuel Núñez Martín,1997-09-16,113040,NorthEast United,2149,Super League,,,,
245684,2026-01-01,Jonas Søgaard Mortensen -, Jonas Søgaard Mortensen,2001-01-16,298,Rosenborg BK,41,Eliteserien,,,,
245790,2026-01-01,Paulinho Bóia -, Paulo Henrique Pereira da Silva,1998-06-26,1891,CD Nacional,308,Primeira Liga,,,,
245851,2026-01-01,Lisandro Agustín Cabrera -, Lisandro Agustín Cabrera,1998-01-04,111708,Atlético Tucumán,353,Liga Profesional de Fútbol,,,,
245854,2026-01-01,Théo Vermot -, Théo Vermot,1997-01-27,219,Olympique de Marseille,16,Ligue 1,,,,
245908,2026-01-01,Mateo García Rojas -, Mateo García Rojas,1998-08-28,101106,Once Caldas,336,Categoría Primera A,,,,
246018,2026-01-01,Alejandro García Castillo -, Alejandro García Castillo,2001-02-28,101106,Once Caldas,336,Categoría Primera A,,,,
246264,2026-01-01,Jonas Scholz -, Jonas Scholz,1999-01-24,111239,FC Ingolstadt 04,2076,3. Liga,,,,
246332,2026-01-01,Santiago Muñoz Gómez -, Santiago Muñoz Gómez,1999-08-06,111020,Independiente Rivadavia,353,Liga Profesional de Fútbol,,,,
246348,2026-01-01,Juan Carlos Díaz Mena -, Juan Carlos Díaz Mena,2001-05-20,101106,Once Caldas,336,Categoría Primera A,,,,
246609,2026-01-01,Juan Manuel Requena -, Juan Manuel Requena,1999-01-24,110990,Deportivo Táchira,2019,Primera Division,,,,
247034,2026-01-01,Mamadouba Diaby -, Mamadouba Diaby,1997-02-16,113892,Degerfors IF,56,Allsvenskan,,,,
247037,2026-01-01,Alejo Gastón Montero -, Alejo Gastón Montero,1998-05-05,110396,Newell's Old Boys,353,Liga Profesional de Fútbol,,,,
247107,2026-01-01,Alfred Richard Scriven -, Alfred Richard Scriven,1998-01-26,1523,Bryne FK,41,Eliteserien,,,,
247214,2026-01-01,Luca Parodi -, Luca Parodi,1995-04-06,113147,Virtus Entella,32,Serie B,,,,
247310,2026-01-01,Robert Mudražija -, Robert Mudražija,1997-05-05,211,Dinamo Zagreb,317,Hrvatska nogometna liga,,,,
247490,2026-01-01,Jacob Haahr Steffensen -, Jacob Haahr Steffensen,2002-03-10,1523,Bryne FK,41,Eliteserien,,,,
247557,2026-01-01,Felix Eduardo Charrupí Mina -, Felix Eduardo Charrupí Mina,2001-05-13,112992,Atlético Bucaramanga,336,Categoría Primera A,,,,
247680,2026-01-01,Mykola Kovtalyuk -,Mykola KovtalyukКовталюк Микола Андрійович,1995-04-26,110752,FC Botoşani,330,Liga I,,,,
247774,2026-01-01,Rodrigo Iván González -, Rodrigo Iván González,2000-04-14,111707,CA Aldosivi,353,Liga Profesional de Fútbol,,,,
247776,2026-01-01,Jhon Emerson Córdoba Mosquera -, Jhon Emerson Córdoba Mosquera,2000-07-15,110953,Instituto Atlético Central Córdoba,353,Liga Profesional de Fútbol,,,,
247834,2026-01-01,Patrick Hessellund Egelund -, Patrick Hessellund Egelund,2000-08-02,15006,Fredericia,1,Superliga,,,,
248357,2026-01-01,Alexandre Lauray -, Alexandre Lauray,1997-03-18,1739,Le Mans FC,17,Ligue 2,,,,
248458,2026-01-01,Juan Camilo García Soto -, Juan Camilo García Soto,1997-02-24,101106,Once Caldas,336,Categoría Primera A,,,,
250817,2026-01-01,Gabriel Souza -, Gabriel Eugénio de Souza,1997-01-01,112516,CD Tondela,308,Primeira Liga,,,,
250992,2026-01-01,Jesús Alvarez -, Jesús Álvarez Aguado,1999-11-17,110839,SD Huesca,54,La Liga 2,,,,
251112,2026-01-01,Huang Zihao -,Huang Zihao黄子豪,2001-06-09,132305,Dalian Yingbo,2012,Super League,,,,
251274,2026-01-01,Ryan Francis Patrick Galvin -, Ryan Francis Patrick Galvin,2001-01-31,135,Barnet,61,League Two,,,,
251658,2026-01-01,Nikki Havenaar -,Nikki Havenaarハーフナー ニッキ,1995-02-16,780,SV Ried,80,Bundesliga,,,,
251721,2026-01-01,Attana Deshpande -, Attana Deshpande,1980-12-17,132681,United Tigers SC,2149,Super League,,,,
251722,2026-01-01,Abhimoda Chakraborty -, Abhimoda Chakraborty,1985-10-27,132681,United Tigers SC,2149,Super League,,,,
251723,2026-01-01,Prakul Bhatt -, Prakul Bhatt,1985-04-07,132681,United Tigers SC,2149,Super League,,,,
251724,2026-01-01,Taranjot Agarwal -, Taranjot Agarwal,1986-02-15,132681,United Tigers SC,2149,Super League,,,,
251725,2026-01-01,Tapish Atwal -, Tapish Atwal,1983-09-28,132681,United Tigers SC,2149,Super League,,,,
251727,2026-01-01,Hantidev Bhandari -, Hantidev Bhandari,1989-06-22,132681,United Tigers SC,2149,Super League,,,,
251732,2026-01-01,Remil Nadkarni -, Remil Nadkarni,1985-10-31,132681,United Tigers SC,2149,Super League,,,,
251733,2026-01-01,Palkesh Nagarajan -, Palkesh Nagarajan,1989-10-12,132681,United Tigers SC,2149,Super League,,,,
251737,2026-01-01,Jagatjiva Mangat -, Jagatjiva Mangat,1994-06-24,132681,United Tigers SC,2149,Super League,,,,
251738,2026-01-01,Madanapal Chada -, Madanapal Chada,1992-07-18,132681,United Tigers SC,2149,Super League,,,,
251739,2026-01-01,Vihaan Boral -, Vihaan Boral,1989-07-14,132681,United Tigers SC,2149,Super League,,,,
251742,2026-01-01,Gajodara Chatterjee -, Gajodara Chatterjee,1985-07-04,132681,United Tigers SC,2149,Super League,,,,
251743,2026-01-01,Adit Ginti -, Adit Ginti,1993-08-10,132681,United Tigers SC,2149,Super League,,,,
251744,2026-01-01,Abhaya Grewal -, Abhaya Grewal,1993-03-24,132681,United Tigers SC,2149,Super League,,,,
251745,2026-01-01,Chapal Palan -, Chapal Palan,1991-06-20,132681,United Tigers SC,2149,Super League,,,,
251746,2026-01-01,Randhir Jayaraman -, Randhir Jayaraman,1984-11-20,132681,United Tigers SC,2149,Super League,,,,
251747,2026-01-01,Anuvinda Khurana -, Anuvinda Khurana,1993-04-21,132681,United Tigers SC,2149,Super League,,,,
251748,2026-01-01,Dinkerrai Bajwa -, Dinkerrai Bajwa,1981-03-05,132681,United Tigers SC,2149,Super League,,,,
251857,2026-01-01,Kevin Frisorger -, Kevin Frisorger,2000-02-19,583,1. FC Schweinfurt 05,2076,3. Liga,,,,
251910,2026-01-01,Romain Matthys -, Romain Matthys,1998-07-10,100852,CD Castellón,54,La Liga 2,,,,
251927,2026-01-01,Giulio Favale -, Giulio Favale,1998-01-25,110912,Calcio Padova,32,Serie B,,,,
252029,2026-01-01,Justin Roth -, Justin Roth,2000-10-29,1715,FC Thun,189,Super League,,,,
252099,2026-01-01,Peter Gál-Andrezly -, Peter Gál-Andrezly,1990-05-03,114546,Csíkszereda Miercurea Ciuc,330,Liga I,,,,
252205,2026-01-01,Thibault Rambaud -, Thibault Rambaud,1997-04-19,115494,FC Annecy,17,Ligue 2,,,,
252571,2026-01-01,Lewis Smith -, Lewis Smith,2000-03-16,621,Livingston FC,50,Premiership,,,,
252690,2026-01-01,Choi Jeong Hoon -,Jeong-hoon Choi최정훈,1999-03-09,112115,Gangwon FC,83,K League 1,,,,
252898,2026-01-01,Ethan Ross -, Ethan Ross,2001-08-15,79,Falkirk,50,Premiership,,,,
253024,2026-01-01,George William Stanger -, George William Stanger,2000-08-15,82,Kilmarnock,50,Premiership,,,,
253112,2026-01-01,Filip Stuparevic -,Filip StuparevicФилип Ступаревић,2000-08-30,83,Motherwell FC,50,Premiership,,,,
253146,2026-01-01,Kaique Rocha -, Kaique Rocha Lima,2001-02-28,114510,Casa Pia,308,Primeira Liga,,,,
253193,2026-01-01,Jefferson Encada -, Jefferson Anilson Silva Encada,1998-04-17,718,Estrela da Amadora,308,Primeira Liga,,,,
253270,2026-01-01,Gustavo Daniel Viera Moreira -, Gustavo Daniel Viera Moreira,2000-10-21,112868,Boston River,338,Primera División,,,,
253445,2026-01-01,Marcus Lemar Ifill -, Marcus Lemar Ifill,2003-11-02,112764,Bromley,61,League Two,,,,
253460,2026-01-01,Raphaël Messi Bouli -, Raphaël Éric Messi Bouli,1992-04-28,114168,Jamshedpur FC,2149,Super League,,,,
253516,2026-01-01,Zhang Jianzhi -,Zhang Jianzhi张健智,2000-01-28,111768,Beijing Guoan,2012,Super League,,,,
253570,2026-01-01,Daniel Moisés Calero Salazar -, Daniel Moisés Calero Salazar,1998-09-12,132375,Gualberto Villarroel SJ,2017,División de Fútbol Profesional,,,,
253753,2026-01-01,Gabriel Popovic -, Gabriel Popovic,2003-07-28,111399,Perth Glory,351,A-League Men,,,,
253833,2026-01-01,Agustín González Pereira -, Agustín González Pereira,1997-01-25,111011,Cienciano,2020,Liga 1,,,,
253901,2026-01-01,Paulo César de la Cruz Telles -, Paulo César de la Cruz Telles,1999-10-22,114598,Atlético Grau,2020,Liga 1,,,,
253907,2026-01-01,Aldo Tomás Luján Fernández -, Aldo Tomás Luján Fernández,1998-08-08,111713,Club Atlético San Martín,353,Liga Profesional de Fútbol,,,,
253910,2026-01-01,Robert Javier Burbano Cobeña -, Robert Javier Burbano Cobeña,1995-10-04,114615,Mushuc Runa,2018,Serie A,,,,
254021,2026-01-01,Valentin Rabouille -, Valentin Rabouille,2000-04-15,111273,Red Star FC,17,Ligue 2,,,,
254237,2026-01-01,Carlos Alfredo Orejuela Quiñonez -, Carlos Alfredo Orejuela Quiñonez,1993-03-14,114615,Mushuc Runa,2018,Serie A,,,,
254347,2026-01-01,Alfredo Sebastián Ramúa -, Alfredo Sebastián Ramúa,1986-09-04,111011,Cienciano,2020,Liga 1,,,,
254422,2026-01-01,Kevin Marcelo Peralta Ayoví -, Kevin Marcelo Peralta Ayoví,1997-05-01,114615,Mushuc Runa,2018,Serie A,,,,
254662,2026-01-01,Ewan Hatfout -, Ewan Hatfout,2000-04-01,1739,Le Mans FC,17,Ligue 2,,,,
254774,2026-01-01,Javier Domínguez -, Javier Domínguez,2000-05-26,101108,Club Olimpia,337,División Profesional,,,,
254810,2026-01-01,Ross MacIver -, Ross MacIver,1999-02-28,79,Falkirk,50,Premiership,,,,
254833,2026-01-01,Seiji Kimura -,Seiji Kimura木村 誠二,2001-08-24,681,KVC Westerlo,4,Pro League,,,,
254871,2026-01-01,Lee Kang Hee -,Kang-hee Lee이강희,2001-08-24,256,FK Austria Wien,80,Bundesliga,,,,
255008,2026-01-01,Viktor Popov -,Viktor PopovВиктор Николаев Попов,2000-03-05,111083,Korona Kielce,66,Ekstraklasa,,,,
255039,2026-01-01,Taishi Brandon Nozawa -,Taishi Brandon Nozawa野澤 大志 ブランドン,2002-12-25,230,Royal Antwerp FC,4,Pro League,,,,
255348,2026-01-01,Gianfranco Facchineri -, Gianfranco Facchineri,2002-04-27,1571,Galway United,65,Premier Division,,,,
255378,2026-01-01,Ashvin Balaruban -, Ashvin Balaruban,2001-08-08,1715,FC Thun,189,Super League,,,,
255415,2026-01-01,Jason Matías León Alvear -, Jason Matías León Alvear,2000-05-11,111328,CD Palestino,335,Primera Division,,,,
255518,2026-01-01,Kim Min Gyu -,Min-kyu Kim김민규,1998-04-01,2055,Gimcheon Sangmu FC,83,K League 1,,,,
255579,2026-01-01,Youssef El Kachati -,Youssef El Kachatiيوسف الكشاطي,1999-11-30,1910,NEC Nijmegen,10,Eredivisie,,,,
255866,2026-01-01,Diego Agustín Fernández Servín -, Diego Agustín Fernández Servín,2002-09-02,111329,Guaraní,337,División Profesional,,,,
255881,2026-01-01,Álex Bacilio Vázquez Álvez -, Álex Bacilio Vázquez Álvez,2002-03-09,112615,Racing Club de Montevideo,338,Primera División,,,,
255912,2026-01-01,Muhammadu Mustapha Faal -, Muhammadu Mustapha Faal,1997-07-01,753,Waterford FC,65,Premier Division,,,,
256298,2026-01-01,Kevin Fery -, Kevin Fery,1994-03-31,583,1. FC Schweinfurt 05,2076,3. Liga,,,,
256314,2026-01-01,Gautier Ott -, Gautier Ott,2002-01-07,62,En Avant Guingamp,17,Ligue 2,,,,
256467,2026-01-01,Joan Felipe Parra Marin -, Joan Felipe Parra Marin,2000-06-10,101106,Once Caldas,336,Categoría Primera A,,,,
256519,2026-01-01,Jordy Steven Gillekens -, Jordy Steven Gillekens,2000-02-18,492,SV Wehen Wiesbaden,2076,3. Liga,,,,
256602,2026-01-01,Sebastián Navarro Otalora -, Sebastián Navarro Otalora,2000-07-15,101099,América de Cali,336,Categoría Primera A,,,,
256735,2026-01-01,Fabio Fehr -, Fabio Fehr,2000-01-15,1715,FC Thun,189,Super League,,,,
256846,2026-01-01,Leonel Caicedo Montano Dahl -, Leonel Caicedo Montano Dahl,1999-10-02,270,Silkeborg IF,1,Superliga,,,,
256873,2026-01-01,Julius Paris -, Julius Paris,2001-08-22,1825,MSV Duisburg,2076,3. Liga,,,,
256926,2026-01-01,Theo Ogbidi -, Theo Ogbidi,2001-02-02,162,FC Energie Cottbus,2076,3. Liga,,,,
256989,2026-01-01,Ryan Mullen -, Ryan Mullen,2001-05-18,100805,St. Mirren,50,Premiership,,,,
257029,2026-01-01,Dominik Kirnbauer -, Dominik Kirnbauer,2002-08-28,780,SV Ried,80,Bundesliga,,,,
257043,2026-01-01,Kelvin Owusu Boateng -, Kelvin Owusu Boateng,2000-03-24,256,FK Austria Wien,80,Bundesliga,,,,
257174,2026-01-01,Mathis Servais -, Mathis Servais,2004-11-23,110724,KV Mechelen,4,Pro League,,,,
257220,2026-01-01,Arman Taranis -, Arman Taranis,2001-07-30,113892,Degerfors IF,56,Allsvenskan,,,,
257472,2026-01-01,Charlie Gerard Richard Wellens -, Charlie Gerard Richard Wellens,2002-12-05,1958,Leyton Orient,60,League One,,,,
257498,2026-01-01,Darly N'Landu Lufuilu -, Darly N'Landu Lufuilu,2000-07-14,62,En Avant Guingamp,17,Ligue 2,,,,
257666,2026-01-01,Damian Hilbrycht -, Damian Hilbrycht,1998-05-19,112510,Bruk-Bet Termalica Nieciecza,66,Ekstraklasa,,,,
257718,2026-01-01,Andrew Winter -, Andrew Winter,2002-03-10,621,Livingston FC,50,Premiership,,,,
257752,2026-01-01,Federico Del Frate -, Federico Del Frate,1995-12-21,113147,Virtus Entella,32,Serie B,,,,
257800,2026-01-01,Soufiane Jebari -, Soufiane Jebari,1995-02-24,114546,Csíkszereda Miercurea Ciuc,330,Liga I,,,,
257851,2026-01-01,Connor Allan -, Connor Allan,2004-01-10,79,Falkirk,50,Premiership,,,,
257853,2026-01-01,Robert Philip Ure -, Robert Philip Ure,2004-02-26,113458,IK Sirius,56,Allsvenskan,,,,
257859,2026-01-01,Martin Njøten Palumbo -, Martin Njøten Palumbo,2002-03-05,2038,Avellino,32,Serie B,,,,
258172,2026-01-01,Mateo Mejía -, José Mateo Mejía Piedrahita,2003-03-31,10846,Burgos CF,54,La Liga 2,,,,
258196,2026-01-01,Yassine Benhattab -, Yassine Benhattab,2002-11-18,71,FC Nantes,16,Ligue 1,,,,
258339,2026-01-01,Georgios Vrakas -,Georgios VrakasΓεώργιος Βρακάς,2001-04-28,111395,Brisbane Roar,351,A-League Men,,,,
258358,2026-01-01,João Victor -, João Victor Lima Ferreira,1999-02-25,980,Daejeon Citizen,83,K League 1,,,,
258453,2026-01-01,Benjamin Babati -, Benjamin Babati,1995-11-29,114546,Csíkszereda Miercurea Ciuc,330,Liga I,,,,
258553,2026-01-01,Plamen Galabov -,Plamen GalabovПламен Йорданов Гълъбов,1995-11-02,180,Dundee FC,50,Premiership,,,,
258771,2026-01-01,Aleksandar Ćirković -,Aleksandar ĆirkovićАлександар Ћирковић,2001-09-21,111091,Lechia Gdańsk,66,Ekstraklasa,,,,
258926,2026-01-01,Justin Quincy Hubner -, Justin Quincy Hubner,2003-09-14,634,Fortuna Sittard,10,Eredivisie,,,,
258981,2026-01-01,Bryan Andrés Soto Pereira -, Bryan Andrés Soto Pereira,2001-06-01,112531,Deportes Iquique,335,Primera Division,,,,
259201,2026-01-01,Daniel Finlayson -, Daniel Finlayson,2001-01-19,621,Livingston FC,50,Premiership,,,,
259228,2026-01-01,Lenni Rae Rowan Cirino -, Lenni Rae Rowan Cirino,2003-01-25,1802,Gillingham,61,League Two,,,,
259427,2026-01-01,Patrick de Paula -, Patrick de Paula Carreiro,1999-09-08,10020,GD Estoril Praia,308,Primeira Liga,,,,
259511,2026-01-01,Sebastián Maldonado Leiva -, Sebastián Maldonado Leiva,2000-05-07,111006,Sportivo Luqueño,337,División Profesional,,,,
259588,2026-01-01,Juan David Cuesta Santos -, Juan David Cuesta Santos,1997-11-21,101106,Once Caldas,336,Categoría Primera A,,,,
259659,2026-01-01,Elsar Rodas Mendoza -, Elsar Rodas Mendoza,1994-02-28,114598,Atlético Grau,2020,Liga 1,,,,
259686,2026-01-01,Uğur Kaan Yıldız -, Uğur Kaan Yıldız,2002-08-06,101026,Göztepe SK,68,Süper Lig,,,,
259803,2026-01-01,Renato Espinosa Torres -, Renato Espinosa Torres,1998-07-06,131459,Unirea Slobozia,330,Liga I,,,,
259862,2026-01-01,Marcelo Ariel Morales Suárez -, Marcelo Ariel Morales Suárez,2003-06-06,689,New York Red Bulls,39,Major League Soccer,,,,
259906,2026-01-01,Stick Carlos Castro Palma -, Stick Carlos Castro Palma,1999-04-25,114615,Mushuc Runa,2018,Serie A,,,,
260046,2026-01-01,Manu Emmanuel Gyabuaa -, Manu Emmanuel Gyabuaa,2001-09-21,2038,Avellino,32,Serie B,,,,
260187,2026-01-01,Verthomy Schilo Boboy -, Verthomy Schilo Boboy,2003-04-19,110645,Viktoria Köln,2076,3. Liga,,,,
260275,2026-01-01,Dico Andrés Roca Montaño -, Dico Andrés Roca Montaño,1996-10-22,132375,Gualberto Villarroel SJ,2017,División de Fútbol Profesional,,,,
260298,2026-01-01,Eduardo José Herrera Alvarado -, Eduardo José Herrera Alvarado,1993-06-06,114611,Academia Puerto Cabello,2019,Primera Division,,,,
260439,2026-01-01,Jack Stevens -, Jack Stevens,2000-12-14,1920,Oldham Athletic,61,League Two,,,,
260459,2026-01-01,Metehan Altunbaş -, Metehan Altunbaş,2003-01-07,131174,Eyüpspor,68,Süper Lig,,,,
260643,2026-01-01,Juan Matías Succar Cañote -, Juan Matías Succar Cañote,1999-02-16,111010,Alianza Lima,2020,Liga 1,,,,
260776,2026-01-01,Adrien Pinot -, Adrien Pinot,2001-05-06,111376,US Boulogne Cote d'Opale,17,Ligue 2,,,,
260962,2026-01-01,Gerónimo Bortagaray Derregibus -, Gerónimo Bortagaray Derregibus,2000-08-05,112868,Boston River,338,Primera División,,,,
261673,2026-01-01,Silvinho Randy Esajas -, Silvinho Randy Esajas,2002-07-08,645,FC Volendam,10,Eredivisie,,,,
261674,2026-01-01,Xander David Severina -, Xander David Severina,2001-04-12,114510,Casa Pia,308,Primeira Liga,,,,
261934,2026-01-01,Li Xingxian -,Li Xingxian李星贤,2005-03-24,111779,Henan FC,2012,Super League,,,,
262023,2026-01-01,Rodrigo Agustín Amado Hernández -, Rodrigo Agustín Amado Hernández,2001-02-06,112868,Boston River,338,Primera División,,,,
262316,2026-01-01,Márk Kosznovszky -, Márk Kosznovszky,2002-04-17,1790,Portsmouth,14,Championship,,,,
262559,2026-01-01,Benjamin Harry Winterbottom -, Benjamin Harry Winterbottom,2001-07-16,381,Barrow,61,League Two,,,,
262580,2026-01-01,Darko Nejašmić -, Darko Nejašmić,1999-01-25,1910,NEC Nijmegen,10,Eredivisie,,,,
262586,2026-01-01,Ivan Brnić -, Ivan Brnić,2001-08-23,101014,Medipol Başakşehir FK,68,Süper Lig,,,,
262785,2026-01-01,Bradley Young -, Bradley Young,2002-05-05,1962,Bristol Rovers,61,League Two,,,,
262989,2026-01-01,Harry Stone -, Harry Stone,2002-04-20,80,Hearts,50,Premiership,,,,
263122,2026-01-01,Maximiliano Gabriel Guerrero Peña -, Maximiliano Gabriel Guerrero Peña,2000-01-21,15029,Universidad de Chile,335,Primera Division,,,,
263225,2026-01-01,Pedro Tomás Garrido Peña -, Pedro Tomás Garrido Peña,2003-10-29,15029,Universidad de Chile,335,Primera Division,,,,
263247,2026-01-01,David Matías Retamal Bascur -, David Matías Retamal Bascur,2003-04-14,15029,Universidad de Chile,335,Primera Division,,,,
263324,2026-01-01,Joseph Leonard Snowdon -, Joseph Leonard Snowdon,2004-02-14,1934,Swindon Town,61,League Two,,,,
263813,2026-01-01,Luan Patrick -, Luan Patrick Wiedthauper,2002-01-20,718,Estrela da Amadora,308,Primeira Liga,,,,
264004,2026-01-01,Alfred Lenin Caicedo Mina -, Alfred Lenin Caicedo Mina,2004-09-10,1968,Cádiz CF,54,La Liga 2,,,,
264015,2026-01-01,Nasser Abdullah Al Hulayel -, Nasser Abdullah Al Hulayel,2000-02-05,115892,Al-Najma SC,350,Pro League,,,,
264477,2026-01-01,Dylan Tait -, Dylan Tait,2001-12-01,79,Falkirk,50,Premiership,,,,
264702,2026-01-01,Kota Takai -,Kota Takai高井 幸大,2004-09-04,18,Tottenham Hotspur,13,Premier League,,,,
264770,2026-01-01,Juan Carlos Ortíz -, Juan Carlos Ortíz,1993-10-01,110990,Deportivo Táchira,2019,Primera Division,,,,
264842,2026-01-01,Calebe -, Calebe Goncalves Ferreira da Silva,2000-04-30,463,Deportivo Alavés,53,La Liga,,,,
265476,2026-01-01,Jeremy Martín Rostaing Verástegui -, Jeremy Martín Rostaing Verástegui,1995-05-25,114598,Atlético Grau,2020,Liga 1,,,,
265543,2026-01-01,José Agustín Pérez Siri -, José Agustín Pérez Siri,2000-08-20,115536,Cerro Largo,338,Primera División,,,,
265580,2026-01-01,Dariusz Stalmach -, Dariusz Stalmach,2005-12-08,110588,1. FC Magdeburg,20,2. Bundesliga,,,,
265626,2026-01-01,Mathías Daniel Llontop Díaz -, Mathías Daniel Llontop Díaz,2002-05-22,111334,FBC Melgar,2020,Liga 1,,,,
265826,2026-01-01,Joshua Geoffrey Tomlinson -, Joshua Geoffrey Tomlinson,2005-12-01,1930,Northampton Town,60,League One,,,,
265993,2026-01-01,Welington -, Welington Damascena Santos,2001-02-19,17,Southampton,14,Championship,,,,
266061,2026-01-01,Sota Kawasaki -,Sota Kawasaki川﨑 颯太,2001-07-30,169,1. FSV Mainz 05,19,Bundesliga,,,,
266190,2026-01-01,Lee Chan Ouk -,Chan-wook Lee이찬욱,2003-02-03,2055,Gimcheon Sangmu FC,83,K League 1,,,,
266252,2026-01-01,Kang Min Geu -,Min-geu Kang강민규,1998-09-07,2055,Gimcheon Sangmu FC,83,K League 1,,,,
266362,2026-01-01,Cho Seong Been -,Seong-been Cho조성빈,2001-01-05,1478,Jeju United FC,83,K League 1,,,,
266363,2026-01-01,Yeo Seung Won -,Seung-won Yeo여승원,2000-05-05,980,Daejeon Citizen,83,K League 1,,,,
266775,2026-01-01,Park Jong Hyun -,Jong-hyeon Park박종현,2000-11-24,112555,FC Anyang,83,K League 1,,,,
268283,2026-01-01,Andy René Velasco García -, Andy René Velasco García,1996-10-29,112908,Independiente del Valle,2018,Serie A,,,,
268331,2026-01-01,Luka Gagnidze -,Luka Gagnidzeლუკა გაგნიძე,2003-02-28,110832,Granada CF,54,La Liga 2,,,,
268338,2026-01-01,Samuel Rowan Williams -, Samuel Rowan Williams,2005-03-18,693,Chicago Fire,39,Major League Soccer,,,,
268441,2026-01-01,Logan Pye -, Logan Pye,2003-10-26,110313,Accrington Stanley,61,League Two,,,,
268629,2026-01-01,Sam William John Waller -, Sam William John Waller,2003-09-09,121,Crewe Alexandra,61,League Two,,,,
268803,2026-01-01,Tristan van Gilst -, Tristan van Gilst,2003-02-18,100634,Heracles Almelo,10,Eredivisie,,,,
268839,2026-01-01,Oliver Lennon George Wright -, Oliver Lennon George Wright,2002-10-25,110313,Accrington Stanley,61,League Two,,,,
268904,2026-01-01,Kallum Xzeiba Tracey Cesay -, Kallum Xzeiba Tracey Cesay,2002-09-04,113926,Salford City,61,League Two,,,,
268907,2026-01-01,Atakan Müjde -, Atakan Müjde,2003-10-25,111339,Kasımpaşa SK,68,Süper Lig,,,,
269031,2026-01-01,Yi Xianlong -,Yi Xianlong易县龙,2001-03-03,114628,Meizhou Hakka,2012,Super League,,,,
269032,2026-01-01,Chen Zeshi -,Chen Zeshi陈泽仕,2005-02-21,111724,Shandong Taishan,2012,Super League,,,,
269037,2026-01-01,Wei Suowei -,Wei Suowei韦所为,2005-05-20,131173,Qingdao Hainiu FC,2012,Super League,,,,
269099,2026-01-01,Nor-Nor Emmanuel Maviram -, Nor-Nor Emmanuel Maviram,2001-04-04,112516,CD Tondela,308,Primeira Liga,,,,
269115,2026-01-01,Meng Jingchao -,Meng Jingchao孟敬朝,2004-01-09,112540,Shanghai Port,2012,Super League,,,,
269192,2026-01-01,Anıl Yiğit Çınar -, Anıl Yiğit Çınar,2003-07-10,111117,Fatih Karagümrük,68,Süper Lig,,,,
269243,2026-01-01,Dion Vlak -, Dion Vlak,2001-06-28,645,FC Volendam,10,Eredivisie,,,,
269257,2026-01-01,Alex Plat -, Alex Plat,1998-02-04,645,FC Volendam,10,Eredivisie,,,,
269340,2026-01-01,Kacper Karasek -, Kacper Karasek,2002-03-20,111097,Motor Lublin,66,Ekstraklasa,,,,
269531,2026-01-01,Zhong Haoran -,Zhong Haoran钟浩然,1994-07-15,114628,Meizhou Hakka,2012,Super League,,,,
269537,2026-01-01,Bao Shengxin -,Bao Shengxin鲍盛鑫,2003-08-01,112163,Zhejiang FC,2012,Super League,,,,
269635,2026-01-01,Vadim Murria Soriano -, Vadim Murria Soriano,2000-09-07,110072,Oțelul Galați,330,Liga I,,,,
269809,2026-01-01,Joaquín Azzem Vergés Collazo -, Joaquín Azzem Vergés Collazo,1992-06-01,114615,Mushuc Runa,2018,Serie A,,,,
269842,2026-01-01,Shin Yamada -,Shin Yamada山田 新,2000-05-30,78,Celtic,50,Premiership,,,,
270023,2026-01-01,Theo Janotta -, Theo Janotta,2003-09-18,487,VfL Osnabrück,2076,3. Liga,,,,
270101,2026-01-01,Edoardo Saporiti -, Edoardo Saporiti,2001-09-17,1746,Empoli,32,Serie B,,,,
270140,2026-01-01,Kristi Julian Montgomery -, Kristi Julian Montgomery,2004-05-31,3,Blackburn Rovers,14,Championship,,,,
270336,2026-01-01,Max Paul Dickov -, Max Paul Dickov,2002-04-27,1940,Mansfield Town,60,League One,,,,
270463,2026-01-01,Nikola Čavlina -, Nikola Čavlina,2002-06-02,1745,Como,31,Serie A,,,,
270599,2026-01-01,Leonardo Alexander Rolón Acosta -, Leonardo Alexander Rolón Acosta,2003-05-16,111329,Guaraní,337,División Profesional,,,,
270609,2026-01-01,Kyrece Joshua Lisbie -, Kyrece Joshua Lisbie,2003-12-01,1935,Colchester United,61,League Two,,,,
271065,2026-01-01,Thomas Vincent McDermott -, Thomas Vincent McDermott,2005-06-01,127,Shrewsbury Town,61,League Two,,,,
271202,2026-01-01,Nicolò Cavuoti -, Nicolò Cavuoti,2003-04-04,1842,Cagliari,31,Serie A,,,,
271425,2026-01-01,Tony Lauren Yogane -, Tony Lauren Yogane,2005-09-24,180,Dundee FC,50,Premiership,,,,
271430,2026-01-01,Luca Jack Alexander Woodhouse -, Luca Jack Alexander Woodhouse,2004-07-25,143,Exeter City,60,League One,,,,
271605,2026-01-01,Jakob Knollmüller -, Jakob Knollmüller,2003-07-26,110720,Blau-Weiß Linz,80,Bundesliga,,,,
271657,2026-01-01,Xu Bin -,Xu Bin徐彬,2004-05-02,131488,Qingdao West Coast FC,2012,Super League,,,,
271721,2026-01-01,Pape Demba Diop -, Pape Demba Diop,2003-09-04,171,1. FC Nürnberg,20,2. Bundesliga,,,,
271748,2026-01-01,Roy Johannes Maria Steur -, Roy Johannes Maria Steur,2005-02-01,645,FC Volendam,10,Eredivisie,,,,
271751,2026-01-01,Harry Griffiths -, Harry Griffiths,2005-05-04,1937,Notts County,61,League Two,,,,
271772,2026-01-01,Felipe Andrés Massri Antihuay -,Felipe Andrés Massri Antihuayفيليبي المصري,2002-02-18,110977,Unión Española,335,Primera Division,,,,
271873,2026-01-01,Abdelmounaim Boutouil -,Abdelmounaim Boutouilعبد المنعم بوطويل,1998-01-09,113222,Al Hazem FC,350,Pro League,,,,
271924,2026-01-01,Gabriele Indragoli -, Gabriele Indragoli,2004-02-20,1746,Empoli,32,Serie B,,,,
272417,2026-01-01,Santiago Ibraim Silva Azambuja -, Santiago Ibraim Silva Azambuja,1999-05-01,101099,América de Cali,336,Categoría Primera A,,,,
272421,2026-01-01,Diego Romero Lanz -, Diego Romero Lanz,2000-03-02,111325,Club Nacional de Football,338,Primera División,,,,
272422,2026-01-01,Martín Fernández Benítez -, Martín Fernández Benítez,2003-06-23,1888,Gil Vicente FC,308,Primeira Liga,,,,
272423,2026-01-01,Marco Leonardo Mancebo Clavero -, Marco Leonardo Mancebo Clavero,2001-05-02,112868,Boston River,338,Primera División,,,,
272490,2026-01-01,Leonard Richard Costa Martínez -, Leonard Richard Costa Martínez,1998-08-24,111020,Independiente Rivadavia,353,Liga Profesional de Fútbol,,,,
272518,2026-01-01,Andreas Nibe Hansen -, Andreas Nibe Hansen,2003-05-31,112199,Sarpsborg 08 FF,41,Eliteserien,,,,
272540,2026-01-01,Jerome Ngom Mbekeli -, Jerome Ngom Mbekeli,1998-09-30,114628,Meizhou Hakka,2012,Super League,,,,
272566,2026-01-01,Áron Csongvai -, Áron Csongvai,2000-10-31,433,AIK,56,Allsvenskan,1886,Hungary,78,Friendly International
272573,2026-01-01,Emiliano Rodríguez Rosales -, Emiliano Rodríguez Rosales,2003-07-16,111707,CA Aldosivi,353,Liga Profesional de Fútbol,,,,
272918,2026-01-01,Fredrik Philip Ferdinand Nissen -, Fredrik Philip Ferdinand Nissen,2005-03-28,433,AIK,56,Allsvenskan,,,,
272951,2026-01-01,Kevin Duván Castaño Gil -, Kevin Duván Castaño Gil,2000-09-29,1876,River Plate,353,Liga Profesional de Fútbol,,,,
272992,2026-01-01,Bruno Mota -, Bruno Rodrigues Mota,1996-02-10,112555,FC Anyang,83,K League 1,,,,
273046,2026-01-01,Luca Prasse -, Luca Prasse,2004-06-11,576,Holstein Kiel,20,2. Bundesliga,,,,
273572,2026-01-01,Oluwatobiloba Joseph Ikenna Oluwayemi -, Oluwatobiloba Joseph Ikenna Oluwayemi,2003-05-08,82,Kilmarnock,50,Premiership,,,,
273573,2026-01-01,Matthew James Healy -, Matthew James Healy,2002-04-12,306,Shamrock Rovers,65,Premier Division,,,,
273582,2026-01-01,Jovan Lukić -,Jovan LukićЈован Лукић,2002-01-20,112134,Philadelphia Union,39,Major League Soccer,,,,
273583,2026-01-01,Deivid Celestino Tegues Hernández -, Deivid Celestino Tegues Hernández,2004-02-05,110989,Caracas FC,2019,Primera Division,,,,
273598,2026-01-01,Michael Kofi Adu-Poku -, Michael Kofi Adu-Poku,2005-09-22,381,Barrow,61,League Two,,,,
273678,2026-01-01,Gabriel Gheorghe -, Gabriel Gheorghe,2006-10-12,310,Rapid Bucuresti,330,Liga I,,,,
273690,2026-01-01,Mateus -, Mateus Oliveira Mendes,2002-05-02,717,Alverca,308,Primeira Liga,,,,
273795,2026-01-01,Cho Young Kwang -,Young-kwang Cho조영광,2004-03-11,982,FC Seoul,83,K League 1,,,,
273814,2026-01-01,Choi Sung Bum -,Sung-bum Choi최성범,2001-12-24,112555,FC Anyang,83,K League 1,,,,
273815,2026-01-01,Moon Seong Woo -,Seong-woo Moon문성우,2003-05-15,112555,FC Anyang,83,K League 1,,,,
273854,2026-01-01,Emiliano Federico Álvarez Silva -, Emiliano Federico Álvarez Silva,2001-02-06,111716,Club Atlético Unión,353,Liga Profesional de Fútbol,,,,
273872,2026-01-01,Radnóti Dániel István -, Radnóti Dániel István,2006-10-01,1874,Ferencvárosi Torna Club,64,Nemzeti Bajnokság I,,,,
274010,2026-01-01,Maximiliano Nahuel Añasco Dornells -, Maximiliano Nahuel Añasco Dornells,2001-05-04,115536,Cerro Largo,338,Primera División,,,,
274041,2026-01-01,Kim Do Hyun -,Do-hyun Kim김도현,2004-05-12,112115,Gangwon FC,83,K League 1,,,,
274069,2026-01-01,Brodi Hughes -, Brodi Hughes,2004-10-16,112259,AFC Wimbledon,60,League One,,,,
274121,2026-01-01,Charlie Casper -, Charlie Casper,2005-04-04,92,Grimsby Town,61,League Two,,,,
274207,2026-01-01,Bruno Antúnez D'Espaux -, Bruno Antúnez D'Espaux,2003-01-31,112868,Boston River,338,Primera División,,,,
274278,2026-01-01,Lee Taek Keun -,Taek-geun Lee이택근,2001-12-15,112558,Suwon FC,83,K League 1,,,,
274393,2026-01-01,Ken Eghosa Gideon Izekor -, Ken Eghosa Gideon Izekor,2007-05-24,32,Bayer 04 Leverkusen,19,Bundesliga,,,,
274479,2026-01-01,Jake Anthony Oram -, Jake Anthony Oram,2006-02-22,142,Doncaster Rovers,60,League One,,,,
274491,2026-01-01,Alexander Nicolás González Pérez -, Alexander Nicolás González Pérez,2002-08-08,112868,Boston River,338,Primera División,,,,
274630,2026-01-01,Jack Thomson -, Jack Thomson,2000-01-20,82,Kilmarnock,50,Premiership,,,,
274672,2026-01-01,Seo Myeong Kwan -,Myeong-kwan Seo서명관,2002-11-23,1473,Ulsan HD FC,83,K League 1,,,,
274686,2026-01-01,Nimfasha Berchimas -, Nimfasha Berchimas,2008-02-22,114640,Charlotte FC,39,Major League Soccer,,,,
274974,2026-01-01,Máximo Augusto Carrizo Ballesteros -, Máximo Augusto Carrizo Ballesteros,2008-02-28,112828,New York City FC,39,Major League Soccer,,,,
274988,2026-01-01,Elyh Samuel Harrison -, Elyh Samuel Harrison,2006-02-19,127,Shrewsbury Town,61,League Two,,,,
275056,2026-01-01,Saidou Alioum Moubarak -, Saidou Alioum Moubarak,2003-07-25,319,IFK Göteborg,56,Allsvenskan,,,,
275076,2026-01-01,Kang Joon Hyuck -,Joon-hyuck Kang강준혁,1999-10-20,112115,Gangwon FC,83,K League 1,,,,
275077,2026-01-01,Fran Topić -, Fran Topić,2004-03-20,211,Dinamo Zagreb,317,Hrvatska nogometna liga,,,,
275179,2026-01-01,Alcides Javier Barbotte Fariña -, Alcides Javier Barbotte Fariña,2002-06-26,111329,Guaraní,337,División Profesional,,,,
275195,2026-01-01,Yanis Nikolas Christian Pîrvu -, Yanis Nikolas Christian Pîrvu,2007-04-02,100759,FC Argeș,330,Liga I,,,,
275206,2026-01-01,Livano Shyron Liomar Comenencia -, Livano Shyron Liomar Comenencia,2004-02-03,894,FC Zürich,189,Super League,,,,
275209,2026-01-01,Lucas Humberto Assadi Reygadas -, Lucas Humberto Assadi Reygadas,2004-01-08,15029,Universidad de Chile,335,Primera Division,,,,
275224,2026-01-01,Christ Sarkodjé Manca Kouadio -, Christ Sarkodjé Manca Kouadio,2000-12-23,114545,Metaloglobus București,330,Liga I,,,,
275244,2026-01-01,Ishé Barrington Samuels-Smith -, Ishé Barrington Samuels-Smith,2006-06-05,1960,Swansea City,14,Championship,,,,
275301,2026-01-01,Trevan Sanusi -, Trevan Sanusi,2007-04-25,217,FC Lorient,16,Ligue 1,,,,
275317,2026-01-01,Mathieu Patouillet -, Mathieu Patouillet,2004-02-20,605,Al Hilal,350,Pro League,,,,
275374,2026-01-01,Narcis Cosmin Ilaș -, Narcis Cosmin Ilaș,2007-03-27,110752,FC Botoşani,330,Liga I,,,,
275436,2026-01-01,Noah Yanis Darvich -, Noah Yanis Darvich,2006-09-25,36,VfB Stuttgart,19,Bundesliga,,,,
275443,2026-01-01,Fabrizio Cavegn -, Fabrizio Cavegn,2002-08-28,1962,Bristol Rovers,61,League Two,,,,
275446,2026-01-01,Jonas Mayer -, Jonas Mayer,2004-06-29,780,SV Ried,80,Bundesliga,,,,
275493,2026-01-01,Luis Chacón -, Luis Rodríguez Chacón,2000-05-13,15012,Cultural Leonesa,54,La Liga 2,,,,
275600,2026-01-01,Marvin Akahomen -, Marvin Akahomen,2007-07-15,896,FC Basel 1893,189,Super League,,,,
275604,2026-01-01,Frederik Roslyng Christiansen -, Frederik Roslyng Christiansen,2005-12-25,576,Holstein Kiel,20,2. Bundesliga,,,,
275620,2026-01-01,Alex Daho -, Alex Daho,2003-10-04,111276,USL Dunkerque,17,Ligue 2,,,,
275642,2026-01-01,Anteo Fetahu -, Anteo Fetahu,2002-07-10,15009,SC Rheindorf Altach,80,Bundesliga,,,,
275649,2026-01-01,Shi Songchen -,Shi Songchen史松宸,2005-12-30,111724,Shandong Taishan,2012,Super League,,,,
275650,2026-01-01,Imran Memet -,Imran Memet依木兰·买买提,2005-05-03,111724,Shandong Taishan,2012,Super League,,,,
275651,2026-01-01,Peng Xiao -,Peng Xiao彭啸,2005-07-28,111724,Shandong Taishan,2012,Super League,,,,
275659,2026-01-01,He Bizhen -,He Bizhen和必臻,2003-05-02,110955,Shanghai Shenhua,2012,Super League,,,,
275674,2026-01-01,Ma Haoqi -,Ma Haoqi麻皓齐,2004-10-03,112163,Zhejiang FC,2012,Super League,,,,
275721,2026-01-01,Tim Spycher -, Tim Spycher,2004-04-13,896,FC Basel 1893,189,Super League,,,,
275733,2026-01-01,Niklas Steffen -, Niklas Steffen,2001-01-19,1715,FC Thun,189,Super League,,,,
276017,2026-01-01,Adrien Julloux -, Adrien Julloux,1996-10-05,1823,AS Nancy Lorraine,17,Ligue 2,,,,
276029,2026-01-01,Freddy Situmona Mbemba -, Freddy Situmona Mbemba,2002-12-16,62,En Avant Guingamp,17,Ligue 2,,,,
276033,2026-01-01,Patrick Enrici -, Patrick Enrici,2001-05-02,2038,Avellino,32,Serie B,,,,
276107,2026-01-01,Santiago Abel Fernández -, Santiago Abel Fernández,2005-03-30,112670,Talleres,353,Liga Profesional de Fútbol,,,,
276111,2026-01-01,Marko Soldo -, Marko Soldo,2003-11-22,211,Dinamo Zagreb,317,Hrvatska nogometna liga,,,,
276163,2026-01-01,Barna Tóth -, Barna Tóth,1995-03-13,,,,,78,Friendly International,https://cdn.sofifa.net/meta/team/18732/30.png,74
276168,2026-01-01,Nico Grimbs -, Nico Grimbs,2004-02-19,583,1. FC Schweinfurt 05,2076,3. Liga,,,,
276198,2026-01-01,Áron Yaakobishvili -, Áron Yaakobishvili,2006-03-06,114554,FC Andorra,54,La Liga 2,,,,
276205,2026-01-01,Meldin Dreskovic -,Meldin DreskovicМелдин Дрешковић,1998-03-26,110502,SV Darmstadt 98,20,2. Bundesliga,,,,
276211,2026-01-01,Alexandros Kyziridis -,Alexandros KyziridisΑλέξανδρος Κυζιρίδης,2000-09-16,80,Hearts,50,Premiership,,,,
276214,2026-01-01,Donát Bárány -, Donát Bárány,2000-09-04,,,,,78,Friendly International,https://cdn.sofifa.net/meta/team/18732/30.png,74
276232,2026-01-01,Dániel Lukács -, Dániel Lukács,1996-04-03,,,,,78,Friendly International,https://cdn.sofifa.net/meta/team/18732/30.png,74
276306,2026-01-01,Massimo Stephane Decoene -, Massimo Stephane Decoene,2004-02-11,110724,KV Mechelen,4,Pro League,,,,
276369,2026-01-01,Moses Abbey -, Moses Abbey,2002-08-18,114545,Metaloglobus București,330,Liga I,,,,
276386,2026-01-01,Thomas Finch -, Thomas Finch,2005-07-14,1798,Milton Keynes Dons,61,League Two,,,,
276394,2026-01-01,Ahmet Sağat -, Ahmet Sağat,1996-05-27,101032,Kocaelispor,68,Süper Lig,,,,
276406,2026-01-01,Oğuzhan Efe Yılmaz -, Oğuzhan Efe Yılmaz,2003-06-17,111339,Kasımpaşa SK,68,Süper Lig,,,,
276520,2026-01-01,Li Sirong -,Li Sirong李嗣镕,2003-05-04,111774,Tianjin Jinmen Tiger,2012,Super League,,,,
276555,2026-01-01,Alan Gustavo Pereira Guillén -, Alan Gustavo Pereira Guillén,1999-09-20,111329,Guaraní,337,División Profesional,,,,
276689,2026-01-01,Antoni Klukowski -, Antoni Klukowski,2007-04-02,301,Widzew Łódź,66,Ekstraklasa,,,,
276720,2026-01-01,Kanayochukwu Megwa -, Kanayochukwu Megwa,2004-03-05,81,Hibernian,50,Premiership,,,,
276725,2026-01-01,Lorenzo Palmisani -, Lorenzo Palmisani,2004-06-12,111657,Frosinone,32,Serie B,,,,
276781,2026-01-01,Ömer Faruk Gümüş -, Ömer Faruk Gümüş,2003-07-07,111117,Fatih Karagümrük,68,Süper Lig,,,,
276784,2026-01-01,Salam Johnson Singh -, Salam Johnson Singh,2001-09-24,113302,Bengaluru FC,2149,Super League,,,,
276831,2026-01-01,Agustín Blas Palavecino -, Agustín Blas Palavecino,2003-03-09,111707,CA Aldosivi,353,Liga Profesional de Fútbol,,,,
276958,2026-01-01,Mats Pedersen -, Mats Pedersen,2005-04-27,1756,Hamarkameratene,41,Eliteserien,,,,
276978,2026-01-01,Owen Devonport -, Owen Devonport,2005-01-02,112260,Fleetwood Town,61,League Two,,,,
277047,2026-01-01,Carlos Eduardo -, Carlos Eduardo Borges Parente,2002-08-10,1888,Gil Vicente FC,308,Primeira Liga,,,,
277250,2026-01-01,Esteban Samuel Lucero -, Esteban Samuel Lucero,2005-07-29,111710,Defensa y Justicia,353,Liga Profesional de Fútbol,,,,
277425,2026-01-01,Enol Rodríguez -, Enol Rodríguez Heres,2001-07-28,110839,SD Huesca,54,La Liga 2,,,,
277460,2026-01-01,Abdullah Masoud Kamel Ahmed -,Abdullah Masoud Kamel Ahmedعبدالله مسعود كامل,2002-07-31,131735,Al Kholood,350,Pro League,,,,
277462,2026-01-01,Ahmed Hussain Kassarah Al Nakhli -,Ahmed Hussain Kassarah Al Nakhliأحمد حسين كساره النخلي,2002-03-15,113222,Al Hazem FC,350,Pro League,,,,
277547,2026-01-01,Sean Stewart -, Sean Stewart,2003-01-21,563,Sligo Rovers,65,Premier Division,,,,
277554,2026-01-01,Adri Fuentes -, Adrián Fuentes González,1996-07-17,1867,Córdoba CF,54,La Liga 2,,,,
277634,2026-01-01,Ivan Mario Saio -, Ivan Mario Saio,2002-03-16,200,Pescara,32,Serie B,,,,
277671,2026-01-01,Enes Keskin -, Enes Keskin,2001-06-04,113142,Alanyaspor,68,Süper Lig,,,,
277855,2026-01-01,Ikechukwu Orazi -, Ikechukwu Orazi,2007-06-11,379,Stade de Reims,17,Ligue 2,,,,
278003,2026-01-01,Yusi -,Youssef Enríquezيوسف انريكيز الخديم,2005-10-07,463,Deportivo Alavés,53,La Liga,,,,
278104,2026-01-01,Isaac Angus Mabaya -, Isaac Angus Mabaya,2004-09-22,1917,Wigan Athletic,60,League One,,,,
278133,2026-01-01,Sattam Mahmoud Al Tumbukti -, Sattam Mahmoud Al Tumbukti,2001-09-04,112390,Al Fateh,350,Pro League,,,,
278146,2026-01-01,Benjamin Arthur -, Benjamin Arthur,2005-10-09,1925,Brentford,13,Premier League,,,,
278158,2026-01-01,Quinn MacNicol -, Quinn MacNicol,2008-01-10,111395,Brisbane Roar,351,A-League Men,,,,
278174,2026-01-01,Julian Zakrzewski Hall -, Julian Zakrzewski Hall,2008-03-24,689,New York Red Bulls,39,Major League Soccer,,,,
278239,2026-01-01,Jimmy-Jay Morgan -, Jimmy-Jay Morgan,2006-01-21,1938,Peterborough United,60,League One,,,,
278261,2026-01-01,Ousmane Touré -, Ousmane Touré,2005-02-18,65,Lille OSC,16,Ligue 1,,,,
278280,2026-01-01,Filippo Rinaldi -, Filippo Rinaldi,2002-12-04,50,Parma,31,Serie A,,,,
278282,2026-01-01,Yvann Titi -, Yvann Titi,2006-05-05,294,ESTAC Troyes,17,Ligue 2,,,,
278308,2026-01-01,Gong Si Hyeun -,Si-hyeon Gong공시현,2005-02-23,1477,Jeonbuk Hyundai Motors,83,K League 1,,,,
278335,2026-01-01,Giovanni Daffara -, Giovanni Daffara,2004-12-05,2038,Avellino,32,Serie B,,,,
278350,2026-01-01,Seydou Fini -, Seydou Fini,2006-06-02,110556,Genoa,31,Serie A,,,,
278352,2026-01-01,Giacomo Stabile -, Giacomo Stabile,2005-04-12,112124,SS Juve Stabia,32,Serie B,,,,
278360,2026-01-01,Jonatan Holm Lindekilde -, Jonatan Holm Lindekilde,2006-03-31,15006,Fredericia,1,Superliga,,,,
278363,2026-01-01,Villads Westh -, Villads Westh,2004-04-25,270,Silkeborg IF,1,Superliga,,,,
278366,2026-01-01,Adam Nygaard Andersen -, Adam Nygaard Andersen,2005-09-23,15006,Fredericia,1,Superliga,,,,
278372,2026-01-01,Deniz Eren Dönmezer -, Deniz Eren Dönmezer,2008-09-21,101020,Kayserispor,68,Süper Lig,,,,
278391,2026-01-01,Unai Hernández -, Unai Hernández Lorenzo,2004-12-14,111674,Al Shabab,350,Pro League,,,,
278395,2026-01-01,Guilherme Fernandes -, Guilherme Sousa Carvalho Fernandes,2001-03-28,462,Real Valladolid CF,54,La Liga 2,,,,
278399,2026-01-01,Gonzalo -, Gonzalo García Torres,2004-03-24,243,Real Madrid,53,La Liga,,,,
278402,2026-01-01,Selu Diallo -, Mamadou Selu Diallo,2003-10-01,15012,Cultural Leonesa,54,La Liga 2,,,,
278437,2026-01-01,Milton Uriel Ríos -, Milton Uriel Ríos,2004-04-15,111711,Huracán,353,Liga Profesional de Fútbol,,,,
278464,2026-01-01,Leonel Ulises Perez -, Leonel Ulises Perez,2004-08-09,111711,Huracán,353,Liga Profesional de Fútbol,,,,
278470,2026-01-01,Tomás Alexander Adoryán -, Tomás Alexander Adoryán,2001-09-22,110404,CA Banfield,353,Liga Profesional de Fútbol,,,,
278488,2026-01-01,Omar Javier Valencia Arauz -, Omar Javier Valencia Arauz,2004-06-08,689,New York Red Bulls,39,Major League Soccer,,,,
278499,2026-01-01,Alejandro Granados -, Alejandro Granados Torres,2006-05-30,231,Club Brugge KV,4,Pro League,,,,
278569,2026-01-01,Aliou Thiaré -, Aliou Thiaré,2003-12-20,101047,Dynamo Kyiv,332,Premier League,,,,
278578,2026-01-01,Jonah Daniel Kusi-Asare -, Jonah Daniel Kusi-Asare,2007-07-04,144,Fulham FC,13,Premier League,,,,
278597,2026-01-01,Jesper John Viktor Lindvall -, Jesper John Viktor Lindvall,2005-01-22,702,IFK Norrköping,56,Allsvenskan,,,,
278608,2026-01-01,Adrián Niño -, Adrián Niño Heredia,2004-06-19,573,Málaga CF,54,La Liga 2,,,,
278636,2026-01-01,Cathal O'Sullivan -, Cathal O'Sullivan,2007-03-05,422,Cork City,65,Premier Division,,,,
278638,2026-01-01,Sam Bailey -, Sam Bailey,2005-04-25,422,Cork City,65,Premier Division,,,,
278642,2026-01-01,Kyle McDonagh -, Kyle McDonagh,2006-01-23,563,Sligo Rovers,65,Premier Division,,,,
278643,2026-01-01,Daire Patton -, Daire Patton,2006-01-15,563,Sligo Rovers,65,Premier Division,,,,
278679,2026-01-01,Markus Joseph Cimermančič -, Markus Joseph Cimermančič,2004-10-01,111651,Toronto FC,39,Major League Soccer,,,,
278710,2026-01-01,Oskar Spiten-Nysæter -, Oskar Spiten-Nysæter,2007-08-29,417,Molde FK,41,Eliteserien,,,,
278721,2026-01-01,Jesper Nerhus Eikrem -, Jesper Nerhus Eikrem,2007-07-02,919,SK Brann,41,Eliteserien,,,,
278730,2026-01-01,Axel Flory Pierre Kayombo -, Axel Flory Pierre Kayombo,2006-02-25,209,SK Sturm Graz,80,Bundesliga,,,,
278737,2026-01-01,Jerónimo Russo -, Jerónimo Russo,2005-05-30,110396,Newell's Old Boys,353,Liga Profesional de Fútbol,,,,
278745,2026-01-01,Julián Contrera -, Julián Contrera,2003-05-10,112713,Club Atlético Sarmiento,353,Liga Profesional de Fútbol,,,,
278748,2026-01-01,Fares Al Ghamdi -,Fares Al Ghamdiفارس سعيد الغامدي,2003-07-05,112096,Al Ettifaq,350,Pro League,,,,
278749,2026-01-01,Hassan Ali Rabea -,Hassan Ali Rabeaحسن علي ربيع,2003-06-22,113217,Damac FC,350,Pro League,,,,
278757,2026-01-01,Junior Gonzalo Aguirre Arenas -, Junior Gonzalo Aguirre Arenas,2003-05-06,111011,Cienciano,2020,Liga 1,,,,
278804,2026-01-01,Nicolò Calabrese -, Nicolò Calabrese,2004-11-16,112493,Carrarese,32,Serie B,,,,
278815,2026-01-01,Denis Bordun -, Denis Bordun,2005-09-24,110072,Oțelul Galați,330,Liga I,,,,
278816,2026-01-01,Frederik Damkjer -, Frederik Damkjer,2007-07-31,1443,Viborg FF,1,Superliga,,,,
278864,2026-01-01,Senan Michael Mullen -, Senan Michael Mullen,2005-02-28,111433,Mantova,32,Serie B,,,,
278873,2026-01-01,Boaz Broekmans -, Boaz Broekmans,2006-11-08,634,Fortuna Sittard,10,Eredivisie,,,,
278912,2026-01-01,Julian Christiaan Brandes -, Julian Christiaan Brandes,2004-05-11,200,Pescara,32,Serie B,,,,
278933,2026-01-01,Kieren James Flavell -, Kieren James Flavell,2003-09-21,1932,Barnsley,60,League One,,,,
278976,2026-01-01,Peter Amoran Toluwanimi -, Peter Amoran Toluwanimi,2004-05-22,110915,Cesena FC,32,Serie B,,,,
278978,2026-01-01,Alamara Viriato Djabi -, Alamara Viriato Djabi,2006-09-28,1516,FC Midtjylland,1,Superliga,,,,
278990,2026-01-01,Brenner -, Brenner Lucas Gonçalves Santos,2002-01-02,1438,Santa Clara,308,Primeira Liga,,,,
278993,2026-01-01,George Henry Alston -, George Henry Alston,2006-11-21,1934,Swindon Town,61,League Two,,,,
278995,2026-01-01,Axl De Corte -, Axl De Corte,2006-03-24,231,Club Brugge KV,4,Pro League,,,,
279001,2026-01-01,Onuralp Çevikkan -, Onuralp Çevikkan,2006-01-02,436,Trabzonspor,68,Süper Lig,,,,
279010,2026-01-01,Nolhan Allan Courtens Mabeneyshi -, Nolhan Allan Courtens Mabeneyshi,2006-12-20,1913,SC Heerenveen,10,Eredivisie,,,,
279022,2026-01-01,Lio Mark Rothenhagen -, Lio Mark Rothenhagen,2006-08-31,576,Holstein Kiel,20,2. Bundesliga,,,,
279025,2026-01-01,Dylan Wells -, Dylan Wells,2006-03-20,83,Motherwell FC,50,Premiership,,,,
279058,2026-01-01,Sander Hestetun Kilen -, Sander Hestetun Kilen,2005-05-30,113459,Kristiansund BK,41,Eliteserien,,,,
279074,2026-01-01,Ignacio Luis Barrios Hernández -, Ignacio Luis Barrios Hernández,1992-10-26,111011,Cienciano,2020,Liga 1,,,,
279093,2026-01-01,Francesco Conti -, Francesco Conti,2004-10-23,1837,Sampdoria,32,Serie B,,,,
279182,2026-01-01,Gbolahan Okewoye -, Gbolahan Okewoye,2006-11-20,149,Lincoln City,60,League One,,,,
279183,2026-01-01,Max Woodford -, Max Woodford,2008-05-05,361,Stevenage,60,League One,,,,
279195,2026-01-01,Charlie Parks -, Charlie Parks,2007-04-19,149,Lincoln City,60,League One,,,,
279202,2026-01-01,Francesco Camarda -, Francesco Camarda,2008-03-10,347,Lecce,31,Serie A,,,,
279209,2026-01-01,Beres Owusu -, Beres Owusu,2003-09-19,2015,Grazer AK 1902,80,Bundesliga,,,,
279210,2026-01-01,Danel Jordan Dongmo -, Danel Jordan Dongmo,2001-01-31,110078,Asociația Clubul Sportiv Petrolul 52,330,Liga I,,,,
279212,2026-01-01,Luis Seifert -, Luis Seifert,2004-01-26,580,SV Elversberg,20,2. Bundesliga,,,,
279249,2026-01-01,Micah Lionel Mbick -, Micah Lionel Mbick,2006-11-08,1935,Colchester United,61,League Two,,,,
279315,2026-01-01,Lionel Alderuccio -, Lionel Alderuccio,1996-02-29,114023,Western United,351,A-League Men,,,,
279324,2026-01-01,Vishal Minghi -, Vishal Minghi,1996-02-29,111633,Mohammedan SC,2149,Super League,,,,
279332,2026-01-01,Jajendya Goyal -, Jajendya Goyal,1996-02-29,111633,Mohammedan SC,2149,Super League,,,,
279377,2026-01-01,Indria Rayi -, Indria Rayi,1996-02-29,111633,Mohammedan SC,2149,Super League,,,,
279419,2026-01-01,Abhaiy Bawwa -, Abhaiy Bawwa,1996-02-29,111633,Mohammedan SC,2149,Super League,,,,
279426,2026-01-01,Lachlan Brunskillus -, Lachlan Brunskillus,1996-02-29,114023,Western United,351,A-League Men,,,,
279427,2026-01-01,Cadel Wang -, Cadel Wang,1996-02-29,114023,Western United,351,A-League Men,,,,
279428,2026-01-01,Kieran Nankervis -, Kieran Nankervis,1996-02-29,114023,Western United,351,A-League Men,,,,
279431,2026-01-01,Nirayi Nagarr -, Nirayi Nagarr,1996-02-29,111633,Mohammedan SC,2149,Super League,,,,
279435,2026-01-01,Sanjit Divan -, Sanjit Divan,1996-02-29,111633,Mohammedan SC,2149,Super League,,,,
279438,2026-01-01,Gurdrep Dharr -, Gurdrep Dharr,1992-02-29,111633,Mohammedan SC,2149,Super League,,,,
279439,2026-01-01,Thaddeus Jindalee -, Thaddeus Jindalee,1992-02-29,114023,Western United,351,A-League Men,,,,
279440,2026-01-01,Omar Bingwas -, Omar Bingwas,1992-02-29,111633,Mohammedan SC,2149,Super League,,,,
279441,2026-01-01,Hayden Cayless -, Hayden Cayless,1992-02-29,114023,Western United,351,A-League Men,,,,
279444,2026-01-01,Goni Prasad -, Goni Prasad,1992-02-29,111633,Mohammedan SC,2149,Super League,,,,
279448,2026-01-01,Lleyton Quattrocchi -, Lleyton Quattrocchi,1992-02-29,114023,Western United,351,A-League Men,,,,
279454,2026-01-01,Parthy Dada -, Parthy Dada,1992-02-29,111633,Mohammedan SC,2149,Super League,,,,
279455,2026-01-01,Axle Cascioli -, Axle Cascioli,1988-02-29,114023,Western United,351,A-League Men,,,,
279456,2026-01-01,Jago Leahy -, Jago Leahy,1988-02-29,114023,Western United,351,A-League Men,,,,
279461,2026-01-01,Jarrah Foothead -, Jarrah Foothead,1988-02-29,114023,Western United,351,A-League Men,,,,
279464,2026-01-01,Alessandro Lethbridge -, Alessandro Lethbridge,1988-02-29,114023,Western United,351,A-League Men,,,,
279465,2026-01-01,Percival Mabo -, Percival Mabo,1988-02-29,114023,Western United,351,A-League Men,,,,
279467,2026-01-01,Hrithikit Iyengar -, Hrithikit Iyengar,1988-02-29,111633,Mohammedan SC,2149,Super League,,,,
279507,2026-01-01,Rafa Romero -, Rafael Romero Morilla,2003-08-07,481,Sevilla FC,53,La Liga,,,,
279553,2026-01-01,Yan Qihang -,Yan Qihang鄢奇航,2002-03-11,131488,Qingdao West Coast FC,2012,Super League,,,,
279562,2026-01-01,Louis Moise Nascimento Mouquet -, Louis Moise Nascimento Mouquet,2004-07-21,110912,Calcio Padova,32,Serie B,,,,
279575,2026-01-01,Tommaso Del Lungo -, Tommaso Del Lungo,2003-11-21,113147,Virtus Entella,32,Serie B,,,,
279627,2026-01-01,Saïmon Nadélia Bouabré -, Saïmon Nadélia Bouabré,2006-06-01,131798,NEOM SC,350,Pro League,,,,
279653,2026-01-01,Calavia -, Carlos Calavia Larroya,2003-04-17,244,Real Zaragoza,54,La Liga 2,,,,
279700,2026-01-01,Mamadou Coulibaly -, Mamadou Coulibaly,2004-04-21,69,AS Monaco,16,Ligue 1,,,,
279703,2026-01-01,Francisco Silva -, Francisco Diogo Pereira da Silva,2005-11-20,237,Sporting CP,308,Primeira Liga,,,,
279712,2026-01-01,Zidane Antonio Yáñez Alvarado -, Zidane Antonio Yáñez Alvarado,2008-01-26,112828,New York City FC,39,Major League Soccer,,,,
279725,2026-01-01,Kağan Arıcan -, Kağan Arıcan,2006-03-10,741,Antalyaspor,68,Süper Lig,,,,
279748,2026-01-01,Ezequiel Olivera Reymundo -, Ezequiel Olivera Reymundo,2003-12-20,115536,Cerro Largo,338,Primera División,,,,
279758,2026-01-01,Pablo Agudín -, Pablo Menéndez Agudín,2007-11-08,110827,Real Oviedo,53,La Liga,,,,
279767,2026-01-01,Hugo Félix -, Hugo Félix Sequeira,2004-03-03,112516,CD Tondela,308,Primeira Liga,,,,
279797,2026-01-01,Lovro Golič -, Lovro Golič,2006-03-05,110724,KV Mechelen,4,Pro League,,,,
279805,2026-01-01,Norman Exzequiel Rodríguez Olivera -, Norman Exzequiel Rodríguez Olivera,1998-07-12,110991,Carabobo FC,2019,Primera Division,,,,
279824,2026-01-01,Sondre Spieler Halvorsen -, Sondre Spieler Halvorsen,2004-08-03,131491,KFUM-Kameratene Oslo,41,Eliteserien,,,,
279838,2026-01-01,Francisco Montoro -, Francisco Montoro,2004-06-23,101088,Vélez Sarsfield,353,Liga Profesional de Fútbol,,,,
279840,2026-01-01,Gianluca Benjamín Bosch -, Gianluca Benjamín Bosch,2005-06-15,112689,Platense,353,Liga Profesional de Fútbol,,,,
279863,2026-01-01,Augusto Sebastián Scarone Segovia -, Augusto Sebastián Scarone Segovia,2004-07-03,112615,Racing Club de Montevideo,338,Primera División,,,,
279879,2026-01-01,Kerem Yandal -, Kerem Yandal,2006-05-09,111117,Fatih Karagümrük,68,Süper Lig,,,,
279882,2026-01-01,Gökdeniz Gürpüz -, Gökdeniz Gürpüz,2006-02-25,325,Galatasaray SK,68,Süper Lig,,,,
